time,torque,angle,rpm,step,step,torque,angle
0,0,0,0,1,1,0.0,22637
0.5,0.0,0,0,1,,,
1.0,0.0,0,0,1,,,
1.5,0.0,0,0,1,,,
2.0,0.0,0,0,1,,,
2.5,0.0,0,0,1,,,
3.0,0.0,0,0,1,,,
3.5,0.0,0,0,1,,,
4.0,0.0,0,0,1,,,
4.5,0.0,0,0,1,,,
5.0,0.0,0,0,1,,,
5.5,0.0,0,0,1,,,
6.0,0.0,0,0,1,,,
6.5,0.0,0,0,1,,,
7.0,0.0,0,0,1,,,
7.5,0.0,0,0,1,,,
8.0,0.0,0,0,1,,,
8.5,0.0,0,0,1,,,
9.0,0.0,0,0,1,,,
9.5,0.0,0,0,1,,,
10.0,0.0,0,0,1,,,
10.5,0.0,0,1,1,,,
11.0,0.0,0,1,1,,,
11.5,0.0,0,1,1,,,
12.0,0.0,0,1,1,,,
12.5,0.0,0,2,1,,,
13.0,0.0,0,2,1,,,
13.5,0.0,0,3,1,,,
14.0,0.0,0,3,1,,,
14.5,0.0,0,4,1,,,
15.0,0.0,0,4,1,,,
15.5,0.0,0,4,1,,,
16.0,0.0,0,4,1,,,
16.5,0.0,0,5,1,,,
17.0,0.0,0,5,1,,,
17.5,0.0,0,7,1,,,
18.0,0.0,0,7,1,,,
18.5,0.0,0,9,1,,,
19.0,0.0,0,9,1,,,
19.5,0.0,0,10,1,,,
20.0,0.0,0,10,1,,,
20.5,0.0,0,12,1,,,
21.0,0.0,0,12,1,,,
21.5,0.0,0,16,1,,,
22.0,0.0,0,16,1,,,
22.5,0.0,0,17,1,,,
23.0,0.0,0,17,1,,,
23.5,0.0,1,18,1,,,
24.0,0.0,1,18,1,,,
24.5,0.0,1,22,1,,,
25.0,0.0,1,22,1,,,
25.5,0.0,1,24,1,,,
26.0,0.0,1,24,1,,,
26.5,0.0,1,25,1,,,
27.0,0.0,1,25,1,,,
27.5,0.0,1,28,1,,,
28.0,0.0,1,28,1,,,
28.5,0.0,1,30,1,,,
29.0,0.0,2,30,1,,,
29.5,0.0,2,31,1,,,
30.0,0.0,2,31,1,,,
30.5,0.0,2,34,1,,,
31.0,0.0,2,34,1,,,
31.5,0.0,2,36,1,,,
32.0,0.0,2,36,1,,,
32.5,0.0,2,37,1,,,
33.0,0.0,3,37,1,,,
33.5,0.0,3,39,1,,,
34.0,0.0,3,39,1,,,
34.5,0.0,3,40,1,,,
35.0,0.0,3,40,1,,,
35.5,0.0,3,41,1,,,
36.0,0.0,3,41,1,,,
36.5,0.0,3,42,1,,,
37.0,0.0,4,42,1,,,
37.5,0.0,4,44,1,,,
38.0,0.0,4,44,1,,,
38.5,0.0,4,47,1,,,
39.0,0.0,4,47,1,,,
39.5,0.0,4,49,1,,,
40.0,0.0,5,49,1,,,
40.5,0.0,5,51,1,,,
41.0,0.0,5,51,1,,,
41.5,0.0,5,54,1,,,
42.0,0.0,5,54,1,,,
42.5,0.0,6,56,1,,,
43.0,0.0,6,56,1,,,
43.5,0.0,6,57,1,,,
44.0,0.0,6,57,1,,,
44.5,0.0,6,60,1,,,
45.0,0.0,6,60,1,,,
45.5,0.0,7,61,1,,,
46.0,0.0,7,61,1,,,
46.5,0.0,7,63,1,,,
47.0,0.0,7,63,1,,,
47.5,0.0,8,66,1,,,
48.0,0.0,8,66,1,,,
48.5,0.0,8,68,1,,,
49.0,0.0,8,68,1,,,
49.5,0.0,8,70,1,,,
50.0,0.0,9,70,1,,,
50.5,0.0,9,74,1,,,
51.0,0.0,9,74,1,,,
51.5,0.0,9,76,1,,,
52.0,0.0,10,76,1,,,
52.5,0.0,10,79,1,,,
53.0,0.0,10,79,1,,,
53.5,0.0,10,82,1,,,
54.0,0.0,11,82,1,,,
54.5,0.0,11,85,1,,,
55.0,0.0,11,85,1,,,
55.5,0.0,12,86,1,,,
56.0,0.0,12,86,1,,,
56.5,0.0,12,88,1,,,
57.0,0.0,12,88,1,,,
57.5,0.0,13,92,1,,,
58.0,0.0,13,92,1,,,
58.5,0.0,13,94,1,,,
59.0,0.0,14,94,1,,,
59.5,0.0,14,96,1,,,
60.0,0.0,14,96,1,,,
60.5,0.0,15,99,1,,,
61.0,0.0,15,99,1,,,
61.5,0.0,15,100,1,,,
62.0,0.0,16,100,1,,,
62.5,0.0,16,101,1,,,
63.0,0.0,16,101,1,,,
63.5,0.0,17,102,1,,,
64.0,0.0,17,102,1,,,
64.5,0.0,17,105,1,,,
65.0,0.0,18,105,1,,,
65.5,0.0,18,108,1,,,
66.0,0.0,18,108,1,,,
66.5,0.0,19,111,1,,,
67.0,0.0,19,111,1,,,
67.5,0.0,19,113,1,,,
68.0,0.0,20,113,1,,,
68.5,0.0,20,117,1,,,
69.0,0.0,20,117,1,,,
69.5,0.0,21,118,1,,,
70.0,0.0,21,118,1,,,
70.5,0.0,22,120,1,,,
71.0,0.0,22,120,1,,,
71.5,0.0,22,122,1,,,
72.0,0.0,23,122,1,,,
72.5,0.0,23,125,1,,,
73.0,0.0,24,125,1,,,
73.5,0.0,24,127,1,,,
74.0,0.0,24,127,1,,,
74.5,0.0,25,129,1,,,
75.0,0.0,25,129,1,,,
75.5,0.0,26,131,1,,,
76.0,0.0,26,131,1,,,
76.5,0.0,26,134,1,,,
77.0,0.0,27,134,1,,,
77.5,0.0,27,137,1,,,
78.0,0.0,28,137,1,,,
78.5,0.0,28,139,1,,,
79.0,0.0,29,139,1,,,
79.5,0.0,29,142,1,,,
80.0,0.0,30,142,1,,,
80.5,0.0,30,145,1,,,
81.0,0.0,30,145,1,,,
81.5,0.0,31,147,1,,,
82.0,0.0,31,147,1,,,
82.5,0.0,32,150,1,,,
83.0,0.0,32,150,1,,,
83.5,0.0,33,152,1,,,
84.0,0.0,33,152,1,,,
84.5,0.0,34,153,1,,,
85.0,0.0,34,153,1,,,
85.5,0.0,35,156,1,,,
86.0,0.0,35,156,1,,,
86.5,0.0,36,157,1,,,
87.0,0.0,36,157,1,,,
87.5,0.0,37,159,1,,,
88.0,0.0,37,159,1,,,
88.5,0.0,38,160,1,,,
89.0,0.0,38,160,1,,,
89.5,0.0,39,164,1,,,
90.0,0.0,39,164,1,,,
90.5,0.0,40,166,1,,,
91.0,0.0,40,166,1,,,
91.5,0.0,41,170,1,,,
92.0,0.0,41,170,1,,,
92.5,0.0,42,173,1,,,
93.0,0.0,43,173,1,,,
93.5,0.0,43,177,1,,,
94.0,0.0,44,177,1,,,
94.5,0.0,44,178,1,,,
95.0,0.0,45,178,1,,,
95.5,0.0,45,181,1,,,
96.0,0.0,46,181,1,,,
96.5,0.0,46,183,1,,,
97.0,0.0,47,183,1,,,
97.5,0.0,48,184,1,,,
98.0,0.0,48,184,1,,,
98.5,0.0,49,186,1,,,
99.0,0.0,49,186,1,,,
99.5,0.0,50,190,1,,,
100.0,0.0,51,190,1,,,
100.5,0.0,51,191,1,,,
101.0,0.0,52,191,1,,,
101.5,0.0,52,195,1,,,
102.0,0.0,53,195,1,,,
102.5,0.0,54,196,1,,,
103.0,0.0,54,196,1,,,
103.5,0.0,55,198,1,,,
104.0,0.0,55,198,1,,,
104.5,0.0,56,199,1,,,
105.0,0.0,57,199,1,,,
105.5,0.0,57,203,1,,,
106.0,0.0,58,203,1,,,
106.5,0.0,59,205,1,,,
107.0,0.0,59,205,1,,,
107.5,0.0,60,209,1,,,
108.0,0.0,60,209,1,,,
108.5,0.0,61,210,1,,,
109.0,0.0,62,210,1,,,
109.5,0.0,62,213,1,,,
110.0,0.0,63,213,1,,,
110.5,0.0,64,215,1,,,
111.0,0.0,64,215,1,,,
111.5,0.0,65,216,1,,,
112.0,0.0,66,216,1,,,
112.5,0.0,66,218,1,,,
113.0,0.0,67,218,1,,,
113.5,0.0,68,222,1,,,
114.0,0.0,69,222,1,,,
114.5,0.0,69,224,1,,,
115.0,0.0,70,224,1,,,
115.5,0.0,71,228,1,,,
116.0,0.0,71,228,1,,,
116.5,0.0,72,231,1,,,
117.0,0.0,73,231,1,,,
117.5,0.0,74,234,1,,,
118.0,0.0,74,234,1,,,
118.5,0.0,75,235,1,,,
119.0,0.0,76,235,1,,,
119.5,0.0,76,238,1,,,
120.0,0.0,77,238,1,,,
120.5,0.0,78,239,1,,,
121.0,0.0,79,239,1,,,
121.5,0.0,79,242,1,,,
122.0,0.0,80,242,1,,,
122.5,0.0,81,245,1,,,
123.0,0.0,82,245,1,,,
123.5,0.0,82,249,1,,,
124.0,0.0,83,249,1,,,
124.5,0.0,84,250,1,,,
125.0,0.0,85,250,1,,,
125.5,0.0,86,254,1,,,
126.0,0.0,86,254,1,,,
126.5,0.0,87,256,1,,,
127.0,0.0,88,256,1,,,
127.5,0.0,89,258,1,,,
128.0,0.0,90,258,1,,,
128.5,0.0,90,261,1,,,
129.0,0.0,91,261,1,,,
129.5,0.0,92,263,1,,,
130.0,0.0,93,263,1,,,
130.5,0.0,94,265,1,,,
131.0,0.0,95,265,1,,,
131.5,0.0,95,268,1,,,
132.0,0.0,96,268,1,,,
132.5,0.0,97,269,1,,,
133.0,0.0,98,269,1,,,
133.5,0.0,99,273,1,,,
134.0,0.0,100,273,1,,,
134.5,0.0,100,276,1,,,
135.0,0.0,101,276,1,,,
135.5,0.0,102,278,1,,,
136.0,0.0,103,278,1,,,
136.5,0.0,104,282,1,,,
137.0,0.0,105,282,1,,,
137.5,0.0,106,285,1,,,
138.0,0.0,107,285,1,,,
138.5,0.0,107,288,1,,,
139.0,0.0,108,288,1,,,
139.5,0.0,109,290,1,,,
140.0,0.0,110,290,1,,,
140.5,0.0,111,294,1,,,
141.0,0.0,112,294,1,,,
141.5,0.0,113,296,1,,,
142.0,0.0,114,296,1,,,
142.5,0.0,115,298,1,,,
143.0,0.0,116,298,1,,,
143.5,0.0,117,301,1,,,
144.0,0.0,117,301,1,,,
144.5,0.0,118,303,1,,,
145.0,0.0,119,303,1,,,
145.5,0.0,120,306,1,,,
146.0,0.0,121,306,1,,,
146.5,0.0,122,307,1,,,
147.0,0.0,123,307,1,,,
147.5,0.0,124,310,1,,,
148.0,0.0,125,310,1,,,
148.5,0.0,126,312,1,,,
149.0,0.0,127,312,1,,,
149.5,0.0,128,315,1,,,
150.0,0.0,129,315,1,,,
150.5,0.0,130,317,1,,,
151.0,0.0,131,317,1,,,
151.5,0.0,132,322,1,,,
152.0,0.0,133,322,1,,,
152.5,0.0,134,323,1,,,
153.0,0.0,135,323,1,,,
153.5,0.0,136,328,1,,,
154.0,0.0,137,328,1,,,
154.5,0.0,138,330,1,,,
155.0,0.0,139,330,1,,,
155.5,0.0,140,333,1,,,
156.0,0.0,141,333,1,,,
156.5,0.0,142,335,1,,,
157.0,0.0,143,335,1,,,
157.5,0.0,144,339,1,,,
158.0,0.0,145,339,1,,,
158.5,0.0,146,340,1,,,
159.0,0.0,147,340,1,,,
159.5,0.0,148,342,1,,,
160.0,0.0,149,342,1,,,
160.5,0.0,150,343,1,,,
161.0,0.0,151,343,1,,,
161.5,0.0,153,346,1,,,
162.0,0.0,154,346,1,,,
162.5,0.0,155,347,1,,,
163.0,0.0,156,347,1,,,
163.5,0.0,157,351,1,,,
164.0,0.0,158,351,1,,,
164.5,0.0,159,353,1,,,
165.0,0.0,160,353,1,,,
165.5,0.0,161,358,1,,,
166.0,0.0,162,358,1,,,
166.5,0.0,163,360,1,,,
167.0,0.0,165,360,1,,,
167.5,0.0,166,365,1,,,
168.0,0.0,167,365,1,,,
168.5,0.0,168,367,1,,,
169.0,0.0,169,367,1,,,
169.5,0.0,170,371,1,,,
170.0,0.0,171,371,1,,,
170.5,0.0,173,373,1,,,
171.0,0.0,174,373,1,,,
171.5,0.0,175,375,1,,,
172.0,0.0,176,375,1,,,
172.5,0.0,177,376,1,,,
173.0,0.0,178,376,1,,,
173.5,0.0,179,379,1,,,
174.0,0.0,181,379,1,,,
174.5,0.0,182,380,1,,,
175.0,0.0,183,380,1,,,
175.5,0.0,184,382,1,,,
176.0,0.0,185,382,1,,,
176.5,0.0,187,386,1,,,
177.0,0.0,188,386,1,,,
177.5,0.0,189,390,1,,,
178.0,0.0,190,390,1,,,
178.5,0.0,191,393,1,,,
179.0,0.0,193,393,1,,,
179.5,0.0,194,398,1,,,
180.0,0.0,195,398,1,,,
180.5,0.0,196,401,1,,,
181.0,0.0,198,401,1,,,
181.5,0.0,199,404,1,,,
182.0,0.0,200,404,1,,,
182.5,0.0,201,408,1,,,
183.0,0.0,203,408,1,,,
183.5,0.0,204,411,1,,,
184.0,0.0,205,411,1,,,
184.5,0.0,206,412,1,,,
185.0,0.0,207,412,1,,,
185.5,0.0,209,414,1,,,
186.0,0.0,210,414,1,,,
186.5,0.0,211,417,1,,,
187.0,0.0,213,417,1,,,
187.5,0.0,214,418,1,,,
188.0,0.0,215,418,1,,,
188.5,0.0,217,421,1,,,
189.0,0.0,218,421,1,,,
189.5,0.0,219,425,1,,,
190.0,0.0,220,425,1,,,
190.5,0.0,222,429,1,,,
191.0,0.0,223,429,1,,,
191.5,0.0,225,433,1,,,
192.0,0.0,226,433,1,,,
192.5,0.0,227,438,1,,,
193.0,0.0,228,438,1,,,
193.5,0.0,230,440,1,,,
194.0,0.0,231,440,1,,,
194.5,0.0,232,443,1,,,
195.0,0.0,234,443,1,,,
195.5,0.0,235,445,1,,,
196.0,0.0,237,445,1,,,
196.5,0.0,238,446,1,,,
197.0,0.0,239,446,1,,,
197.5,0.0,241,447,1,,,
198.0,0.0,242,447,1,,,
198.5,0.0,243,450,1,,,
199.0,0.0,245,450,1,,,
199.5,0.0,246,454,1,,,
200.0,0.0,248,454,1,,,
200.5,0.0,249,458,1,,,
201.0,0.0,251,458,1,,,
201.5,0.0,252,463,1,,,
202.0,0.0,253,463,1,,,
202.5,0.0,255,466,1,,,
203.0,0.0,256,466,1,,,
203.5,0.0,258,471,1,,,
204.0,0.0,259,471,1,,,
204.5,0.0,261,473,1,,,
205.0,0.0,262,473,1,,,
205.5,0.0,264,476,1,,,
206.0,0.0,265,476,1,,,
206.5,0.0,266,478,1,,,
207.0,0.0,268,478,1,,,
207.5,0.0,269,479,1,,,
208.0,0.0,271,479,1,,,
208.5,0.0,272,483,1,,,
209.0,0.0,274,483,1,,,
209.5,0.0,275,485,1,,,
210.0,0.0,277,485,1,,,
210.5,0.0,278,489,1,,,
211.0,0.0,280,489,1,,,
211.5,0.0,281,492,1,,,
212.0,0.0,283,492,1,,,
212.5,0.0,284,498,1,,,
213.0,0.0,286,498,1,,,
213.5,0.0,287,499,1,,,
214.0,0.0,289,499,1,,,
214.5,0.0,290,502,1,,,
215.0,0.0,292,502,1,,,
215.5,0.0,293,504,1,,,
216.0,0.0,295,504,1,,,
216.5,0.0,297,505,1,,,
217.0,0.0,298,505,1,,,
217.5,0.0,300,507,1,,,
218.0,0.0,301,507,1,,,
218.5,0.0,303,510,1,,,
219.0,0.0,304,510,1,,,
219.5,0.0,306,512,1,,,
220.0,0.0,307,512,1,,,
220.5,0.0,309,516,1,,,
221.0,0.0,311,516,1,,,
221.5,0.0,312,520,1,,,
222.0,0.0,314,520,1,,,
222.5,0.0,315,522,1,,,
223.0,0.0,317,522,1,,,
223.5,0.0,319,524,1,,,
224.0,0.0,320,524,1,,,
224.5,0.0,322,525,1,,,
225.0,0.0,323,525,1,,,
225.5,0.0,325,527,1,,,
226.0,0.0,327,527,1,,,
226.5,0.0,328,528,1,,,
227.0,0.0,330,528,1,,,
227.5,0.0,331,530,1,,,
228.0,0.0,333,530,1,,,
228.5,0.0,335,531,1,,,
229.0,0.0,336,531,1,,,
229.5,0.0,338,536,1,,,
230.0,0.0,340,536,1,,,
230.5,0.0,341,538,1,,,
231.0,0.0,343,538,1,,,
231.5,0.0,345,541,1,,,
232.0,0.0,346,541,1,,,
232.5,0.0,348,542,1,,,
233.0,0.0,349,542,1,,,
233.5,0.0,351,543,1,,,
234.0,0.0,353,543,1,,,
234.5,0.0,354,542,1,,,
235.0,0.0,356,542,1,,,
235.5,0.0,358,543,1,,,
236.0,0.0,359,543,1,,,
236.5,0.0,361,544,1,,,
237.0,0.0,363,544,1,,,
237.5,0.0,364,547,1,,,
238.0,0.0,366,547,1,,,
238.5,0.0,368,549,1,,,
239.0,0.0,369,549,1,,,
239.5,0.0,371,553,1,,,
240.0,0.0,373,553,1,,,
240.5,0.0,374,554,1,,,
241.0,0.0,376,554,1,,,
241.5,0.0,378,555,1,,,
242.0,0.0,379,555,1,,,
242.5,0.0,381,554,1,,,
243.0,0.0,383,554,1,,,
243.5,0.0,384,554,1,,,
244.0,0.0,386,554,1,,,
244.5,0.0,388,555,1,,,
245.0,0.0,389,555,1,,,
245.5,0.0,391,556,1,,,
246.0,0.0,393,556,1,,,
246.5,0.0,395,557,1,,,
247.0,0.0,396,557,1,,,
247.5,0.0,398,561,1,,,
248.0,0.0,400,561,1,,,
248.5,0.0,401,562,1,,,
249.0,0.0,403,562,1,,,
249.5,0.0,405,562,1,,,
250.0,0.0,406,562,1,,,
250.5,0.0,408,561,1,,,
251.0,0.0,410,561,1,,,
251.5,0.0,411,561,1,,,
252.0,0.0,413,561,1,,,
252.5,0.0,415,560,1,,,
253.0,0.0,417,560,1,,,
253.5,0.0,418,560,1,,,
254.0,0.0,420,560,1,,,
254.5,0.0,422,560,1,,,
255.0,0.0,423,560,1,,,
255.5,0.0,425,562,1,,,
256.0,0.0,427,562,1,,,
256.5,0.0,428,563,1,,,
257.0,0.0,430,563,1,,,
257.5,0.0,432,562,1,,,
258.0,0.0,433,562,1,,,
258.5,0.0,435,562,1,,,
259.0,0.0,437,562,1,,,
259.5,0.0,439,561,1,,,
260.0,0.0,440,561,1,,,
260.5,0.0,442,559,1,,,
261.0,0.0,444,559,1,,,
261.5,0.0,445,557,1,,,
262.0,0.0,447,557,1,,,
262.5,0.0,449,559,1,,,
263.0,0.0,450,559,1,,,
263.5,0.0,452,557,1,,,
264.0,0.0,454,557,1,,,
264.5,0.0,455,559,1,,,
265.0,0.0,457,559,1,,,
265.5,0.0,459,560,1,,,
266.0,0.0,460,560,1,,,
266.5,0.0,462,557,1,,,
267.0,0.0,464,557,1,,,
267.5,0.0,465,555,1,,,
268.0,0.0,467,555,1,,,
268.5,0.0,469,554,1,,,
269.0,0.0,470,554,1,,,
269.5,0.0,472,551,1,,,
270.0,0.0,474,551,1,,,
270.5,0.0,475,549,1,,,
271.0,0.0,477,549,1,,,
271.5,0.0,479,549,1,,,
272.0,0.0,480,549,1,,,
272.5,0.0,482,549,1,,,
273.0,0.0,484,549,1,,,
273.5,0.0,485,549,1,,,
274.0,0.0,487,549,1,,,
274.5,0.0,488,548,1,,,
275.0,0.0,490,548,1,,,
275.5,0.0,492,547,1,,,
276.0,0.0,493,547,1,,,
276.5,0.0,495,543,1,,,
277.0,0.0,497,543,1,,,
277.5,0.0,498,542,1,,,
278.0,0.0,500,542,1,,,
278.5,0.0,501,540,1,,,
279.0,0.0,503,540,1,,,
279.5,0.0,505,538,1,,,
280.0,0.0,506,538,1,,,
280.5,0.0,508,538,1,,,
281.0,0.0,510,538,1,,,
281.5,0.0,511,540,1,,,
282.0,0.0,513,540,1,,,
282.5,0.0,514,538,1,,,
283.0,0.0,516,538,1,,,
283.5,0.0,518,537,1,,,
284.0,0.0,519,537,1,,,
284.5,0.0,521,536,1,,,
285.0,0.0,522,536,1,,,
285.5,0.0,524,534,1,,,
286.0,0.0,526,534,1,,,
286.5,0.0,527,531,1,,,
287.0,0.0,529,531,1,,,
287.5,0.0,530,530,1,,,
288.0,0.0,532,530,1,,,
288.5,0.0,534,530,1,,,
289.0,0.0,535,530,1,,,
289.5,0.0,537,530,1,,,
290.0,0.0,538,530,1,,,
290.5,0.0,540,529,1,,,
291.0,0.0,542,529,1,,,
291.5,0.0,543,530,1,,,
292.0,0.0,545,530,1,,,
292.5,0.0,546,529,1,,,
293.0,0.0,548,529,1,,,
293.5,0.0,549,527,1,,,
294.0,0.0,551,527,1,,,
294.5,0.0,553,524,1,,,
295.0,0.0,554,524,1,,,
295.5,0.0,556,524,1,,,
296.0,0.0,557,524,1,,,
296.5,0.0,559,522,1,,,
297.0,0.0,560,522,1,,,
297.5,0.0,562,521,1,,,
298.0,0.0,564,521,1,,,
298.5,0.0,565,522,1,,,
299.0,0.0,567,522,1,,,
299.5,0.0,568,522,1,,,
300.0,0.0,570,522,1,,,
300.5,0.0,571,521,1,,,
301.0,0.0,573,521,1,,,
301.5,0.0,575,521,1,,,
302.0,0.0,576,521,1,,,
302.5,0.0,578,520,1,,,
303.0,0.0,579,520,1,,,
303.5,0.0,581,517,1,,,
304.0,0.0,582,517,1,,,
304.5,0.0,584,516,1,,,
305.0,0.0,585,516,1,,,
305.5,0.0,587,515,1,,,
306.0,0.0,589,515,1,,,
306.5,0.0,590,514,1,,,
307.0,0.0,592,514,1,,,
307.5,0.0,593,514,1,,,
308.0,0.0,595,514,1,,,
308.5,0.0,596,514,1,,,
309.0,0.0,598,514,1,,,
309.5,0.0,599,514,1,,,
310.0,0.0,601,514,1,,,
310.5,0.0,602,514,1,,,
311.0,0.0,604,514,1,,,
311.5,0.0,605,511,1,,,
312.0,0.0,607,511,1,,,
312.5,0.0,609,510,1,,,
313.0,0.0,610,510,1,,,
313.5,0.0,612,508,1,,,
314.0,0.0,613,508,1,,,
314.5,0.0,615,508,1,,,
315.0,0.0,616,508,1,,,
315.5,0.0,618,505,1,,,
316.0,0.0,619,505,1,,,
316.5,0.0,621,508,1,,,
317.0,0.0,622,508,1,,,
317.5,0.0,624,508,1,,,
318.0,0.0,625,508,1,,,
318.5,0.0,627,509,1,,,
319.0,0.0,628,509,1,,,
319.5,0.0,630,507,1,,,
320.0,0.0,631,507,1,,,
320.5,0.0,633,508,1,,,
321.0,0.0,634,508,1,,,
321.5,0.0,636,505,1,,,
322.0,0.0,637,505,1,,,
322.5,0.0,639,503,1,,,
323.0,0.0,640,503,1,,,
323.5,0.0,642,503,1,,,
324.0,0.0,643,503,1,,,
324.5,0.0,645,503,1,,,
325.0,0.0,647,503,1,,,
325.5,0.0,648,502,1,,,
326.0,0.0,650,502,1,,,
326.5,0.0,651,503,1,,,
327.0,0.0,653,503,1,,,
327.5,0.0,654,505,1,,,
328.0,0.0,656,505,1,,,
328.5,0.0,657,504,1,,,
329.0,0.0,659,504,1,,,
329.5,0.0,660,504,1,,,
330.0,0.0,662,504,1,,,
330.5,0.0,663,503,1,,,
331.0,0.0,665,503,1,,,
331.5,0.0,666,501,1,,,
332.0,0.0,668,501,1,,,
332.5,0.0,669,499,1,,,
333.0,0.0,671,499,1,,,
333.5,0.0,672,499,1,,,
334.0,0.0,674,499,1,,,
334.5,0.0,675,498,1,,,
335.0,0.0,677,498,1,,,
335.5,0.0,678,499,1,,,
336.0,0.0,680,499,1,,,
336.5,0.0,681,501,1,,,
337.0,0.0,683,501,1,,,
337.5,0.0,684,499,1,,,
338.0,0.0,686,499,1,,,
338.5,0.0,687,498,1,,,
339.0,0.0,689,498,1,,,
339.5,0.0,690,498,1,,,
340.0,0.0,692,498,1,,,
340.5,0.0,693,497,1,,,
341.0,0.0,695,497,1,,,
341.5,0.0,696,495,1,,,
342.0,0.0,698,495,1,,,
342.5,0.0,699,495,1,,,
343.0,0.0,701,495,1,,,
343.5,0.0,702,495,1,,,
344.0,0.0,704,495,1,,,
344.5,0.0,705,495,1,,,
345.0,0.0,707,495,1,,,
345.5,0.0,708,495,1,,,
346.0,0.0,710,495,1,,,
346.5,0.0,711,496,1,,,
347.0,0.0,713,496,1,,,
347.5,0.0,714,496,1,,,
348.0,0.0,716,496,1,,,
348.5,0.0,717,495,1,,,
349.0,0.0,719,495,1,,,
349.5,0.0,720,493,1,,,
350.0,0.0,721,493,1,,,
350.5,0.0,723,492,1,,,
351.0,0.0,725,492,1,,,
351.5,0.0,726,491,1,,,
352.0,0.0,728,491,1,,,
352.5,0.0,729,491,1,,,
353.0,0.0,730,491,1,,,
353.5,0.0,732,492,1,,,
354.0,0.0,733,492,1,,,
354.5,0.0,735,493,1,,,
355.0,0.0,736,493,1,,,
355.5,0.0,738,495,1,,,
356.0,0.0,739,495,1,,,
356.5,0.0,741,496,1,,,
357.0,0.0,742,496,1,,,
357.5,0.0,744,495,1,,,
358.0,0.0,745,495,1,,,
358.5,0.0,747,495,1,,,
359.0,0.0,748,495,1,,,
359.5,0.0,750,493,1,,,
360.0,0.0,751,493,1,,,
360.5,0.0,753,492,1,,,
361.0,0.0,754,492,1,,,
361.5,0.0,756,492,1,,,
362.0,0.0,757,492,1,,,
362.5,0.0,759,495,1,,,
363.0,0.0,760,495,1,,,
363.5,0.0,762,493,1,,,
364.0,0.0,763,493,1,,,
364.5,0.0,765,496,1,,,
365.0,0.0,766,496,1,,,
365.5,0.0,768,498,1,,,
366.0,0.0,769,498,1,,,
366.5,0.0,771,498,1,,,
367.0,0.0,772,498,1,,,
367.5,0.0,774,497,1,,,
368.0,0.0,775,497,1,,,
368.5,0.0,777,498,1,,,
369.0,0.0,778,498,1,,,
369.5,0.0,780,496,1,,,
370.0,0.0,781,496,1,,,
370.5,0.0,783,495,1,,,
371.0,0.0,784,495,1,,,
371.5,0.0,786,495,1,,,
372.0,0.0,787,495,1,,,
372.5,0.0,789,495,1,,,
373.0,0.0,790,495,1,,,
373.5,0.0,792,496,1,,,
374.0,0.0,793,496,1,,,
374.5,0.0,795,498,1,,,
375.0,0.0,796,498,1,,,
375.5,0.0,798,499,1,,,
376.0,0.0,799,499,1,,,
376.5,0.0,801,499,1,,,
377.0,0.0,802,499,1,,,
377.5,0.0,804,499,1,,,
378.0,0.0,805,499,1,,,
378.5,0.0,807,498,1,,,
379.0,0.0,808,498,1,,,
379.5,0.0,810,496,1,,,
380.0,0.0,811,496,1,,,
380.5,0.0,813,496,1,,,
381.0,0.0,814,496,1,,,
381.5,0.0,816,497,1,,,
382.0,0.0,817,497,1,,,
382.5,0.0,819,498,1,,,
383.0,0.0,820,498,1,,,
383.5,0.0,822,499,1,,,
384.0,0.0,823,499,1,,,
384.5,0.0,825,502,1,,,
385.0,0.0,826,502,1,,,
385.5,0.0,828,501,1,,,
386.0,0.0,829,501,1,,,
386.5,0.0,831,501,1,,,
387.0,0.0,832,501,1,,,
387.5,0.0,834,499,1,,,
388.0,0.0,835,499,1,,,
388.5,0.0,837,498,1,,,
389.0,0.0,838,498,1,,,
389.5,0.0,840,498,1,,,
390.0,0.0,841,498,1,,,
390.5,0.0,843,498,1,,,
391.0,0.0,844,498,1,,,
391.5,0.0,846,498,1,,,
392.0,0.0,847,498,1,,,
392.5,0.0,849,501,1,,,
393.0,0.0,850,501,1,,,
393.5,0.0,852,502,1,,,
394.0,0.0,854,502,1,,,
394.5,0.0,855,502,1,,,
395.0,0.0,857,502,1,,,
395.5,0.0,858,503,1,,,
396.0,0.0,860,503,1,,,
396.5,0.0,861,502,1,,,
397.0,0.0,863,502,1,,,
397.5,0.0,864,501,1,,,
398.0,0.0,865,501,1,,,
398.5,0.0,867,498,1,,,
399.0,0.0,869,498,1,,,
399.5,0.0,870,499,1,,,
400.0,0.0,872,499,1,,,
400.5,0.0,873,498,1,,,
401.0,0.0,875,498,1,,,
401.5,0.0,876,499,1,,,
402.0,0.0,878,499,1,,,
402.5,0.0,879,501,1,,,
403.0,0.0,881,501,1,,,
403.5,0.0,882,503,1,,,
404.0,0.0,884,503,1,,,
404.5,0.0,885,502,1,,,
405.0,0.0,887,502,1,,,
405.5,0.0,888,502,1,,,
406.0,0.0,890,502,1,,,
406.5,0.0,891,501,1,,,
407.0,0.0,893,501,1,,,
407.5,0.0,894,498,1,,,
408.0,0.0,896,498,1,,,
408.5,0.0,897,498,1,,,
409.0,0.0,899,498,1,,,
409.5,0.0,900,498,1,,,
410.0,0.0,902,498,1,,,
410.5,0.0,903,498,1,,,
411.0,0.0,905,498,1,,,
411.5,0.0,906,501,1,,,
412.0,0.0,908,501,1,,,
412.5,0.0,909,502,1,,,
413.0,0.0,911,502,1,,,
413.5,0.0,912,502,1,,,
414.0,0.0,914,502,1,,,
414.5,0.0,915,503,1,,,
415.0,0.0,917,503,1,,,
415.5,0.0,918,503,1,,,
416.0,0.0,920,503,1,,,
416.5,0.0,921,501,1,,,
417.0,0.0,923,501,1,,,
417.5,0.0,924,501,1,,,
418.0,0.0,926,501,1,,,
418.5,0.0,927,501,1,,,
419.0,0.0,929,501,1,,,
419.5,0.0,930,499,1,,,
420.0,0.0,932,499,1,,,
420.5,0.0,934,501,1,,,
421.0,0.0,935,501,1,,,
421.5,0.0,937,503,1,,,
422.0,0.0,938,503,1,,,
422.5,0.0,940,504,1,,,
423.0,0.0,941,504,1,,,
423.5,0.0,943,504,1,,,
424.0,0.0,944,504,1,,,
424.5,0.0,946,504,1,,,
425.0,0.0,947,504,1,,,
425.5,0.0,949,504,1,,,
426.0,0.0,950,504,1,,,
426.5,0.0,952,502,1,,,
427.0,0.0,953,502,1,,,
427.5,0.0,955,501,1,,,
428.0,0.0,956,501,1,,,
428.5,0.0,958,502,1,,,
429.0,0.0,959,502,1,,,
429.5,0.0,961,502,1,,,
430.0,0.0,962,502,1,,,
430.5,0.0,964,503,1,,,
431.0,0.0,965,503,1,,,
431.5,0.0,967,505,1,,,
432.0,0.0,968,505,1,,,
432.5,0.0,970,507,1,,,
433.0,0.0,971,507,1,,,
433.5,0.0,973,505,1,,,
434.0,0.0,975,505,1,,,
434.5,0.0,976,507,1,,,
435.0,0.0,978,507,1,,,
435.5,0.0,979,504,1,,,
436.0,0.0,981,504,1,,,
436.5,0.0,982,504,1,,,
437.0,0.0,984,504,1,,,
437.5,0.0,985,503,1,,,
438.0,0.0,987,503,1,,,
438.5,0.0,988,504,1,,,
439.0,0.0,990,504,1,,,
439.5,0.0,991,504,1,,,
440.0,0.0,993,504,1,,,
440.5,0.0,994,507,1,,,
441.0,0.0,996,507,1,,,
441.5,0.0,997,507,1,,,
442.0,0.0,999,507,1,,,
442.5,0.0,1000,509,1,,,
443.0,0.0,1002,509,1,,,
443.5,0.0,1003,507,1,,,
444.0,0.0,1005,507,1,,,
444.5,0.0,1007,507,1,,,
445.0,0.0,1008,507,1,,,
445.5,0.0,1010,504,1,,,
446.0,0.0,1011,504,1,,,
446.5,0.0,1013,504,1,,,
447.0,0.0,1014,504,1,,,
447.5,0.0,1016,503,1,,,
448.0,0.0,1017,503,1,,,
448.5,0.0,1019,505,1,,,
449.0,0.0,1020,505,1,,,
449.5,0.0,1022,505,1,,,
450.0,0.0,1023,505,1,,,
450.5,0.0,1025,508,1,,,
451.0,0.0,1026,508,1,,,
451.5,0.0,1028,508,1,,,
452.0,0.0,1029,508,1,,,
452.5,0.0,1031,507,1,,,
453.0,0.0,1032,507,1,,,
453.5,0.0,1034,505,1,,,
454.0,0.0,1035,505,1,,,
454.5,0.0,1037,504,1,,,
455.0,0.0,1039,504,1,,,
455.5,0.0,1040,503,1,,,
456.0,0.0,1042,503,1,,,
456.5,0.0,1043,503,1,,,
457.0,0.0,1045,503,1,,,
457.5,0.0,1046,504,1,,,
458.0,0.0,1048,504,1,,,
458.5,0.0,1049,505,1,,,
459.0,0.0,1051,505,1,,,
459.5,0.0,1052,505,1,,,
460.0,0.0,1054,505,1,,,
460.5,0.0,1055,507,1,,,
461.0,0.0,1057,507,1,,,
461.5,0.0,1058,505,1,,,
462.0,0.0,1060,505,1,,,
462.5,0.0,1061,504,1,,,
463.0,0.0,1063,504,1,,,
463.5,0.0,1064,503,1,,,
464.0,0.0,1066,503,1,,,
464.5,0.0,1067,502,1,,,
465.0,0.0,1069,502,1,,,
465.5,0.0,1070,502,1,,,
466.0,0.0,1072,502,1,,,
466.5,0.0,1073,503,1,,,
467.0,0.0,1075,503,1,,,
467.5,0.0,1076,503,1,,,
468.0,0.0,1078,503,1,,,
468.5,0.0,1080,504,1,,,
469.0,0.0,1081,504,1,,,
469.5,0.0,1083,505,1,,,
470.0,0.0,1084,505,1,,,
470.5,0.0,1086,504,1,,,
471.0,0.0,1087,504,1,,,
471.5,0.0,1089,503,1,,,
472.0,0.0,1090,503,1,,,
472.5,0.0,1092,503,1,,,
473.0,0.0,1093,503,1,,,
473.5,0.0,1095,501,1,,,
474.0,0.0,1096,501,1,,,
474.5,0.0,1098,501,1,,,
475.0,0.0,1099,501,1,,,
475.5,0.0,1101,501,1,,,
476.0,0.0,1102,501,1,,,
476.5,0.0,1104,502,1,,,
477.0,0.0,1105,502,1,,,
477.5,0.0,1107,502,1,,,
478.0,0.0,1108,502,1,,,
478.5,0.0,1110,503,1,,,
479.0,0.0,1111,503,1,,,
479.5,0.0,1113,503,1,,,
480.0,0.0,1114,503,1,,,
480.5,0.0,1116,503,1,,,
481.0,0.0,1117,503,1,,,
481.5,0.0,1119,501,1,,,
482.0,0.0,1120,501,1,,,
482.5,0.0,1122,499,1,,,
483.0,0.0,1123,499,1,,,
483.5,0.0,1125,499,1,,,
484.0,0.0,1126,499,1,,,
484.5,0.0,1128,499,1,,,
485.0,0.0,1129,499,1,,,
485.5,0.0,1131,499,1,,,
486.0,0.0,1132,499,1,,,
486.5,0.0,1134,501,1,,,
487.0,0.0,1135,501,1,,,
487.5,0.0,1137,502,1,,,
488.0,0.0,1139,502,1,,,
488.5,0.0,1140,502,1,,,
489.0,0.0,1142,502,1,,,
489.5,0.0,1143,501,1,,,
490.0,0.0,1145,501,1,,,
490.5,0.0,1146,501,1,,,
491.0,0.0,1148,501,1,,,
491.5,0.0,1149,499,1,,,
492.0,0.0,1150,499,1,,,
492.5,0.0,1152,497,1,,,
493.0,0.0,1153,497,1,,,
493.5,0.0,1155,497,1,,,
494.0,0.0,1157,497,1,,,
494.5,0.0,1158,498,1,,,
495.0,0.0,1160,498,1,,,
495.5,0.0,1161,498,1,,,
496.0,0.0,1163,498,1,,,
496.5,0.0,1164,499,1,,,
497.0,0.0,1166,499,1,,,
497.5,0.0,1167,501,1,,,
498.0,0.0,1169,501,1,,,
498.5,0.0,1170,501,1,,,
499.0,0.0,1172,501,1,,,
499.5,0.0,1173,499,1,,,
500.0,0.0,1175,499,1,,,
500.5,0.0,1176,498,1,,,
501.0,0.0,1178,498,1,,,
501.5,0.0,1179,497,1,,,
502.0,0.0,1181,497,1,,,
502.5,0.0,1182,497,1,,,
503.0,0.0,1184,497,1,,,
503.5,0.0,1185,496,1,,,
504.0,0.0,1187,496,1,,,
504.5,0.0,1188,497,1,,,
505.0,0.0,1190,497,1,,,
505.5,0.0,1191,498,1,,,
506.0,0.0,1193,498,1,,,
506.5,0.0,1194,498,1,,,
507.0,0.0,1196,498,1,,,
507.5,0.0,1197,498,1,,,
508.0,0.0,1199,498,1,,,
508.5,0.0,1200,499,1,,,
509.0,0.0,1202,499,1,,,
509.5,0.0,1203,497,1,,,
510.0,0.0,1205,497,1,,,
510.5,0.0,1206,496,1,,,
511.0,0.0,1207,496,1,,,
511.5,0.0,1209,495,1,,,
512.0,0.0,1210,495,1,,,
512.5,0.0,1212,496,1,,,
513.0,0.0,1214,496,1,,,
513.5,0.0,1215,495,1,,,
514.0,0.0,1217,495,1,,,
514.5,0.0,1218,496,1,,,
515.0,0.0,1220,496,1,,,
515.5,0.0,1221,497,1,,,
516.0,0.0,1223,497,1,,,
516.5,0.0,1224,498,1,,,
517.0,0.0,1226,498,1,,,
517.5,0.0,1227,497,1,,,
518.0,0.0,1228,497,1,,,
518.5,0.0,1230,497,1,,,
519.0,0.0,1231,497,1,,,
519.5,0.0,1233,497,1,,,
520.0,0.0,1234,497,1,,,
520.5,0.0,1236,495,1,,,
521.0,0.0,1237,495,1,,,
521.5,0.0,1239,495,1,,,
522.0,0.0,1240,495,1,,,
522.5,0.0,1242,495,1,,,
523.0,0.0,1243,495,1,,,
523.5,0.0,1245,495,1,,,
524.0,0.0,1246,495,1,,,
524.5,0.0,1248,496,1,,,
525.0,0.0,1249,496,1,,,
525.5,0.0,1251,498,1,,,
526.0,0.0,1253,498,1,,,
526.5,0.0,1254,499,1,,,
527.0,0.0,1256,499,1,,,
527.5,0.0,1257,499,1,,,
528.0,0.0,1258,499,1,,,
528.5,0.0,1260,499,1,,,
529.0,0.0,1261,499,1,,,
529.5,0.0,1263,498,1,,,
530.0,0.0,1264,498,1,,,
530.5,0.0,1266,496,1,,,
531.0,0.0,1267,496,1,,,
531.5,0.0,1269,495,1,,,
532.0,0.0,1270,495,1,,,
532.5,0.0,1272,496,1,,,
533.0,0.0,1273,496,1,,,
533.5,0.0,1275,496,1,,,
534.0,0.0,1276,496,1,,,
534.5,0.0,1278,497,1,,,
535.0,0.0,1279,497,1,,,
535.5,0.0,1281,499,1,,,
536.0,0.0,1282,499,1,,,
536.5,0.0,1284,501,1,,,
537.0,0.0,1285,501,1,,,
537.5,0.0,1287,499,1,,,
538.0,0.0,1289,499,1,,,
538.5,0.0,1290,499,1,,,
539.0,0.0,1291,499,1,,,
539.5,0.0,1293,498,1,,,
540.0,0.0,1295,498,1,,,
540.5,0.0,1296,498,1,,,
541.0,0.0,1298,498,1,,,
541.5,0.0,1299,498,1,,,
542.0,0.0,1301,498,1,,,
542.5,0.0,1302,499,1,,,
543.0,0.0,1304,499,1,,,
543.5,0.0,1305,501,1,,,
544.0,0.0,1307,501,1,,,
544.5,0.0,1308,502,1,,,
545.0,0.0,1310,502,1,,,
545.5,0.0,1311,503,1,,,
546.0,0.0,1313,503,1,,,
546.5,0.0,1314,503,1,,,
547.0,0.0,1316,503,1,,,
547.5,0.0,1317,503,1,,,
548.0,0.0,1319,503,1,,,
548.5,0.0,1320,502,1,,,
549.0,0.0,1322,502,1,,,
549.5,0.0,1323,502,1,,,
550.0,0.0,1325,502,1,,,
550.5,0.0,1326,501,1,,,
551.0,0.0,1328,501,1,,,
551.5,0.0,1329,502,1,,,
552.0,0.0,1331,502,1,,,
552.5,0.0,1332,502,1,,,
553.0,0.0,1334,502,1,,,
553.5,0.0,1335,505,1,,,
554.0,0.0,1337,505,1,,,
554.5,0.0,1339,505,1,,,
555.0,0.0,1340,505,1,,,
555.5,0.0,1342,507,1,,,
556.0,0.0,1343,507,1,,,
556.5,0.0,1345,507,1,,,
557.0,0.0,1346,507,1,,,
557.5,0.0,1348,507,1,,,
558.0,0.0,1349,507,1,,,
558.5,0.0,1351,503,1,,,
559.0,0.0,1352,503,1,,,
559.5,0.0,1354,505,1,,,
560.0,0.0,1355,505,1,,,
560.5,0.0,1357,504,1,,,
561.0,0.0,1358,504,1,,,
561.5,0.0,1360,504,1,,,
562.0,0.0,1361,504,1,,,
562.5,0.0,1363,505,1,,,
563.0,0.0,1364,505,1,,,
563.5,0.0,1366,509,1,,,
564.0,0.0,1368,509,1,,,
564.5,0.0,1369,508,1,,,
565.0,0.0,1371,508,1,,,
565.5,0.0,1372,509,1,,,
566.0,0.0,1374,509,1,,,
566.5,0.0,1375,509,1,,,
567.0,0.0,1377,509,1,,,
567.5,0.0,1378,508,1,,,
568.0,0.0,1380,508,1,,,
568.5,0.0,1381,507,1,,,
569.0,0.0,1383,507,1,,,
569.5,0.0,1384,507,1,,,
570.0,0.0,1386,507,1,,,
570.5,0.0,1387,507,1,,,
571.0,0.0,1389,507,1,,,
571.5,0.0,1390,509,1,,,
572.0,0.0,1392,509,1,,,
572.5,0.0,1394,510,1,,,
573.0,0.0,1395,510,1,,,
573.5,0.0,1397,511,1,,,
574.0,0.0,1398,511,1,,,
574.5,0.0,1400,511,1,,,
575.0,0.0,1401,511,1,,,
575.5,0.0,1403,511,1,,,
576.0,0.0,1404,511,1,,,
576.5,0.0,1406,508,1,,,
577.0,0.0,1407,508,1,,,
577.5,0.0,1409,508,1,,,
578.0,0.0,1410,508,1,,,
578.5,0.0,1412,507,1,,,
579.0,0.0,1414,507,1,,,
579.5,0.0,1415,507,1,,,
580.0,0.0,1417,507,1,,,
580.5,0.0,1418,508,1,,,
581.0,0.0,1420,508,1,,,
581.5,0.0,1421,510,1,,,
582.0,0.0,1423,510,1,,,
582.5,0.0,1424,510,1,,,
583.0,0.0,1426,510,1,,,
583.5,0.0,1427,511,1,,,
584.0,0.0,1429,511,1,,,
584.5,0.0,1430,511,1,,,
585.0,0.0,1432,511,1,,,
585.5,0.0,1433,509,1,,,
586.0,0.0,1435,509,1,,,
586.5,0.0,1437,508,1,,,
587.0,0.0,1438,508,1,,,
587.5,0.0,1440,508,1,,,
588.0,0.0,1441,508,1,,,
588.5,0.0,1443,508,1,,,
589.0,0.0,1444,508,1,,,
589.5,0.0,1446,508,1,,,
590.0,0.0,1447,508,1,,,
590.5,0.0,1449,510,1,,,
591.0,0.0,1450,510,1,,,
591.5,0.0,1452,512,1,,,
592.0,0.0,1453,512,1,,,
592.5,0.0,1455,512,1,,,
593.0,0.0,1457,512,1,,,
593.5,0.0,1458,511,1,,,
594.0,0.0,1460,511,1,,,
594.5,0.0,1461,511,1,,,
595.0,0.0,1463,511,1,,,
595.5,0.0,1464,510,1,,,
596.0,0.0,1466,510,1,,,
596.5,0.0,1467,508,1,,,
597.0,0.0,1469,508,1,,,
597.5,0.0,1470,508,1,,,
598.0,0.0,1472,508,1,,,
598.5,0.0,1473,509,1,,,
599.0,0.0,1475,509,1,,,
599.5,0.0,1477,510,1,,,
600.0,0.0,1478,510,1,,,
600.5,0.0,1480,511,1,,,
601.0,0.0,1481,511,1,,,
601.5,0.0,1483,511,1,,,
602.0,0.0,1484,511,1,,,
602.5,0.0,1486,511,1,,,
603.0,0.0,1487,511,1,,,
603.5,0.0,1489,510,1,,,
604.0,0.0,1490,510,1,,,
604.5,0.0,1492,509,1,,,
605.0,0.0,1493,509,1,,,
605.5,0.0,1495,508,1,,,
606.0,0.0,1496,508,1,,,
606.5,0.0,1498,508,1,,,
607.0,0.0,1500,508,1,,,
607.5,0.0,1501,509,1,,,
608.0,0.0,1503,509,1,,,
608.5,0.0,1504,509,1,,,
609.0,0.0,1506,509,1,,,
609.5,0.0,1507,510,1,,,
610.0,0.0,1509,510,1,,,
610.5,0.0,1510,510,1,,,
611.0,0.0,1512,510,1,,,
611.5,0.0,1513,510,1,,,
612.0,0.0,1515,510,1,,,
612.5,0.0,1516,509,1,,,
613.0,0.0,1518,509,1,,,
613.5,0.0,1519,508,1,,,
614.0,0.0,1521,508,1,,,
614.5,0.0,1523,507,1,,,
615.0,0.0,1524,507,1,,,
615.5,0.0,1526,507,1,,,
616.0,0.0,1527,507,1,,,
616.5,0.0,1529,507,1,,,
617.0,0.0,1530,507,1,,,
617.5,0.0,1532,507,1,,,
618.0,0.0,1533,507,1,,,
618.5,0.0,1535,508,1,,,
619.0,0.0,1536,508,1,,,
619.5,0.0,1538,509,1,,,
620.0,0.0,1539,509,1,,,
620.5,0.0,1541,508,1,,,
621.0,0.0,1542,508,1,,,
621.5,0.0,1544,508,1,,,
622.0,0.0,1545,508,1,,,
622.5,0.0,1547,507,1,,,
623.0,0.0,1548,507,1,,,
623.5,0.0,1550,504,1,,,
624.0,0.0,1551,504,1,,,
624.5,0.0,1553,503,1,,,
625.0,0.0,1555,503,1,,,
625.5,0.0,1556,504,1,,,
626.0,0.0,1558,504,1,,,
626.5,0.0,1559,503,1,,,
627.0,0.0,1561,503,1,,,
627.5,0.0,1562,504,1,,,
628.0,0.0,1564,504,1,,,
628.5,0.0,1565,507,1,,,
629.0,0.0,1567,507,1,,,
629.5,0.0,1568,505,1,,,
630.0,0.0,1570,505,1,,,
630.5,0.0,1571,504,1,,,
631.0,0.0,1573,504,1,,,
631.5,0.0,1574,504,1,,,
632.0,0.0,1576,504,1,,,
632.5,0.0,1577,502,1,,,
633.0,0.0,1579,502,1,,,
633.5,0.0,1580,499,1,,,
634.0,0.0,1582,499,1,,,
634.5,0.0,1583,499,1,,,
635.0,0.0,1585,499,1,,,
635.5,0.0,1586,498,1,,,
636.0,0.0,1588,498,1,,,
636.5,0.0,1589,498,1,,,
637.0,0.0,1591,498,1,,,
637.5,0.0,1592,499,1,,,
638.0,0.0,1594,499,1,,,
638.5,0.0,1595,499,1,,,
639.0,0.0,1597,499,1,,,
639.5,0.0,1598,498,1,,,
640.0,0.0,1600,498,1,,,
640.5,0.0,1601,498,1,,,
641.0,0.0,1603,498,1,,,
641.5,0.0,1604,496,1,,,
642.0,0.0,1606,496,1,,,
642.5,0.0,1607,493,1,,,
643.0,0.0,1609,493,1,,,
643.5,0.0,1610,495,1,,,
644.0,0.0,1612,495,1,,,
644.5,0.0,1613,495,1,,,
645.0,0.0,1615,495,1,,,
645.5,0.0,1616,493,1,,,
646.0,0.0,1618,493,1,,,
646.5,0.0,1619,496,1,,,
647.0,0.0,1621,496,1,,,
647.5,0.0,1622,498,1,,,
648.0,0.0,1624,498,1,,,
648.5,0.0,1625,496,1,,,
649.0,0.0,1627,496,1,,,
649.5,0.0,1628,496,1,,,
650.0,0.0,1630,496,1,,,
650.5,0.0,1631,496,1,,,
651.0,0.0,1633,496,1,,,
651.5,0.0,1634,493,1,,,
652.0,0.0,1636,493,1,,,
652.5,0.0,1637,492,1,,,
653.0,0.0,1639,492,1,,,
653.5,0.0,1640,493,1,,,
654.0,0.0,1642,493,1,,,
654.5,0.0,1643,493,1,,,
655.0,0.0,1645,493,1,,,
655.5,0.0,1646,495,1,,,
656.0,0.0,1648,495,1,,,
656.5,0.0,1649,497,1,,,
657.0,0.0,1651,497,1,,,
657.5,0.0,1652,497,1,,,
658.0,0.0,1654,497,1,,,
658.5,0.0,1655,497,1,,,
659.0,0.0,1657,497,1,,,
659.5,0.0,1658,497,1,,,
660.0,0.0,1660,497,1,,,
660.5,0.0,1661,497,1,,,
661.0,0.0,1662,497,1,,,
661.5,0.0,1664,495,1,,,
662.0,0.0,1665,495,1,,,
662.5,0.0,1667,495,1,,,
663.0,0.0,1668,495,1,,,
663.5,0.0,1670,495,1,,,
664.0,0.0,1671,495,1,,,
664.5,0.0,1673,496,1,,,
665.0,0.0,1675,496,1,,,
665.5,0.0,1676,496,1,,,
666.0,0.0,1678,496,1,,,
666.5,0.0,1679,498,1,,,
667.0,0.0,1681,498,1,,,
667.5,0.0,1682,499,1,,,
668.0,0.0,1684,499,1,,,
668.5,0.0,1685,499,1,,,
669.0,0.0,1687,499,1,,,
669.5,0.0,1688,498,1,,,
670.0,0.0,1689,498,1,,,
670.5,0.0,1691,497,1,,,
671.0,0.0,1693,497,1,,,
671.5,0.0,1694,497,1,,,
672.0,0.0,1696,497,1,,,
672.5,0.0,1697,496,1,,,
673.0,0.0,1699,496,1,,,
673.5,0.0,1700,497,1,,,
674.0,0.0,1702,497,1,,,
674.5,0.0,1703,498,1,,,
675.0,0.0,1705,498,1,,,
675.5,0.0,1706,499,1,,,
676.0,0.0,1708,499,1,,,
676.5,0.0,1709,501,1,,,
677.0,0.0,1711,501,1,,,
677.5,0.0,1712,501,1,,,
678.0,0.0,1714,501,1,,,
678.5,0.0,1715,501,1,,,
679.0,0.0,1717,501,1,,,
679.5,0.0,1718,499,1,,,
680.0,0.0,1720,499,1,,,
680.5,0.0,1721,499,1,,,
681.0,0.0,1723,499,1,,,
681.5,0.0,1724,497,1,,,
682.0,0.0,1726,497,1,,,
682.5,0.0,1727,499,1,,,
683.0,0.0,1729,499,1,,,
683.5,0.0,1730,498,1,,,
684.0,0.0,1732,498,1,,,
684.5,0.0,1733,501,1,,,
685.0,0.0,1735,501,1,,,
685.5,0.0,1736,503,1,,,
686.0,0.0,1738,503,1,,,
686.5,0.0,1739,504,1,,,
687.0,0.0,1741,504,1,,,
687.5,0.0,1742,503,1,,,
688.0,0.0,1744,503,1,,,
688.5,0.0,1745,504,1,,,
689.0,0.0,1747,504,1,,,
689.5,0.0,1748,502,1,,,
690.0,0.0,1750,502,1,,,
690.5,0.0,1751,502,1,,,
691.0,0.0,1753,502,1,,,
691.5,0.0,1754,502,1,,,
692.0,0.0,1756,502,1,,,
692.5,0.0,1757,502,1,,,
693.0,0.0,1759,502,1,,,
693.5,0.0,1761,503,1,,,
694.0,0.0,1762,503,1,,,
694.5,0.0,1764,505,1,,,
695.0,0.0,1765,505,1,,,
695.5,0.0,1767,505,1,,,
696.0,0.0,1768,505,1,,,
696.5,0.0,1770,505,1,,,
697.0,0.0,1771,505,1,,,
697.5,0.0,1773,505,1,,,
698.0,0.0,1774,505,1,,,
698.5,0.0,1776,504,1,,,
699.0,0.0,1777,504,1,,,
699.5,0.0,1779,503,1,,,
700.0,0.0,1780,503,1,,,
700.5,0.0,1782,503,1,,,
701.0,0.0,1783,503,1,,,
701.5,0.0,1785,503,1,,,
702.0,0.0,1786,503,1,,,
702.5,0.0,1788,504,1,,,
703.0,0.0,1789,504,1,,,
703.5,0.0,1791,505,1,,,
704.0,0.0,1793,505,1,,,
704.5,0.0,1794,507,1,,,
705.0,0.0,1796,507,1,,,
705.5,0.0,1797,507,1,,,
706.0,0.0,1799,507,1,,,
706.5,0.0,1800,508,1,,,
707.0,0.0,1802,508,1,,,
707.5,0.0,1803,505,1,,,
708.0,0.0,1805,505,1,,,
708.5,0.0,1806,504,1,,,
709.0,0.0,1808,504,1,,,
709.5,0.0,1809,504,1,,,
710.0,0.0,1811,504,1,,,
710.5,0.0,1812,504,1,,,
711.0,0.0,1814,504,1,,,
711.5,0.0,1815,503,1,,,
712.0,0.0,1817,503,1,,,
712.5,0.0,1818,505,1,,,
713.0,0.0,1820,505,1,,,
713.5,0.0,1821,508,1,,,
714.0,0.0,1823,508,1,,,
714.5,0.0,1825,508,1,,,
715.0,0.0,1826,508,1,,,
715.5,0.0,1828,507,1,,,
716.0,0.0,1829,507,1,,,
716.5,0.0,1831,508,1,,,
717.0,0.0,1832,508,1,,,
717.5,0.0,1834,507,1,,,
718.0,0.0,1835,507,1,,,
718.5,0.0,1837,504,1,,,
719.0,0.0,1838,504,1,,,
719.5,0.0,1840,504,1,,,
720.0,0.0,1841,504,1,,,
720.5,0.0,1843,504,1,,,
721.0,0.0,1844,504,1,,,
721.5,0.0,1846,505,1,,,
722.0,0.0,1847,505,1,,,
722.5,0.0,1849,505,1,,,
723.0,0.0,1850,505,1,,,
723.5,0.0,1852,508,1,,,
724.0,0.0,1854,508,1,,,
724.5,0.0,1855,507,1,,,
725.0,0.0,1857,507,1,,,
725.5,0.0,1858,507,1,,,
726.0,0.0,1860,507,1,,,
726.5,0.0,1861,504,1,,,
727.0,0.0,1863,504,1,,,
727.5,0.0,1864,504,1,,,
728.0,0.0,1866,504,1,,,
728.5,0.0,1867,503,1,,,
729.0,0.0,1869,503,1,,,
729.5,0.0,1870,504,1,,,
730.0,0.0,1872,504,1,,,
730.5,0.0,1873,504,1,,,
731.0,0.0,1875,504,1,,,
731.5,0.0,1876,505,1,,,
732.0,0.0,1878,505,1,,,
732.5,0.0,1879,507,1,,,
733.0,0.0,1881,507,1,,,
733.5,0.0,1882,507,1,,,
734.0,0.0,1884,507,1,,,
734.5,0.0,1885,505,1,,,
735.0,0.0,1887,505,1,,,
735.5,0.0,1889,505,1,,,
736.0,0.0,1890,505,1,,,
736.5,0.0,1892,503,1,,,
737.0,0.0,1893,503,1,,,
737.5,0.0,1895,502,1,,,
738.0,0.0,1896,502,1,,,
738.5,0.0,1898,502,1,,,
739.0,0.0,1899,502,1,,,
739.5,0.0,1901,502,1,,,
740.0,0.0,1902,502,1,,,
740.5,0.0,1904,502,1,,,
741.0,0.0,1905,502,1,,,
741.5,0.0,1907,504,1,,,
742.0,0.0,1908,504,1,,,
742.5,0.0,1910,504,1,,,
743.0,0.0,1911,504,1,,,
743.5,0.0,1913,503,1,,,
744.0,0.0,1914,503,1,,,
744.5,0.0,1916,502,1,,,
745.0,0.0,1917,502,1,,,
745.5,0.0,1919,501,1,,,
746.0,0.0,1920,501,1,,,
746.5,0.0,1922,498,1,,,
747.0,0.0,1923,498,1,,,
747.5,0.0,1925,498,1,,,
748.0,0.0,1926,498,1,,,
748.5,0.0,1928,498,1,,,
749.0,0.0,1929,498,1,,,
749.5,0.0,1931,499,1,,,
750.0,0.0,1932,499,1,,,
750.5,0.0,1934,501,1,,,
751.0,0.0,1935,501,1,,,
751.5,0.0,1937,502,1,,,
752.0,0.0,1938,502,1,,,
752.5,0.0,1940,502,1,,,
753.0,0.0,1941,502,1,,,
753.5,0.0,1943,501,1,,,
754.0,0.0,1944,501,1,,,
754.5,0.0,1946,499,1,,,
755.0,0.0,1947,499,1,,,
755.5,0.0,1949,497,1,,,
756.0,0.0,1950,497,1,,,
756.5,0.0,1952,497,1,,,
757.0,0.0,1953,497,1,,,
757.5,0.0,1955,496,1,,,
758.0,0.0,1956,496,1,,,
758.5,0.0,1958,497,1,,,
759.0,0.0,1959,497,1,,,
759.5,0.0,1961,498,1,,,
760.0,0.0,1962,498,1,,,
760.5,0.0,1964,499,1,,,
761.0,0.0,1965,499,1,,,
761.5,0.0,1967,499,1,,,
762.0,0.0,1968,499,1,,,
762.5,0.0,1970,499,1,,,
763.0,0.0,1971,499,1,,,
763.5,0.0,1973,498,1,,,
764.0,0.0,1974,498,1,,,
764.5,0.0,1976,496,1,,,
765.0,0.0,1977,496,1,,,
765.5,0.0,1979,496,1,,,
766.0,0.0,1980,496,1,,,
766.5,0.0,1982,495,1,,,
767.0,0.0,1983,495,1,,,
767.5,0.0,1985,496,1,,,
768.0,0.0,1986,496,1,,,
768.5,0.0,1988,496,1,,,
769.0,0.0,1989,496,1,,,
769.5,0.0,1991,498,1,,,
770.0,0.0,1992,498,1,,,
770.5,0.0,1994,498,1,,,
771.0,0.0,1995,498,1,,,
771.5,0.0,1997,498,1,,,
772.0,0.0,1998,498,1,,,
772.5,0.0,2000,497,1,,,
773.0,0.0,2001,497,1,,,
773.5,0.0,2003,497,1,,,
774.0,0.0,2004,497,1,,,
774.5,0.0,2006,495,1,,,
775.0,0.0,2007,495,1,,,
775.5,0.0,2009,495,1,,,
776.0,0.0,2010,495,1,,,
776.5,0.0,2012,495,1,,,
777.0,0.0,2013,495,1,,,
777.5,0.0,2015,496,1,,,
778.0,0.0,2016,496,1,,,
778.5,0.0,2018,496,1,,,
779.0,0.0,2019,496,1,,,
779.5,0.0,2021,498,1,,,
780.0,0.0,2022,498,1,,,
780.5,0.0,2024,498,1,,,
781.0,0.0,2025,498,1,,,
781.5,0.0,2027,498,1,,,
782.0,0.0,2028,498,1,,,
782.5,0.0,2030,497,1,,,
783.0,0.0,2031,497,1,,,
783.5,0.0,2033,497,1,,,
784.0,0.0,2034,497,1,,,
784.5,0.0,2036,496,1,,,
785.0,0.0,2037,496,1,,,
785.5,0.0,2039,497,1,,,
786.0,0.0,2040,497,1,,,
786.5,0.0,2042,497,1,,,
787.0,0.0,2043,497,1,,,
787.5,0.0,2045,498,1,,,
788.0,0.0,2046,498,1,,,
788.5,0.0,2048,499,1,,,
789.0,0.0,2049,499,1,,,
789.5,0.0,2051,502,1,,,
790.0,0.0,2052,502,1,,,
790.5,0.0,2054,502,1,,,
791.0,0.0,2055,502,1,,,
791.5,0.0,2057,503,1,,,
792.0,0.0,2058,503,1,,,
792.5,0.0,2060,502,1,,,
793.0,0.0,2061,502,1,,,
793.5,0.0,2063,501,1,,,
794.0,0.0,2064,501,1,,,
794.5,0.0,2066,501,1,,,
795.0,0.0,2067,501,1,,,
795.5,0.0,2069,501,1,,,
796.0,0.0,2070,501,1,,,
796.5,0.0,2072,501,1,,,
797.0,0.0,2074,501,1,,,
797.5,0.0,2075,503,1,,,
798.0,0.0,2077,503,1,,,
798.5,0.0,2078,505,1,,,
799.0,0.0,2080,505,1,,,
799.5,0.0,2081,505,1,,,
800.0,0.0,2083,505,1,,,
800.5,0.0,2084,505,1,,,
801.0,0.0,2086,505,1,,,
801.5,0.0,2087,505,1,,,
802.0,0.0,2089,505,1,,,
802.5,0.0,2090,504,1,,,
803.0,0.0,2092,504,1,,,
803.5,0.0,2093,503,1,,,
804.0,0.0,2095,503,1,,,
804.5,0.0,2096,503,1,,,
805.0,0.0,2098,503,1,,,
805.5,0.0,2099,503,1,,,
806.0,0.0,2101,503,1,,,
806.5,0.0,2103,505,1,,,
807.0,0.0,2104,505,1,,,
807.5,0.0,2106,507,1,,,
808.0,0.0,2107,507,1,,,
808.5,0.0,2109,508,1,,,
809.0,0.0,2110,508,1,,,
809.5,0.0,2112,508,1,,,
810.0,0.0,2113,508,1,,,
810.5,0.0,2115,508,1,,,
811.0,0.0,2116,508,1,,,
811.5,0.0,2118,505,1,,,
812.0,0.0,2119,505,1,,,
812.5,0.0,2121,504,1,,,
813.0,0.0,2122,504,1,,,
813.5,0.0,2124,504,1,,,
814.0,0.0,2125,504,1,,,
814.5,0.0,2127,504,1,,,
815.0,0.0,2128,504,1,,,
815.5,0.0,2130,505,1,,,
816.0,0.0,2131,505,1,,,
816.5,0.0,2133,507,1,,,
817.0,0.0,2135,507,1,,,
817.5,0.0,2136,509,1,,,
818.0,0.0,2138,509,1,,,
818.5,0.0,2139,508,1,,,
819.0,0.0,2141,508,1,,,
819.5,0.0,2142,508,1,,,
820.0,0.0,2144,508,1,,,
820.5,0.0,2145,507,1,,,
821.0,0.0,2147,507,1,,,
821.5,0.0,2148,505,1,,,
822.0,0.0,2150,505,1,,,
822.5,0.0,2151,504,1,,,
823.0,0.0,2153,504,1,,,
823.5,0.0,2154,505,1,,,
824.0,0.0,2156,505,1,,,
824.5,0.0,2157,505,1,,,
825.0,0.0,2159,505,1,,,
825.5,0.0,2160,508,1,,,
826.0,0.0,2162,508,1,,,
826.5,0.0,2164,509,1,,,
827.0,0.0,2165,509,1,,,
827.5,0.0,2167,509,1,,,
828.0,0.0,2168,509,1,,,
828.5,0.0,2170,509,1,,,
829.0,0.0,2171,509,1,,,
829.5,0.0,2173,509,1,,,
830.0,0.0,2174,509,1,,,
830.5,0.0,2176,507,1,,,
831.0,0.0,2177,507,1,,,
831.5,0.0,2179,507,1,,,
832.0,0.0,2180,507,1,,,
832.5,0.0,2182,508,1,,,
833.0,0.0,2184,508,1,,,
833.5,0.0,2185,508,1,,,
834.0,0.0,2187,508,1,,,
834.5,0.0,2188,509,1,,,
835.0,0.0,2190,509,1,,,
835.5,0.0,2191,510,1,,,
836.0,0.0,2193,510,1,,,
836.5,0.0,2194,511,1,,,
837.0,0.0,2196,511,1,,,
837.5,0.0,2197,510,1,,,
838.0,0.0,2199,510,1,,,
838.5,0.0,2200,510,1,,,
839.0,0.0,2202,510,1,,,
839.5,0.0,2203,509,1,,,
840.0,0.0,2205,509,1,,,
840.5,0.0,2207,508,1,,,
841.0,0.0,2208,508,1,,,
841.5,0.0,2210,508,1,,,
842.0,0.0,2211,508,1,,,
842.5,0.0,2213,509,1,,,
843.0,0.0,2214,509,1,,,
843.5,0.0,2216,509,1,,,
844.0,0.0,2217,509,1,,,
844.5,0.0,2219,510,1,,,
845.0,0.0,2220,510,1,,,
845.5,0.0,2222,511,1,,,
846.0,0.0,2223,511,1,,,
846.5,0.0,2225,510,1,,,
847.0,0.0,2226,510,1,,,
847.5,0.0,2228,509,1,,,
848.0,0.0,2230,509,1,,,
848.5,0.0,2231,509,1,,,
849.0,0.0,2233,509,1,,,
849.5,0.0,2234,507,1,,,
850.0,0.0,2236,507,1,,,
850.5,0.0,2237,507,1,,,
851.0,0.0,2239,507,1,,,
851.5,0.0,2240,507,1,,,
852.0,0.0,2242,507,1,,,
852.5,0.0,2243,507,1,,,
853.0,0.0,2245,507,1,,,
853.5,0.0,2246,507,1,,,
854.0,0.0,2248,507,1,,,
854.5,0.0,2249,508,1,,,
855.0,0.0,2251,508,1,,,
855.5,0.0,2253,507,1,,,
856.0,0.0,2254,507,1,,,
856.5,0.0,2256,507,1,,,
857.0,0.0,2257,507,1,,,
857.5,0.0,2259,505,1,,,
858.0,0.0,2260,505,1,,,
858.5,0.0,2262,503,1,,,
859.0,0.0,2263,503,1,,,
859.5,0.0,2265,503,1,,,
860.0,0.0,2266,503,1,,,
860.5,0.0,2268,503,1,,,
861.0,0.0,2269,503,1,,,
861.5,0.0,2271,502,1,,,
862.0,0.0,2272,502,1,,,
862.5,0.0,2274,503,1,,,
863.0,0.0,2275,503,1,,,
863.5,0.0,2277,504,1,,,
864.0,0.0,2278,504,1,,,
864.5,0.0,2280,503,1,,,
865.0,0.0,2281,503,1,,,
865.5,0.0,2283,503,1,,,
866.0,0.0,2284,503,1,,,
866.5,0.0,2286,502,1,,,
867.0,0.0,2287,502,1,,,
867.5,0.0,2289,501,1,,,
868.0,0.0,2290,501,1,,,
868.5,0.0,2292,499,1,,,
869.0,0.0,2293,499,1,,,
869.5,0.0,2295,499,1,,,
870.0,0.0,2296,499,1,,,
870.5,0.0,2298,498,1,,,
871.0,0.0,2299,498,1,,,
871.5,0.0,2301,499,1,,,
872.0,0.0,2302,499,1,,,
872.5,0.0,2304,499,1,,,
873.0,0.0,2305,499,1,,,
873.5,0.0,2307,499,1,,,
874.0,0.0,2308,499,1,,,
874.5,0.0,2310,499,1,,,
875.0,0.0,2311,499,1,,,
875.5,0.0,2313,498,1,,,
876.0,0.0,2314,498,1,,,
876.5,0.0,2316,497,1,,,
877.0,0.0,2317,497,1,,,
877.5,0.0,2319,495,1,,,
878.0,0.0,2320,495,1,,,
878.5,0.0,2322,495,1,,,
879.0,0.0,2323,495,1,,,
879.5,0.0,2325,493,1,,,
880.0,0.0,2326,493,1,,,
880.5,0.0,2328,495,1,,,
881.0,0.0,2329,495,1,,,
881.5,0.0,2331,495,1,,,
882.0,0.0,2332,495,1,,,
882.5,0.0,2334,497,1,,,
883.0,0.0,2335,497,1,,,
883.5,0.0,2337,497,1,,,
884.0,0.0,2338,497,1,,,
884.5,0.0,2340,497,1,,,
885.0,0.0,2341,497,1,,,
885.5,0.0,2343,496,1,,,
886.0,0.0,2344,496,1,,,
886.5,0.0,2346,495,1,,,
887.0,0.0,2347,495,1,,,
887.5,0.0,2349,492,1,,,
888.0,0.0,2350,492,1,,,
888.5,0.0,2352,492,1,,,
889.0,0.0,2353,492,1,,,
889.5,0.0,2355,492,1,,,
890.0,0.0,2356,492,1,,,
890.5,0.0,2358,493,1,,,
891.0,0.0,2359,493,1,,,
891.5,0.0,2361,496,1,,,
892.0,0.0,2362,496,1,,,
892.5,0.0,2364,497,1,,,
893.0,0.0,2365,497,1,,,
893.5,0.0,2367,497,1,,,
894.0,0.0,2368,497,1,,,
894.5,0.0,2370,497,1,,,
895.0,0.0,2371,497,1,,,
895.5,0.0,2373,496,1,,,
896.0,0.0,2374,496,1,,,
896.5,0.0,2375,493,1,,,
897.0,0.0,2377,493,1,,,
897.5,0.0,2378,493,1,,,
898.0,0.0,2380,493,1,,,
898.5,0.0,2381,493,1,,,
899.0,0.0,2383,493,1,,,
899.5,0.0,2384,493,1,,,
900.0,0.0,2386,493,1,,,
900.5,0.0,2387,496,1,,,
901.0,0.0,2389,496,1,,,
901.5,0.0,2390,497,1,,,
902.0,0.0,2392,497,1,,,
902.5,0.0,2393,498,1,,,
903.0,0.0,2395,498,1,,,
903.5,0.0,2396,498,1,,,
904.0,0.0,2398,498,1,,,
904.5,0.0,2399,498,1,,,
905.0,0.0,2401,498,1,,,
905.5,0.0,2402,496,1,,,
906.0,0.0,2404,496,1,,,
906.5,0.0,2405,496,1,,,
907.0,0.0,2407,496,1,,,
907.5,0.0,2408,495,1,,,
908.0,0.0,2410,495,1,,,
908.5,0.0,2411,496,1,,,
909.0,0.0,2413,496,1,,,
909.5,0.0,2414,496,1,,,
910.0,0.0,2416,496,1,,,
910.5,0.0,2417,498,1,,,
911.0,0.0,2419,498,1,,,
911.5,0.0,2420,499,1,,,
912.0,0.0,2422,499,1,,,
912.5,0.0,2424,499,1,,,
913.0,0.0,2425,499,1,,,
913.5,0.0,2426,499,1,,,
914.0,0.0,2428,499,1,,,
914.5,0.0,2429,499,1,,,
915.0,0.0,2431,499,1,,,
915.5,0.0,2432,498,1,,,
916.0,0.0,2434,498,1,,,
916.5,0.0,2435,497,1,,,
917.0,0.0,2437,497,1,,,
917.5,0.0,2439,498,1,,,
918.0,0.0,2440,498,1,,,
918.5,0.0,2442,498,1,,,
919.0,0.0,2443,498,1,,,
919.5,0.0,2445,499,1,,,
920.0,0.0,2446,499,1,,,
920.5,0.0,2448,502,1,,,
921.0,0.0,2449,502,1,,,
921.5,0.0,2451,503,1,,,
922.0,0.0,2452,503,1,,,
922.5,0.0,2454,503,1,,,
923.0,0.0,2455,503,1,,,
923.5,0.0,2457,503,1,,,
924.0,0.0,2458,503,1,,,
924.5,0.0,2460,503,1,,,
925.0,0.0,2461,503,1,,,
925.5,0.0,2463,501,1,,,
926.0,0.0,2464,501,1,,,
926.5,0.0,2466,502,1,,,
927.0,0.0,2467,502,1,,,
927.5,0.0,2469,502,1,,,
928.0,0.0,2470,502,1,,,
928.5,0.0,2472,503,1,,,
929.0,0.0,2473,503,1,,,
929.5,0.0,2475,504,1,,,
930.0,0.0,2476,504,1,,,
930.5,0.0,2478,507,1,,,
931.0,0.0,2479,507,1,,,
931.5,0.0,2481,507,1,,,
932.0,0.0,2483,507,1,,,
932.5,0.0,2484,507,1,,,
933.0,0.0,2486,507,1,,,
933.5,0.0,2487,505,1,,,
934.0,0.0,2489,505,1,,,
934.5,0.0,2490,504,1,,,
935.0,0.0,2492,504,1,,,
935.5,0.0,2493,504,1,,,
936.0,0.0,2495,504,1,,,
936.5,0.0,2496,503,1,,,
937.0,0.0,2498,503,1,,,
937.5,0.0,2499,504,1,,,
938.0,0.0,2501,504,1,,,
938.5,0.0,2502,505,1,,,
939.0,0.0,2504,505,1,,,
939.5,0.0,2505,507,1,,,
940.0,0.0,2507,507,1,,,
940.5,0.0,2509,508,1,,,
941.0,0.0,2510,508,1,,,
941.5,0.0,2512,508,1,,,
942.0,0.0,2513,508,1,,,
942.5,0.0,2515,507,1,,,
943.0,0.0,2516,507,1,,,
943.5,0.0,2518,505,1,,,
944.0,0.0,2519,505,1,,,
944.5,0.0,2521,505,1,,,
945.0,0.0,2522,505,1,,,
945.5,0.0,2524,504,1,,,
946.0,0.0,2525,504,1,,,
946.5,0.0,2527,505,1,,,
947.0,0.0,2528,505,1,,,
947.5,0.0,2530,507,1,,,
948.0,0.0,2531,507,1,,,
948.5,0.0,2533,509,1,,,
949.0,0.0,2534,509,1,,,
949.5,0.0,2536,509,1,,,
950.0,0.0,2537,509,1,,,
950.5,0.0,2539,509,1,,,
951.0,0.0,2541,509,1,,,
951.5,0.0,2542,509,1,,,
952.0,0.0,2544,509,1,,,
952.5,0.0,2545,508,1,,,
953.0,0.0,2547,508,1,,,
953.5,0.0,2548,507,1,,,
954.0,0.0,2550,507,1,,,
954.5,0.0,2551,507,1,,,
955.0,0.0,2553,507,1,,,
955.5,0.0,2554,507,1,,,
956.0,0.0,2556,507,1,,,
956.5,0.0,2557,508,1,,,
957.0,0.0,2559,508,1,,,
957.5,0.0,2560,509,1,,,
958.0,0.0,2562,509,1,,,
958.5,0.0,2564,510,1,,,
959.0,0.0,2565,510,1,,,
959.5,0.0,2567,510,1,,,
960.0,0.0,2568,510,1,,,
960.5,0.0,2570,510,1,,,
961.0,0.0,2571,510,1,,,
961.5,0.0,2573,508,1,,,
962.0,0.0,2574,508,1,,,
962.5,0.0,2576,508,1,,,
963.0,0.0,2577,508,1,,,
963.5,0.0,2579,507,1,,,
964.0,0.0,2580,507,1,,,
964.5,0.0,2582,507,1,,,
965.0,0.0,2583,507,1,,,
965.5,0.0,2585,508,1,,,
966.0,0.0,2587,508,1,,,
966.5,0.0,2588,510,1,,,
967.0,0.0,2590,510,1,,,
967.5,0.0,2591,511,1,,,
968.0,0.0,2593,511,1,,,
968.5,0.0,2594,511,1,,,
969.0,0.0,2596,511,1,,,
969.5,0.0,2597,511,1,,,
970.0,0.0,2599,511,1,,,
970.5,0.0,2600,509,1,,,
971.0,0.0,2602,509,1,,,
971.5,0.0,2603,508,1,,,
972.0,0.0,2605,508,1,,,
972.5,0.0,2607,507,1,,,
973.0,0.0,2608,507,1,,,
973.5,0.0,2610,507,1,,,
974.0,0.0,2611,507,1,,,
974.5,0.0,2613,507,1,,,
975.0,0.0,2614,507,1,,,
975.5,0.0,2616,509,1,,,
976.0,0.0,2617,509,1,,,
976.5,0.0,2619,509,1,,,
977.0,0.0,2620,509,1,,,
977.5,0.0,2622,510,1,,,
978.0,0.0,2623,510,1,,,
978.5,0.0,2625,509,1,,,
979.0,0.0,2626,509,1,,,
979.5,0.0,2628,509,1,,,
980.0,0.0,2629,509,1,,,
980.5,0.0,2631,507,1,,,
981.0,0.0,2632,507,1,,,
981.5,0.0,2634,507,1,,,
982.0,0.0,2636,507,1,,,
982.5,0.0,2637,504,1,,,
983.0,0.0,2639,504,1,,,
983.5,0.0,2640,505,1,,,
984.0,0.0,2642,505,1,,,
984.5,0.0,2643,507,1,,,
985.0,0.0,2645,507,1,,,
985.5,0.0,2646,508,1,,,
986.0,0.0,2648,508,1,,,
986.5,0.0,2649,508,1,,,
987.0,0.0,2651,508,1,,,
987.5,0.0,2652,509,1,,,
988.0,0.0,2654,509,1,,,
988.5,0.0,2655,508,1,,,
989.0,0.0,2657,508,1,,,
989.5,0.0,2658,505,1,,,
990.0,0.0,2660,505,1,,,
990.5,0.0,2661,504,1,,,
991.0,0.0,2663,504,1,,,
991.5,0.0,2665,503,1,,,
992.0,0.0,2666,503,1,,,
992.5,0.0,2668,502,1,,,
993.0,0.0,2669,502,1,,,
993.5,0.0,2671,503,1,,,
994.0,0.0,2672,503,1,,,
994.5,0.0,2674,503,1,,,
995.0,0.0,2675,503,1,,,
995.5,0.0,2677,504,1,,,
996.0,0.0,2678,504,1,,,
996.5,0.0,2680,503,1,,,
997.0,0.0,2681,503,1,,,
997.5,0.0,2683,503,1,,,
998.0,0.0,2684,503,1,,,
998.5,0.0,2686,501,1,,,
999.0,0.0,2687,501,1,,,
999.5,0.0,2689,499,1,,,
1000.0,0.0,2690,499,1,,,
1000.5,0.0,2692,497,1,,,
1001.0,0.0,2693,497,1,,,
1001.5,0.0,2695,497,1,,,
1002.0,0.0,2696,497,1,,,
1002.5,0.0,2698,497,1,,,
1003.0,0.0,2699,497,1,,,
1003.5,0.0,2701,498,1,,,
1004.0,0.0,2702,498,1,,,
1004.5,0.0,2704,498,1,,,
1005.0,0.0,2705,498,1,,,
1005.5,0.0,2707,499,1,,,
1006.0,0.0,2708,499,1,,,
1006.5,0.0,2710,498,1,,,
1007.0,0.0,2711,498,1,,,
1007.5,0.0,2713,497,1,,,
1008.0,0.0,2714,497,1,,,
1008.5,0.0,2716,495,1,,,
1009.0,0.0,2717,495,1,,,
1009.5,0.0,2719,495,1,,,
1010.0,0.0,2720,495,1,,,
1010.5,0.0,2722,493,1,,,
1011.0,0.0,2723,493,1,,,
1011.5,0.0,2725,495,1,,,
1012.0,0.0,2726,495,1,,,
1012.5,0.0,2728,495,1,,,
1013.0,0.0,2729,495,1,,,
1013.5,0.0,2731,496,1,,,
1014.0,0.0,2732,496,1,,,
1014.5,0.0,2734,497,1,,,
1015.0,0.0,2735,497,1,,,
1015.5,0.0,2737,497,1,,,
1016.0,0.0,2738,497,1,,,
1016.5,0.0,2740,496,1,,,
1017.0,0.0,2741,496,1,,,
1017.5,0.0,2743,496,1,,,
1018.0,0.0,2744,496,1,,,
1018.5,0.0,2745,495,1,,,
1019.0,0.0,2747,495,1,,,
1019.5,0.0,2748,493,1,,,
1020.0,0.0,2750,493,1,,,
1020.5,0.0,2751,493,1,,,
1021.0,0.0,2753,493,1,,,
1021.5,0.0,2754,495,1,,,
1022.0,0.0,2756,495,1,,,
1022.5,0.0,2757,496,1,,,
1023.0,0.0,2759,496,1,,,
1023.5,0.0,2760,497,1,,,
1024.0,0.0,2762,497,1,,,
1024.5,0.0,2764,498,1,,,
1025.0,0.0,2765,498,1,,,
1025.5,0.0,2766,498,1,,,
1026.0,0.0,2768,498,1,,,
1026.5,0.0,2769,498,1,,,
1027.0,0.0,2771,498,1,,,
1027.5,0.0,2772,496,1,,,
1028.0,0.0,2774,496,1,,,
1028.5,0.0,2775,496,1,,,
1029.0,0.0,2777,496,1,,,
1029.5,0.0,2778,495,1,,,
1030.0,0.0,2780,495,1,,,
1030.5,0.0,2781,495,1,,,
1031.0,0.0,2783,495,1,,,
1031.5,0.0,2784,496,1,,,
1032.0,0.0,2786,496,1,,,
1032.5,0.0,2787,498,1,,,
1033.0,0.0,2789,498,1,,,
1033.5,0.0,2790,501,1,,,
1034.0,0.0,2792,501,1,,,
1034.5,0.0,2793,499,1,,,
1035.0,0.0,2795,499,1,,,
1035.5,0.0,2796,501,1,,,
1036.0,0.0,2798,501,1,,,
1036.5,0.0,2800,499,1,,,
1037.0,0.0,2801,499,1,,,
1037.5,0.0,2802,497,1,,,
1038.0,0.0,2804,497,1,,,
1038.5,0.0,2806,496,1,,,
1039.0,0.0,2807,496,1,,,
1039.5,0.0,2808,497,1,,,
1040.0,0.0,2810,497,1,,,
1040.5,0.0,2812,497,1,,,
1041.0,0.0,2813,497,1,,,
1041.5,0.0,2815,499,1,,,
1042.0,0.0,2816,499,1,,,
1042.5,0.0,2818,501,1,,,
1043.0,0.0,2819,501,1,,,
1043.5,0.0,2821,502,1,,,
1044.0,0.0,2822,502,1,,,
1044.5,0.0,2824,502,1,,,
1045.0,0.0,2825,502,1,,,
1045.5,0.0,2827,502,1,,,
1046.0,0.0,2828,502,1,,,
1046.5,0.0,2830,499,1,,,
1047.0,0.0,2831,499,1,,,
1047.5,0.0,2833,499,1,,,
1048.0,0.0,2834,499,1,,,
1048.5,0.0,2836,498,1,,,
1049.0,0.0,2837,498,1,,,
1049.5,0.0,2839,501,1,,,
1050.0,0.0,2840,501,1,,,
1050.5,0.0,2842,501,1,,,
1051.0,0.0,2843,501,1,,,
1051.5,0.0,2845,503,1,,,
1052.0,0.0,2846,503,1,,,
1052.5,0.0,2848,505,1,,,
1053.0,0.0,2849,505,1,,,
1053.5,0.0,2851,505,1,,,
1054.0,0.0,2852,505,1,,,
1054.5,0.0,2854,504,1,,,
1055.0,0.0,2855,504,1,,,
1055.5,0.0,2857,504,1,,,
1056.0,0.0,2858,504,1,,,
1056.5,0.0,2860,502,1,,,
1057.0,0.0,2861,502,1,,,
1057.5,0.0,2863,502,1,,,
1058.0,0.0,2865,502,1,,,
1058.5,0.0,2866,502,1,,,
1059.0,0.0,2868,502,1,,,
1059.5,0.0,2869,503,1,,,
1060.0,0.0,2871,503,1,,,
1060.5,0.0,2872,504,1,,,
1061.0,0.0,2874,504,1,,,
1061.5,0.0,2875,507,1,,,
1062.0,0.0,2877,507,1,,,
1062.5,0.0,2878,507,1,,,
1063.0,0.0,2880,507,1,,,
1063.5,0.0,2881,507,1,,,
1064.0,0.0,2883,507,1,,,
1064.5,0.0,2884,505,1,,,
1065.0,0.0,2886,505,1,,,
1065.5,0.0,2887,504,1,,,
1066.0,0.0,2889,504,1,,,
1066.5,0.0,2890,504,1,,,
1067.0,0.0,2892,504,1,,,
1067.5,0.0,2893,503,1,,,
1068.0,0.0,2895,503,1,,,
1068.5,0.0,2896,504,1,,,
1069.0,0.0,2898,504,1,,,
1069.5,0.0,2900,505,1,,,
1070.0,0.0,2901,505,1,,,
1070.5,0.0,2903,508,1,,,
1071.0,0.0,2904,508,1,,,
1071.5,0.0,2906,508,1,,,
1072.0,0.0,2907,508,1,,,
1072.5,0.0,2909,509,1,,,
1073.0,0.0,2910,509,1,,,
1073.5,0.0,2912,508,1,,,
1074.0,0.0,2913,508,1,,,
1074.5,0.0,2915,507,1,,,
1075.0,0.0,2916,507,1,,,
1075.5,0.0,2918,504,1,,,
1076.0,0.0,2919,504,1,,,
1076.5,0.0,2921,504,1,,,
1077.0,0.0,2922,504,1,,,
1077.5,0.0,2924,504,1,,,
1078.0,0.0,2926,504,1,,,
1078.5,0.0,2927,505,1,,,
1079.0,0.0,2929,505,1,,,
1079.5,0.0,2930,507,1,,,
1080.0,0.0,2932,507,1,,,
1080.5,0.0,2933,508,1,,,
1081.0,0.0,2935,508,1,,,
1081.5,0.0,2936,508,1,,,
1082.0,0.0,2938,508,1,,,
1082.5,0.0,2939,508,1,,,
1083.0,0.0,2941,508,1,,,
1083.5,0.0,2942,505,1,,,
1084.0,0.0,2944,505,1,,,
1084.5,0.0,2945,504,1,,,
1085.0,0.0,2947,504,1,,,
1085.5,0.0,2948,504,1,,,
1086.0,0.0,2950,504,1,,,
1086.5,0.0,2951,504,1,,,
1087.0,0.0,2953,504,1,,,
1087.5,0.0,2954,504,1,,,
1088.0,0.0,2956,504,1,,,
1088.5,0.0,2958,507,1,,,
1089.0,0.0,2959,507,1,,,
1089.5,0.0,2961,508,1,,,
1090.0,0.0,2962,508,1,,,
1090.5,0.0,2964,508,1,,,
1091.0,0.0,2965,508,1,,,
1091.5,0.0,2967,507,1,,,
1092.0,0.0,2968,507,1,,,
1092.5,0.0,2970,505,1,,,
1093.0,0.0,2971,505,1,,,
1093.5,0.0,2973,504,1,,,
1094.0,0.0,2974,504,1,,,
1094.5,0.0,2976,504,1,,,
1095.0,0.0,2977,504,1,,,
1095.5,0.0,2979,503,1,,,
1096.0,0.0,2980,503,1,,,
1096.5,0.0,2982,503,1,,,
1097.0,0.0,2983,503,1,,,
1097.5,0.0,2985,504,1,,,
1098.0,0.0,2986,504,1,,,
1098.5,0.0,2988,504,1,,,
1099.0,0.0,2989,504,1,,,
1099.5,0.0,2991,504,1,,,
1100.0,0.0,2992,504,1,,,
1100.5,0.0,2994,504,1,,,
1101.0,0.0,2996,504,1,,,
1101.5,0.0,2997,504,1,,,
1102.0,0.0,2999,504,1,,,
1102.5,0.0,3000,502,1,,,
1103.0,0.0,3001,502,1,,,
1103.5,0.0,3003,501,1,,,
1104.0,0.0,3005,501,1,,,
1104.5,0.0,3006,499,1,,,
1105.0,0.0,3008,499,1,,,
1105.5,0.0,3009,499,1,,,
1106.0,0.0,3011,499,1,,,
1106.5,0.0,3012,499,1,,,
1107.0,0.0,3014,499,1,,,
1107.5,0.0,3015,501,1,,,
1108.0,0.0,3017,501,1,,,
1108.5,0.0,3018,502,1,,,
1109.0,0.0,3020,502,1,,,
1109.5,0.0,3021,502,1,,,
1110.0,0.0,3023,502,1,,,
1110.5,0.0,3024,501,1,,,
1111.0,0.0,3026,501,1,,,
1111.5,0.0,3027,499,1,,,
1112.0,0.0,3029,499,1,,,
1112.5,0.0,3030,498,1,,,
1113.0,0.0,3032,498,1,,,
1113.5,0.0,3033,497,1,,,
1114.0,0.0,3035,497,1,,,
1114.5,0.0,3036,497,1,,,
1115.0,0.0,3038,497,1,,,
1115.5,0.0,3039,497,1,,,
1116.0,0.0,3041,497,1,,,
1116.5,0.0,3042,498,1,,,
1117.0,0.0,3044,498,1,,,
1117.5,0.0,3045,499,1,,,
1118.0,0.0,3047,499,1,,,
1118.5,0.0,3048,501,1,,,
1119.0,0.0,3050,501,1,,,
1119.5,0.0,3051,499,1,,,
1120.0,0.0,3053,499,1,,,
1120.5,0.0,3054,499,1,,,
1121.0,0.0,3056,499,1,,,
1121.5,0.0,3057,498,1,,,
1122.0,0.0,3059,498,1,,,
1122.5,0.0,3060,497,1,,,
1123.0,0.0,3062,497,1,,,
1123.5,0.0,3063,496,1,,,
1124.0,0.0,3065,496,1,,,
1124.5,0.0,3066,497,1,,,
1125.0,0.0,3068,497,1,,,
1125.5,0.0,3069,498,1,,,
1126.0,0.0,3071,498,1,,,
1126.5,0.0,3072,499,1,,,
1127.0,0.0,3074,499,1,,,
1127.5,0.0,3075,501,1,,,
1128.0,0.0,3077,501,1,,,
1128.5,0.0,3078,502,1,,,
1129.0,0.0,3080,502,1,,,
1129.5,0.0,3081,501,1,,,
1130.0,0.0,3083,501,1,,,
1130.5,0.0,3084,499,1,,,
1131.0,0.0,3086,499,1,,,
1131.5,0.0,3087,498,1,,,
1132.0,0.0,3089,498,1,,,
1132.5,0.0,3090,498,1,,,
1133.0,0.0,3092,498,1,,,
1133.5,0.0,3093,498,1,,,
1134.0,0.0,3095,498,1,,,
1134.5,0.0,3096,498,1,,,
1135.0,0.0,3098,498,1,,,
1135.5,0.0,3099,499,1,,,
1136.0,0.0,3101,499,1,,,
1136.5,0.0,3102,502,1,,,
1137.0,0.0,3104,502,1,,,
1137.5,0.0,3105,502,1,,,
1138.0,0.0,3107,502,1,,,
1138.5,0.0,3108,501,1,,,
1139.0,0.0,3110,501,1,,,
1139.5,0.0,3111,501,1,,,
1140.0,0.0,3113,501,1,,,
1140.5,0.0,3114,499,1,,,
1141.0,0.0,3116,499,1,,,
1141.5,0.0,3117,497,1,,,
1142.0,0.0,3119,497,1,,,
1142.5,0.0,3120,497,1,,,
1143.0,0.0,3122,497,1,,,
1143.5,0.0,3123,497,1,,,
1144.0,0.0,3125,497,1,,,
1144.5,0.0,3126,498,1,,,
1145.0,0.0,3128,498,1,,,
1145.5,0.0,3129,499,1,,,
1146.0,0.0,3131,499,1,,,
1146.5,0.0,3132,502,1,,,
1147.0,0.0,3134,502,1,,,
1147.5,0.0,3136,501,1,,,
1148.0,0.0,3137,501,1,,,
1148.5,0.0,3139,502,1,,,
1149.0,0.0,3140,502,1,,,
1149.5,0.0,3142,501,1,,,
1150.0,0.0,3143,501,1,,,
1150.5,0.0,3145,499,1,,,
1151.0,0.0,3146,499,1,,,
1151.5,0.0,3148,498,1,,,
1152.0,0.0,3149,498,1,,,
1152.5,0.0,3151,499,1,,,
1153.0,0.0,3152,499,1,,,
1153.5,0.0,3154,498,1,,,
1154.0,0.0,3155,498,1,,,
1154.5,0.0,3157,499,1,,,
1155.0,0.0,3158,499,1,,,
1155.5,0.0,3160,502,1,,,
1156.0,0.0,3161,502,1,,,
1156.5,0.0,3163,502,1,,,
1157.0,0.0,3164,502,1,,,
1157.5,0.0,3166,502,1,,,
1158.0,0.0,3167,502,1,,,
1158.5,0.0,3169,503,1,,,
1159.0,0.0,3170,503,1,,,
1159.5,0.0,3172,502,1,,,
1160.0,0.0,3173,502,1,,,
1160.5,0.0,3175,501,1,,,
1161.0,0.0,3176,501,1,,,
1161.5,0.0,3178,501,1,,,
1162.0,0.0,3179,501,1,,,
1162.5,0.0,3181,501,1,,,
1163.0,0.0,3182,501,1,,,
1163.5,0.0,3184,502,1,,,
1164.0,0.0,3185,502,1,,,
1164.5,0.0,3187,504,1,,,
1165.0,0.0,3189,504,1,,,
1165.5,0.0,3190,505,1,,,
1166.0,0.0,3192,505,1,,,
1166.5,0.0,3193,505,1,,,
1167.0,0.0,3195,505,1,,,
1167.5,0.0,3196,507,1,,,
1168.0,0.0,3198,507,1,,,
1168.5,0.0,3199,504,1,,,
1169.0,0.0,3201,504,1,,,
1169.5,0.0,3202,503,1,,,
1170.0,0.0,3204,503,1,,,
1170.5,0.0,3205,502,1,,,
1171.0,0.0,3207,502,1,,,
1171.5,0.0,3208,503,1,,,
1172.0,0.0,3210,503,1,,,
1172.5,0.0,3211,502,1,,,
1173.0,0.0,3213,502,1,,,
1173.5,0.0,3214,504,1,,,
1174.0,0.0,3216,504,1,,,
1174.5,0.0,3217,504,1,,,
1175.0,0.0,3219,504,1,,,
1175.5,0.0,3220,505,1,,,
1176.0,0.0,3222,505,1,,,
1176.5,0.0,3223,504,1,,,
1177.0,0.0,3225,504,1,,,
1177.5,0.0,3226,503,1,,,
1178.0,0.0,3228,503,1,,,
1178.5,0.0,3229,501,1,,,
1179.0,0.0,3231,501,1,,,
1179.5,0.0,3232,501,1,,,
1180.0,0.0,3234,501,1,,,
1180.5,0.0,3235,499,1,,,
1181.0,0.0,3237,499,1,,,
1181.5,0.0,3239,499,1,,,
1182.0,0.0,3240,499,1,,,
1182.5,0.0,3242,501,1,,,
1183.0,0.0,3243,501,1,,,
1183.5,0.0,3245,502,1,,,
1184.0,0.0,3246,502,1,,,
1184.5,0.0,3248,503,1,,,
1185.0,0.0,3249,503,1,,,
1185.5,0.0,3251,502,1,,,
1186.0,0.0,3252,502,1,,,
1186.5,0.0,3254,502,1,,,
1187.0,0.0,3255,502,1,,,
1187.5,0.0,3257,501,1,,,
1188.0,0.0,3258,501,1,,,
1188.5,0.0,3260,499,1,,,
1189.0,0.0,3261,499,1,,,
1189.5,0.0,3263,498,1,,,
1190.0,0.0,3264,498,1,,,
1190.5,0.0,3266,499,1,,,
1191.0,0.0,3267,499,1,,,
1191.5,0.0,3269,499,1,,,
1192.0,0.0,3270,499,1,,,
1192.5,0.0,3272,501,1,,,
1193.0,0.0,3273,501,1,,,
1193.5,0.0,3275,502,1,,,
1194.0,0.0,3276,502,1,,,
1194.5,0.0,3278,502,1,,,
1195.0,0.0,3279,502,1,,,
1195.5,0.0,3281,502,1,,,
1196.0,0.0,3282,502,1,,,
1196.5,0.0,3284,501,1,,,
1197.0,0.0,3285,501,1,,,
1197.5,0.0,3287,499,1,,,
1198.0,0.0,3288,499,1,,,
1198.5,0.0,3290,498,1,,,
1199.0,0.0,3291,498,1,,,
1199.5,0.0,3293,498,1,,,
1200.0,0.0,3294,498,1,,,
1200.5,0.0,3296,498,1,,,
1201.0,0.0,3297,498,1,,,
1201.5,0.0,3299,499,1,,,
1202.0,0.0,3300,499,1,,,
1202.5,0.0,3302,501,1,,,
1203.0,0.0,3303,501,1,,,
1203.5,0.0,3305,502,1,,,
1204.0,0.0,3306,502,1,,,
1204.5,0.0,3308,503,1,,,
1205.0,0.0,3309,503,1,,,
1205.5,0.0,3311,501,1,,,
1206.0,0.0,3312,501,1,,,
1206.5,0.0,3314,499,1,,,
1207.0,0.0,3315,499,1,,,
1207.5,0.0,3317,498,1,,,
1208.0,0.0,3318,498,1,,,
1208.5,0.0,3320,498,1,,,
1209.0,0.0,3321,498,1,,,
1209.5,0.0,3323,497,1,,,
1210.0,0.0,3324,497,1,,,
1210.5,0.0,3326,498,1,,,
1211.0,0.0,3327,498,1,,,
1211.5,0.0,3329,499,1,,,
1212.0,0.0,3330,499,1,,,
1212.5,0.0,3332,501,1,,,
1213.0,0.0,3333,501,1,,,
1213.5,0.0,3335,499,1,,,
1214.0,0.0,3336,499,1,,,
1214.5,0.0,3338,498,1,,,
1215.0,0.0,3339,498,1,,,
1215.5,0.0,3341,498,1,,,
1216.0,0.0,3342,498,1,,,
1216.5,0.0,3344,496,1,,,
1217.0,0.0,3345,496,1,,,
1217.5,0.0,3347,496,1,,,
1218.0,0.0,3348,496,1,,,
1218.5,0.0,3350,496,1,,,
1219.0,0.0,3351,496,1,,,
1219.5,0.0,3353,496,1,,,
1220.0,0.0,3354,496,1,,,
1220.5,0.0,3356,497,1,,,
1221.0,0.0,3357,497,1,,,
1221.5,0.0,3359,499,1,,,
1222.0,0.0,3360,499,1,,,
1222.5,0.0,3362,499,1,,,
1223.0,0.0,3363,499,1,,,
1223.5,0.0,3365,499,1,,,
1224.0,0.0,3366,499,1,,,
1224.5,0.0,3368,499,1,,,
1225.0,0.0,3369,499,1,,,
1225.5,0.0,3371,498,1,,,
1226.0,0.0,3372,498,1,,,
1226.5,0.0,3374,496,1,,,
1227.0,0.0,3375,496,1,,,
1227.5,0.0,3377,495,1,,,
1228.0,0.0,3378,495,1,,,
1228.5,0.0,3380,496,1,,,
1229.0,0.0,3381,496,1,,,
1229.5,0.0,3383,496,1,,,
1230.0,0.0,3384,496,1,,,
1230.5,0.0,3386,497,1,,,
1231.0,0.0,3387,497,1,,,
1231.5,0.0,3389,499,1,,,
1232.0,0.0,3390,499,1,,,
1232.5,0.0,3392,499,1,,,
1233.0,0.0,3393,499,1,,,
1233.5,0.0,3395,498,1,,,
1234.0,0.0,3396,498,1,,,
1234.5,0.0,3398,498,1,,,
1235.0,0.0,3399,498,1,,,
1235.5,0.0,3401,496,1,,,
1236.0,0.0,3402,496,1,,,
1236.5,0.0,3404,495,1,,,
1237.0,0.0,3405,495,1,,,
1237.5,0.0,3407,495,1,,,
1238.0,0.0,3408,495,1,,,
1238.5,0.0,3410,495,1,,,
1239.0,0.0,3411,495,1,,,
1239.5,0.0,3413,496,1,,,
1240.0,0.0,3414,496,1,,,
1240.5,0.0,3416,498,1,,,
1241.0,0.0,3417,498,1,,,
1241.5,0.0,3419,498,1,,,
1242.0,0.0,3420,498,1,,,
1242.5,0.0,3422,498,1,,,
1243.0,0.0,3423,498,1,,,
1243.5,0.0,3425,498,1,,,
1244.0,0.0,3426,498,1,,,
1244.5,0.0,3428,497,1,,,
1245.0,0.0,3429,497,1,,,
1245.5,0.0,3431,495,1,,,
1246.0,0.0,3432,495,1,,,
1246.5,0.0,3434,496,1,,,
1247.0,0.0,3435,496,1,,,
1247.5,0.0,3437,496,1,,,
1248.0,0.0,3438,496,1,,,
1248.5,0.0,3440,497,1,,,
1249.0,0.0,3441,497,1,,,
1249.5,0.0,3443,498,1,,,
1250.0,0.0,3444,498,1,,,
1250.5,0.0,3446,501,1,,,
1251.0,0.0,3447,501,1,,,
1251.5,0.0,3449,501,1,,,
1252.0,0.0,3450,501,1,,,
1252.5,0.0,3452,502,1,,,
1253.0,0.0,3453,502,1,,,
1253.5,0.0,3455,501,1,,,
1254.0,0.0,3456,501,1,,,
1254.5,0.0,3458,499,1,,,
1255.0,0.0,3459,499,1,,,
1255.5,0.0,3461,499,1,,,
1256.0,0.0,3462,499,1,,,
1256.5,0.0,3464,499,1,,,
1257.0,0.0,3465,499,1,,,
1257.5,0.0,3467,499,1,,,
1258.0,0.0,3469,499,1,,,
1258.5,0.0,3470,502,1,,,
1259.0,0.0,3472,502,1,,,
1259.5,0.0,3473,504,1,,,
1260.0,0.0,3475,504,1,,,
1260.5,0.0,3476,504,1,,,
1261.0,0.0,3478,504,1,,,
1261.5,0.0,3479,504,1,,,
1262.0,0.0,3481,504,1,,,
1262.5,0.0,3482,504,1,,,
1263.0,0.0,3484,504,1,,,
1263.5,0.0,3485,503,1,,,
1264.0,0.0,3487,503,1,,,
1264.5,0.0,3488,502,1,,,
1265.0,0.0,3490,502,1,,,
1265.5,0.0,3491,503,1,,,
1266.0,0.0,3493,503,1,,,
1266.5,0.0,3494,504,1,,,
1267.0,0.0,3496,504,1,,,
1267.5,0.0,3498,505,1,,,
1268.0,0.0,3499,505,1,,,
1268.5,0.0,3501,508,1,,,
1269.0,0.0,3502,508,1,,,
1269.5,0.0,3504,509,1,,,
1270.0,0.0,3505,509,1,,,
1270.5,0.0,3507,509,1,,,
1271.0,0.0,3508,509,1,,,
1271.5,0.0,3510,509,1,,,
1272.0,0.0,3511,509,1,,,
1272.5,0.0,3513,508,1,,,
1273.0,0.0,3514,508,1,,,
1273.5,0.0,3516,505,1,,,
1274.0,0.0,3517,505,1,,,
1274.5,0.0,3519,505,1,,,
1275.0,0.0,3520,505,1,,,
1275.5,0.0,3522,505,1,,,
1276.0,0.0,3523,505,1,,,
1276.5,0.0,3525,505,1,,,
1277.0,0.0,3527,505,1,,,
1277.5,0.0,3528,508,1,,,
1278.0,0.0,3530,508,1,,,
1278.5,0.0,3531,509,1,,,
1279.0,0.0,3533,509,1,,,
1279.5,0.0,3534,509,1,,,
1280.0,0.0,3536,509,1,,,
1280.5,0.0,3537,509,1,,,
1281.0,0.0,3539,509,1,,,
1281.5,0.0,3540,508,1,,,
1282.0,0.0,3542,508,1,,,
1282.5,0.0,3543,507,1,,,
1283.0,0.0,3545,507,1,,,
1283.5,0.0,3546,505,1,,,
1284.0,0.0,3548,505,1,,,
1284.5,0.0,3550,507,1,,,
1285.0,0.0,3551,507,1,,,
1285.5,0.0,3553,505,1,,,
1286.0,0.0,3554,505,1,,,
1286.5,0.0,3556,508,1,,,
1287.0,0.0,3557,508,1,,,
1287.5,0.0,3559,509,1,,,
1288.0,0.0,3560,509,1,,,
1288.5,0.0,3562,510,1,,,
1289.0,0.0,3563,510,1,,,
1289.5,0.0,3565,509,1,,,
1290.0,0.0,3566,509,1,,,
1290.5,0.0,3568,510,1,,,
1291.0,0.0,3569,510,1,,,
1291.5,0.0,3571,508,1,,,
1292.0,0.0,3572,508,1,,,
1292.5,0.0,3574,505,1,,,
1293.0,0.0,3575,505,1,,,
1293.5,0.0,3577,505,1,,,
1294.0,0.0,3579,505,1,,,
1294.5,0.0,3580,505,1,,,
1295.0,0.0,3582,505,1,,,
1295.5,0.0,3583,507,1,,,
1296.0,0.0,3585,507,1,,,
1296.5,0.0,3586,508,1,,,
1297.0,0.0,3588,508,1,,,
1297.5,0.0,3589,510,1,,,
1298.0,0.0,3591,510,1,,,
1298.5,0.0,3592,510,1,,,
1299.0,0.0,3594,510,1,,,
1299.5,0.0,3595,509,1,,,
1300.0,0.0,3597,509,1,,,
1300.5,0.0,3598,508,1,,,
1301.0,0.0,3600,508,1,,,
1301.5,0.0,3602,507,1,,,
1302.0,0.0,3603,507,1,,,
1302.5,0.0,3605,507,1,,,
1303.0,0.0,3606,507,1,,,
1303.5,0.0,3608,507,1,,,
1304.0,0.0,3609,507,1,,,
1304.5,0.0,3611,508,1,,,
1305.0,0.0,3612,508,1,,,
1305.5,0.0,3614,509,1,,,
1306.0,0.0,3615,509,1,,,
1306.5,0.0,3617,511,1,,,
1307.0,0.0,3618,511,1,,,
1307.5,0.0,3620,511,1,,,
1308.0,0.0,3622,511,1,,,
1308.5,0.0,3623,511,1,,,
1309.0,0.0,3625,511,1,,,
1309.5,0.0,3626,511,1,,,
1310.0,0.0,3628,511,1,,,
1310.5,0.0,3629,509,1,,,
1311.0,0.0,3631,509,1,,,
1311.5,0.0,3632,509,1,,,
1312.0,0.0,3634,509,1,,,
1312.5,0.0,3635,508,1,,,
1313.0,0.0,3637,508,1,,,
1313.5,0.0,3638,508,1,,,
1314.0,0.0,3640,508,1,,,
1314.5,0.0,3642,509,1,,,
1315.0,0.0,3643,509,1,,,
1315.5,0.0,3645,511,1,,,
1316.0,0.0,3646,511,1,,,
1316.5,0.0,3648,510,1,,,
1317.0,0.0,3649,510,1,,,
1317.5,0.0,3651,511,1,,,
1318.0,0.0,3652,511,1,,,
1318.5,0.0,3654,510,1,,,
1319.0,0.0,3655,510,1,,,
1319.5,0.0,3657,509,1,,,
1320.0,0.0,3658,509,1,,,
1320.5,0.0,3660,508,1,,,
1321.0,0.0,3661,508,1,,,
1321.5,0.0,3663,508,1,,,
1322.0,0.0,3664,508,1,,,
1322.5,0.0,3666,507,1,,,
1323.0,0.0,3668,507,1,,,
1323.5,0.0,3669,508,1,,,
1324.0,0.0,3671,508,1,,,
1324.5,0.0,3672,509,1,,,
1325.0,0.0,3674,509,1,,,
1325.5,0.0,3675,509,1,,,
1326.0,0.0,3677,509,1,,,
1326.5,0.0,3678,509,1,,,
1327.0,0.0,3680,509,1,,,
1327.5,0.0,3681,508,1,,,
1328.0,0.0,3683,508,1,,,
1328.5,0.0,3684,507,1,,,
1329.0,0.0,3686,507,1,,,
1329.5,0.0,3687,505,1,,,
1330.0,0.0,3689,505,1,,,
1330.5,0.0,3690,504,1,,,
1331.0,0.0,3692,504,1,,,
1331.5,0.0,3693,504,1,,,
1332.0,0.0,3695,504,1,,,
1332.5,0.0,3697,505,1,,,
1333.0,0.0,3698,505,1,,,
1333.5,0.0,3700,507,1,,,
1334.0,0.0,3701,507,1,,,
1334.5,0.0,3703,507,1,,,
1335.0,0.0,3704,507,1,,,
1335.5,0.0,3706,507,1,,,
1336.0,0.0,3707,507,1,,,
1336.5,0.0,3709,507,1,,,
1337.0,0.0,3710,507,1,,,
1337.5,0.0,3712,505,1,,,
1338.0,0.0,3713,505,1,,,
1338.5,0.0,3715,503,1,,,
1339.0,0.0,3716,503,1,,,
1339.5,0.0,3718,502,1,,,
1340.0,0.0,3719,502,1,,,
1340.5,0.0,3721,503,1,,,
1341.0,0.0,3722,503,1,,,
1341.5,0.0,3724,503,1,,,
1342.0,0.0,3725,503,1,,,
1342.5,0.0,3727,503,1,,,
1343.0,0.0,3728,503,1,,,
1343.5,0.0,3730,505,1,,,
1344.0,0.0,3732,505,1,,,
1344.5,0.0,3733,505,1,,,
1345.0,0.0,3735,505,1,,,
1345.5,0.0,3736,504,1,,,
1346.0,0.0,3738,504,1,,,
1346.5,0.0,3739,502,1,,,
1347.0,0.0,3741,502,1,,,
1347.5,0.0,3742,502,1,,,
1348.0,0.0,3744,502,1,,,
1348.5,0.0,3745,501,1,,,
1349.0,0.0,3747,501,1,,,
1349.5,0.0,3748,501,1,,,
1350.0,0.0,3750,501,1,,,
1350.5,0.0,3751,499,1,,,
1351.0,0.0,3753,499,1,,,
1351.5,0.0,3754,502,1,,,
1352.0,0.0,3756,502,1,,,
1352.5,0.0,3757,502,1,,,
1353.0,0.0,3759,502,1,,,
1353.5,0.0,3760,502,1,,,
1354.0,0.0,3762,502,1,,,
1354.5,0.0,3763,502,1,,,
1355.0,0.0,3765,502,1,,,
1355.5,0.0,3766,502,1,,,
1356.0,0.0,3768,502,1,,,
1356.5,0.0,3769,498,1,,,
1357.0,0.0,3771,498,1,,,
1357.5,0.0,3772,497,1,,,
1358.0,0.0,3774,497,1,,,
1358.5,0.0,3775,497,1,,,
1359.0,0.0,3777,497,1,,,
1359.5,0.0,3778,496,1,,,
1360.0,0.0,3780,496,1,,,
1360.5,0.0,3781,497,1,,,
1361.0,0.0,3783,497,1,,,
1361.5,0.0,3784,499,1,,,
1362.0,0.0,3786,499,1,,,
1362.5,0.0,3787,501,1,,,
1363.0,0.0,3789,501,1,,,
1363.5,0.0,3790,499,1,,,
1364.0,0.0,3792,499,1,,,
1364.5,0.0,3793,499,1,,,
1365.0,0.0,3795,499,1,,,
1365.5,0.0,3796,497,1,,,
1366.0,0.0,3798,497,1,,,
1366.5,0.0,3799,496,1,,,
1367.0,0.0,3801,496,1,,,
1367.5,0.0,3802,495,1,,,
1368.0,0.0,3804,495,1,,,
1368.5,0.0,3805,495,1,,,
1369.0,0.0,3807,495,1,,,
1369.5,0.0,3808,495,1,,,
1370.0,0.0,3810,495,1,,,
1370.5,0.0,3811,496,1,,,
1371.0,0.0,3813,496,1,,,
1371.5,0.0,3814,497,1,,,
1372.0,0.0,3816,497,1,,,
1372.5,0.0,3817,497,1,,,
1373.0,0.0,3819,497,1,,,
1373.5,0.0,3820,497,1,,,
1374.0,0.0,3822,497,1,,,
1374.5,0.0,3823,496,1,,,
1375.0,0.0,3825,496,1,,,
1375.5,0.0,3826,495,1,,,
1376.0,0.0,3828,495,1,,,
1376.5,0.0,3829,493,1,,,
1377.0,0.0,3831,493,1,,,
1377.5,0.0,3832,492,1,,,
1378.0,0.0,3834,492,1,,,
1378.5,0.0,3835,492,1,,,
1379.0,0.0,3837,492,1,,,
1379.5,0.0,3838,493,1,,,
1380.0,0.0,3840,493,1,,,
1380.5,0.0,3841,496,1,,,
1381.0,0.0,3843,496,1,,,
1381.5,0.0,3844,496,1,,,
1382.0,0.0,3845,496,1,,,
1382.5,0.0,3847,497,1,,,
1383.0,0.0,3848,497,1,,,
1383.5,0.0,3850,497,1,,,
1384.0,0.0,3851,497,1,,,
1384.5,0.0,3853,497,1,,,
1385.0,0.0,3854,497,1,,,
1385.5,0.0,3856,495,1,,,
1386.0,0.0,3857,495,1,,,
1386.5,0.0,3859,495,1,,,
1387.0,0.0,3860,495,1,,,
1387.5,0.0,3862,495,1,,,
1388.0,0.0,3863,495,1,,,
1388.5,0.0,3865,496,1,,,
1389.0,0.0,3867,496,1,,,
1389.5,0.0,3868,496,1,,,
1390.0,0.0,3869,496,1,,,
1390.5,0.0,3871,498,1,,,
1391.0,0.0,3873,498,1,,,
1391.5,0.0,3874,499,1,,,
1392.0,0.0,3875,499,1,,,
1392.5,0.0,3877,499,1,,,
1393.0,0.0,3878,499,1,,,
1393.5,0.0,3880,498,1,,,
1394.0,0.0,3881,498,1,,,
1394.5,0.0,3883,498,1,,,
1395.0,0.0,3884,498,1,,,
1395.5,0.0,3886,496,1,,,
1396.0,0.0,3887,496,1,,,
1396.5,0.0,3889,496,1,,,
1397.0,0.0,3890,496,1,,,
1397.5,0.0,3892,497,1,,,
1398.0,0.0,3893,497,1,,,
1398.5,0.0,3895,498,1,,,
1399.0,0.0,3896,498,1,,,
1399.5,0.0,3898,499,1,,,
1400.0,0.0,3900,499,1,,,
1400.5,0.0,3901,503,1,,,
1401.0,0.0,3903,503,1,,,
1401.5,0.0,3904,503,1,,,
1402.0,0.0,3906,503,1,,,
1402.5,0.0,3907,503,1,,,
1403.0,0.0,3909,503,1,,,
1403.5,0.0,3910,503,1,,,
1404.0,0.0,3912,503,1,,,
1404.5,0.0,3913,502,1,,,
1405.0,0.0,3915,502,1,,,
1405.5,0.0,3916,501,1,,,
1406.0,0.0,3918,501,1,,,
1406.5,0.0,3919,502,1,,,
1407.0,0.0,3921,502,1,,,
1407.5,0.0,3922,502,1,,,
1408.0,0.0,3924,502,1,,,
1408.5,0.0,3925,504,1,,,
1409.0,0.0,3927,504,1,,,
1409.5,0.0,3928,505,1,,,
1410.0,0.0,3930,505,1,,,
1410.5,0.0,3931,507,1,,,
1411.0,0.0,3933,507,1,,,
1411.5,0.0,3935,507,1,,,
1412.0,0.0,3936,507,1,,,
1412.5,0.0,3938,507,1,,,
1413.0,0.0,3939,507,1,,,
1413.5,0.0,3941,504,1,,,
1414.0,0.0,3942,504,1,,,
1414.5,0.0,3944,504,1,,,
1415.0,0.0,3945,504,1,,,
1415.5,0.0,3947,504,1,,,
1416.0,0.0,3948,504,1,,,
1416.5,0.0,3950,503,1,,,
1417.0,0.0,3951,503,1,,,
1417.5,0.0,3953,504,1,,,
1418.0,0.0,3954,504,1,,,
1418.5,0.0,3956,507,1,,,
1419.0,0.0,3957,507,1,,,
1419.5,0.0,3959,508,1,,,
1420.0,0.0,3960,508,1,,,
1420.5,0.0,3962,508,1,,,
1421.0,0.0,3964,508,1,,,
1421.5,0.0,3965,508,1,,,
1422.0,0.0,3967,508,1,,,
1422.5,0.0,3968,507,1,,,
1423.0,0.0,3970,507,1,,,
1423.5,0.0,3971,504,1,,,
1424.0,0.0,3973,504,1,,,
1424.5,0.0,3974,504,1,,,
1425.0,0.0,3976,504,1,,,
1425.5,0.0,3977,504,1,,,
1426.0,0.0,3979,504,1,,,
1426.5,0.0,3980,505,1,,,
1427.0,0.0,3982,505,1,,,
1427.5,0.0,3983,507,1,,,
1428.0,0.0,3985,507,1,,,
1428.5,0.0,3986,508,1,,,
1429.0,0.0,3988,508,1,,,
1429.5,0.0,3989,508,1,,,
1430.0,0.0,3991,508,1,,,
1430.5,0.0,3993,508,1,,,
1431.0,0.0,3994,508,1,,,
1431.5,0.0,3996,507,1,,,
1432.0,0.0,3997,507,1,,,
1432.5,0.0,3999,505,1,,,
1433.0,0.0,4000,505,1,,,
1433.5,0.0,4002,505,1,,,
1434.0,0.0,4003,505,1,,,
1434.5,0.0,4005,505,1,,,
1435.0,0.0,4006,505,1,,,
1435.5,0.0,4008,505,1,,,
1436.0,0.0,4009,505,1,,,
1436.5,0.0,4011,507,1,,,
1437.0,0.0,4012,507,1,,,
1437.5,0.0,4014,508,1,,,
1438.0,0.0,4015,508,1,,,
1438.5,0.0,4017,508,1,,,
1439.0,0.0,4018,508,1,,,
1439.5,0.0,4020,508,1,,,
1440.0,0.0,4021,508,1,,,
1440.5,0.0,4023,507,1,,,
1441.0,0.0,4025,507,1,,,
1441.5,0.0,4026,505,1,,,
1442.0,0.0,4028,505,1,,,
1442.5,0.0,4029,504,1,,,
1443.0,0.0,4031,504,1,,,
1443.5,0.0,4032,504,1,,,
1444.0,0.0,4034,504,1,,,
1444.5,0.0,4035,504,1,,,
1445.0,0.0,4037,504,1,,,
1445.5,0.0,4038,505,1,,,
1446.0,0.0,4040,505,1,,,
1446.5,0.0,4041,507,1,,,
1447.0,0.0,4043,507,1,,,
1447.5,0.0,4044,508,1,,,
1448.0,0.0,4046,508,1,,,
1448.5,0.0,4047,508,1,,,
1449.0,0.0,4049,508,1,,,
1449.5,0.0,4051,507,1,,,
1450.0,0.0,4052,507,1,,,
1450.5,0.0,4053,507,1,,,
1451.0,0.0,4055,507,1,,,
1451.5,0.0,4057,504,1,,,
1452.0,0.0,4058,504,1,,,
1452.5,0.0,4060,504,1,,,
1453.0,0.0,4061,504,1,,,
1453.5,0.0,4063,504,1,,,
1454.0,0.0,4064,504,1,,,
1454.5,0.0,4066,504,1,,,
1455.0,0.0,4067,504,1,,,
1455.5,0.0,4069,504,1,,,
1456.0,0.0,4070,504,1,,,
1456.5,0.0,4072,505,1,,,
1457.0,0.0,4073,505,1,,,
1457.5,0.0,4075,505,1,,,
1458.0,0.0,4076,505,1,,,
1458.5,0.0,4078,504,1,,,
1459.0,0.0,4079,504,1,,,
1459.5,0.0,4081,503,1,,,
1460.0,0.0,4082,503,1,,,
1460.5,0.0,4084,501,1,,,
1461.0,0.0,4085,501,1,,,
1461.5,0.0,4087,501,1,,,
1462.0,0.0,4088,501,1,,,
1462.5,0.0,4090,499,1,,,
1463.0,0.0,4091,499,1,,,
1463.5,0.0,4093,499,1,,,
1464.0,0.0,4094,499,1,,,
1464.5,0.0,4096,501,1,,,
1465.0,0.0,4097,501,1,,,
1465.5,0.0,4099,502,1,,,
1466.0,0.0,4100,502,1,,,
1466.5,0.0,4102,502,1,,,
1467.0,0.0,4103,502,1,,,
1467.5,0.0,4105,501,1,,,
1468.0,0.0,4106,501,1,,,
1468.5,0.0,4108,499,1,,,
1469.0,0.0,4109,499,1,,,
1469.5,0.0,4111,497,1,,,
1470.0,0.0,4112,497,1,,,
1470.5,0.0,4114,496,1,,,
1471.0,0.0,4115,496,1,,,
1471.5,0.0,4117,493,1,,,
1472.0,0.0,4118,493,1,,,
1472.5,0.0,4120,493,1,,,
1473.0,0.0,4121,493,1,,,
1473.5,0.0,4123,493,1,,,
1474.0,0.0,4124,493,1,,,
1474.5,0.0,4126,496,1,,,
1475.0,0.0,4127,496,1,,,
1475.5,0.0,4129,496,1,,,
1476.0,0.0,4130,496,1,,,
1476.5,0.0,4132,497,1,,,
1477.0,0.0,4133,497,1,,,
1477.5,0.0,4135,496,1,,,
1478.0,0.0,4136,496,1,,,
1478.5,0.0,4138,495,1,,,
1479.0,0.0,4139,495,1,,,
1479.5,0.0,4141,492,1,,,
1480.0,0.0,4142,492,1,,,
1480.5,0.0,4144,492,1,,,
1481.0,0.0,4145,492,1,,,
1481.5,0.0,4147,492,1,,,
1482.0,0.0,4148,492,1,,,
1482.5,0.0,4150,492,1,,,
1483.0,0.0,4151,492,1,,,
1483.5,0.0,4153,495,1,,,
1484.0,0.0,4154,495,1,,,
1484.5,0.0,4156,496,1,,,
1485.0,0.0,4157,496,1,,,
1485.5,0.0,4159,496,1,,,
1486.0,0.0,4160,496,1,,,
1486.5,0.0,4162,496,1,,,
1487.0,0.0,4163,496,1,,,
1487.5,0.0,4165,496,1,,,
1488.0,0.0,4166,496,1,,,
1488.5,0.0,4168,495,1,,,
1489.0,0.0,4169,495,1,,,
1489.5,0.0,4171,493,1,,,
1490.0,0.0,4172,493,1,,,
1490.5,0.0,4173,493,1,,,
1491.0,0.0,4175,493,1,,,
1491.5,0.0,4176,493,1,,,
1492.0,0.0,4178,493,1,,,
1492.5,0.0,4179,495,1,,,
1493.0,0.0,4181,495,1,,,
1493.5,0.0,4182,496,1,,,
1494.0,0.0,4184,496,1,,,
1494.5,0.0,4185,497,1,,,
1495.0,0.0,4187,497,1,,,
1495.5,0.0,4189,498,1,,,
1496.0,0.0,4190,498,1,,,
1496.5,0.0,4192,498,1,,,
1497.0,0.0,4193,498,1,,,
1497.5,0.0,4194,498,1,,,
1498.0,0.0,4196,498,1,,,
1498.5,0.0,4197,496,1,,,
1499.0,0.0,4199,496,1,,,
1499.5,0.0,4200,496,1,,,
1500.0,0.0,4202,496,1,,,
1500.5,0.0,4203,495,1,,,
1501.0,0.0,4205,495,1,,,
1501.5,0.0,4206,496,1,,,
1502.0,0.0,4208,496,1,,,
1502.5,0.0,4209,497,1,,,
1503.0,0.0,4211,497,1,,,
1503.5,0.0,4213,498,1,,,
1504.0,0.0,4214,498,1,,,
1504.5,0.0,4216,499,1,,,
1505.0,0.0,4217,499,1,,,
1505.5,0.0,4219,501,1,,,
1506.0,0.0,4220,501,1,,,
1506.5,0.0,4221,499,1,,,
1507.0,0.0,4223,499,1,,,
1507.5,0.0,4225,497,1,,,
1508.0,0.0,4226,497,1,,,
1508.5,0.0,4228,496,1,,,
1509.0,0.0,4229,496,1,,,
1509.5,0.0,4231,496,1,,,
1510.0,0.0,4232,496,1,,,
1510.5,0.0,4234,496,1,,,
1511.0,0.0,4235,496,1,,,
1511.5,0.0,4236,496,1,,,
1512.0,0.0,4238,496,1,,,
1512.5,0.0,4240,498,1,,,
1513.0,0.0,4241,498,1,,,
1513.5,0.0,4243,501,1,,,
1514.0,0.0,4244,501,1,,,
1514.5,0.0,4246,501,1,,,
1515.0,0.0,4247,501,1,,,
1515.5,0.0,4249,501,1,,,
1516.0,0.0,4250,501,1,,,
1516.5,0.0,4252,501,1,,,
1517.0,0.0,4253,501,1,,,
1517.5,0.0,4255,501,1,,,
1518.0,0.0,4256,501,1,,,
1518.5,0.0,4258,499,1,,,
1519.0,0.0,4259,499,1,,,
1519.5,0.0,4261,499,1,,,
1520.0,0.0,4262,499,1,,,
1520.5,0.0,4264,499,1,,,
1521.0,0.0,4265,499,1,,,
1521.5,0.0,4267,502,1,,,
1522.0,0.0,4268,502,1,,,
1522.5,0.0,4270,503,1,,,
1523.0,0.0,4271,503,1,,,
1523.5,0.0,4273,505,1,,,
1524.0,0.0,4274,505,1,,,
1524.5,0.0,4276,505,1,,,
1525.0,0.0,4277,505,1,,,
1525.5,0.0,4279,505,1,,,
1526.0,0.0,4280,505,1,,,
1526.5,0.0,4282,504,1,,,
1527.0,0.0,4283,504,1,,,
1527.5,0.0,4285,503,1,,,
1528.0,0.0,4287,503,1,,,
1528.5,0.0,4288,502,1,,,
1529.0,0.0,4290,502,1,,,
1529.5,0.0,4291,503,1,,,
1530.0,0.0,4293,503,1,,,
1530.5,0.0,4294,504,1,,,
1531.0,0.0,4296,504,1,,,
1531.5,0.0,4297,507,1,,,
1532.0,0.0,4299,507,1,,,
1532.5,0.0,4300,508,1,,,
1533.0,0.0,4302,508,1,,,
1533.5,0.0,4303,509,1,,,
1534.0,0.0,4305,509,1,,,
1534.5,0.0,4306,508,1,,,
1535.0,0.0,4308,508,1,,,
1535.5,0.0,4309,508,1,,,
1536.0,0.0,4311,508,1,,,
1536.5,0.0,4312,505,1,,,
1537.0,0.0,4314,505,1,,,
1537.5,0.0,4315,505,1,,,
1538.0,0.0,4317,505,1,,,
1538.5,0.0,4319,505,1,,,
1539.0,0.0,4320,505,1,,,
1539.5,0.0,4322,507,1,,,
1540.0,0.0,4323,507,1,,,
1540.5,0.0,4325,508,1,,,
1541.0,0.0,4326,508,1,,,
1541.5,0.0,4328,508,1,,,
1542.0,0.0,4329,508,1,,,
1542.5,0.0,4331,509,1,,,
1543.0,0.0,4332,509,1,,,
1543.5,0.0,4334,508,1,,,
1544.0,0.0,4335,508,1,,,
1544.5,0.0,4337,508,1,,,
1545.0,0.0,4338,508,1,,,
1545.5,0.0,4340,505,1,,,
1546.0,0.0,4342,505,1,,,
1546.5,0.0,4343,507,1,,,
1547.0,0.0,4345,507,1,,,
1547.5,0.0,4346,505,1,,,
1548.0,0.0,4348,505,1,,,
1548.5,0.0,4349,507,1,,,
1549.0,0.0,4351,507,1,,,
1549.5,0.0,4352,507,1,,,
1550.0,0.0,4354,507,1,,,
1550.5,0.0,4355,509,1,,,
1551.0,0.0,4357,509,1,,,
1551.5,0.0,4358,509,1,,,
1552.0,0.0,4360,509,1,,,
1552.5,0.0,4361,509,1,,,
1553.0,0.0,4363,509,1,,,
1553.5,0.0,4365,509,1,,,
1554.0,0.0,4366,509,1,,,
1554.5,0.0,4368,508,1,,,
1555.0,0.0,4369,508,1,,,
1555.5,0.0,4371,507,1,,,
1556.0,0.0,4372,507,1,,,
1556.5,0.0,4374,507,1,,,
1557.0,0.0,4375,507,1,,,
1557.5,0.0,4377,507,1,,,
1558.0,0.0,4378,507,1,,,
1558.5,0.0,4380,508,1,,,
1559.0,0.0,4381,508,1,,,
1559.5,0.0,4383,509,1,,,
1560.0,0.0,4384,509,1,,,
1560.5,0.0,4386,510,1,,,
1561.0,0.0,4387,510,1,,,
1561.5,0.0,4389,510,1,,,
1562.0,0.0,4391,510,1,,,
1562.5,0.0,4392,510,1,,,
1563.0,0.0,4394,510,1,,,
1563.5,0.0,4395,508,1,,,
1564.0,0.0,4397,508,1,,,
1564.5,0.0,4398,507,1,,,
1565.0,0.0,4400,507,1,,,
1565.5,0.0,4401,505,1,,,
1566.0,0.0,4403,505,1,,,
1566.5,0.0,4404,507,1,,,
1567.0,0.0,4406,507,1,,,
1567.5,0.0,4407,507,1,,,
1568.0,0.0,4409,507,1,,,
1568.5,0.0,4410,508,1,,,
1569.0,0.0,4412,508,1,,,
1569.5,0.0,4414,509,1,,,
1570.0,0.0,4415,509,1,,,
1570.5,0.0,4417,510,1,,,
1571.0,0.0,4418,510,1,,,
1571.5,0.0,4420,508,1,,,
1572.0,0.0,4421,508,1,,,
1572.5,0.0,4423,507,1,,,
1573.0,0.0,4424,507,1,,,
1573.5,0.0,4426,505,1,,,
1574.0,0.0,4427,505,1,,,
1574.5,0.0,4429,504,1,,,
1575.0,0.0,4430,504,1,,,
1575.5,0.0,4432,502,1,,,
1576.0,0.0,4433,502,1,,,
1576.5,0.0,4435,503,1,,,
1577.0,0.0,4436,503,1,,,
1577.5,0.0,4438,503,1,,,
1578.0,0.0,4439,503,1,,,
1578.5,0.0,4441,503,1,,,
1579.0,0.0,4442,503,1,,,
1579.5,0.0,4444,504,1,,,
1580.0,0.0,4445,504,1,,,
1580.5,0.0,4447,504,1,,,
1581.0,0.0,4448,504,1,,,
1581.5,0.0,4450,502,1,,,
1582.0,0.0,4451,502,1,,,
1582.5,0.0,4453,501,1,,,
1583.0,0.0,4454,501,1,,,
1583.5,0.0,4456,501,1,,,
1584.0,0.0,4457,501,1,,,
1584.5,0.0,4459,499,1,,,
1585.0,0.0,4460,499,1,,,
1585.5,0.0,4462,499,1,,,
1586.0,0.0,4463,499,1,,,
1586.5,0.0,4465,499,1,,,
1587.0,0.0,4466,499,1,,,
1587.5,0.0,4468,501,1,,,
1588.0,0.0,4470,501,1,,,
1588.5,0.0,4471,501,1,,,
1589.0,0.0,4472,501,1,,,
1589.5,0.0,4474,499,1,,,
1590.0,0.0,4476,499,1,,,
1590.5,0.0,4477,498,1,,,
1591.0,0.0,4478,498,1,,,
1591.5,0.0,4480,498,1,,,
1592.0,0.0,4481,498,1,,,
1592.5,0.0,4483,497,1,,,
1593.0,0.0,4484,497,1,,,
1593.5,0.0,4486,496,1,,,
1594.0,0.0,4487,496,1,,,
1594.5,0.0,4489,496,1,,,
1595.0,0.0,4490,496,1,,,
1595.5,0.0,4492,497,1,,,
1596.0,0.0,4493,497,1,,,
1596.5,0.0,4495,497,1,,,
1597.0,0.0,4496,497,1,,,
1597.5,0.0,4498,498,1,,,
1598.0,0.0,4500,498,1,,,
1598.5,0.0,4501,499,1,,,
1599.0,0.0,4503,499,1,,,
1599.5,0.0,4504,498,1,,,
1600.0,0.0,4505,498,1,,,
1600.5,0.0,4507,497,1,,,
1601.0,0.0,4508,497,1,,,
1601.5,0.0,4510,496,1,,,
1602.0,0.0,4511,496,1,,,
1602.5,0.0,4513,495,1,,,
1603.0,0.0,4514,495,1,,,
1603.5,0.0,4516,493,1,,,
1604.0,0.0,4517,493,1,,,
1604.5,0.0,4519,495,1,,,
1605.0,0.0,4520,495,1,,,
1605.5,0.0,4522,495,1,,,
1606.0,0.0,4523,495,1,,,
1606.5,0.0,4525,496,1,,,
1607.0,0.0,4526,496,1,,,
1607.5,0.0,4528,497,1,,,
1608.0,0.0,4529,497,1,,,
1608.5,0.0,4531,496,1,,,
1609.0,0.0,4532,496,1,,,
1609.5,0.0,4534,496,1,,,
1610.0,0.0,4535,496,1,,,
1610.5,0.0,4537,495,1,,,
1611.0,0.0,4538,495,1,,,
1611.5,0.0,4540,493,1,,,
1612.0,0.0,4541,493,1,,,
1612.5,0.0,4543,492,1,,,
1613.0,0.0,4544,492,1,,,
1613.5,0.0,4546,493,1,,,
1614.0,0.0,4547,493,1,,,
1614.5,0.0,4549,493,1,,,
1615.0,0.0,4550,493,1,,,
1615.5,0.0,4552,495,1,,,
1616.0,0.0,4553,495,1,,,
1616.5,0.0,4555,497,1,,,
1617.0,0.0,4556,497,1,,,
1617.5,0.0,4558,497,1,,,
1618.0,0.0,4559,497,1,,,
1618.5,0.0,4561,497,1,,,
1619.0,0.0,4562,497,1,,,
1619.5,0.0,4564,497,1,,,
1620.0,0.0,4565,497,1,,,
1620.5,0.0,4567,497,1,,,
1621.0,0.0,4568,497,1,,,
1621.5,0.0,4570,495,1,,,
1622.0,0.0,4571,495,1,,,
1622.5,0.0,4573,496,1,,,
1623.0,0.0,4574,496,1,,,
1623.5,0.0,4576,496,1,,,
1624.0,0.0,4577,496,1,,,
1624.5,0.0,4579,497,1,,,
1625.0,0.0,4580,497,1,,,
1625.5,0.0,4582,498,1,,,
1626.0,0.0,4583,498,1,,,
1626.5,0.0,4585,501,1,,,
1627.0,0.0,4586,501,1,,,
1627.5,0.0,4588,501,1,,,
1628.0,0.0,4589,501,1,,,
1628.5,0.0,4591,502,1,,,
1629.0,0.0,4592,502,1,,,
1629.5,0.0,4594,501,1,,,
1630.0,0.0,4595,501,1,,,
1630.5,0.0,4597,501,1,,,
1631.0,0.0,4598,501,1,,,
1631.5,0.0,4600,501,1,,,
1632.0,0.0,4601,501,1,,,
1632.5,0.0,4603,501,1,,,
1633.0,0.0,4604,501,1,,,
1633.5,0.0,4606,501,1,,,
1634.0,0.0,4607,501,1,,,
1634.5,0.0,4609,503,1,,,
1635.0,0.0,4610,503,1,,,
1635.5,0.0,4612,504,1,,,
1636.0,0.0,4614,504,1,,,
1636.5,0.0,4615,505,1,,,
1637.0,0.0,4617,505,1,,,
1637.5,0.0,4618,507,1,,,
1638.0,0.0,4620,507,1,,,
1638.5,0.0,4621,507,1,,,
1639.0,0.0,4623,507,1,,,
1639.5,0.0,4624,505,1,,,
1640.0,0.0,4626,505,1,,,
1640.5,0.0,4627,504,1,,,
1641.0,0.0,4629,504,1,,,
1641.5,0.0,4630,504,1,,,
1642.0,0.0,4632,504,1,,,
1642.5,0.0,4633,503,1,,,
1643.0,0.0,4635,503,1,,,
1643.5,0.0,4636,504,1,,,
1644.0,0.0,4638,504,1,,,
1644.5,0.0,4639,507,1,,,
1645.0,0.0,4641,507,1,,,
1645.5,0.0,4643,508,1,,,
1646.0,0.0,4644,508,1,,,
1646.5,0.0,4646,507,1,,,
1647.0,0.0,4647,507,1,,,
1647.5,0.0,4649,507,1,,,
1648.0,0.0,4650,507,1,,,
1648.5,0.0,4652,507,1,,,
1649.0,0.0,4653,507,1,,,
1649.5,0.0,4655,503,1,,,
1650.0,0.0,4656,503,1,,,
1650.5,0.0,4658,502,1,,,
1651.0,0.0,4659,502,1,,,
1651.5,0.0,4661,503,1,,,
1652.0,0.0,4662,503,1,,,
1652.5,0.0,4664,504,1,,,
1653.0,0.0,4665,504,1,,,
1653.5,0.0,4667,503,1,,,
1654.0,0.0,4668,503,1,,,
1654.5,0.0,4670,507,1,,,
1655.0,0.0,4671,507,1,,,
1655.5,0.0,4673,507,1,,,
1656.0,0.0,4675,507,1,,,
1656.5,0.0,4676,507,1,,,
1657.0,0.0,4678,507,1,,,
1657.5,0.0,4679,504,1,,,
1658.0,0.0,4681,504,1,,,
1658.5,0.0,4682,504,1,,,
1659.0,0.0,4684,504,1,,,
1659.5,0.0,4685,502,1,,,
1660.0,0.0,4687,502,1,,,
1660.5,0.0,4688,503,1,,,
1661.0,0.0,4690,503,1,,,
1661.5,0.0,4691,502,1,,,
1662.0,0.0,4693,502,1,,,
1662.5,0.0,4694,505,1,,,
1663.0,0.0,4696,505,1,,,
1663.5,0.0,4697,505,1,,,
1664.0,0.0,4699,505,1,,,
1664.5,0.0,4700,508,1,,,
1665.0,0.0,4702,508,1,,,
1665.5,0.0,4703,508,1,,,
1666.0,0.0,4705,508,1,,,
1666.5,0.0,4706,508,1,,,
1667.0,0.0,4708,508,1,,,
1667.5,0.0,4709,505,1,,,
1668.0,0.0,4711,505,1,,,
1668.5,0.0,4713,505,1,,,
1669.0,0.0,4714,505,1,,,
1669.5,0.0,4716,504,1,,,
1670.0,0.0,4717,504,1,,,
1670.5,0.0,4719,504,1,,,
1671.0,0.0,4720,504,1,,,
1671.5,0.0,4722,507,1,,,
1672.0,0.0,4723,507,1,,,
1672.5,0.0,4725,508,1,,,
1673.0,0.0,4726,508,1,,,
1673.5,0.0,4728,510,1,,,
1674.0,0.0,4729,510,1,,,
1674.5,0.0,4731,510,1,,,
1675.0,0.0,4732,510,1,,,
1675.5,0.0,4734,509,1,,,
1676.0,0.0,4735,509,1,,,
1676.5,0.0,4737,507,1,,,
1677.0,0.0,4739,507,1,,,
1677.5,0.0,4740,505,1,,,
1678.0,0.0,4742,505,1,,,
1678.5,0.0,4743,504,1,,,
1679.0,0.0,4745,504,1,,,
1679.5,0.0,4746,504,1,,,
1680.0,0.0,4748,504,1,,,
1680.5,0.0,4749,504,1,,,
1681.0,0.0,4751,504,1,,,
1681.5,0.0,4752,507,1,,,
1682.0,0.0,4754,507,1,,,
1682.5,0.0,4755,508,1,,,
1683.0,0.0,4757,508,1,,,
1683.5,0.0,4758,508,1,,,
1684.0,0.0,4760,508,1,,,
1684.5,0.0,4761,507,1,,,
1685.0,0.0,4763,507,1,,,
1685.5,0.0,4764,508,1,,,
1686.0,0.0,4766,508,1,,,
1686.5,0.0,4767,504,1,,,
1687.0,0.0,4769,504,1,,,
1687.5,0.0,4770,503,1,,,
1688.0,0.0,4772,503,1,,,
1688.5,0.0,4774,503,1,,,
1689.0,0.0,4775,503,1,,,
1689.5,0.0,4777,503,1,,,
1690.0,0.0,4778,503,1,,,
1690.5,0.0,4780,503,1,,,
1691.0,0.0,4781,503,1,,,
1691.5,0.0,4783,505,1,,,
1692.0,0.0,4784,505,1,,,
1692.5,0.0,4786,505,1,,,
1693.0,0.0,4787,505,1,,,
1693.5,0.0,4789,504,1,,,
1694.0,0.0,4790,504,1,,,
1694.5,0.0,4792,504,1,,,
1695.0,0.0,4793,504,1,,,
1695.5,0.0,4795,502,1,,,
1696.0,0.0,4796,502,1,,,
1696.5,0.0,4798,501,1,,,
1697.0,0.0,4799,501,1,,,
1697.5,0.0,4801,501,1,,,
1698.0,0.0,4802,501,1,,,
1698.5,0.0,4804,499,1,,,
1699.0,0.0,4805,499,1,,,
1699.5,0.0,4807,501,1,,,
1700.0,0.0,4808,501,1,,,
1700.5,0.0,4810,502,1,,,
1701.0,0.0,4811,502,1,,,
1701.5,0.0,4813,502,1,,,
1702.0,0.0,4814,502,1,,,
1702.5,0.0,4816,502,1,,,
1703.0,0.0,4817,502,1,,,
1703.5,0.0,4819,502,1,,,
1704.0,0.0,4820,502,1,,,
1704.5,0.0,4822,498,1,,,
1705.0,0.0,4823,498,1,,,
1705.5,0.0,4825,497,1,,,
1706.0,0.0,4826,497,1,,,
1706.5,0.0,4828,496,1,,,
1707.0,0.0,4829,496,1,,,
1707.5,0.0,4831,495,1,,,
1708.0,0.0,4832,495,1,,,
1708.5,0.0,4834,495,1,,,
1709.0,0.0,4835,495,1,,,
1709.5,0.0,4837,496,1,,,
1710.0,0.0,4838,496,1,,,
1710.5,0.0,4840,496,1,,,
1711.0,0.0,4841,496,1,,,
1711.5,0.0,4843,496,1,,,
1712.0,0.0,4844,496,1,,,
1712.5,0.0,4846,496,1,,,
1713.0,0.0,4847,496,1,,,
1713.5,0.0,4849,495,1,,,
1714.0,0.0,4850,495,1,,,
1714.5,0.0,4852,493,1,,,
1715.0,0.0,4853,493,1,,,
1715.5,0.0,4855,491,1,,,
1716.0,0.0,4856,491,1,,,
1716.5,0.0,4858,491,1,,,
1717.0,0.0,4859,491,1,,,
1717.5,0.0,4861,491,1,,,
1718.0,0.0,4862,491,1,,,
1718.5,0.0,4864,491,1,,,
1719.0,0.0,4865,491,1,,,
1719.5,0.0,4867,492,1,,,
1720.0,0.0,4868,492,1,,,
1720.5,0.0,4870,495,1,,,
1721.0,0.0,4871,495,1,,,
1721.5,0.0,4873,495,1,,,
1722.0,0.0,4874,495,1,,,
1722.5,0.0,4875,493,1,,,
1723.0,0.0,4877,493,1,,,
1723.5,0.0,4878,493,1,,,
1724.0,0.0,4880,493,1,,,
1724.5,0.0,4881,492,1,,,
1725.0,0.0,4883,492,1,,,
1725.5,0.0,4884,491,1,,,
1726.0,0.0,4886,491,1,,,
1726.5,0.0,4887,491,1,,,
1727.0,0.0,4889,491,1,,,
1727.5,0.0,4890,492,1,,,
1728.0,0.0,4892,492,1,,,
1728.5,0.0,4893,493,1,,,
1729.0,0.0,4895,493,1,,,
1729.5,0.0,4896,495,1,,,
1730.0,0.0,4898,495,1,,,
1730.5,0.0,4899,497,1,,,
1731.0,0.0,4901,497,1,,,
1731.5,0.0,4902,496,1,,,
1732.0,0.0,4904,496,1,,,
1732.5,0.0,4905,496,1,,,
1733.0,0.0,4907,496,1,,,
1733.5,0.0,4908,496,1,,,
1734.0,0.0,4910,496,1,,,
1734.5,0.0,4911,495,1,,,
1735.0,0.0,4913,495,1,,,
1735.5,0.0,4914,493,1,,,
1736.0,0.0,4916,493,1,,,
1736.5,0.0,4917,495,1,,,
1737.0,0.0,4919,495,1,,,
1737.5,0.0,4920,496,1,,,
1738.0,0.0,4922,496,1,,,
1738.5,0.0,4923,496,1,,,
1739.0,0.0,4925,496,1,,,
1739.5,0.0,4926,498,1,,,
1740.0,0.0,4928,498,1,,,
1740.5,0.0,4929,499,1,,,
1741.0,0.0,4931,499,1,,,
1741.5,0.0,4932,499,1,,,
1742.0,0.0,4934,499,1,,,
1742.5,0.0,4935,498,1,,,
1743.0,0.0,4937,498,1,,,
1743.5,0.0,4938,498,1,,,
1744.0,0.0,4940,498,1,,,
1744.5,0.0,4941,497,1,,,
1745.0,0.0,4943,497,1,,,
1745.5,0.0,4944,497,1,,,
1746.0,0.0,4946,497,1,,,
1746.5,0.0,4947,498,1,,,
1747.0,0.0,4949,498,1,,,
1747.5,0.0,4950,499,1,,,
1748.0,0.0,4952,499,1,,,
1748.5,0.0,4953,501,1,,,
1749.0,0.0,4955,501,1,,,
1749.5,0.0,4956,503,1,,,
1750.0,0.0,4958,503,1,,,
1750.5,0.0,4959,502,1,,,
1751.0,0.0,4961,502,1,,,
1751.5,0.0,4962,502,1,,,
1752.0,0.0,4964,502,1,,,
1752.5,0.0,4965,501,1,,,
1753.0,0.0,4967,501,1,,,
1753.5,0.0,4968,501,1,,,
1754.0,0.0,4970,501,1,,,
1754.5,0.0,4971,499,1,,,
1755.0,0.0,4973,499,1,,,
1755.5,0.0,4975,501,1,,,
1756.0,0.0,4976,501,1,,,
1756.5,0.0,4978,502,1,,,
1757.0,0.0,4979,502,1,,,
1757.5,0.0,4981,504,1,,,
1758.0,0.0,4982,504,1,,,
1758.5,0.0,4984,507,1,,,
1759.0,0.0,4985,507,1,,,
1759.5,0.0,4987,507,1,,,
1760.0,0.0,4988,507,1,,,
1760.5,0.0,4990,507,1,,,
1761.0,0.0,4991,507,1,,,
1761.5,0.0,4993,505,1,,,
1762.0,0.0,4994,505,1,,,
1762.5,0.0,4996,504,1,,,
1763.0,0.0,4997,504,1,,,
1763.5,0.0,4999,503,1,,,
1764.0,0.0,5000,503,1,,,
1764.5,0.0,5002,503,1,,,
1765.0,0.0,5003,503,1,,,
1765.5,0.0,5005,504,1,,,
1766.0,0.0,5007,504,1,,,
1766.5,0.0,5008,507,1,,,
1767.0,0.0,5010,507,1,,,
1767.5,0.0,5011,508,1,,,
1768.0,0.0,5013,508,1,,,
1768.5,0.0,5014,508,1,,,
1769.0,0.0,5016,508,1,,,
1769.5,0.0,5017,509,1,,,
1770.0,0.0,5019,509,1,,,
1770.5,0.0,5020,508,1,,,
1771.0,0.0,5022,508,1,,,
1771.5,0.0,5023,507,1,,,
1772.0,0.0,5025,507,1,,,
1772.5,0.0,5026,505,1,,,
1773.0,0.0,5028,505,1,,,
1773.5,0.0,5029,505,1,,,
1774.0,0.0,5031,505,1,,,
1774.5,0.0,5033,505,1,,,
1775.0,0.0,5034,505,1,,,
1775.5,0.0,5036,508,1,,,
1776.0,0.0,5037,508,1,,,
1776.5,0.0,5039,508,1,,,
1777.0,0.0,5040,508,1,,,
1777.5,0.0,5042,510,1,,,
1778.0,0.0,5043,510,1,,,
1778.5,0.0,5045,510,1,,,
1779.0,0.0,5046,510,1,,,
1779.5,0.0,5048,510,1,,,
1780.0,0.0,5049,510,1,,,
1780.5,0.0,5051,509,1,,,
1781.0,0.0,5052,509,1,,,
1781.5,0.0,5054,508,1,,,
1782.0,0.0,5056,508,1,,,
1782.5,0.0,5057,507,1,,,
1783.0,0.0,5059,507,1,,,
1783.5,0.0,5060,507,1,,,
1784.0,0.0,5062,507,1,,,
1784.5,0.0,5063,508,1,,,
1785.0,0.0,5065,508,1,,,
1785.5,0.0,5066,509,1,,,
1786.0,0.0,5068,509,1,,,
1786.5,0.0,5069,511,1,,,
1787.0,0.0,5071,511,1,,,
1787.5,0.0,5072,511,1,,,
1788.0,0.0,5074,511,1,,,
1788.5,0.0,5076,511,1,,,
1789.0,0.0,5077,511,1,,,
1789.5,0.0,5079,510,1,,,
1790.0,0.0,5080,510,1,,,
1790.5,0.0,5082,508,1,,,
1791.0,0.0,5083,508,1,,,
1791.5,0.0,5085,508,1,,,
1792.0,0.0,5086,508,1,,,
1792.5,0.0,5088,508,1,,,
1793.0,0.0,5089,508,1,,,
1793.5,0.0,5091,508,1,,,
1794.0,0.0,5092,508,1,,,
1794.5,0.0,5094,509,1,,,
1795.0,0.0,5095,509,1,,,
1795.5,0.0,5097,511,1,,,
1796.0,0.0,5099,511,1,,,
1796.5,0.0,5100,511,1,,,
1797.0,0.0,5102,511,1,,,
1797.5,0.0,5103,510,1,,,
1798.0,0.0,5105,510,1,,,
1798.5,0.0,5106,511,1,,,
1799.0,0.0,5108,511,1,,,
1799.5,0.0,5109,509,1,,,
1800.0,0.0,5111,509,1,,,
1800.5,0.0,5112,508,1,,,
1801.0,0.0,5114,508,1,,,
1801.5,0.0,5115,507,1,,,
1802.0,0.0,5117,507,1,,,
1802.5,0.0,5118,508,1,,,
1803.0,0.0,5120,508,1,,,
1803.5,0.0,5122,508,1,,,
1804.0,0.0,5123,508,1,,,
1804.5,0.0,5125,509,1,,,
1805.0,0.0,5126,509,1,,,
1805.5,0.0,5128,510,1,,,
1806.0,0.0,5129,510,1,,,
1806.5,0.0,5131,510,1,,,
1807.0,0.0,5132,510,1,,,
1807.5,0.0,5134,509,1,,,
1808.0,0.0,5135,509,1,,,
1808.5,0.0,5137,507,1,,,
1809.0,0.0,5138,507,1,,,
1809.5,0.0,5140,507,1,,,
1810.0,0.0,5141,507,1,,,
1810.5,0.0,5143,505,1,,,
1811.0,0.0,5145,505,1,,,
1811.5,0.0,5146,505,1,,,
1812.0,0.0,5148,505,1,,,
1812.5,0.0,5149,507,1,,,
1813.0,0.0,5151,507,1,,,
1813.5,0.0,5152,508,1,,,
1814.0,0.0,5154,508,1,,,
1814.5,0.0,5155,509,1,,,
1815.0,0.0,5157,509,1,,,
1815.5,0.0,5158,508,1,,,
1816.0,0.0,5160,508,1,,,
1816.5,0.0,5161,508,1,,,
1817.0,0.0,5163,508,1,,,
1817.5,0.0,5164,507,1,,,
1818.0,0.0,5166,507,1,,,
1818.5,0.0,5167,504,1,,,
1819.0,0.0,5169,504,1,,,
1819.5,0.0,5170,503,1,,,
1820.0,0.0,5172,503,1,,,
1820.5,0.0,5173,504,1,,,
1821.0,0.0,5175,504,1,,,
1821.5,0.0,5176,503,1,,,
1822.0,0.0,5178,503,1,,,
1822.5,0.0,5179,503,1,,,
1823.0,0.0,5181,503,1,,,
1823.5,0.0,5183,505,1,,,
1824.0,0.0,5184,505,1,,,
1824.5,0.0,5186,504,1,,,
1825.0,0.0,5187,504,1,,,
1825.5,0.0,5189,503,1,,,
1826.0,0.0,5190,503,1,,,
1826.5,0.0,5192,503,1,,,
1827.0,0.0,5193,503,1,,,
1827.5,0.0,5195,502,1,,,
1828.0,0.0,5196,502,1,,,
1828.5,0.0,5198,501,1,,,
1829.0,0.0,5199,501,1,,,
1829.5,0.0,5201,499,1,,,
1830.0,0.0,5202,499,1,,,
1830.5,0.0,5204,499,1,,,
1831.0,0.0,5205,499,1,,,
1831.5,0.0,5207,499,1,,,
1832.0,0.0,5208,499,1,,,
1832.5,0.0,5210,501,1,,,
1833.0,0.0,5211,501,1,,,
1833.5,0.0,5213,501,1,,,
1834.0,0.0,5214,501,1,,,
1834.5,0.0,5216,501,1,,,
1835.0,0.0,5217,501,1,,,
1835.5,0.0,5219,499,1,,,
1836.0,0.0,5220,499,1,,,
1836.5,0.0,5222,498,1,,,
1837.0,0.0,5223,498,1,,,
1837.5,0.0,5225,497,1,,,
1838.0,0.0,5226,497,1,,,
1838.5,0.0,5228,496,1,,,
1839.0,0.0,5229,496,1,,,
1839.5,0.0,5231,496,1,,,
1840.0,0.0,5232,496,1,,,
1840.5,0.0,5234,497,1,,,
1841.0,0.0,5235,497,1,,,
1841.5,0.0,5237,497,1,,,
1842.0,0.0,5238,497,1,,,
1842.5,0.0,5240,498,1,,,
1843.0,0.0,5241,498,1,,,
1843.5,0.0,5243,498,1,,,
1844.0,0.0,5244,498,1,,,
1844.5,0.0,5246,497,1,,,
1845.0,0.0,5247,497,1,,,
1845.5,0.0,5249,496,1,,,
1846.0,0.0,5250,496,1,,,
1846.5,0.0,5252,495,1,,,
1847.0,0.0,5253,495,1,,,
1847.5,0.0,5255,493,1,,,
1848.0,0.0,5256,493,1,,,
1848.5,0.0,5258,493,1,,,
1849.0,0.0,5259,493,1,,,
1849.5,0.0,5261,495,1,,,
1850.0,0.0,5262,495,1,,,
1850.5,0.0,5264,496,1,,,
1851.0,0.0,5265,496,1,,,
1851.5,0.0,5267,497,1,,,
1852.0,0.0,5268,497,1,,,
1852.5,0.0,5270,498,1,,,
1853.0,0.0,5271,498,1,,,
1853.5,0.0,5273,498,1,,,
1854.0,0.0,5274,498,1,,,
1854.5,0.0,5276,498,1,,,
1855.0,0.0,5277,498,1,,,
1855.5,0.0,5279,496,1,,,
1856.0,0.0,5280,496,1,,,
1856.5,0.0,5282,496,1,,,
1857.0,0.0,5283,496,1,,,
1857.5,0.0,5285,495,1,,,
1858.0,0.0,5286,495,1,,,
1858.5,0.0,5288,495,1,,,
1859.0,0.0,5289,495,1,,,
1859.5,0.0,5291,496,1,,,
1860.0,0.0,5292,496,1,,,
1860.5,0.0,5294,498,1,,,
1861.0,0.0,5295,498,1,,,
1861.5,0.0,5297,499,1,,,
1862.0,0.0,5298,499,1,,,
1862.5,0.0,5300,499,1,,,
1863.0,0.0,5301,499,1,,,
1863.5,0.0,5303,499,1,,,
1864.0,0.0,5304,499,1,,,
1864.5,0.0,5306,498,1,,,
1865.0,0.0,5307,498,1,,,
1865.5,0.0,5309,497,1,,,
1866.0,0.0,5310,497,1,,,
1866.5,0.0,5312,496,1,,,
1867.0,0.0,5313,496,1,,,
1867.5,0.0,5315,497,1,,,
1868.0,0.0,5316,497,1,,,
1868.5,0.0,5318,498,1,,,
1869.0,0.0,5319,498,1,,,
1869.5,0.0,5321,499,1,,,
1870.0,0.0,5322,499,1,,,
1870.5,0.0,5324,501,1,,,
1871.0,0.0,5325,501,1,,,
1871.5,0.0,5327,502,1,,,
1872.0,0.0,5328,502,1,,,
1872.5,0.0,5330,502,1,,,
1873.0,0.0,5331,502,1,,,
1873.5,0.0,5333,502,1,,,
1874.0,0.0,5334,502,1,,,
1874.5,0.0,5336,501,1,,,
1875.0,0.0,5337,501,1,,,
1875.5,0.0,5339,499,1,,,
1876.0,0.0,5340,499,1,,,
1876.5,0.0,5342,499,1,,,
1877.0,0.0,5343,499,1,,,
1877.5,0.0,5345,499,1,,,
1878.0,0.0,5346,499,1,,,
1878.5,0.0,5348,499,1,,,
1879.0,0.0,5349,499,1,,,
1879.5,0.0,5351,502,1,,,
1880.0,0.0,5352,502,1,,,
1880.5,0.0,5354,504,1,,,
1881.0,0.0,5355,504,1,,,
1881.5,0.0,5357,504,1,,,
1882.0,0.0,5359,504,1,,,
1882.5,0.0,5360,504,1,,,
1883.0,0.0,5361,504,1,,,
1883.5,0.0,5363,503,1,,,
1884.0,0.0,5365,503,1,,,
1884.5,0.0,5366,502,1,,,
1885.0,0.0,5368,502,1,,,
1885.5,0.0,5369,501,1,,,
1886.0,0.0,5371,501,1,,,
1886.5,0.0,5372,501,1,,,
1887.0,0.0,5374,501,1,,,
1887.5,0.0,5375,502,1,,,
1888.0,0.0,5377,502,1,,,
1888.5,0.0,5378,504,1,,,
1889.0,0.0,5380,504,1,,,
1889.5,0.0,5381,505,1,,,
1890.0,0.0,5383,505,1,,,
1890.5,0.0,5384,505,1,,,
1891.0,0.0,5386,505,1,,,
1891.5,0.0,5387,505,1,,,
1892.0,0.0,5389,505,1,,,
1892.5,0.0,5390,504,1,,,
1893.0,0.0,5392,504,1,,,
1893.5,0.0,5393,503,1,,,
1894.0,0.0,5395,503,1,,,
1894.5,0.0,5396,502,1,,,
1895.0,0.0,5398,502,1,,,
1895.5,0.0,5399,503,1,,,
1896.0,0.0,5401,503,1,,,
1896.5,0.0,5403,503,1,,,
1897.0,0.0,5404,503,1,,,
1897.5,0.0,5406,504,1,,,
1898.0,0.0,5407,504,1,,,
1898.5,0.0,5409,504,1,,,
1899.0,0.0,5410,504,1,,,
1899.5,0.0,5412,505,1,,,
1900.0,0.0,5413,505,1,,,
1900.5,0.0,5415,504,1,,,
1901.0,0.0,5416,504,1,,,
1901.5,0.0,5418,504,1,,,
1902.0,0.0,5419,504,1,,,
1902.5,0.0,5421,503,1,,,
1903.0,0.0,5422,503,1,,,
1903.5,0.0,5424,502,1,,,
1904.0,0.0,5425,502,1,,,
1904.5,0.0,5427,502,1,,,
1905.0,0.0,5428,502,1,,,
1905.5,0.0,5430,502,1,,,
1906.0,0.0,5431,502,1,,,
1906.5,0.0,5433,503,1,,,
1907.0,0.0,5434,503,1,,,
1907.5,0.0,5436,504,1,,,
1908.0,0.0,5437,504,1,,,
1908.5,0.0,5439,505,1,,,
1909.0,0.0,5440,505,1,,,
1909.5,0.0,5442,505,1,,,
1910.0,0.0,5443,505,1,,,
1910.5,0.0,5445,505,1,,,
1911.0,0.0,5446,505,1,,,
1911.5,0.0,5448,504,1,,,
1912.0,0.0,5450,504,1,,,
1912.5,0.0,5451,502,1,,,
1913.0,0.0,5453,502,1,,,
1913.5,0.0,5454,502,1,,,
1914.0,0.0,5456,502,1,,,
1914.5,0.0,5457,501,1,,,
1915.0,0.0,5459,501,1,,,
1915.5,0.0,5460,501,1,,,
1916.0,0.0,5462,501,1,,,
1916.5,0.0,5463,502,1,,,
1917.0,0.0,5465,502,1,,,
1917.5,0.0,5466,504,1,,,
1918.0,0.0,5468,504,1,,,
1918.5,0.0,5469,504,1,,,
1919.0,0.0,5471,504,1,,,
1919.5,0.0,5472,503,1,,,
1920.0,0.0,5474,503,1,,,
1920.5,0.0,5475,503,1,,,
1921.0,0.0,5477,503,1,,,
1921.5,0.0,5478,502,1,,,
1922.0,0.0,5480,502,1,,,
1922.5,0.0,5481,498,1,,,
1923.0,0.0,5483,498,1,,,
1923.5,0.0,5484,499,1,,,
1924.0,0.0,5486,499,1,,,
1924.5,0.0,5487,499,1,,,
1925.0,0.0,5489,499,1,,,
1925.5,0.0,5490,499,1,,,
1926.0,0.0,5492,499,1,,,
1926.5,0.0,5493,499,1,,,
1927.0,0.0,5495,499,1,,,
1927.5,0.0,5496,503,1,,,
1928.0,0.0,5498,503,1,,,
1928.5,0.0,5499,501,1,,,
1929.0,0.0,5501,501,1,,,
1929.5,0.0,5502,501,1,,,
1930.0,0.0,5504,501,1,,,
1930.5,0.0,5505,499,1,,,
1931.0,0.0,5507,499,1,,,
1931.5,0.0,5508,498,1,,,
1932.0,0.0,5510,498,1,,,
1932.5,0.0,5511,496,1,,,
1933.0,0.0,5513,496,1,,,
1933.5,0.0,5514,496,1,,,
1934.0,0.0,5516,496,1,,,
1934.5,0.0,5517,497,1,,,
1935.0,0.0,5519,497,1,,,
1935.5,0.0,5520,497,1,,,
1936.0,0.0,5522,497,1,,,
1936.5,0.0,5523,498,1,,,
1937.0,0.0,5525,498,1,,,
1937.5,0.0,5526,499,1,,,
1938.0,0.0,5528,499,1,,,
1938.5,0.0,5529,498,1,,,
1939.0,0.0,5531,498,1,,,
1939.5,0.0,5532,497,1,,,
1940.0,0.0,5534,497,1,,,
1940.5,0.0,5535,496,1,,,
1941.0,0.0,5537,496,1,,,
1941.5,0.0,5538,493,1,,,
1942.0,0.0,5540,493,1,,,
1942.5,0.0,5541,492,1,,,
1943.0,0.0,5543,492,1,,,
1943.5,0.0,5544,493,1,,,
1944.0,0.0,5546,493,1,,,
1944.5,0.0,5547,493,1,,,
1945.0,0.0,5549,493,1,,,
1945.5,0.0,5550,496,1,,,
1946.0,0.0,5552,496,1,,,
1946.5,0.0,5553,497,1,,,
1947.0,0.0,5555,497,1,,,
1947.5,0.0,5556,497,1,,,
1948.0,0.0,5558,497,1,,,
1948.5,0.0,5559,496,1,,,
1949.0,0.0,5561,496,1,,,
1949.5,0.0,5562,496,1,,,
1950.0,0.0,5564,496,1,,,
1950.5,0.0,5565,493,1,,,
1951.0,0.0,5567,493,1,,,
1951.5,0.0,5568,493,1,,,
1952.0,0.0,5570,493,1,,,
1952.5,0.0,5571,493,1,,,
1953.0,0.0,5573,493,1,,,
1953.5,0.0,5574,495,1,,,
1954.0,0.0,5576,495,1,,,
1954.5,0.0,5577,496,1,,,
1955.0,0.0,5579,496,1,,,
1955.5,0.0,5580,497,1,,,
1956.0,0.0,5582,497,1,,,
1956.5,0.0,5583,498,1,,,
1957.0,0.0,5585,498,1,,,
1957.5,0.0,5586,498,1,,,
1958.0,0.0,5588,498,1,,,
1958.5,0.0,5589,498,1,,,
1959.0,0.0,5591,498,1,,,
1959.5,0.0,5592,497,1,,,
1960.0,0.0,5594,497,1,,,
1960.5,0.0,5595,497,1,,,
1961.0,0.0,5597,497,1,,,
1961.5,0.0,5598,497,1,,,
1962.0,0.0,5600,497,1,,,
1962.5,0.0,5601,498,1,,,
1963.0,0.0,5603,498,1,,,
1963.5,0.0,5604,499,1,,,
1964.0,0.0,5606,499,1,,,
1964.5,0.0,5607,501,1,,,
1965.0,0.0,5609,501,1,,,
1965.5,0.0,5610,503,1,,,
1966.0,0.0,5612,503,1,,,
1966.5,0.0,5613,503,1,,,
1967.0,0.0,5615,503,1,,,
1967.5,0.0,5616,503,1,,,
1968.0,0.0,5618,503,1,,,
1968.5,0.0,5619,503,1,,,
1969.0,0.0,5621,503,1,,,
1969.5,0.0,5622,502,1,,,
1970.0,0.0,5624,502,1,,,
1970.5,0.0,5625,502,1,,,
1971.0,0.0,5627,502,1,,,
1971.5,0.0,5628,502,1,,,
1972.0,0.0,5630,502,1,,,
1972.5,0.0,5632,502,1,,,
1973.0,0.0,5633,502,1,,,
1973.5,0.0,5635,503,1,,,
1974.0,0.0,5636,503,1,,,
1974.5,0.0,5638,505,1,,,
1975.0,0.0,5639,505,1,,,
1975.5,0.0,5641,504,1,,,
1976.0,0.0,5642,504,1,,,
1976.5,0.0,5644,504,1,,,
1977.0,0.0,5645,504,1,,,
1977.5,0.0,5647,504,1,,,
1978.0,0.0,5648,504,1,,,
1978.5,0.0,5650,503,1,,,
1979.0,0.0,5651,503,1,,,
1979.5,0.0,5653,502,1,,,
1980.0,0.0,5654,502,1,,,
1980.5,0.0,5656,502,1,,,
1981.0,0.0,5657,502,1,,,
1981.5,0.0,5659,503,1,,,
1982.0,0.0,5660,503,1,,,
1982.5,0.0,5662,504,1,,,
1983.0,0.0,5663,504,1,,,
1983.5,0.0,5665,505,1,,,
1984.0,0.0,5667,505,1,,,
1984.5,0.0,5668,507,1,,,
1985.0,0.0,5670,507,1,,,
1985.5,0.0,5671,507,1,,,
1986.0,0.0,5673,507,1,,,
1986.5,0.0,5674,507,1,,,
1987.0,0.0,5676,507,1,,,
1987.5,0.0,5677,504,1,,,
1988.0,0.0,5679,504,1,,,
1988.5,0.0,5680,503,1,,,
1989.0,0.0,5682,503,1,,,
1989.5,0.0,5683,503,1,,,
1990.0,0.0,5685,503,1,,,
1990.5,0.0,5686,504,1,,,
1991.0,0.0,5688,504,1,,,
1991.5,0.0,5689,504,1,,,
1992.0,0.0,5691,504,1,,,
1992.5,0.0,5692,507,1,,,
1993.0,0.0,5694,507,1,,,
1993.5,0.0,5695,508,1,,,
1994.0,0.0,5697,508,1,,,
1994.5,0.0,5699,508,1,,,
1995.0,0.0,5700,508,1,,,
1995.5,0.0,5702,508,1,,,
1996.0,0.0,5703,508,1,,,
1996.5,0.0,5705,507,1,,,
1997.0,0.0,5706,507,1,,,
1997.5,0.0,5708,505,1,,,
1998.0,0.0,5709,505,1,,,
1998.5,0.0,5711,504,1,,,
1999.0,0.0,5712,504,1,,,
1999.5,0.0,5714,504,1,,,
2000.0,0.0,5715,504,1,,,
2000.5,0.0,5717,504,1,,,
2001.0,0.0,5718,504,1,,,
2001.5,0.0,5720,507,1,,,
2002.0,0.0,5721,507,1,,,
2002.5,0.0,5723,508,1,,,
2003.0,0.0,5725,508,1,,,
2003.5,0.0,5726,509,1,,,
2004.0,0.0,5728,509,1,,,
2004.5,0.0,5729,509,1,,,
2005.0,0.0,5731,509,1,,,
2005.5,0.0,5732,509,1,,,
2006.0,0.0,5734,509,1,,,
2006.5,0.0,5735,507,1,,,
2007.0,0.0,5737,507,1,,,
2007.5,0.0,5738,505,1,,,
2008.0,0.0,5740,505,1,,,
2008.5,0.0,5741,505,1,,,
2009.0,0.0,5743,505,1,,,
2009.5,0.0,5744,505,1,,,
2010.0,0.0,5746,505,1,,,
2010.5,0.0,5747,505,1,,,
2011.0,0.0,5749,505,1,,,
2011.5,0.0,5750,507,1,,,
2012.0,0.0,5752,507,1,,,
2012.5,0.0,5753,508,1,,,
2013.0,0.0,5755,508,1,,,
2013.5,0.0,5757,508,1,,,
2014.0,0.0,5758,508,1,,,
2014.5,0.0,5760,507,1,,,
2015.0,0.0,5761,507,1,,,
2015.5,0.0,5763,505,1,,,
2016.0,0.0,5764,505,1,,,
2016.5,0.0,5766,503,1,,,
2017.0,0.0,5767,503,1,,,
2017.5,0.0,5769,503,1,,,
2018.0,0.0,5770,503,1,,,
2018.5,0.0,5772,503,1,,,
2019.0,0.0,5773,503,1,,,
2019.5,0.0,5775,503,1,,,
2020.0,0.0,5776,503,1,,,
2020.5,0.0,5778,504,1,,,
2021.0,0.0,5779,504,1,,,
2021.5,0.0,5781,507,1,,,
2022.0,0.0,5782,507,1,,,
2022.5,0.0,5784,507,1,,,
2023.0,0.0,5785,507,1,,,
2023.5,0.0,5787,505,1,,,
2024.0,0.0,5788,505,1,,,
2024.5,0.0,5790,505,1,,,
2025.0,0.0,5791,505,1,,,
2025.5,0.0,5793,503,1,,,
2026.0,0.0,5795,503,1,,,
2026.5,0.0,5796,503,1,,,
2027.0,0.0,5798,503,1,,,
2027.5,0.0,5799,502,1,,,
2028.0,0.0,5801,502,1,,,
2028.5,0.0,5802,503,1,,,
2029.0,0.0,5804,503,1,,,
2029.5,0.0,5805,504,1,,,
2030.0,0.0,5807,504,1,,,
2030.5,0.0,5808,505,1,,,
2031.0,0.0,5810,505,1,,,
2031.5,0.0,5811,505,1,,,
2032.0,0.0,5813,505,1,,,
2032.5,0.0,5814,507,1,,,
2033.0,0.0,5816,507,1,,,
2033.5,0.0,5817,504,1,,,
2034.0,0.0,5819,504,1,,,
2034.5,0.0,5820,503,1,,,
2035.0,0.0,5822,503,1,,,
2035.5,0.0,5823,503,1,,,
2036.0,0.0,5825,503,1,,,
2036.5,0.0,5826,502,1,,,
2037.0,0.0,5828,502,1,,,
2037.5,0.0,5829,501,1,,,
2038.0,0.0,5831,501,1,,,
2038.5,0.0,5832,503,1,,,
2039.0,0.0,5834,503,1,,,
2039.5,0.0,5836,504,1,,,
2040.0,0.0,5837,504,1,,,
2040.5,0.0,5839,504,1,,,
2041.0,0.0,5840,504,1,,,
2041.5,0.0,5842,504,1,,,
2042.0,0.0,5843,504,1,,,
2042.5,0.0,5845,504,1,,,
2043.0,0.0,5846,504,1,,,
2043.5,0.0,5848,502,1,,,
2044.0,0.0,5849,502,1,,,
2044.5,0.0,5851,499,1,,,
2045.0,0.0,5852,499,1,,,
2045.5,0.0,5854,499,1,,,
2046.0,0.0,5855,499,1,,,
2046.5,0.0,5857,499,1,,,
2047.0,0.0,5858,499,1,,,
2047.5,0.0,5860,499,1,,,
2048.0,0.0,5861,499,1,,,
2048.5,0.0,5863,501,1,,,
2049.0,0.0,5864,501,1,,,
2049.5,0.0,5866,502,1,,,
2050.0,0.0,5867,502,1,,,
2050.5,0.0,5869,502,1,,,
2051.0,0.0,5870,502,1,,,
2051.5,0.0,5872,501,1,,,
2052.0,0.0,5873,501,1,,,
2052.5,0.0,5875,499,1,,,
2053.0,0.0,5876,499,1,,,
2053.5,0.0,5878,498,1,,,
2054.0,0.0,5879,498,1,,,
2054.5,0.0,5881,497,1,,,
2055.0,0.0,5882,497,1,,,
2055.5,0.0,5884,496,1,,,
2056.0,0.0,5885,496,1,,,
2056.5,0.0,5887,496,1,,,
2057.0,0.0,5888,496,1,,,
2057.5,0.0,5890,497,1,,,
2058.0,0.0,5891,497,1,,,
2058.5,0.0,5893,498,1,,,
2059.0,0.0,5894,498,1,,,
2059.5,0.0,5896,498,1,,,
2060.0,0.0,5897,498,1,,,
2060.5,0.0,5899,499,1,,,
2061.0,0.0,5900,499,1,,,
2061.5,0.0,5902,498,1,,,
2062.0,0.0,5903,498,1,,,
2062.5,0.0,5905,497,1,,,
2063.0,0.0,5906,497,1,,,
2063.5,0.0,5908,495,1,,,
2064.0,0.0,5909,495,1,,,
2064.5,0.0,5911,495,1,,,
2065.0,0.0,5912,495,1,,,
2065.5,0.0,5914,493,1,,,
2066.0,0.0,5915,493,1,,,
2066.5,0.0,5917,495,1,,,
2067.0,0.0,5918,495,1,,,
2067.5,0.0,5920,495,1,,,
2068.0,0.0,5921,495,1,,,
2068.5,0.0,5923,497,1,,,
2069.0,0.0,5924,497,1,,,
2069.5,0.0,5926,496,1,,,
2070.0,0.0,5927,496,1,,,
2070.5,0.0,5929,496,1,,,
2071.0,0.0,5930,496,1,,,
2071.5,0.0,5932,495,1,,,
2072.0,0.0,5933,495,1,,,
2072.5,0.0,5934,493,1,,,
2073.0,0.0,5936,493,1,,,
2073.5,0.0,5937,491,1,,,
2074.0,0.0,5939,491,1,,,
2074.5,0.0,5940,492,1,,,
2075.0,0.0,5942,492,1,,,
2075.5,0.0,5943,491,1,,,
2076.0,0.0,5945,491,1,,,
2076.5,0.0,5946,492,1,,,
2077.0,0.0,5948,492,1,,,
2077.5,0.0,5949,493,1,,,
2078.0,0.0,5951,493,1,,,
2078.5,0.0,5952,495,1,,,
2079.0,0.0,5954,495,1,,,
2079.5,0.0,5955,495,1,,,
2080.0,0.0,5957,495,1,,,
2080.5,0.0,5958,495,1,,,
2081.0,0.0,5960,495,1,,,
2081.5,0.0,5961,493,1,,,
2082.0,0.0,5963,493,1,,,
2082.5,0.0,5964,492,1,,,
2083.0,0.0,5966,492,1,,,
2083.5,0.0,5967,492,1,,,
2084.0,0.0,5969,492,1,,,
2084.5,0.0,5970,492,1,,,
2085.0,0.0,5972,492,1,,,
2085.5,0.0,5973,492,1,,,
2086.0,0.0,5975,492,1,,,
2086.5,0.0,5976,495,1,,,
2087.0,0.0,5978,495,1,,,
2087.5,0.0,5979,496,1,,,
2088.0,0.0,5981,496,1,,,
2088.5,0.0,5982,496,1,,,
2089.0,0.0,5984,496,1,,,
2089.5,0.0,5985,496,1,,,
2090.0,0.0,5987,496,1,,,
2090.5,0.0,5988,496,1,,,
2091.0,0.0,5990,496,1,,,
2091.5,0.0,5991,493,1,,,
2092.0,0.0,5993,493,1,,,
2092.5,0.0,5994,493,1,,,
2093.0,0.0,5996,493,1,,,
2093.5,0.0,5997,493,1,,,
2094.0,0.0,5999,493,1,,,
2094.5,0.0,6000,493,1,,,
2095.0,0.0,6002,493,1,,,
2095.5,0.0,6003,496,1,,,
2096.0,0.0,6005,496,1,,,
2096.5,0.0,6006,498,1,,,
2097.0,0.0,6008,498,1,,,
2097.5,0.0,6009,499,1,,,
2098.0,0.0,6011,499,1,,,
2098.5,0.0,6012,501,1,,,
2099.0,0.0,6014,501,1,,,
2099.5,0.0,6015,502,1,,,
2100.0,0.0,6017,502,1,,,
2100.5,0.0,6018,501,1,,,
2101.0,0.0,6020,501,1,,,
2101.5,0.0,6021,499,1,,,
2102.0,0.0,6023,499,1,,,
2102.5,0.0,6024,499,1,,,
2103.0,0.0,6026,499,1,,,
2103.5,0.0,6027,499,1,,,
2104.0,0.0,6029,499,1,,,
2104.5,0.0,6030,501,1,,,
2105.0,0.0,6032,501,1,,,
2105.5,0.0,6033,502,1,,,
2106.0,0.0,6035,502,1,,,
2106.5,0.0,6036,504,1,,,
2107.0,0.0,6038,504,1,,,
2107.5,0.0,6039,505,1,,,
2108.0,0.0,6041,505,1,,,
2108.5,0.0,6042,505,1,,,
2109.0,0.0,6044,505,1,,,
2109.5,0.0,6045,504,1,,,
2110.0,0.0,6047,504,1,,,
2110.5,0.0,6048,503,1,,,
2111.0,0.0,6050,503,1,,,
2111.5,0.0,6052,503,1,,,
2112.0,0.0,6053,503,1,,,
2112.5,0.0,6055,502,1,,,
2113.0,0.0,6056,502,1,,,
2113.5,0.0,6058,503,1,,,
2114.0,0.0,6059,503,1,,,
2114.5,0.0,6061,504,1,,,
2115.0,0.0,6062,504,1,,,
2115.5,0.0,6064,507,1,,,
2116.0,0.0,6065,507,1,,,
2116.5,0.0,6067,507,1,,,
2117.0,0.0,6068,507,1,,,
2117.5,0.0,6070,508,1,,,
2118.0,0.0,6071,508,1,,,
2118.5,0.0,6073,507,1,,,
2119.0,0.0,6074,507,1,,,
2119.5,0.0,6076,505,1,,,
2120.0,0.0,6077,505,1,,,
2120.5,0.0,6079,504,1,,,
2121.0,0.0,6081,504,1,,,
2121.5,0.0,6082,504,1,,,
2122.0,0.0,6084,504,1,,,
2122.5,0.0,6085,504,1,,,
2123.0,0.0,6087,504,1,,,
2123.5,0.0,6088,505,1,,,
2124.0,0.0,6090,505,1,,,
2124.5,0.0,6091,508,1,,,
2125.0,0.0,6093,508,1,,,
2125.5,0.0,6094,509,1,,,
2126.0,0.0,6096,509,1,,,
2126.5,0.0,6097,509,1,,,
2127.0,0.0,6099,509,1,,,
2127.5,0.0,6100,509,1,,,
2128.0,0.0,6102,509,1,,,
2128.5,0.0,6103,508,1,,,
2129.0,0.0,6105,508,1,,,
2129.5,0.0,6106,505,1,,,
2130.0,0.0,6108,505,1,,,
2130.5,0.0,6110,505,1,,,
2131.0,0.0,6111,505,1,,,
2131.5,0.0,6113,505,1,,,
2132.0,0.0,6114,505,1,,,
2132.5,0.0,6116,507,1,,,
2133.0,0.0,6117,507,1,,,
2133.5,0.0,6119,508,1,,,
2134.0,0.0,6120,508,1,,,
2134.5,0.0,6122,510,1,,,
2135.0,0.0,6123,510,1,,,
2135.5,0.0,6125,510,1,,,
2136.0,0.0,6126,510,1,,,
2136.5,0.0,6128,510,1,,,
2137.0,0.0,6129,510,1,,,
2137.5,0.0,6131,509,1,,,
2138.0,0.0,6133,509,1,,,
2138.5,0.0,6134,508,1,,,
2139.0,0.0,6136,508,1,,,
2139.5,0.0,6137,508,1,,,
2140.0,0.0,6139,508,1,,,
2140.5,0.0,6140,508,1,,,
2141.0,0.0,6142,508,1,,,
2141.5,0.0,6143,509,1,,,
2142.0,0.0,6145,509,1,,,
2142.5,0.0,6146,509,1,,,
2143.0,0.0,6148,509,1,,,
2143.5,0.0,6150,512,1,,,
2144.0,0.0,6151,512,1,,,
2144.5,0.0,6153,512,1,,,
2145.0,0.0,6154,512,1,,,
2145.5,0.0,6156,512,1,,,
2146.0,0.0,6157,512,1,,,
2146.5,0.0,6159,511,1,,,
2147.0,0.0,6160,511,1,,,
2147.5,0.0,6162,511,1,,,
2148.0,0.0,6163,511,1,,,
2148.5,0.0,6165,508,1,,,
2149.0,0.0,6166,508,1,,,
2149.5,0.0,6168,508,1,,,
2150.0,0.0,6170,508,1,,,
2150.5,0.0,6171,508,1,,,
2151.0,0.0,6173,508,1,,,
2151.5,0.0,6174,509,1,,,
2152.0,0.0,6176,509,1,,,
2152.5,0.0,6177,510,1,,,
2153.0,0.0,6179,510,1,,,
2153.5,0.0,6180,512,1,,,
2154.0,0.0,6182,512,1,,,
2154.5,0.0,6183,511,1,,,
2155.0,0.0,6185,511,1,,,
2155.5,0.0,6186,511,1,,,
2156.0,0.0,6188,511,1,,,
2156.5,0.0,6189,510,1,,,
2157.0,0.0,6191,510,1,,,
2157.5,0.0,6192,508,1,,,
2158.0,0.0,6194,508,1,,,
2158.5,0.0,6196,507,1,,,
2159.0,0.0,6197,507,1,,,
2159.5,0.0,6199,507,1,,,
2160.0,0.0,6200,507,1,,,
2160.5,0.0,6202,507,1,,,
2161.0,0.0,6203,507,1,,,
2161.5,0.0,6205,507,1,,,
2162.0,0.0,6206,507,1,,,
2162.5,0.0,6208,509,1,,,
2163.0,0.0,6209,509,1,,,
2163.5,0.0,6211,509,1,,,
2164.0,0.0,6212,509,1,,,
2164.5,0.0,6214,508,1,,,
2165.0,0.0,6215,508,1,,,
2165.5,0.0,6217,508,1,,,
2166.0,0.0,6218,508,1,,,
2166.5,0.0,6220,505,1,,,
2167.0,0.0,6221,505,1,,,
2167.5,0.0,6223,503,1,,,
2168.0,0.0,6225,503,1,,,
2168.5,0.0,6226,503,1,,,
2169.0,0.0,6228,503,1,,,
2169.5,0.0,6229,504,1,,,
2170.0,0.0,6231,504,1,,,
2170.5,0.0,6232,504,1,,,
2171.0,0.0,6234,504,1,,,
2171.5,0.0,6235,505,1,,,
2172.0,0.0,6237,505,1,,,
2172.5,0.0,6238,507,1,,,
2173.0,0.0,6240,507,1,,,
2173.5,0.0,6241,505,1,,,
2174.0,0.0,6243,505,1,,,
2174.5,0.0,6244,504,1,,,
2175.0,0.0,6246,504,1,,,
2175.5,0.0,6247,503,1,,,
2176.0,0.0,6249,503,1,,,
2176.5,0.0,6250,502,1,,,
2177.0,0.0,6252,502,1,,,
2177.5,0.0,6253,501,1,,,
2178.0,0.0,6255,501,1,,,
2178.5,0.0,6256,501,1,,,
2179.0,0.0,6258,501,1,,,
2179.5,0.0,6259,501,1,,,
2180.0,0.0,6261,501,1,,,
2180.5,0.0,6262,501,1,,,
2181.0,0.0,6264,501,1,,,
2181.5,0.0,6265,502,1,,,
2182.0,0.0,6267,502,1,,,
2182.5,0.0,6268,502,1,,,
2183.0,0.0,6270,502,1,,,
2183.5,0.0,6271,501,1,,,
2184.0,0.0,6273,501,1,,,
2184.5,0.0,6274,499,1,,,
2185.0,0.0,6276,499,1,,,
2185.5,0.0,6277,497,1,,,
2186.0,0.0,6279,497,1,,,
2186.5,0.0,6280,496,1,,,
2187.0,0.0,6282,496,1,,,
2187.5,0.0,6283,496,1,,,
2188.0,0.0,6285,496,1,,,
2188.5,0.0,6286,496,1,,,
2189.0,0.0,6288,496,1,,,
2189.5,0.0,6289,496,1,,,
2190.0,0.0,6291,496,1,,,
2190.5,0.0,6292,498,1,,,
2191.0,0.0,6294,498,1,,,
2191.5,0.0,6295,498,1,,,
2192.0,0.0,6297,498,1,,,
2192.5,0.0,6298,497,1,,,
2193.0,0.0,6300,497,1,,,
2193.5,0.0,6301,497,1,,,
2194.0,0.0,6303,497,1,,,
2194.5,0.0,6304,496,1,,,
2195.0,0.0,6306,496,1,,,
2195.5,0.0,6307,493,1,,,
2196.0,0.0,6309,493,1,,,
2196.5,0.0,6310,493,1,,,
2197.0,0.0,6312,493,1,,,
2197.5,0.0,6313,493,1,,,
2198.0,0.0,6315,493,1,,,
2198.5,0.0,6316,493,1,,,
2199.0,0.0,6318,493,1,,,
2199.5,0.0,6319,496,1,,,
2200.0,0.0,6321,496,1,,,
2200.5,0.0,6322,498,1,,,
2201.0,0.0,6324,498,1,,,
2201.5,0.0,6325,498,1,,,
2202.0,0.0,6327,498,1,,,
2202.5,0.0,6328,498,1,,,
2203.0,0.0,6330,498,1,,,
2203.5,0.0,6331,497,1,,,
2204.0,0.0,6333,497,1,,,
2204.5,0.0,6334,495,1,,,
2205.0,0.0,6336,495,1,,,
2205.5,0.0,6337,495,1,,,
2206.0,0.0,6339,495,1,,,
2206.5,0.0,6340,493,1,,,
2207.0,0.0,6342,493,1,,,
2207.5,0.0,6343,493,1,,,
2208.0,0.0,6345,493,1,,,
2208.5,0.0,6346,496,1,,,
2209.0,0.0,6348,496,1,,,
2209.5,0.0,6349,498,1,,,
2210.0,0.0,6351,498,1,,,
2210.5,0.0,6352,497,1,,,
2211.0,0.0,6354,497,1,,,
2211.5,0.0,6355,498,1,,,
2212.0,0.0,6357,498,1,,,
2212.5,0.0,6358,498,1,,,
2213.0,0.0,6360,498,1,,,
2213.5,0.0,6361,496,1,,,
2214.0,0.0,6363,496,1,,,
2214.5,0.0,6364,493,1,,,
2215.0,0.0,6366,493,1,,,
2215.5,0.0,6367,495,1,,,
2216.0,0.0,6369,495,1,,,
2216.5,0.0,6370,495,1,,,
2217.0,0.0,6372,495,1,,,
2217.5,0.0,6373,496,1,,,
2218.0,0.0,6375,496,1,,,
2218.5,0.0,6376,498,1,,,
2219.0,0.0,6378,498,1,,,
2219.5,0.0,6379,501,1,,,
2220.0,0.0,6381,501,1,,,
2220.5,0.0,6382,499,1,,,
2221.0,0.0,6384,499,1,,,
2221.5,0.0,6385,499,1,,,
2222.0,0.0,6387,499,1,,,
2222.5,0.0,6388,498,1,,,
2223.0,0.0,6390,498,1,,,
2223.5,0.0,6391,497,1,,,
2224.0,0.0,6393,497,1,,,
2224.5,0.0,6394,496,1,,,
2225.0,0.0,6396,496,1,,,
2225.5,0.0,6397,497,1,,,
2226.0,0.0,6399,497,1,,,
2226.5,0.0,6400,498,1,,,
2227.0,0.0,6402,498,1,,,
2227.5,0.0,6403,499,1,,,
2228.0,0.0,6405,499,1,,,
2228.5,0.0,6406,501,1,,,
2229.0,0.0,6408,501,1,,,
2229.5,0.0,6409,503,1,,,
2230.0,0.0,6411,503,1,,,
2230.5,0.0,6412,503,1,,,
2231.0,0.0,6414,503,1,,,
2231.5,0.0,6415,502,1,,,
2232.0,0.0,6417,502,1,,,
2232.5,0.0,6418,501,1,,,
2233.0,0.0,6420,501,1,,,
2233.5,0.0,6421,501,1,,,
2234.0,0.0,6423,501,1,,,
2234.5,0.0,6424,501,1,,,
2235.0,0.0,6426,501,1,,,
2235.5,0.0,6428,501,1,,,
2236.0,0.0,6429,501,1,,,
2236.5,0.0,6431,503,1,,,
2237.0,0.0,6432,503,1,,,
2237.5,0.0,6434,505,1,,,
2238.0,0.0,6435,505,1,,,
2238.5,0.0,6437,507,1,,,
2239.0,0.0,6438,507,1,,,
2239.5,0.0,6440,507,1,,,
2240.0,0.0,6441,507,1,,,
2240.5,0.0,6443,508,1,,,
2241.0,0.0,6444,508,1,,,
2241.5,0.0,6446,507,1,,,
2242.0,0.0,6447,507,1,,,
2242.5,0.0,6449,505,1,,,
2243.0,0.0,6450,505,1,,,
2243.5,0.0,6452,505,1,,,
2244.0,0.0,6453,505,1,,,
2244.5,0.0,6455,505,1,,,
2245.0,0.0,6456,505,1,,,
2245.5,0.0,6458,504,1,,,
2246.0,0.0,6460,504,1,,,
2246.5,0.0,6461,507,1,,,
2247.0,0.0,6463,507,1,,,
2247.5,0.0,6464,508,1,,,
2248.0,0.0,6466,508,1,,,
2248.5,0.0,6467,509,1,,,
2249.0,0.0,6469,509,1,,,
2249.5,0.0,6470,508,1,,,
2250.0,0.0,6472,508,1,,,
2250.5,0.0,6473,509,1,,,
2251.0,0.0,6475,509,1,,,
2251.5,0.0,6476,507,1,,,
2252.0,0.0,6478,507,1,,,
2252.5,0.0,6479,505,1,,,
2253.0,0.0,6481,505,1,,,
2253.5,0.0,6482,505,1,,,
2254.0,0.0,6484,505,1,,,
2254.5,0.0,6486,507,1,,,
2255.0,0.0,6487,507,1,,,
2255.5,0.0,6489,508,1,,,
2256.0,0.0,6490,508,1,,,
2256.5,0.0,6492,509,1,,,
2257.0,0.0,6493,509,1,,,
2257.5,0.0,6495,510,1,,,
2258.0,0.0,6496,510,1,,,
2258.5,0.0,6498,509,1,,,
2259.0,0.0,6499,509,1,,,
2259.5,0.0,6501,509,1,,,
2260.0,0.0,6502,509,1,,,
2260.5,0.0,6504,507,1,,,
2261.0,0.0,6505,507,1,,,
2261.5,0.0,6507,507,1,,,
2262.0,0.0,6509,507,1,,,
2262.5,0.0,6510,507,1,,,
2263.0,0.0,6512,507,1,,,
2263.5,0.0,6513,507,1,,,
2264.0,0.0,6515,507,1,,,
2264.5,0.0,6516,508,1,,,
2265.0,0.0,6518,508,1,,,
2265.5,0.0,6519,509,1,,,
2266.0,0.0,6521,509,1,,,
2266.5,0.0,6522,510,1,,,
2267.0,0.0,6524,510,1,,,
2267.5,0.0,6525,511,1,,,
2268.0,0.0,6527,511,1,,,
2268.5,0.0,6528,510,1,,,
2269.0,0.0,6530,510,1,,,
2269.5,0.0,6532,509,1,,,
2270.0,0.0,6533,509,1,,,
2270.5,0.0,6535,509,1,,,
2271.0,0.0,6536,509,1,,,
2271.5,0.0,6538,508,1,,,
2272.0,0.0,6539,508,1,,,
2272.5,0.0,6541,507,1,,,
2273.0,0.0,6542,507,1,,,
2273.5,0.0,6544,509,1,,,
2274.0,0.0,6545,509,1,,,
2274.5,0.0,6547,509,1,,,
2275.0,0.0,6548,509,1,,,
2275.5,0.0,6550,510,1,,,
2276.0,0.0,6552,510,1,,,
2276.5,0.0,6553,511,1,,,
2277.0,0.0,6555,511,1,,,
2277.5,0.0,6556,511,1,,,
2278.0,0.0,6558,511,1,,,
2278.5,0.0,6559,509,1,,,
2279.0,0.0,6561,509,1,,,
2279.5,0.0,6562,509,1,,,
2280.0,0.0,6564,509,1,,,
2280.5,0.0,6565,508,1,,,
2281.0,0.0,6567,508,1,,,
2281.5,0.0,6568,507,1,,,
2282.0,0.0,6570,507,1,,,
2282.5,0.0,6571,507,1,,,
2283.0,0.0,6573,507,1,,,
2283.5,0.0,6575,509,1,,,
2284.0,0.0,6576,509,1,,,
2284.5,0.0,6578,509,1,,,
2285.0,0.0,6579,509,1,,,
2285.5,0.0,6581,510,1,,,
2286.0,0.0,6582,510,1,,,
2286.5,0.0,6584,510,1,,,
2287.0,0.0,6585,510,1,,,
2287.5,0.0,6587,509,1,,,
2288.0,0.0,6588,509,1,,,
2288.5,0.0,6590,508,1,,,
2289.0,0.0,6591,508,1,,,
2289.5,0.0,6593,507,1,,,
2290.0,0.0,6594,507,1,,,
2290.5,0.0,6596,505,1,,,
2291.0,0.0,6597,505,1,,,
2291.5,0.0,6599,505,1,,,
2292.0,0.0,6601,505,1,,,
2292.5,0.0,6602,507,1,,,
2293.0,0.0,6604,507,1,,,
2293.5,0.0,6605,508,1,,,
2294.0,0.0,6607,508,1,,,
2294.5,0.0,6608,509,1,,,
2295.0,0.0,6610,509,1,,,
2295.5,0.0,6611,508,1,,,
2296.0,0.0,6613,508,1,,,
2296.5,0.0,6614,507,1,,,
2297.0,0.0,6616,507,1,,,
2297.5,0.0,6617,505,1,,,
2298.0,0.0,6619,505,1,,,
2298.5,0.0,6620,503,1,,,
2299.0,0.0,6622,503,1,,,
2299.5,0.0,6623,502,1,,,
2300.0,0.0,6625,502,1,,,
2300.5,0.0,6626,502,1,,,
2301.0,0.0,6628,502,1,,,
2301.5,0.0,6629,502,1,,,
2302.0,0.0,6631,502,1,,,
2302.5,0.0,6632,502,1,,,
2303.0,0.0,6634,502,1,,,
2303.5,0.0,6635,503,1,,,
2304.0,0.0,6637,503,1,,,
2304.5,0.0,6638,503,1,,,
2305.0,0.0,6640,503,1,,,
2305.5,0.0,6641,502,1,,,
2306.0,0.0,6643,502,1,,,
2306.5,0.0,6644,501,1,,,
2307.0,0.0,6646,501,1,,,
2307.5,0.0,6647,498,1,,,
2308.0,0.0,6649,498,1,,,
2308.5,0.0,6650,497,1,,,
2309.0,0.0,6652,497,1,,,
2309.5,0.0,6653,496,1,,,
2310.0,0.0,6655,496,1,,,
2310.5,0.0,6656,497,1,,,
2311.0,0.0,6658,497,1,,,
2311.5,0.0,6659,497,1,,,
2312.0,0.0,6661,497,1,,,
2312.5,0.0,6662,499,1,,,
2313.0,0.0,6664,499,1,,,
2313.5,0.0,6665,499,1,,,
2314.0,0.0,6667,499,1,,,
2314.5,0.0,6668,498,1,,,
2315.0,0.0,6670,498,1,,,
2315.5,0.0,6671,497,1,,,
2316.0,0.0,6673,497,1,,,
2316.5,0.0,6674,497,1,,,
2317.0,0.0,6676,497,1,,,
2317.5,0.0,6677,495,1,,,
2318.0,0.0,6679,495,1,,,
2318.5,0.0,6680,495,1,,,
2319.0,0.0,6682,495,1,,,
2319.5,0.0,6683,496,1,,,
2320.0,0.0,6685,496,1,,,
2320.5,0.0,6686,496,1,,,
2321.0,0.0,6688,496,1,,,
2321.5,0.0,6689,497,1,,,
2322.0,0.0,6691,497,1,,,
2322.5,0.0,6692,499,1,,,
2323.0,0.0,6694,499,1,,,
2323.5,0.0,6695,498,1,,,
2324.0,0.0,6697,498,1,,,
2324.5,0.0,6698,499,1,,,
2325.0,0.0,6700,499,1,,,
2325.5,0.0,6701,498,1,,,
2326.0,0.0,6703,498,1,,,
2326.5,0.0,6704,497,1,,,
2327.0,0.0,6706,497,1,,,
2327.5,0.0,6707,496,1,,,
2328.0,0.0,6709,496,1,,,
2328.5,0.0,6710,496,1,,,
2329.0,0.0,6712,496,1,,,
2329.5,0.0,6713,496,1,,,
2330.0,0.0,6715,496,1,,,
2330.5,0.0,6716,498,1,,,
2331.0,0.0,6718,498,1,,,
2331.5,0.0,6719,499,1,,,
2332.0,0.0,6721,499,1,,,
2332.5,0.0,6722,501,1,,,
2333.0,0.0,6724,501,1,,,
2333.5,0.0,6725,501,1,,,
2334.0,0.0,6727,501,1,,,
2334.5,0.0,6728,499,1,,,
2335.0,0.0,6730,499,1,,,
2335.5,0.0,6731,498,1,,,
2336.0,0.0,6733,498,1,,,
2336.5,0.0,6734,497,1,,,
2337.0,0.0,6736,497,1,,,
2337.5,0.0,6737,497,1,,,
2338.0,0.0,6739,497,1,,,
2338.5,0.0,6740,497,1,,,
2339.0,0.0,6742,497,1,,,
2339.5,0.0,6743,498,1,,,
2340.0,0.0,6745,498,1,,,
2340.5,0.0,6746,499,1,,,
2341.0,0.0,6748,499,1,,,
2341.5,0.0,6750,501,1,,,
2342.0,0.0,6751,501,1,,,
2342.5,0.0,6753,499,1,,,
2343.0,0.0,6754,499,1,,,
2343.5,0.0,6756,501,1,,,
2344.0,0.0,6757,501,1,,,
2344.5,0.0,6759,499,1,,,
2345.0,0.0,6760,499,1,,,
2345.5,0.0,6762,498,1,,,
2346.0,0.0,6763,498,1,,,
2346.5,0.0,6765,497,1,,,
2347.0,0.0,6766,497,1,,,
2347.5,0.0,6768,498,1,,,
2348.0,0.0,6769,498,1,,,
2348.5,0.0,6771,498,1,,,
2349.0,0.0,6772,498,1,,,
2349.5,0.0,6774,499,1,,,
2350.0,0.0,6775,499,1,,,
2350.5,0.0,6777,501,1,,,
2351.0,0.0,6778,501,1,,,
2351.5,0.0,6780,503,1,,,
2352.0,0.0,6781,503,1,,,
2352.5,0.0,6783,503,1,,,
2353.0,0.0,6784,503,1,,,
2353.5,0.0,6786,502,1,,,
2354.0,0.0,6787,502,1,,,
2354.5,0.0,6789,501,1,,,
2355.0,0.0,6790,501,1,,,
2355.5,0.0,6792,501,1,,,
2356.0,0.0,6793,501,1,,,
2356.5,0.0,6795,499,1,,,
2357.0,0.0,6796,499,1,,,
2357.5,0.0,6798,499,1,,,
2358.0,0.0,6799,499,1,,,
2358.5,0.0,6801,502,1,,,
2359.0,0.0,6802,502,1,,,
2359.5,0.0,6804,503,1,,,
2360.0,0.0,6805,503,1,,,
2360.5,0.0,6807,504,1,,,
2361.0,0.0,6808,504,1,,,
2361.5,0.0,6810,504,1,,,
2362.0,0.0,6811,504,1,,,
2362.5,0.0,6813,504,1,,,
2363.0,0.0,6814,504,1,,,
2363.5,0.0,6816,502,1,,,
2364.0,0.0,6817,502,1,,,
2364.5,0.0,6819,502,1,,,
2365.0,0.0,6821,502,1,,,
2365.5,0.0,6822,501,1,,,
2366.0,0.0,6824,501,1,,,
2366.5,0.0,6825,501,1,,,
2367.0,0.0,6827,501,1,,,
2367.5,0.0,6828,502,1,,,
2368.0,0.0,6830,502,1,,,
2368.5,0.0,6831,504,1,,,
2369.0,0.0,6833,504,1,,,
2369.5,0.0,6834,505,1,,,
2370.0,0.0,6836,505,1,,,
2370.5,0.0,6837,507,1,,,
2371.0,0.0,6839,507,1,,,
2371.5,0.0,6840,507,1,,,
2372.0,0.0,6842,507,1,,,
2372.5,0.0,6843,504,1,,,
2373.0,0.0,6845,504,1,,,
2373.5,0.0,6846,503,1,,,
2374.0,0.0,6848,503,1,,,
2374.5,0.0,6849,503,1,,,
2375.0,0.0,6851,503,1,,,
2375.5,0.0,6852,502,1,,,
2376.0,0.0,6854,502,1,,,
2376.5,0.0,6856,503,1,,,
2377.0,0.0,6857,503,1,,,
2377.5,0.0,6859,505,1,,,
2378.0,0.0,6860,505,1,,,
2378.5,0.0,6862,507,1,,,
2379.0,0.0,6863,507,1,,,
2379.5,0.0,6865,507,1,,,
2380.0,0.0,6866,507,1,,,
2380.5,0.0,6868,508,1,,,
2381.0,0.0,6869,508,1,,,
2381.5,0.0,6871,507,1,,,
2382.0,0.0,6872,507,1,,,
2382.5,0.0,6874,505,1,,,
2383.0,0.0,6875,505,1,,,
2383.5,0.0,6877,505,1,,,
2384.0,0.0,6878,505,1,,,
2384.5,0.0,6880,505,1,,,
2385.0,0.0,6881,505,1,,,
2385.5,0.0,6883,505,1,,,
2386.0,0.0,6885,505,1,,,
2386.5,0.0,6886,507,1,,,
2387.0,0.0,6888,507,1,,,
2387.5,0.0,6889,508,1,,,
2388.0,0.0,6891,508,1,,,
2388.5,0.0,6892,508,1,,,
2389.0,0.0,6894,508,1,,,
2389.5,0.0,6895,508,1,,,
2390.0,0.0,6897,508,1,,,
2390.5,0.0,6898,508,1,,,
2391.0,0.0,6900,508,1,,,
2391.5,0.0,6901,507,1,,,
2392.0,0.0,6903,507,1,,,
2392.5,0.0,6904,505,1,,,
2393.0,0.0,6906,505,1,,,
2393.5,0.0,6907,505,1,,,
2394.0,0.0,6909,505,1,,,
2394.5,0.0,6910,504,1,,,
2395.0,0.0,6912,504,1,,,
2395.5,0.0,6914,504,1,,,
2396.0,0.0,6915,504,1,,,
2396.5,0.0,6917,507,1,,,
2397.0,0.0,6918,507,1,,,
2397.5,0.0,6920,508,1,,,
2398.0,0.0,6921,508,1,,,
2398.5,0.0,6923,508,1,,,
2399.0,0.0,6924,508,1,,,
2399.5,0.0,6926,508,1,,,
2400.0,0.0,6927,508,1,,,
2400.5,0.0,6929,507,1,,,
2401.0,0.0,6930,507,1,,,
2401.5,0.0,6932,504,1,,,
2402.0,0.0,6933,504,1,,,
2402.5,0.0,6935,503,1,,,
2403.0,0.0,6936,503,1,,,
2403.5,0.0,6938,502,1,,,
2404.0,0.0,6939,502,1,,,
2404.5,0.0,6941,502,1,,,
2405.0,0.0,6942,502,1,,,
2405.5,0.0,6944,503,1,,,
2406.0,0.0,6945,503,1,,,
2406.5,0.0,6947,504,1,,,
2407.0,0.0,6948,504,1,,,
2407.5,0.0,6950,504,1,,,
2408.0,0.0,6952,504,1,,,
2408.5,0.0,6953,504,1,,,
2409.0,0.0,6955,504,1,,,
2409.5,0.0,6956,504,1,,,
2410.0,0.0,6958,504,1,,,
2410.5,0.0,6959,502,1,,,
2411.0,0.0,6961,502,1,,,
2411.5,0.0,6962,499,1,,,
2412.0,0.0,6964,499,1,,,
2412.5,0.0,6965,499,1,,,
2413.0,0.0,6967,499,1,,,
2413.5,0.0,6968,499,1,,,
2414.0,0.0,6970,499,1,,,
2414.5,0.0,6971,498,1,,,
2415.0,0.0,6973,498,1,,,
2415.5,0.0,6974,501,1,,,
2416.0,0.0,6976,501,1,,,
2416.5,0.0,6977,502,1,,,
2417.0,0.0,6979,502,1,,,
2417.5,0.0,6980,501,1,,,
2418.0,0.0,6982,501,1,,,
2418.5,0.0,6983,501,1,,,
2419.0,0.0,6985,501,1,,,
2419.5,0.0,6986,501,1,,,
2420.0,0.0,6988,501,1,,,
2420.5,0.0,6989,497,1,,,
2421.0,0.0,6991,497,1,,,
2421.5,0.0,6992,497,1,,,
2422.0,0.0,6994,497,1,,,
2422.5,0.0,6995,497,1,,,
2423.0,0.0,6997,497,1,,,
2423.5,0.0,6998,496,1,,,
2424.0,0.0,7000,496,1,,,
2424.5,0.0,7001,497,1,,,
2425.0,0.0,7003,497,1,,,
2425.5,0.0,7004,498,1,,,
2426.0,0.0,7006,498,1,,,
2426.5,0.0,7007,498,1,,,
2427.0,0.0,7009,498,1,,,
2427.5,0.0,7010,498,1,,,
2428.0,0.0,7012,498,1,,,
2428.5,0.0,7013,498,1,,,
2429.0,0.0,7015,498,1,,,
2429.5,0.0,7016,497,1,,,
2430.0,0.0,7018,497,1,,,
2430.5,0.0,7019,496,1,,,
2431.0,0.0,7021,496,1,,,
2431.5,0.0,7022,495,1,,,
2432.0,0.0,7024,495,1,,,
2432.5,0.0,7025,495,1,,,
2433.0,0.0,7027,495,1,,,
2433.5,0.0,7028,495,1,,,
2434.0,0.0,7030,495,1,,,
2434.5,0.0,7031,496,1,,,
2435.0,0.0,7033,496,1,,,
2435.5,0.0,7034,498,1,,,
2436.0,0.0,7036,498,1,,,
2436.5,0.0,7037,498,1,,,
2437.0,0.0,7039,498,1,,,
2437.5,0.0,7040,498,1,,,
2438.0,0.0,7042,498,1,,,
2438.5,0.0,7043,497,1,,,
2439.0,0.0,7045,497,1,,,
2439.5,0.0,7046,496,1,,,
2440.0,0.0,7048,496,1,,,
2440.5,0.0,7049,493,1,,,
2441.0,0.0,7051,493,1,,,
2441.5,0.0,7052,493,1,,,
2442.0,0.0,7054,493,1,,,
2442.5,0.0,7055,495,1,,,
2443.0,0.0,7057,495,1,,,
2443.5,0.0,7058,496,1,,,
2444.0,0.0,7060,496,1,,,
2444.5,0.0,7061,496,1,,,
2445.0,0.0,7062,496,1,,,
2445.5,0.0,7064,497,1,,,
2446.0,0.0,7065,497,1,,,
2446.5,0.0,7067,497,1,,,
2447.0,0.0,7068,497,1,,,
2447.5,0.0,7070,496,1,,,
2448.0,0.0,7071,496,1,,,
2448.5,0.0,7073,495,1,,,
2449.0,0.0,7074,495,1,,,
2449.5,0.0,7076,493,1,,,
2450.0,0.0,7077,493,1,,,
2450.5,0.0,7079,493,1,,,
2451.0,0.0,7080,493,1,,,
2451.5,0.0,7082,495,1,,,
2452.0,0.0,7083,495,1,,,
2452.5,0.0,7085,495,1,,,
2453.0,0.0,7086,495,1,,,
2453.5,0.0,7088,497,1,,,
2454.0,0.0,7089,497,1,,,
2454.5,0.0,7091,498,1,,,
2455.0,0.0,7092,498,1,,,
2455.5,0.0,7094,499,1,,,
2456.0,0.0,7095,499,1,,,
2456.5,0.0,7097,498,1,,,
2457.0,0.0,7098,498,1,,,
2457.5,0.0,7100,498,1,,,
2458.0,0.0,7101,498,1,,,
2458.5,0.0,7103,497,1,,,
2459.0,0.0,7104,497,1,,,
2459.5,0.0,7106,497,1,,,
2460.0,0.0,7107,497,1,,,
2460.5,0.0,7109,497,1,,,
2461.0,0.0,7110,497,1,,,
2461.5,0.0,7112,498,1,,,
2462.0,0.0,7114,498,1,,,
2462.5,0.0,7115,499,1,,,
2463.0,0.0,7117,499,1,,,
2463.5,0.0,7118,502,1,,,
2464.0,0.0,7120,502,1,,,
2464.5,0.0,7121,504,1,,,
2465.0,0.0,7123,504,1,,,
2465.5,0.0,7124,503,1,,,
2466.0,0.0,7126,503,1,,,
2466.5,0.0,7127,503,1,,,
2467.0,0.0,7129,503,1,,,
2467.5,0.0,7130,503,1,,,
2468.0,0.0,7132,503,1,,,
2468.5,0.0,7133,502,1,,,
2469.0,0.0,7135,502,1,,,
2469.5,0.0,7136,501,1,,,
2470.0,0.0,7138,501,1,,,
2470.5,0.0,7139,503,1,,,
2471.0,0.0,7141,503,1,,,
2471.5,0.0,7142,504,1,,,
2472.0,0.0,7144,504,1,,,
2472.5,0.0,7145,507,1,,,
2473.0,0.0,7147,507,1,,,
2473.5,0.0,7149,508,1,,,
2474.0,0.0,7150,508,1,,,
2474.5,0.0,7152,509,1,,,
2475.0,0.0,7153,509,1,,,
2475.5,0.0,7155,508,1,,,
2476.0,0.0,7156,508,1,,,
2476.5,0.0,7158,507,1,,,
2477.0,0.0,7159,507,1,,,
2477.5,0.0,7161,504,1,,,
2478.0,0.0,7162,504,1,,,
2478.5,0.0,7164,504,1,,,
2479.0,0.0,7165,504,1,,,
2479.5,0.0,7167,504,1,,,
2480.0,0.0,7168,504,1,,,
2480.5,0.0,7170,505,1,,,
2481.0,0.0,7171,505,1,,,
2481.5,0.0,7173,507,1,,,
2482.0,0.0,7174,507,1,,,
2482.5,0.0,7176,508,1,,,
2483.0,0.0,7178,508,1,,,
2483.5,0.0,7179,508,1,,,
2484.0,0.0,7181,508,1,,,
2484.5,0.0,7182,508,1,,,
2485.0,0.0,7184,508,1,,,
2485.5,0.0,7185,507,1,,,
2486.0,0.0,7187,507,1,,,
2486.5,0.0,7188,505,1,,,
2487.0,0.0,7190,505,1,,,
2487.5,0.0,7191,504,1,,,
2488.0,0.0,7193,504,1,,,
2488.5,0.0,7194,504,1,,,
2489.0,0.0,7196,504,1,,,
2489.5,0.0,7197,504,1,,,
2490.0,0.0,7199,504,1,,,
2490.5,0.0,7200,504,1,,,
2491.0,0.0,7202,504,1,,,
2491.5,0.0,7203,507,1,,,
2492.0,0.0,7205,507,1,,,
2492.5,0.0,7206,508,1,,,
2493.0,0.0,7208,508,1,,,
2493.5,0.0,7209,508,1,,,
2494.0,0.0,7211,508,1,,,
2494.5,0.0,7213,507,1,,,
2495.0,0.0,7214,507,1,,,
2495.5,0.0,7216,507,1,,,
2496.0,0.0,7217,507,1,,,
2496.5,0.0,7219,504,1,,,
2497.0,0.0,7220,504,1,,,
2497.5,0.0,7222,504,1,,,
2498.0,0.0,7223,504,1,,,
2498.5,0.0,7225,504,1,,,
2499.0,0.0,7226,504,1,,,
2499.5,0.0,7228,505,1,,,
2500.0,0.0,7229,505,1,,,
2500.5,0.0,7231,508,1,,,
2501.0,0.0,7232,508,1,,,
2501.5,0.0,7234,509,1,,,
2502.0,0.0,7235,509,1,,,
2502.5,0.0,7237,509,1,,,
2503.0,0.0,7239,509,1,,,
2503.5,0.0,7240,509,1,,,
2504.0,0.0,7242,509,1,,,
2504.5,0.0,7243,508,1,,,
2505.0,0.0,7245,508,1,,,
2505.5,0.0,7246,505,1,,,
2506.0,0.0,7248,505,1,,,
2506.5,0.0,7249,505,1,,,
2507.0,0.0,7251,505,1,,,
2507.5,0.0,7252,505,1,,,
2508.0,0.0,7254,505,1,,,
2508.5,0.0,7255,505,1,,,
2509.0,0.0,7257,505,1,,,
2509.5,0.0,7258,507,1,,,
2510.0,0.0,7260,507,1,,,
2510.5,0.0,7261,509,1,,,
2511.0,0.0,7263,509,1,,,
2511.5,0.0,7265,509,1,,,
2512.0,0.0,7266,509,1,,,
2512.5,0.0,7268,509,1,,,
2513.0,0.0,7269,509,1,,,
2513.5,0.0,7271,508,1,,,
2514.0,0.0,7272,508,1,,,
2514.5,0.0,7274,507,1,,,
2515.0,0.0,7275,507,1,,,
2515.5,0.0,7277,505,1,,,
2516.0,0.0,7278,505,1,,,
2516.5,0.0,7280,505,1,,,
2517.0,0.0,7281,505,1,,,
2517.5,0.0,7283,505,1,,,
2518.0,0.0,7284,505,1,,,
2518.5,0.0,7286,507,1,,,
2519.0,0.0,7287,507,1,,,
2519.5,0.0,7289,509,1,,,
2520.0,0.0,7291,509,1,,,
2520.5,0.0,7292,509,1,,,
2521.0,0.0,7294,509,1,,,
2521.5,0.0,7295,509,1,,,
2522.0,0.0,7297,509,1,,,
2522.5,0.0,7298,508,1,,,
2523.0,0.0,7300,508,1,,,
2523.5,0.0,7301,507,1,,,
2524.0,0.0,7303,507,1,,,
2524.5,0.0,7304,504,1,,,
2525.0,0.0,7306,504,1,,,
2525.5,0.0,7307,504,1,,,
2526.0,0.0,7309,504,1,,,
2526.5,0.0,7310,504,1,,,
2527.0,0.0,7312,504,1,,,
2527.5,0.0,7313,504,1,,,
2528.0,0.0,7315,504,1,,,
2528.5,0.0,7316,505,1,,,
2529.0,0.0,7318,505,1,,,
2529.5,0.0,7319,507,1,,,
2530.0,0.0,7321,507,1,,,
2530.5,0.0,7323,507,1,,,
2531.0,0.0,7324,507,1,,,
2531.5,0.0,7326,505,1,,,
2532.0,0.0,7327,505,1,,,
2532.5,0.0,7329,504,1,,,
2533.0,0.0,7330,504,1,,,
2533.5,0.0,7332,503,1,,,
2534.0,0.0,7333,503,1,,,
2534.5,0.0,7335,502,1,,,
2535.0,0.0,7336,502,1,,,
2535.5,0.0,7338,501,1,,,
2536.0,0.0,7339,501,1,,,
2536.5,0.0,7341,501,1,,,
2537.0,0.0,7342,501,1,,,
2537.5,0.0,7344,503,1,,,
2538.0,0.0,7345,503,1,,,
2538.5,0.0,7347,503,1,,,
2539.0,0.0,7348,503,1,,,
2539.5,0.0,7350,503,1,,,
2540.0,0.0,7351,503,1,,,
2540.5,0.0,7353,502,1,,,
2541.0,0.0,7354,502,1,,,
2541.5,0.0,7356,501,1,,,
2542.0,0.0,7357,501,1,,,
2542.5,0.0,7359,498,1,,,
2543.0,0.0,7360,498,1,,,
2543.5,0.0,7362,497,1,,,
2544.0,0.0,7363,497,1,,,
2544.5,0.0,7365,496,1,,,
2545.0,0.0,7366,496,1,,,
2545.5,0.0,7368,496,1,,,
2546.0,0.0,7369,496,1,,,
2546.5,0.0,7371,497,1,,,
2547.0,0.0,7372,497,1,,,
2547.5,0.0,7374,497,1,,,
2548.0,0.0,7375,497,1,,,
2548.5,0.0,7377,498,1,,,
2549.0,0.0,7378,498,1,,,
2549.5,0.0,7380,498,1,,,
2550.0,0.0,7381,498,1,,,
2550.5,0.0,7383,498,1,,,
2551.0,0.0,7384,498,1,,,
2551.5,0.0,7386,497,1,,,
2552.0,0.0,7387,497,1,,,
2552.5,0.0,7389,495,1,,,
2553.0,0.0,7390,495,1,,,
2553.5,0.0,7392,493,1,,,
2554.0,0.0,7393,493,1,,,
2554.5,0.0,7395,495,1,,,
2555.0,0.0,7396,495,1,,,
2555.5,0.0,7398,495,1,,,
2556.0,0.0,7399,495,1,,,
2556.5,0.0,7401,496,1,,,
2557.0,0.0,7402,496,1,,,
2557.5,0.0,7404,498,1,,,
2558.0,0.0,7405,498,1,,,
2558.5,0.0,7407,498,1,,,
2559.0,0.0,7408,498,1,,,
2559.5,0.0,7410,497,1,,,
2560.0,0.0,7411,497,1,,,
2560.5,0.0,7413,497,1,,,
2561.0,0.0,7414,497,1,,,
2561.5,0.0,7416,496,1,,,
2562.0,0.0,7417,496,1,,,
2562.5,0.0,7419,496,1,,,
2563.0,0.0,7420,496,1,,,
2563.5,0.0,7422,496,1,,,
2564.0,0.0,7423,496,1,,,
2564.5,0.0,7425,496,1,,,
2565.0,0.0,7426,496,1,,,
2565.5,0.0,7428,497,1,,,
2566.0,0.0,7429,497,1,,,
2566.5,0.0,7431,498,1,,,
2567.0,0.0,7432,498,1,,,
2567.5,0.0,7434,499,1,,,
2568.0,0.0,7435,499,1,,,
2568.5,0.0,7437,499,1,,,
2569.0,0.0,7438,499,1,,,
2569.5,0.0,7440,501,1,,,
2570.0,0.0,7441,501,1,,,
2570.5,0.0,7443,499,1,,,
2571.0,0.0,7444,499,1,,,
2571.5,0.0,7446,497,1,,,
2572.0,0.0,7447,497,1,,,
2572.5,0.0,7449,497,1,,,
2573.0,0.0,7450,497,1,,,
2573.5,0.0,7452,498,1,,,
2574.0,0.0,7453,498,1,,,
2574.5,0.0,7455,497,1,,,
2575.0,0.0,7456,497,1,,,
2575.5,0.0,7458,499,1,,,
2576.0,0.0,7459,499,1,,,
2576.5,0.0,7461,501,1,,,
2577.0,0.0,7462,501,1,,,
2577.5,0.0,7464,501,1,,,
2578.0,0.0,7465,501,1,,,
2578.5,0.0,7467,501,1,,,
2579.0,0.0,7468,501,1,,,
2579.5,0.0,7470,501,1,,,
2580.0,0.0,7471,501,1,,,
2580.5,0.0,7473,498,1,,,
2581.0,0.0,7474,498,1,,,
2581.5,0.0,7476,498,1,,,
2582.0,0.0,7477,498,1,,,
2582.5,0.0,7479,497,1,,,
2583.0,0.0,7480,497,1,,,
2583.5,0.0,7482,497,1,,,
2584.0,0.0,7483,497,1,,,
2584.5,0.0,7485,498,1,,,
2585.0,0.0,7486,498,1,,,
2585.5,0.0,7488,499,1,,,
2586.0,0.0,7489,499,1,,,
2586.5,0.0,7491,501,1,,,
2587.0,0.0,7492,501,1,,,
2587.5,0.0,7494,502,1,,,
2588.0,0.0,7495,502,1,,,
2588.5,0.0,7497,502,1,,,
2589.0,0.0,7498,502,1,,,
2589.5,0.0,7500,501,1,,,
2590.0,0.0,7501,501,1,,,
2590.5,0.0,7503,499,1,,,
2591.0,0.0,7504,499,1,,,
2591.5,0.0,7506,499,1,,,
2592.0,0.0,7507,499,1,,,
2592.5,0.0,7509,499,1,,,
2593.0,0.0,7510,499,1,,,
2593.5,0.0,7512,499,1,,,
2594.0,0.0,7514,499,1,,,
2594.5,0.0,7515,502,1,,,
2595.0,0.0,7517,502,1,,,
2595.5,0.0,7518,503,1,,,
2596.0,0.0,7520,503,1,,,
2596.5,0.0,7521,504,1,,,
2597.0,0.0,7523,504,1,,,
2597.5,0.0,7524,504,1,,,
2598.0,0.0,7526,504,1,,,
2598.5,0.0,7527,503,1,,,
2599.0,0.0,7529,503,1,,,
2599.5,0.0,7530,502,1,,,
2600.0,0.0,7532,502,1,,,
2600.5,0.0,7533,502,1,,,
2601.0,0.0,7535,502,1,,,
2601.5,0.0,7536,502,1,,,
2602.0,0.0,7538,502,1,,,
2602.5,0.0,7539,502,1,,,
2603.0,0.0,7541,502,1,,,
2603.5,0.0,7542,505,1,,,
2604.0,0.0,7544,505,1,,,
2604.5,0.0,7545,505,1,,,
2605.0,0.0,7547,505,1,,,
2605.5,0.0,7548,508,1,,,
2606.0,0.0,7550,508,1,,,
2606.5,0.0,7552,507,1,,,
2607.0,0.0,7553,507,1,,,
2607.5,0.0,7555,508,1,,,
2608.0,0.0,7556,508,1,,,
2608.5,0.0,7558,504,1,,,
2609.0,0.0,7559,504,1,,,
2609.5,0.0,7561,504,1,,,
2610.0,0.0,7562,504,1,,,
2610.5,0.0,7564,504,1,,,
2611.0,0.0,7565,504,1,,,
2611.5,0.0,7567,505,1,,,
2612.0,0.0,7568,505,1,,,
2612.5,0.0,7570,505,1,,,
2613.0,0.0,7571,505,1,,,
2613.5,0.0,7573,509,1,,,
2614.0,0.0,7574,509,1,,,
2614.5,0.0,7576,510,1,,,
2615.0,0.0,7578,510,1,,,
2615.5,0.0,7579,509,1,,,
2616.0,0.0,7581,509,1,,,
2616.5,0.0,7582,509,1,,,
2617.0,0.0,7584,509,1,,,
2617.5,0.0,7585,508,1,,,
2618.0,0.0,7587,508,1,,,
2618.5,0.0,7588,505,1,,,
2619.0,0.0,7590,505,1,,,
2619.5,0.0,7591,505,1,,,
2620.0,0.0,7593,505,1,,,
2620.5,0.0,7594,507,1,,,
2621.0,0.0,7596,507,1,,,
2621.5,0.0,7597,507,1,,,
2622.0,0.0,7599,507,1,,,
2622.5,0.0,7600,508,1,,,
2623.0,0.0,7602,508,1,,,
2623.5,0.0,7604,509,1,,,
2624.0,0.0,7605,509,1,,,
2624.5,0.0,7607,510,1,,,
2625.0,0.0,7608,510,1,,,
2625.5,0.0,7610,508,1,,,
2626.0,0.0,7611,508,1,,,
2626.5,0.0,7613,508,1,,,
2627.0,0.0,7614,508,1,,,
2627.5,0.0,7616,507,1,,,
2628.0,0.0,7617,507,1,,,
2628.5,0.0,7619,507,1,,,
2629.0,0.0,7620,507,1,,,
2629.5,0.0,7622,505,1,,,
2630.0,0.0,7623,505,1,,,
2630.5,0.0,7625,507,1,,,
2631.0,0.0,7626,507,1,,,
2631.5,0.0,7628,507,1,,,
2632.0,0.0,7629,507,1,,,
2632.5,0.0,7631,508,1,,,
2633.0,0.0,7633,508,1,,,
2633.5,0.0,7634,509,1,,,
2634.0,0.0,7636,509,1,,,
2634.5,0.0,7637,509,1,,,
2635.0,0.0,7639,509,1,,,
2635.5,0.0,7640,508,1,,,
2636.0,0.0,7642,508,1,,,
2636.5,0.0,7643,505,1,,,
2637.0,0.0,7645,505,1,,,
2637.5,0.0,7646,505,1,,,
2638.0,0.0,7648,505,1,,,
2638.5,0.0,7649,504,1,,,
2639.0,0.0,7651,504,1,,,
2639.5,0.0,7652,503,1,,,
2640.0,0.0,7654,503,1,,,
2640.5,0.0,7655,504,1,,,
2641.0,0.0,7657,504,1,,,
2641.5,0.0,7659,507,1,,,
2642.0,0.0,7660,507,1,,,
2642.5,0.0,7662,508,1,,,
2643.0,0.0,7663,508,1,,,
2643.5,0.0,7665,507,1,,,
2644.0,0.0,7666,507,1,,,
2644.5,0.0,7668,507,1,,,
2645.0,0.0,7669,507,1,,,
2645.5,0.0,7671,507,1,,,
2646.0,0.0,7672,507,1,,,
2646.5,0.0,7674,504,1,,,
2647.0,0.0,7675,504,1,,,
2647.5,0.0,7677,502,1,,,
2648.0,0.0,7678,502,1,,,
2648.5,0.0,7680,503,1,,,
2649.0,0.0,7681,503,1,,,
2649.5,0.0,7683,503,1,,,
2650.0,0.0,7684,503,1,,,
2650.5,0.0,7686,503,1,,,
2651.0,0.0,7687,503,1,,,
2651.5,0.0,7689,505,1,,,
2652.0,0.0,7690,505,1,,,
2652.5,0.0,7692,505,1,,,
2653.0,0.0,7693,505,1,,,
2653.5,0.0,7695,504,1,,,
2654.0,0.0,7696,504,1,,,
2654.5,0.0,7698,504,1,,,
2655.0,0.0,7699,504,1,,,
2655.5,0.0,7701,502,1,,,
2656.0,0.0,7702,502,1,,,
2656.5,0.0,7704,499,1,,,
2657.0,0.0,7705,499,1,,,
2657.5,0.0,7707,499,1,,,
2658.0,0.0,7709,499,1,,,
2658.5,0.0,7710,499,1,,,
2659.0,0.0,7712,499,1,,,
2659.5,0.0,7713,499,1,,,
2660.0,0.0,7715,499,1,,,
2660.5,0.0,7716,502,1,,,
2661.0,0.0,7718,502,1,,,
2661.5,0.0,7719,502,1,,,
2662.0,0.0,7721,502,1,,,
2662.5,0.0,7722,502,1,,,
2663.0,0.0,7724,502,1,,,
2663.5,0.0,7725,501,1,,,
2664.0,0.0,7727,501,1,,,
2664.5,0.0,7728,499,1,,,
2665.0,0.0,7730,499,1,,,
2665.5,0.0,7731,496,1,,,
2666.0,0.0,7733,496,1,,,
2666.5,0.0,7734,497,1,,,
2667.0,0.0,7736,497,1,,,
2667.5,0.0,7737,496,1,,,
2668.0,0.0,7739,496,1,,,
2668.5,0.0,7740,496,1,,,
2669.0,0.0,7742,496,1,,,
2669.5,0.0,7743,497,1,,,
2670.0,0.0,7745,497,1,,,
2670.5,0.0,7746,499,1,,,
2671.0,0.0,7748,499,1,,,
2671.5,0.0,7749,498,1,,,
2672.0,0.0,7751,498,1,,,
2672.5,0.0,7752,498,1,,,
2673.0,0.0,7754,498,1,,,
2673.5,0.0,7755,497,1,,,
2674.0,0.0,7756,497,1,,,
2674.5,0.0,7758,495,1,,,
2675.0,0.0,7759,495,1,,,
2675.5,0.0,7761,493,1,,,
2676.0,0.0,7762,493,1,,,
2676.5,0.0,7764,493,1,,,
2677.0,0.0,7765,493,1,,,
2677.5,0.0,7767,492,1,,,
2678.0,0.0,7768,492,1,,,
2678.5,0.0,7770,495,1,,,
2679.0,0.0,7771,495,1,,,
2679.5,0.0,7773,496,1,,,
2680.0,0.0,7774,496,1,,,
2680.5,0.0,7776,496,1,,,
2681.0,0.0,7777,496,1,,,
2681.5,0.0,7779,496,1,,,
2682.0,0.0,7780,496,1,,,
2682.5,0.0,7782,496,1,,,
2683.0,0.0,7783,496,1,,,
2683.5,0.0,7785,495,1,,,
2684.0,0.0,7786,495,1,,,
2684.5,0.0,7788,493,1,,,
2685.0,0.0,7789,493,1,,,
2685.5,0.0,7791,493,1,,,
2686.0,0.0,7792,493,1,,,
2686.5,0.0,7794,492,1,,,
2687.0,0.0,7795,492,1,,,
2687.5,0.0,7797,493,1,,,
2688.0,0.0,7798,493,1,,,
2688.5,0.0,7800,495,1,,,
2689.0,0.0,7801,495,1,,,
2689.5,0.0,7803,497,1,,,
2690.0,0.0,7804,497,1,,,
2690.5,0.0,7806,497,1,,,
2691.0,0.0,7807,497,1,,,
2691.5,0.0,7809,497,1,,,
2692.0,0.0,7810,497,1,,,
2692.5,0.0,7812,497,1,,,
2693.0,0.0,7813,497,1,,,
2693.5,0.0,7815,495,1,,,
2694.0,0.0,7816,495,1,,,
2694.5,0.0,7818,493,1,,,
2695.0,0.0,7819,493,1,,,
2695.5,0.0,7821,493,1,,,
2696.0,0.0,7822,493,1,,,
2696.5,0.0,7824,495,1,,,
2697.0,0.0,7825,495,1,,,
2697.5,0.0,7827,496,1,,,
2698.0,0.0,7828,496,1,,,
2698.5,0.0,7830,497,1,,,
2699.0,0.0,7831,497,1,,,
2699.5,0.0,7833,498,1,,,
2700.0,0.0,7834,498,1,,,
2700.5,0.0,7836,498,1,,,
2701.0,0.0,7837,498,1,,,
2701.5,0.0,7839,499,1,,,
2702.0,0.0,7840,499,1,,,
2702.5,0.0,7842,497,1,,,
2703.0,0.0,7843,497,1,,,
2703.5,0.0,7845,497,1,,,
2704.0,0.0,7846,497,1,,,
2704.5,0.0,7848,497,1,,,
2705.0,0.0,7849,497,1,,,
2705.5,0.0,7851,498,1,,,
2706.0,0.0,7852,498,1,,,
2706.5,0.0,7854,497,1,,,
2707.0,0.0,7855,497,1,,,
2707.5,0.0,7857,501,1,,,
2708.0,0.0,7858,501,1,,,
2708.5,0.0,7860,502,1,,,
2709.0,0.0,7861,502,1,,,
2709.5,0.0,7863,502,1,,,
2710.0,0.0,7864,502,1,,,
2710.5,0.0,7866,502,1,,,
2711.0,0.0,7867,502,1,,,
2711.5,0.0,7869,502,1,,,
2712.0,0.0,7870,502,1,,,
2712.5,0.0,7872,499,1,,,
2713.0,0.0,7873,499,1,,,
2713.5,0.0,7875,499,1,,,
2714.0,0.0,7876,499,1,,,
2714.5,0.0,7878,499,1,,,
2715.0,0.0,7879,499,1,,,
2715.5,0.0,7881,501,1,,,
2716.0,0.0,7882,501,1,,,
2716.5,0.0,7884,503,1,,,
2717.0,0.0,7885,503,1,,,
2717.5,0.0,7887,504,1,,,
2718.0,0.0,7889,504,1,,,
2718.5,0.0,7890,505,1,,,
2719.0,0.0,7892,505,1,,,
2719.5,0.0,7893,505,1,,,
2720.0,0.0,7895,505,1,,,
2720.5,0.0,7896,504,1,,,
2721.0,0.0,7898,504,1,,,
2721.5,0.0,7899,503,1,,,
2722.0,0.0,7901,503,1,,,
2722.5,0.0,7902,502,1,,,
2723.0,0.0,7904,502,1,,,
2723.5,0.0,7905,502,1,,,
2724.0,0.0,7907,502,1,,,
2724.5,0.0,7908,502,1,,,
2725.0,0.0,7910,502,1,,,
2725.5,0.0,7911,503,1,,,
2726.0,0.0,7913,503,1,,,
2726.5,0.0,7914,503,1,,,
2727.0,0.0,7916,503,1,,,
2727.5,0.0,7917,505,1,,,
2728.0,0.0,7919,505,1,,,
2728.5,0.0,7920,505,1,,,
2729.0,0.0,7922,505,1,,,
2729.5,0.0,7923,505,1,,,
2730.0,0.0,7925,505,1,,,
2730.5,0.0,7926,504,1,,,
2731.0,0.0,7928,504,1,,,
2731.5,0.0,7930,503,1,,,
2732.0,0.0,7931,503,1,,,
2732.5,0.0,7933,503,1,,,
2733.0,0.0,7934,503,1,,,
2733.5,0.0,7936,502,1,,,
2734.0,0.0,7937,502,1,,,
2734.5,0.0,7939,503,1,,,
2735.0,0.0,7940,503,1,,,
2735.5,0.0,7942,504,1,,,
2736.0,0.0,7943,504,1,,,
2736.5,0.0,7945,507,1,,,
2737.0,0.0,7946,507,1,,,
2737.5,0.0,7948,507,1,,,
2738.0,0.0,7949,507,1,,,
2738.5,0.0,7951,508,1,,,
2739.0,0.0,7952,508,1,,,
2739.5,0.0,7954,507,1,,,
2740.0,0.0,7955,507,1,,,
2740.5,0.0,7957,505,1,,,
2741.0,0.0,7959,505,1,,,
2741.5,0.0,7960,504,1,,,
2742.0,0.0,7962,504,1,,,
2742.5,0.0,7963,504,1,,,
2743.0,0.0,7965,504,1,,,
2743.5,0.0,7966,504,1,,,
2744.0,0.0,7968,504,1,,,
2744.5,0.0,7969,505,1,,,
2745.0,0.0,7971,505,1,,,
2745.5,0.0,7972,507,1,,,
2746.0,0.0,7974,507,1,,,
2746.5,0.0,7975,508,1,,,
2747.0,0.0,7977,508,1,,,
2747.5,0.0,7978,508,1,,,
2748.0,0.0,7980,508,1,,,
2748.5,0.0,7981,507,1,,,
2749.0,0.0,7983,507,1,,,
2749.5,0.0,7984,505,1,,,
2750.0,0.0,7986,505,1,,,
2750.5,0.0,7987,505,1,,,
2751.0,0.0,7989,505,1,,,
2751.5,0.0,7991,505,1,,,
2752.0,0.0,7992,505,1,,,
2752.5,0.0,7994,504,1,,,
2753.0,0.0,7995,504,1,,,
2753.5,0.0,7997,505,1,,,
2754.0,0.0,7998,505,1,,,
2754.5,0.0,8000,508,1,,,
2755.0,0.0,8001,508,1,,,
2755.5,0.0,8003,508,1,,,
2756.0,0.0,8004,508,1,,,
2756.5,0.0,8006,508,1,,,
2757.0,0.0,8007,508,1,,,
2757.5,0.0,8009,508,1,,,
2758.0,0.0,8010,508,1,,,
2758.5,0.0,8012,507,1,,,
2759.0,0.0,8013,507,1,,,
2759.5,0.0,8015,504,1,,,
2760.0,0.0,8017,504,1,,,
2760.5,0.0,8018,504,1,,,
2761.0,0.0,8020,504,1,,,
2761.5,0.0,8021,503,1,,,
2762.0,0.0,8023,503,1,,,
2762.5,0.0,8024,504,1,,,
2763.0,0.0,8026,504,1,,,
2763.5,0.0,8027,505,1,,,
2764.0,0.0,8029,505,1,,,
2764.5,0.0,8030,507,1,,,
2765.0,0.0,8032,507,1,,,
2765.5,0.0,8033,505,1,,,
2766.0,0.0,8035,505,1,,,
2766.5,0.0,8036,505,1,,,
2767.0,0.0,8038,505,1,,,
2767.5,0.0,8039,504,1,,,
2768.0,0.0,8041,504,1,,,
2768.5,0.0,8042,503,1,,,
2769.0,0.0,8044,503,1,,,
2769.5,0.0,8045,502,1,,,
2770.0,0.0,8047,502,1,,,
2770.5,0.0,8048,501,1,,,
2771.0,0.0,8050,501,1,,,
2771.5,0.0,8051,501,1,,,
2772.0,0.0,8053,501,1,,,
2772.5,0.0,8054,502,1,,,
2773.0,0.0,8056,502,1,,,
2773.5,0.0,8057,502,1,,,
2774.0,0.0,8059,502,1,,,
2774.5,0.0,8060,502,1,,,
2775.0,0.0,8062,502,1,,,
2775.5,0.0,8064,503,1,,,
2776.0,0.0,8065,503,1,,,
2776.5,0.0,8066,502,1,,,
2777.0,0.0,8068,502,1,,,
2777.5,0.0,8069,499,1,,,
2778.0,0.0,8071,499,1,,,
2778.5,0.0,8072,497,1,,,
2779.0,0.0,8074,497,1,,,
2779.5,0.0,8075,497,1,,,
2780.0,0.0,8077,497,1,,,
2780.5,0.0,8078,497,1,,,
2781.0,0.0,8080,497,1,,,
2781.5,0.0,8081,497,1,,,
2782.0,0.0,8083,497,1,,,
2782.5,0.0,8084,498,1,,,
2783.0,0.0,8086,498,1,,,
2783.5,0.0,8087,499,1,,,
2784.0,0.0,8089,499,1,,,
2784.5,0.0,8090,499,1,,,
2785.0,0.0,8092,499,1,,,
2785.5,0.0,8093,498,1,,,
2786.0,0.0,8095,498,1,,,
2786.5,0.0,8096,498,1,,,
2787.0,0.0,8098,498,1,,,
2787.5,0.0,8100,497,1,,,
2788.0,0.0,8101,497,1,,,
2788.5,0.0,8102,497,1,,,
2789.0,0.0,8104,497,1,,,
2789.5,0.0,8106,496,1,,,
2790.0,0.0,8107,496,1,,,
2790.5,0.0,8108,496,1,,,
2791.0,0.0,8110,496,1,,,
2791.5,0.0,8112,497,1,,,
2792.0,0.0,8113,497,1,,,
2792.5,0.0,8115,498,1,,,
2793.0,0.0,8116,498,1,,,
2793.5,0.0,8118,499,1,,,
2794.0,0.0,8119,499,1,,,
2794.5,0.0,8121,501,1,,,
2795.0,0.0,8122,501,1,,,
2795.5,0.0,8124,501,1,,,
2796.0,0.0,8125,501,1,,,
2796.5,0.0,8127,499,1,,,
2797.0,0.0,8128,499,1,,,
2797.5,0.0,8129,497,1,,,
2798.0,0.0,8131,497,1,,,
2798.5,0.0,8133,497,1,,,
2799.0,0.0,8134,497,1,,,
2799.5,0.0,8135,497,1,,,
2800.0,0.0,8137,497,1,,,
2800.5,0.0,8139,497,1,,,
2801.0,0.0,8140,497,1,,,
2801.5,0.0,8142,499,1,,,
2802.0,0.0,8143,499,1,,,
2802.5,0.0,8145,502,1,,,
2803.0,0.0,8146,502,1,,,
2803.5,0.0,8148,501,1,,,
2804.0,0.0,8149,501,1,,,
2804.5,0.0,8151,501,1,,,
2805.0,0.0,8152,501,1,,,
2805.5,0.0,8154,501,1,,,
2806.0,0.0,8155,501,1,,,
2806.5,0.0,8157,498,1,,,
2807.0,0.0,8158,498,1,,,
2807.5,0.0,8160,497,1,,,
2808.0,0.0,8161,497,1,,,
2808.5,0.0,8163,498,1,,,
2809.0,0.0,8164,498,1,,,
2809.5,0.0,8166,497,1,,,
2810.0,0.0,8167,497,1,,,
2810.5,0.0,8169,498,1,,,
2811.0,0.0,8170,498,1,,,
2811.5,0.0,8172,499,1,,,
2812.0,0.0,8173,499,1,,,
2812.5,0.0,8175,501,1,,,
2813.0,0.0,8176,501,1,,,
2813.5,0.0,8178,501,1,,,
2814.0,0.0,8179,501,1,,,
2814.5,0.0,8181,501,1,,,
2815.0,0.0,8182,501,1,,,
2815.5,0.0,8184,499,1,,,
2816.0,0.0,8185,499,1,,,
2816.5,0.0,8187,498,1,,,
2817.0,0.0,8188,498,1,,,
2817.5,0.0,8190,497,1,,,
2818.0,0.0,8191,497,1,,,
2818.5,0.0,8193,497,1,,,
2819.0,0.0,8194,497,1,,,
2819.5,0.0,8196,497,1,,,
2820.0,0.0,8197,497,1,,,
2820.5,0.0,8199,499,1,,,
2821.0,0.0,8200,499,1,,,
2821.5,0.0,8202,501,1,,,
2822.0,0.0,8203,501,1,,,
2822.5,0.0,8205,502,1,,,
2823.0,0.0,8206,502,1,,,
2823.5,0.0,8208,502,1,,,
2824.0,0.0,8209,502,1,,,
2824.5,0.0,8211,503,1,,,
2825.0,0.0,8212,503,1,,,
2825.5,0.0,8214,501,1,,,
2826.0,0.0,8215,501,1,,,
2826.5,0.0,8217,502,1,,,
2827.0,0.0,8218,502,1,,,
2827.5,0.0,8220,502,1,,,
2828.0,0.0,8221,502,1,,,
2828.5,0.0,8223,502,1,,,
2829.0,0.0,8225,502,1,,,
2829.5,0.0,8226,503,1,,,
2830.0,0.0,8228,503,1,,,
2830.5,0.0,8229,505,1,,,
2831.0,0.0,8231,505,1,,,
2831.5,0.0,8232,505,1,,,
2832.0,0.0,8234,505,1,,,
2832.5,0.0,8235,507,1,,,
2833.0,0.0,8237,507,1,,,
2833.5,0.0,8238,507,1,,,
2834.0,0.0,8240,507,1,,,
2834.5,0.0,8241,505,1,,,
2835.0,0.0,8243,505,1,,,
2835.5,0.0,8244,503,1,,,
2836.0,0.0,8246,503,1,,,
2836.5,0.0,8247,503,1,,,
2837.0,0.0,8249,503,1,,,
2837.5,0.0,8250,503,1,,,
2838.0,0.0,8252,503,1,,,
2838.5,0.0,8253,504,1,,,
2839.0,0.0,8255,504,1,,,
2839.5,0.0,8257,505,1,,,
2840.0,0.0,8258,505,1,,,
2840.5,0.0,8260,509,1,,,
2841.0,0.0,8261,509,1,,,
2841.5,0.0,8263,508,1,,,
2842.0,0.0,8264,508,1,,,
2842.5,0.0,8266,507,1,,,
2843.0,0.0,8267,507,1,,,
2843.5,0.0,8269,507,1,,,
2844.0,0.0,8270,507,1,,,
2844.5,0.0,8272,504,1,,,
2845.0,0.0,8273,504,1,,,
2845.5,0.0,8275,503,1,,,
2846.0,0.0,8276,503,1,,,
2846.5,0.0,8278,504,1,,,
2847.0,0.0,8279,504,1,,,
2847.5,0.0,8281,504,1,,,
2848.0,0.0,8282,504,1,,,
2848.5,0.0,8284,504,1,,,
2849.0,0.0,8285,504,1,,,
2849.5,0.0,8287,507,1,,,
2850.0,0.0,8289,507,1,,,
2850.5,0.0,8290,507,1,,,
2851.0,0.0,8292,507,1,,,
2851.5,0.0,8293,505,1,,,
2852.0,0.0,8295,505,1,,,
2852.5,0.0,8296,505,1,,,
2853.0,0.0,8298,505,1,,,
2853.5,0.0,8299,504,1,,,
2854.0,0.0,8301,504,1,,,
2854.5,0.0,8302,503,1,,,
2855.0,0.0,8304,503,1,,,
2855.5,0.0,8305,503,1,,,
2856.0,0.0,8307,503,1,,,
2856.5,0.0,8308,503,1,,,
2857.0,0.0,8310,503,1,,,
2857.5,0.0,8311,505,1,,,
2858.0,0.0,8313,505,1,,,
2858.5,0.0,8314,507,1,,,
2859.0,0.0,8316,507,1,,,
2859.5,0.0,8317,508,1,,,
2860.0,0.0,8319,508,1,,,
2860.5,0.0,8321,507,1,,,
2861.0,0.0,8322,507,1,,,
2861.5,0.0,8324,507,1,,,
2862.0,0.0,8325,507,1,,,
2862.5,0.0,8327,504,1,,,
2863.0,0.0,8328,504,1,,,
2863.5,0.0,8330,503,1,,,
2864.0,0.0,8331,503,1,,,
2864.5,0.0,8333,503,1,,,
2865.0,0.0,8334,503,1,,,
2865.5,0.0,8336,504,1,,,
2866.0,0.0,8337,504,1,,,
2866.5,0.0,8339,505,1,,,
2867.0,0.0,8340,505,1,,,
2867.5,0.0,8342,507,1,,,
2868.0,0.0,8343,507,1,,,
2868.5,0.0,8345,508,1,,,
2869.0,0.0,8346,508,1,,,
2869.5,0.0,8348,508,1,,,
2870.0,0.0,8349,508,1,,,
2870.5,0.0,8351,507,1,,,
2871.0,0.0,8353,507,1,,,
2871.5,0.0,8354,505,1,,,
2872.0,0.0,8356,505,1,,,
2872.5,0.0,8357,504,1,,,
2873.0,0.0,8359,504,1,,,
2873.5,0.0,8360,504,1,,,
2874.0,0.0,8362,504,1,,,
2874.5,0.0,8363,504,1,,,
2875.0,0.0,8365,504,1,,,
2875.5,0.0,8366,504,1,,,
2876.0,0.0,8368,504,1,,,
2876.5,0.0,8369,505,1,,,
2877.0,0.0,8371,505,1,,,
2877.5,0.0,8372,507,1,,,
2878.0,0.0,8374,507,1,,,
2878.5,0.0,8375,507,1,,,
2879.0,0.0,8377,507,1,,,
2879.5,0.0,8378,505,1,,,
2880.0,0.0,8380,505,1,,,
2880.5,0.0,8381,505,1,,,
2881.0,0.0,8383,505,1,,,
2881.5,0.0,8384,503,1,,,
2882.0,0.0,8386,503,1,,,
2882.5,0.0,8387,502,1,,,
2883.0,0.0,8389,502,1,,,
2883.5,0.0,8390,501,1,,,
2884.0,0.0,8392,501,1,,,
2884.5,0.0,8393,501,1,,,
2885.0,0.0,8395,501,1,,,
2885.5,0.0,8397,502,1,,,
2886.0,0.0,8398,502,1,,,
2886.5,0.0,8400,503,1,,,
2887.0,0.0,8401,503,1,,,
2887.5,0.0,8403,504,1,,,
2888.0,0.0,8404,504,1,,,
2888.5,0.0,8406,503,1,,,
2889.0,0.0,8407,503,1,,,
2889.5,0.0,8409,503,1,,,
2890.0,0.0,8410,503,1,,,
2890.5,0.0,8412,501,1,,,
2891.0,0.0,8413,501,1,,,
2891.5,0.0,8415,499,1,,,
2892.0,0.0,8416,499,1,,,
2892.5,0.0,8418,498,1,,,
2893.0,0.0,8419,498,1,,,
2893.5,0.0,8421,499,1,,,
2894.0,0.0,8422,499,1,,,
2894.5,0.0,8424,498,1,,,
2895.0,0.0,8425,498,1,,,
2895.5,0.0,8427,499,1,,,
2896.0,0.0,8428,499,1,,,
2896.5,0.0,8430,501,1,,,
2897.0,0.0,8431,501,1,,,
2897.5,0.0,8433,501,1,,,
2898.0,0.0,8434,501,1,,,
2898.5,0.0,8436,498,1,,,
2899.0,0.0,8437,498,1,,,
2899.5,0.0,8439,498,1,,,
2900.0,0.0,8440,498,1,,,
2900.5,0.0,8442,496,1,,,
2901.0,0.0,8443,496,1,,,
2901.5,0.0,8445,495,1,,,
2902.0,0.0,8446,495,1,,,
2902.5,0.0,8448,493,1,,,
2903.0,0.0,8449,493,1,,,
2903.5,0.0,8451,495,1,,,
2904.0,0.0,8452,495,1,,,
2904.5,0.0,8454,495,1,,,
2905.0,0.0,8455,495,1,,,
2905.5,0.0,8457,497,1,,,
2906.0,0.0,8458,497,1,,,
2906.5,0.0,8460,497,1,,,
2907.0,0.0,8461,497,1,,,
2907.5,0.0,8463,496,1,,,
2908.0,0.0,8464,496,1,,,
2908.5,0.0,8465,496,1,,,
2909.0,0.0,8467,496,1,,,
2909.5,0.0,8468,493,1,,,
2910.0,0.0,8470,493,1,,,
2910.5,0.0,8471,491,1,,,
2911.0,0.0,8473,491,1,,,
2911.5,0.0,8474,491,1,,,
2912.0,0.0,8476,491,1,,,
2912.5,0.0,8477,491,1,,,
2913.0,0.0,8479,491,1,,,
2913.5,0.0,8480,491,1,,,
2914.0,0.0,8482,491,1,,,
2914.5,0.0,8483,493,1,,,
2915.0,0.0,8485,493,1,,,
2915.5,0.0,8486,495,1,,,
2916.0,0.0,8488,495,1,,,
2916.5,0.0,8489,493,1,,,
2917.0,0.0,8491,493,1,,,
2917.5,0.0,8492,495,1,,,
2918.0,0.0,8494,495,1,,,
2918.5,0.0,8495,493,1,,,
2919.0,0.0,8497,493,1,,,
2919.5,0.0,8498,492,1,,,
2920.0,0.0,8500,492,1,,,
2920.5,0.0,8501,491,1,,,
2921.0,0.0,8503,491,1,,,
2921.5,0.0,8504,491,1,,,
2922.0,0.0,8506,491,1,,,
2922.5,0.0,8507,491,1,,,
2923.0,0.0,8509,491,1,,,
2923.5,0.0,8510,492,1,,,
2924.0,0.0,8512,492,1,,,
2924.5,0.0,8513,493,1,,,
2925.0,0.0,8515,493,1,,,
2925.5,0.0,8516,495,1,,,
2926.0,0.0,8518,495,1,,,
2926.5,0.0,8519,496,1,,,
2927.0,0.0,8521,496,1,,,
2927.5,0.0,8522,496,1,,,
2928.0,0.0,8523,496,1,,,
2928.5,0.0,8525,495,1,,,
2929.0,0.0,8526,495,1,,,
2929.5,0.0,8528,493,1,,,
2930.0,0.0,8529,493,1,,,
2930.5,0.0,8531,493,1,,,
2931.0,0.0,8532,493,1,,,
2931.5,0.0,8534,493,1,,,
2932.0,0.0,8535,493,1,,,
2932.5,0.0,8537,493,1,,,
2933.0,0.0,8538,493,1,,,
2933.5,0.0,8540,496,1,,,
2934.0,0.0,8542,496,1,,,
2934.5,0.0,8543,498,1,,,
2935.0,0.0,8545,498,1,,,
2935.5,0.0,8546,499,1,,,
2936.0,0.0,8548,499,1,,,
2936.5,0.0,8549,499,1,,,
2937.0,0.0,8551,499,1,,,
2937.5,0.0,8552,501,1,,,
2938.0,0.0,8554,501,1,,,
2938.5,0.0,8555,499,1,,,
2939.0,0.0,8557,499,1,,,
2939.5,0.0,8558,498,1,,,
2940.0,0.0,8560,498,1,,,
2940.5,0.0,8561,498,1,,,
2941.0,0.0,8563,498,1,,,
2941.5,0.0,8564,499,1,,,
2942.0,0.0,8566,499,1,,,
2942.5,0.0,8567,499,1,,,
2943.0,0.0,8569,499,1,,,
2943.5,0.0,8570,501,1,,,
2944.0,0.0,8572,501,1,,,
2944.5,0.0,8573,503,1,,,
2945.0,0.0,8575,503,1,,,
2945.5,0.0,8576,503,1,,,
2946.0,0.0,8578,503,1,,,
2946.5,0.0,8579,502,1,,,
2947.0,0.0,8581,502,1,,,
2947.5,0.0,8582,502,1,,,
2948.0,0.0,8584,502,1,,,
2948.5,0.0,8585,501,1,,,
2949.0,0.0,8587,501,1,,,
2949.5,0.0,8588,499,1,,,
2950.0,0.0,8590,499,1,,,
2950.5,0.0,8591,501,1,,,
2951.0,0.0,8593,501,1,,,
2951.5,0.0,8594,502,1,,,
2952.0,0.0,8596,502,1,,,
2952.5,0.0,8597,503,1,,,
2953.0,0.0,8599,503,1,,,
2953.5,0.0,8600,504,1,,,
2954.0,0.0,8602,504,1,,,
2954.5,0.0,8603,504,1,,,
2955.0,0.0,8605,504,1,,,
2955.5,0.0,8606,503,1,,,
2956.0,0.0,8608,503,1,,,
2956.5,0.0,8609,503,1,,,
2957.0,0.0,8611,503,1,,,
2957.5,0.0,8612,501,1,,,
2958.0,0.0,8614,501,1,,,
2958.5,0.0,8616,501,1,,,
2959.0,0.0,8617,501,1,,,
2959.5,0.0,8619,501,1,,,
2960.0,0.0,8620,501,1,,,
2960.5,0.0,8622,501,1,,,
2961.0,0.0,8623,501,1,,,
2961.5,0.0,8625,502,1,,,
2962.0,0.0,8626,502,1,,,
2962.5,0.0,8628,503,1,,,
2963.0,0.0,8629,503,1,,,
2963.5,0.0,8631,504,1,,,
2964.0,0.0,8632,504,1,,,
2964.5,0.0,8634,504,1,,,
2965.0,0.0,8635,504,1,,,
2965.5,0.0,8637,503,1,,,
2966.0,0.0,8638,503,1,,,
2966.5,0.0,8640,502,1,,,
2967.0,0.0,8641,502,1,,,
2967.5,0.0,8643,501,1,,,
2968.0,0.0,8644,501,1,,,
2968.5,0.0,8646,501,1,,,
2969.0,0.0,8647,501,1,,,
2969.5,0.0,8649,501,1,,,
2970.0,0.0,8650,501,1,,,
2970.5,0.0,8652,503,1,,,
2971.0,0.0,8653,503,1,,,
2971.5,0.0,8655,504,1,,,
2972.0,0.0,8657,504,1,,,
2972.5,0.0,8658,507,1,,,
2973.0,0.0,8660,507,1,,,
2973.5,0.0,8661,505,1,,,
2974.0,0.0,8663,505,1,,,
2974.5,0.0,8664,507,1,,,
2975.0,0.0,8666,507,1,,,
2975.5,0.0,8667,505,1,,,
2976.0,0.0,8669,505,1,,,
2976.5,0.0,8670,503,1,,,
2977.0,0.0,8672,503,1,,,
2977.5,0.0,8673,503,1,,,
2978.0,0.0,8675,503,1,,,
2978.5,0.0,8676,504,1,,,
2979.0,0.0,8678,504,1,,,
2979.5,0.0,8679,504,1,,,
2980.0,0.0,8681,504,1,,,
2980.5,0.0,8682,505,1,,,
2981.0,0.0,8684,505,1,,,
2981.5,0.0,8685,508,1,,,
2982.0,0.0,8687,508,1,,,
2982.5,0.0,8689,508,1,,,
2983.0,0.0,8690,508,1,,,
2983.5,0.0,8692,508,1,,,
2984.0,0.0,8693,508,1,,,
2984.5,0.0,8695,507,1,,,
2985.0,0.0,8696,507,1,,,
2985.5,0.0,8698,504,1,,,
2986.0,0.0,8699,504,1,,,
2986.5,0.0,8701,504,1,,,
2987.0,0.0,8702,504,1,,,
2987.5,0.0,8704,503,1,,,
2988.0,0.0,8705,503,1,,,
2988.5,0.0,8707,503,1,,,
2989.0,0.0,8708,503,1,,,
2989.5,0.0,8710,504,1,,,
2990.0,0.0,8711,504,1,,,
2990.5,0.0,8713,507,1,,,
2991.0,0.0,8714,507,1,,,
2991.5,0.0,8716,507,1,,,
2992.0,0.0,8717,507,1,,,
2992.5,0.0,8719,507,1,,,
2993.0,0.0,8720,507,1,,,
2993.5,0.0,8722,505,1,,,
2994.0,0.0,8723,505,1,,,
2994.5,0.0,8725,503,1,,,
2995.0,0.0,8726,503,1,,,
2995.5,0.0,8728,502,1,,,
2996.0,0.0,8729,502,1,,,
2996.5,0.0,8731,501,1,,,
2997.0,0.0,8732,501,1,,,
2997.5,0.0,8734,501,1,,,
2998.0,0.0,8736,501,1,,,
2998.5,0.0,8737,502,1,,,
2999.0,0.0,8739,502,1,,,
2999.5,0.0,8740,503,1,,,
3000.0,0.0,8742,503,1,,,
3000.5,0.0,8743,504,1,,,
3001.0,0.0,8745,504,1,,,
3001.5,0.0,8746,503,1,,,
3002.0,0.0,8748,503,1,,,
3002.5,0.0,8749,503,1,,,
3003.0,0.0,8751,503,1,,,
3003.5,0.0,8752,501,1,,,
3004.0,0.0,8754,501,1,,,
3004.5,0.0,8755,499,1,,,
3005.0,0.0,8757,499,1,,,
3005.5,0.0,8758,498,1,,,
3006.0,0.0,8760,498,1,,,
3006.5,0.0,8761,498,1,,,
3007.0,0.0,8763,498,1,,,
3007.5,0.0,8764,498,1,,,
3008.0,0.0,8766,498,1,,,
3008.5,0.0,8767,499,1,,,
3009.0,0.0,8769,499,1,,,
3009.5,0.0,8770,501,1,,,
3010.0,0.0,8772,501,1,,,
3010.5,0.0,8773,499,1,,,
3011.0,0.0,8775,499,1,,,
3011.5,0.0,8776,501,1,,,
3012.0,0.0,8778,501,1,,,
3012.5,0.0,8779,498,1,,,
3013.0,0.0,8781,498,1,,,
3013.5,0.0,8782,497,1,,,
3014.0,0.0,8784,497,1,,,
3014.5,0.0,8785,495,1,,,
3015.0,0.0,8787,495,1,,,
3015.5,0.0,8788,495,1,,,
3016.0,0.0,8790,495,1,,,
3016.5,0.0,8791,493,1,,,
3017.0,0.0,8793,493,1,,,
3017.5,0.0,8794,495,1,,,
3018.0,0.0,8796,495,1,,,
3018.5,0.0,8797,495,1,,,
3019.0,0.0,8799,495,1,,,
3019.5,0.0,8800,497,1,,,
3020.0,0.0,8802,497,1,,,
3020.5,0.0,8803,497,1,,,
3021.0,0.0,8805,497,1,,,
3021.5,0.0,8806,496,1,,,
3022.0,0.0,8808,496,1,,,
3022.5,0.0,8809,495,1,,,
3023.0,0.0,8810,495,1,,,
3023.5,0.0,8812,493,1,,,
3024.0,0.0,8814,493,1,,,
3024.5,0.0,8815,492,1,,,
3025.0,0.0,8817,492,1,,,
3025.5,0.0,8818,491,1,,,
3026.0,0.0,8819,491,1,,,
3026.5,0.0,8821,492,1,,,
3027.0,0.0,8823,492,1,,,
3027.5,0.0,8824,495,1,,,
3028.0,0.0,8825,495,1,,,
3028.5,0.0,8827,495,1,,,
3029.0,0.0,8828,495,1,,,
3029.5,0.0,8830,496,1,,,
3030.0,0.0,8831,496,1,,,
3030.5,0.0,8833,497,1,,,
3031.0,0.0,8834,497,1,,,
3031.5,0.0,8836,496,1,,,
3032.0,0.0,8837,496,1,,,
3032.5,0.0,8839,493,1,,,
3033.0,0.0,8840,493,1,,,
3033.5,0.0,8842,493,1,,,
3034.0,0.0,8843,493,1,,,
3034.5,0.0,8845,492,1,,,
3035.0,0.0,8846,492,1,,,
3035.5,0.0,8848,493,1,,,
3036.0,0.0,8849,493,1,,,
3036.5,0.0,8851,495,1,,,
3037.0,0.0,8852,495,1,,,
3037.5,0.0,8854,497,1,,,
3038.0,0.0,8855,497,1,,,
3038.5,0.0,8857,499,1,,,
3039.0,0.0,8858,499,1,,,
3039.5,0.0,8860,499,1,,,
3040.0,0.0,8861,499,1,,,
3040.5,0.0,8863,498,1,,,
3041.0,0.0,8864,498,1,,,
3041.5,0.0,8866,498,1,,,
3042.0,0.0,8867,498,1,,,
3042.5,0.0,8869,497,1,,,
3043.0,0.0,8870,497,1,,,
3043.5,0.0,8872,496,1,,,
3044.0,0.0,8873,496,1,,,
3044.5,0.0,8875,497,1,,,
3045.0,0.0,8876,497,1,,,
3045.5,0.0,8878,497,1,,,
3046.0,0.0,8879,497,1,,,
3046.5,0.0,8881,499,1,,,
3047.0,0.0,8882,499,1,,,
3047.5,0.0,8884,501,1,,,
3048.0,0.0,8885,501,1,,,
3048.5,0.0,8887,502,1,,,
3049.0,0.0,8888,502,1,,,
3049.5,0.0,8890,501,1,,,
3050.0,0.0,8892,501,1,,,
3050.5,0.0,8893,502,1,,,
3051.0,0.0,8894,502,1,,,
3051.5,0.0,8896,499,1,,,
3052.0,0.0,8897,499,1,,,
3052.5,0.0,8899,498,1,,,
3053.0,0.0,8901,498,1,,,
3053.5,0.0,8902,498,1,,,
3054.0,0.0,8904,498,1,,,
3054.5,0.0,8905,499,1,,,
3055.0,0.0,8907,499,1,,,
3055.5,0.0,8908,499,1,,,
3056.0,0.0,8910,499,1,,,
3056.5,0.0,8911,501,1,,,
3057.0,0.0,8913,501,1,,,
3057.5,0.0,8914,503,1,,,
3058.0,0.0,8916,503,1,,,
3058.5,0.0,8917,503,1,,,
3059.0,0.0,8919,503,1,,,
3059.5,0.0,8920,502,1,,,
3060.0,0.0,8922,502,1,,,
3060.5,0.0,8923,502,1,,,
3061.0,0.0,8925,502,1,,,
3061.5,0.0,8926,501,1,,,
3062.0,0.0,8928,501,1,,,
3062.5,0.0,8929,499,1,,,
3063.0,0.0,8931,499,1,,,
3063.5,0.0,8932,501,1,,,
3064.0,0.0,8934,501,1,,,
3064.5,0.0,8935,501,1,,,
3065.0,0.0,8937,501,1,,,
3065.5,0.0,8938,502,1,,,
3066.0,0.0,8940,502,1,,,
3066.5,0.0,8941,504,1,,,
3067.0,0.0,8943,504,1,,,
3067.5,0.0,8944,504,1,,,
3068.0,0.0,8946,504,1,,,
3068.5,0.0,8947,503,1,,,
3069.0,0.0,8949,503,1,,,
3069.5,0.0,8950,504,1,,,
3070.0,0.0,8952,504,1,,,
3070.5,0.0,8953,503,1,,,
3071.0,0.0,8955,503,1,,,
3071.5,0.0,8956,502,1,,,
3072.0,0.0,8958,502,1,,,
3072.5,0.0,8960,502,1,,,
3073.0,0.0,8961,502,1,,,
3073.5,0.0,8963,502,1,,,
3074.0,0.0,8964,502,1,,,
3074.5,0.0,8966,503,1,,,
3075.0,0.0,8967,503,1,,,
3075.5,0.0,8969,504,1,,,
3076.0,0.0,8970,504,1,,,
3076.5,0.0,8972,505,1,,,
3077.0,0.0,8973,505,1,,,
3077.5,0.0,8975,507,1,,,
3078.0,0.0,8976,507,1,,,
3078.5,0.0,8978,507,1,,,
3079.0,0.0,8979,507,1,,,
3079.5,0.0,8981,505,1,,,
3080.0,0.0,8982,505,1,,,
3080.5,0.0,8984,504,1,,,
3081.0,0.0,8985,504,1,,,
3081.5,0.0,8987,503,1,,,
3082.0,0.0,8988,503,1,,,
3082.5,0.0,8990,503,1,,,
3083.0,0.0,8992,503,1,,,
3083.5,0.0,8993,503,1,,,
3084.0,0.0,8995,503,1,,,
3084.5,0.0,8996,504,1,,,
3085.0,0.0,8998,504,1,,,
3085.5,0.0,8999,505,1,,,
3086.0,0.0,9001,505,1,,,
3086.5,0.0,9002,507,1,,,
3087.0,0.0,9004,507,1,,,
3087.5,0.0,9005,505,1,,,
3088.0,0.0,9007,505,1,,,
3088.5,0.0,9008,505,1,,,
3089.0,0.0,9010,505,1,,,
3089.5,0.0,9011,503,1,,,
3090.0,0.0,9013,503,1,,,
3090.5,0.0,9014,502,1,,,
3091.0,0.0,9016,502,1,,,
3091.5,0.0,9017,502,1,,,
3092.0,0.0,9019,502,1,,,
3092.5,0.0,9020,502,1,,,
3093.0,0.0,9022,502,1,,,
3093.5,0.0,9023,503,1,,,
3094.0,0.0,9025,503,1,,,
3094.5,0.0,9026,505,1,,,
3095.0,0.0,9028,505,1,,,
3095.5,0.0,9029,505,1,,,
3096.0,0.0,9031,505,1,,,
3096.5,0.0,9033,504,1,,,
3097.0,0.0,9034,504,1,,,
3097.5,0.0,9035,504,1,,,
3098.0,0.0,9037,504,1,,,
3098.5,0.0,9039,503,1,,,
3099.0,0.0,9040,503,1,,,
3099.5,0.0,9042,501,1,,,
3100.0,0.0,9043,501,1,,,
3100.5,0.0,9045,501,1,,,
3101.0,0.0,9046,501,1,,,
3101.5,0.0,9048,501,1,,,
3102.0,0.0,9049,501,1,,,
3102.5,0.0,9051,502,1,,,
3103.0,0.0,9052,502,1,,,
3103.5,0.0,9054,502,1,,,
3104.0,0.0,9055,502,1,,,
3104.5,0.0,9057,504,1,,,
3105.0,0.0,9058,504,1,,,
3105.5,0.0,9060,504,1,,,
3106.0,0.0,9061,504,1,,,
3106.5,0.0,9063,504,1,,,
3107.0,0.0,9064,504,1,,,
3107.5,0.0,9066,502,1,,,
3108.0,0.0,9067,502,1,,,
3108.5,0.0,9069,501,1,,,
3109.0,0.0,9070,501,1,,,
3109.5,0.0,9072,499,1,,,
3110.0,0.0,9073,499,1,,,
3110.5,0.0,9075,499,1,,,
3111.0,0.0,9076,499,1,,,
3111.5,0.0,9078,498,1,,,
3112.0,0.0,9079,498,1,,,
3112.5,0.0,9081,501,1,,,
3113.0,0.0,9082,501,1,,,
3113.5,0.0,9084,502,1,,,
3114.0,0.0,9085,502,1,,,
3114.5,0.0,9087,503,1,,,
3115.0,0.0,9089,503,1,,,
3115.5,0.0,9090,502,1,,,
3116.0,0.0,9092,502,1,,,
3116.5,0.0,9093,503,1,,,
3117.0,0.0,9095,503,1,,,
3117.5,0.0,9096,501,1,,,
3118.0,0.0,9097,501,1,,,
3118.5,0.0,9099,499,1,,,
3119.0,0.0,9101,499,1,,,
3119.5,0.0,9102,498,1,,,
3120.0,0.0,9104,498,1,,,
3120.5,0.0,9105,499,1,,,
3121.0,0.0,9107,499,1,,,
3121.5,0.0,9108,499,1,,,
3122.0,0.0,9110,499,1,,,
3122.5,0.0,9111,501,1,,,
3123.0,0.0,9113,501,1,,,
3123.5,0.0,9114,502,1,,,
3124.0,0.0,9116,502,1,,,
3124.5,0.0,9117,501,1,,,
3125.0,0.0,9119,501,1,,,
3125.5,0.0,9120,499,1,,,
3126.0,0.0,9122,499,1,,,
3126.5,0.0,9123,499,1,,,
3127.0,0.0,9125,499,1,,,
3127.5,0.0,9126,497,1,,,
3128.0,0.0,9128,497,1,,,
3128.5,0.0,9129,496,1,,,
3129.0,0.0,9131,496,1,,,
3129.5,0.0,9132,497,1,,,
3130.0,0.0,9134,497,1,,,
3130.5,0.0,9135,497,1,,,
3131.0,0.0,9137,497,1,,,
3131.5,0.0,9138,497,1,,,
3132.0,0.0,9140,497,1,,,
3132.5,0.0,9141,499,1,,,
3133.0,0.0,9143,499,1,,,
3133.5,0.0,9144,499,1,,,
3134.0,0.0,9146,499,1,,,
3134.5,0.0,9147,498,1,,,
3135.0,0.0,9149,498,1,,,
3135.5,0.0,9150,498,1,,,
3136.0,0.0,9152,498,1,,,
3136.5,0.0,9153,496,1,,,
3137.0,0.0,9155,496,1,,,
3137.5,0.0,9156,495,1,,,
3138.0,0.0,9158,495,1,,,
3138.5,0.0,9159,495,1,,,
3139.0,0.0,9160,495,1,,,
3139.5,0.0,9162,495,1,,,
3140.0,0.0,9164,495,1,,,
3140.5,0.0,9165,495,1,,,
3141.0,0.0,9167,495,1,,,
3141.5,0.0,9168,497,1,,,
3142.0,0.0,9170,497,1,,,
3142.5,0.0,9171,497,1,,,
3143.0,0.0,9173,497,1,,,
3143.5,0.0,9174,497,1,,,
3144.0,0.0,9176,497,1,,,
3144.5,0.0,9177,497,1,,,
3145.0,0.0,9179,497,1,,,
3145.5,0.0,9180,497,1,,,
3146.0,0.0,9181,497,1,,,
3146.5,0.0,9183,496,1,,,
3147.0,0.0,9184,496,1,,,
3147.5,0.0,9186,496,1,,,
3148.0,0.0,9187,496,1,,,
3148.5,0.0,9189,496,1,,,
3149.0,0.0,9190,496,1,,,
3149.5,0.0,9192,496,1,,,
3150.0,0.0,9193,496,1,,,
3150.5,0.0,9195,498,1,,,
3151.0,0.0,9197,498,1,,,
3151.5,0.0,9198,498,1,,,
3152.0,0.0,9200,498,1,,,
3152.5,0.0,9201,501,1,,,
3153.0,0.0,9203,501,1,,,
3153.5,0.0,9204,501,1,,,
3154.0,0.0,9206,501,1,,,
3154.5,0.0,9207,501,1,,,
3155.0,0.0,9209,501,1,,,
3155.5,0.0,9210,498,1,,,
3156.0,0.0,9212,498,1,,,
3156.5,0.0,9213,498,1,,,
3157.0,0.0,9215,498,1,,,
3157.5,0.0,9216,497,1,,,
3158.0,0.0,9218,497,1,,,
3158.5,0.0,9219,498,1,,,
3159.0,0.0,9221,498,1,,,
3159.5,0.0,9222,499,1,,,
3160.0,0.0,9224,499,1,,,
3160.5,0.0,9225,502,1,,,
3161.0,0.0,9227,502,1,,,
3161.5,0.0,9228,504,1,,,
3162.0,0.0,9230,504,1,,,
3162.5,0.0,9231,503,1,,,
3163.0,0.0,9233,503,1,,,
3163.5,0.0,9234,503,1,,,
3164.0,0.0,9236,503,1,,,
3164.5,0.0,9237,503,1,,,
3165.0,0.0,9239,503,1,,,
3165.5,0.0,9240,501,1,,,
3166.0,0.0,9242,501,1,,,
3166.5,0.0,9243,499,1,,,
3167.0,0.0,9245,499,1,,,
3167.5,0.0,9246,502,1,,,
3168.0,0.0,9248,502,1,,,
3168.5,0.0,9249,502,1,,,
3169.0,0.0,9251,502,1,,,
3169.5,0.0,9253,503,1,,,
3170.0,0.0,9254,503,1,,,
3170.5,0.0,9256,505,1,,,
3171.0,0.0,9257,505,1,,,
3171.5,0.0,9259,507,1,,,
3172.0,0.0,9260,507,1,,,
3172.5,0.0,9262,505,1,,,
3173.0,0.0,9263,505,1,,,
3173.5,0.0,9265,504,1,,,
3174.0,0.0,9266,504,1,,,
3174.5,0.0,9268,503,1,,,
3175.0,0.0,9269,503,1,,,
3175.5,0.0,9271,502,1,,,
3176.0,0.0,9272,502,1,,,
3176.5,0.0,9274,501,1,,,
3177.0,0.0,9275,501,1,,,
3177.5,0.0,9277,502,1,,,
3178.0,0.0,9278,502,1,,,
3178.5,0.0,9280,504,1,,,
3179.0,0.0,9281,504,1,,,
3179.5,0.0,9283,504,1,,,
3180.0,0.0,9284,504,1,,,
3180.5,0.0,9286,505,1,,,
3181.0,0.0,9287,505,1,,,
3181.5,0.0,9289,507,1,,,
3182.0,0.0,9290,507,1,,,
3182.5,0.0,9292,504,1,,,
3183.0,0.0,9293,504,1,,,
3183.5,0.0,9295,503,1,,,
3184.0,0.0,9296,503,1,,,
3184.5,0.0,9298,503,1,,,
3185.0,0.0,9300,503,1,,,
3185.5,0.0,9301,503,1,,,
3186.0,0.0,9303,503,1,,,
3186.5,0.0,9304,502,1,,,
3187.0,0.0,9306,502,1,,,
3187.5,0.0,9307,504,1,,,
3188.0,0.0,9309,504,1,,,
3188.5,0.0,9310,505,1,,,
3189.0,0.0,9312,505,1,,,
3189.5,0.0,9313,507,1,,,
3190.0,0.0,9315,507,1,,,
3190.5,0.0,9316,507,1,,,
3191.0,0.0,9318,507,1,,,
3191.5,0.0,9319,507,1,,,
3192.0,0.0,9321,507,1,,,
3192.5,0.0,9322,505,1,,,
3193.0,0.0,9324,505,1,,,
3193.5,0.0,9325,503,1,,,
3194.0,0.0,9327,503,1,,,
3194.5,0.0,9328,503,1,,,
3195.0,0.0,9330,503,1,,,
3195.5,0.0,9332,503,1,,,
3196.0,0.0,9333,503,1,,,
3196.5,0.0,9335,503,1,,,
3197.0,0.0,9336,503,1,,,
3197.5,0.0,9338,504,1,,,
3198.0,0.0,9339,504,1,,,
3198.5,0.0,9341,507,1,,,
3199.0,0.0,9342,507,1,,,
3199.5,0.0,9344,507,1,,,
3200.0,0.0,9345,507,1,,,
3200.5,0.0,9347,507,1,,,
3201.0,0.0,9348,507,1,,,
3201.5,0.0,9350,505,1,,,
3202.0,0.0,9351,505,1,,,
3202.5,0.0,9353,503,1,,,
3203.0,0.0,9354,503,1,,,
3203.5,0.0,9356,503,1,,,
3204.0,0.0,9357,503,1,,,
3204.5,0.0,9359,502,1,,,
3205.0,0.0,9360,502,1,,,
3205.5,0.0,9362,502,1,,,
3206.0,0.0,9363,502,1,,,
3206.5,0.0,9365,504,1,,,
3207.0,0.0,9367,504,1,,,
3207.5,0.0,9368,505,1,,,
3208.0,0.0,9370,505,1,,,
3208.5,0.0,9371,505,1,,,
3209.0,0.0,9373,505,1,,,
3209.5,0.0,9374,505,1,,,
3210.0,0.0,9376,505,1,,,
3210.5,0.0,9377,504,1,,,
3211.0,0.0,9379,504,1,,,
3211.5,0.0,9380,503,1,,,
3212.0,0.0,9382,503,1,,,
3212.5,0.0,9383,502,1,,,
3213.0,0.0,9385,502,1,,,
3213.5,0.0,9386,502,1,,,
3214.0,0.0,9388,502,1,,,
3214.5,0.0,9389,502,1,,,
3215.0,0.0,9391,502,1,,,
3215.5,0.0,9392,502,1,,,
3216.0,0.0,9394,502,1,,,
3216.5,0.0,9395,503,1,,,
3217.0,0.0,9397,503,1,,,
3217.5,0.0,9398,505,1,,,
3218.0,0.0,9400,505,1,,,
3218.5,0.0,9401,504,1,,,
3219.0,0.0,9403,504,1,,,
3219.5,0.0,9404,504,1,,,
3220.0,0.0,9406,504,1,,,
3220.5,0.0,9407,504,1,,,
3221.0,0.0,9409,504,1,,,
3221.5,0.0,9410,502,1,,,
3222.0,0.0,9412,502,1,,,
3222.5,0.0,9414,501,1,,,
3223.0,0.0,9415,501,1,,,
3223.5,0.0,9417,501,1,,,
3224.0,0.0,9418,501,1,,,
3224.5,0.0,9420,502,1,,,
3225.0,0.0,9421,502,1,,,
3225.5,0.0,9423,502,1,,,
3226.0,0.0,9424,502,1,,,
3226.5,0.0,9426,504,1,,,
3227.0,0.0,9427,504,1,,,
3227.5,0.0,9429,504,1,,,
3228.0,0.0,9430,504,1,,,
3228.5,0.0,9432,503,1,,,
3229.0,0.0,9433,503,1,,,
3229.5,0.0,9435,502,1,,,
3230.0,0.0,9436,502,1,,,
3230.5,0.0,9438,501,1,,,
3231.0,0.0,9439,501,1,,,
3231.5,0.0,9441,498,1,,,
3232.0,0.0,9442,498,1,,,
3232.5,0.0,9444,498,1,,,
3233.0,0.0,9445,498,1,,,
3233.5,0.0,9447,499,1,,,
3234.0,0.0,9448,499,1,,,
3234.5,0.0,9450,499,1,,,
3235.0,0.0,9451,499,1,,,
3235.5,0.0,9453,501,1,,,
3236.0,0.0,9454,501,1,,,
3236.5,0.0,9456,502,1,,,
3237.0,0.0,9457,502,1,,,
3237.5,0.0,9459,502,1,,,
3238.0,0.0,9460,502,1,,,
3238.5,0.0,9462,501,1,,,
3239.0,0.0,9463,501,1,,,
3239.5,0.0,9465,498,1,,,
3240.0,0.0,9466,498,1,,,
3240.5,0.0,9468,496,1,,,
3241.0,0.0,9469,496,1,,,
3241.5,0.0,9471,496,1,,,
3242.0,0.0,9472,496,1,,,
3242.5,0.0,9474,495,1,,,
3243.0,0.0,9475,495,1,,,
3243.5,0.0,9477,495,1,,,
3244.0,0.0,9478,495,1,,,
3244.5,0.0,9480,497,1,,,
3245.0,0.0,9481,497,1,,,
3245.5,0.0,9483,498,1,,,
3246.0,0.0,9484,498,1,,,
3246.5,0.0,9486,498,1,,,
3247.0,0.0,9487,498,1,,,
3247.5,0.0,9489,497,1,,,
3248.0,0.0,9490,497,1,,,
3248.5,0.0,9492,497,1,,,
3249.0,0.0,9493,497,1,,,
3249.5,0.0,9495,495,1,,,
3250.0,0.0,9496,495,1,,,
3250.5,0.0,9498,493,1,,,
3251.0,0.0,9499,493,1,,,
3251.5,0.0,9501,492,1,,,
3252.0,0.0,9502,492,1,,,
3252.5,0.0,9504,493,1,,,
3253.0,0.0,9505,493,1,,,
3253.5,0.0,9507,493,1,,,
3254.0,0.0,9508,493,1,,,
3254.5,0.0,9510,495,1,,,
3255.0,0.0,9511,495,1,,,
3255.5,0.0,9513,497,1,,,
3256.0,0.0,9514,497,1,,,
3256.5,0.0,9516,497,1,,,
3257.0,0.0,9517,497,1,,,
3257.5,0.0,9519,496,1,,,
3258.0,0.0,9520,496,1,,,
3258.5,0.0,9521,496,1,,,
3259.0,0.0,9523,496,1,,,
3259.5,0.0,9525,495,1,,,
3260.0,0.0,9526,495,1,,,
3260.5,0.0,9527,493,1,,,
3261.0,0.0,9529,493,1,,,
3261.5,0.0,9530,493,1,,,
3262.0,0.0,9532,493,1,,,
3262.5,0.0,9533,495,1,,,
3263.0,0.0,9535,495,1,,,
3263.5,0.0,9536,495,1,,,
3264.0,0.0,9538,495,1,,,
3264.5,0.0,9540,497,1,,,
3265.0,0.0,9541,497,1,,,
3265.5,0.0,9542,498,1,,,
3266.0,0.0,9544,498,1,,,
3266.5,0.0,9545,498,1,,,
3267.0,0.0,9547,498,1,,,
3267.5,0.0,9548,497,1,,,
3268.0,0.0,9550,497,1,,,
3268.5,0.0,9551,497,1,,,
3269.0,0.0,9553,497,1,,,
3269.5,0.0,9554,496,1,,,
3270.0,0.0,9556,496,1,,,
3270.5,0.0,9557,496,1,,,
3271.0,0.0,9559,496,1,,,
3271.5,0.0,9560,496,1,,,
3272.0,0.0,9562,496,1,,,
3272.5,0.0,9564,498,1,,,
3273.0,0.0,9565,498,1,,,
3273.5,0.0,9567,499,1,,,
3274.0,0.0,9568,499,1,,,
3274.5,0.0,9570,501,1,,,
3275.0,0.0,9571,501,1,,,
3275.5,0.0,9573,501,1,,,
3276.0,0.0,9574,501,1,,,
3276.5,0.0,9576,501,1,,,
3277.0,0.0,9577,501,1,,,
3277.5,0.0,9579,499,1,,,
3278.0,0.0,9580,499,1,,,
3278.5,0.0,9582,498,1,,,
3279.0,0.0,9583,498,1,,,
3279.5,0.0,9585,498,1,,,
3280.0,0.0,9586,498,1,,,
3280.5,0.0,9588,498,1,,,
3281.0,0.0,9589,498,1,,,
3281.5,0.0,9591,498,1,,,
3282.0,0.0,9592,498,1,,,
3282.5,0.0,9594,501,1,,,
3283.0,0.0,9595,501,1,,,
3283.5,0.0,9597,502,1,,,
3284.0,0.0,9598,502,1,,,
3284.5,0.0,9600,502,1,,,
3285.0,0.0,9601,502,1,,,
3285.5,0.0,9603,502,1,,,
3286.0,0.0,9604,502,1,,,
3286.5,0.0,9606,503,1,,,
3287.0,0.0,9607,503,1,,,
3287.5,0.0,9609,501,1,,,
3288.0,0.0,9610,501,1,,,
3288.5,0.0,9612,501,1,,,
3289.0,0.0,9613,501,1,,,
3289.5,0.0,9615,501,1,,,
3290.0,0.0,9616,501,1,,,
3290.5,0.0,9618,501,1,,,
3291.0,0.0,9619,501,1,,,
3291.5,0.0,9621,501,1,,,
3292.0,0.0,9622,501,1,,,
3292.5,0.0,9624,503,1,,,
3293.0,0.0,9625,503,1,,,
3293.5,0.0,9627,503,1,,,
3294.0,0.0,9628,503,1,,,
3294.5,0.0,9630,504,1,,,
3295.0,0.0,9631,504,1,,,
3295.5,0.0,9633,504,1,,,
3296.0,0.0,9635,504,1,,,
3296.5,0.0,9636,504,1,,,
3297.0,0.0,9637,504,1,,,
3297.5,0.0,9639,502,1,,,
3298.0,0.0,9641,502,1,,,
3298.5,0.0,9642,503,1,,,
3299.0,0.0,9644,503,1,,,
3299.5,0.0,9645,502,1,,,
3300.0,0.0,9647,502,1,,,
3300.5,0.0,9648,503,1,,,
3301.0,0.0,9650,503,1,,,
3301.5,0.0,9651,504,1,,,
3302.0,0.0,9653,504,1,,,
3302.5,0.0,9654,507,1,,,
3303.0,0.0,9656,507,1,,,
3303.5,0.0,9657,507,1,,,
3304.0,0.0,9659,507,1,,,
3304.5,0.0,9660,508,1,,,
3305.0,0.0,9662,508,1,,,
3305.5,0.0,9663,507,1,,,
3306.0,0.0,9665,507,1,,,
3306.5,0.0,9667,505,1,,,
3307.0,0.0,9668,505,1,,,
3307.5,0.0,9670,504,1,,,
3308.0,0.0,9671,504,1,,,
3308.5,0.0,9673,504,1,,,
3309.0,0.0,9674,504,1,,,
3309.5,0.0,9676,504,1,,,
3310.0,0.0,9677,504,1,,,
3310.5,0.0,9679,507,1,,,
3311.0,0.0,9680,507,1,,,
3311.5,0.0,9682,508,1,,,
3312.0,0.0,9683,508,1,,,
3312.5,0.0,9685,509,1,,,
3313.0,0.0,9686,509,1,,,
3313.5,0.0,9688,509,1,,,
3314.0,0.0,9689,509,1,,,
3314.5,0.0,9691,508,1,,,
3315.0,0.0,9692,508,1,,,
3315.5,0.0,9694,505,1,,,
3316.0,0.0,9695,505,1,,,
3316.5,0.0,9697,504,1,,,
3317.0,0.0,9698,504,1,,,
3317.5,0.0,9700,503,1,,,
3318.0,0.0,9702,503,1,,,
3318.5,0.0,9703,503,1,,,
3319.0,0.0,9705,503,1,,,
3319.5,0.0,9706,503,1,,,
3320.0,0.0,9708,503,1,,,
3320.5,0.0,9709,505,1,,,
3321.0,0.0,9711,505,1,,,
3321.5,0.0,9712,505,1,,,
3322.0,0.0,9714,505,1,,,
3322.5,0.0,9715,505,1,,,
3323.0,0.0,9717,505,1,,,
3323.5,0.0,9718,504,1,,,
3324.0,0.0,9720,504,1,,,
3324.5,0.0,9721,503,1,,,
3325.0,0.0,9723,503,1,,,
3325.5,0.0,9724,501,1,,,
3326.0,0.0,9726,501,1,,,
3326.5,0.0,9727,501,1,,,
3327.0,0.0,9729,501,1,,,
3327.5,0.0,9730,502,1,,,
3328.0,0.0,9732,502,1,,,
3328.5,0.0,9733,502,1,,,
3329.0,0.0,9735,502,1,,,
3329.5,0.0,9736,504,1,,,
3330.0,0.0,9738,504,1,,,
3330.5,0.0,9740,504,1,,,
3331.0,0.0,9741,504,1,,,
3331.5,0.0,9743,505,1,,,
3332.0,0.0,9744,505,1,,,
3332.5,0.0,9746,503,1,,,
3333.0,0.0,9747,503,1,,,
3333.5,0.0,9749,503,1,,,
3334.0,0.0,9750,503,1,,,
3334.5,0.0,9752,502,1,,,
3335.0,0.0,9753,502,1,,,
3335.5,0.0,9755,502,1,,,
3336.0,0.0,9756,502,1,,,
3336.5,0.0,9758,501,1,,,
3337.0,0.0,9759,501,1,,,
3337.5,0.0,9761,502,1,,,
3338.0,0.0,9762,502,1,,,
3338.5,0.0,9764,502,1,,,
3339.0,0.0,9765,502,1,,,
3339.5,0.0,9767,503,1,,,
3340.0,0.0,9768,503,1,,,
3340.5,0.0,9770,504,1,,,
3341.0,0.0,9771,504,1,,,
3341.5,0.0,9773,504,1,,,
3342.0,0.0,9774,504,1,,,
3342.5,0.0,9776,503,1,,,
3343.0,0.0,9777,503,1,,,
3343.5,0.0,9779,503,1,,,
3344.0,0.0,9780,503,1,,,
3344.5,0.0,9782,501,1,,,
3345.0,0.0,9783,501,1,,,
3345.5,0.0,9785,499,1,,,
3346.0,0.0,9786,499,1,,,
3346.5,0.0,9788,499,1,,,
3347.0,0.0,9789,499,1,,,
3347.5,0.0,9791,501,1,,,
3348.0,0.0,9792,501,1,,,
3348.5,0.0,9794,501,1,,,
3349.0,0.0,9796,501,1,,,
3349.5,0.0,9797,503,1,,,
3350.0,0.0,9799,503,1,,,
3350.5,0.0,9800,503,1,,,
3351.0,0.0,9802,503,1,,,
3351.5,0.0,9803,502,1,,,
3352.0,0.0,9805,502,1,,,
3352.5,0.0,9806,502,1,,,
3353.0,0.0,9808,502,1,,,
3353.5,0.0,9809,501,1,,,
3354.0,0.0,9810,501,1,,,
3354.5,0.0,9812,498,1,,,
3355.0,0.0,9814,498,1,,,
3355.5,0.0,9815,499,1,,,
3356.0,0.0,9817,499,1,,,
3356.5,0.0,9818,499,1,,,
3357.0,0.0,9820,499,1,,,
3357.5,0.0,9821,499,1,,,
3358.0,0.0,9823,499,1,,,
3358.5,0.0,9824,501,1,,,
3359.0,0.0,9826,501,1,,,
3359.5,0.0,9827,502,1,,,
3360.0,0.0,9829,502,1,,,
3360.5,0.0,9830,499,1,,,
3361.0,0.0,9832,499,1,,,
3361.5,0.0,9833,499,1,,,
3362.0,0.0,9835,499,1,,,
3362.5,0.0,9836,498,1,,,
3363.0,0.0,9838,498,1,,,
3363.5,0.0,9839,496,1,,,
3364.0,0.0,9841,496,1,,,
3364.5,0.0,9842,496,1,,,
3365.0,0.0,9844,496,1,,,
3365.5,0.0,9845,496,1,,,
3366.0,0.0,9847,496,1,,,
3366.5,0.0,9848,497,1,,,
3367.0,0.0,9850,497,1,,,
3367.5,0.0,9851,498,1,,,
3368.0,0.0,9853,498,1,,,
3368.5,0.0,9854,499,1,,,
3369.0,0.0,9856,499,1,,,
3369.5,0.0,9857,498,1,,,
3370.0,0.0,9859,498,1,,,
3370.5,0.0,9860,498,1,,,
3371.0,0.0,9862,498,1,,,
3371.5,0.0,9863,497,1,,,
3372.0,0.0,9865,497,1,,,
3372.5,0.0,9866,495,1,,,
3373.0,0.0,9868,495,1,,,
3373.5,0.0,9869,495,1,,,
3374.0,0.0,9871,495,1,,,
3374.5,0.0,9872,493,1,,,
3375.0,0.0,9874,493,1,,,
3375.5,0.0,9875,495,1,,,
3376.0,0.0,9877,495,1,,,
3376.5,0.0,9878,495,1,,,
3377.0,0.0,9880,495,1,,,
3377.5,0.0,9881,496,1,,,
3378.0,0.0,9882,496,1,,,
3378.5,0.0,9884,496,1,,,
3379.0,0.0,9885,496,1,,,
3379.5,0.0,9887,497,1,,,
3380.0,0.0,9888,497,1,,,
3380.5,0.0,9890,493,1,,,
3381.0,0.0,9891,493,1,,,
3381.5,0.0,9893,492,1,,,
3382.0,0.0,9894,492,1,,,
3382.5,0.0,9896,491,1,,,
3383.0,0.0,9897,491,1,,,
3383.5,0.0,9899,491,1,,,
3384.0,0.0,9900,491,1,,,
3384.5,0.0,9902,491,1,,,
3385.0,0.0,9903,491,1,,,
3385.5,0.0,9905,492,1,,,
3386.0,0.0,9906,492,1,,,
3386.5,0.0,9908,495,1,,,
3387.0,0.0,9909,495,1,,,
3387.5,0.0,9911,496,1,,,
3388.0,0.0,9912,496,1,,,
3388.5,0.0,9914,495,1,,,
3389.0,0.0,9915,495,1,,,
3389.5,0.0,9917,495,1,,,
3390.0,0.0,9918,495,1,,,
3390.5,0.0,9920,495,1,,,
3391.0,0.0,9921,495,1,,,
3391.5,0.0,9923,492,1,,,
3392.0,0.0,9924,492,1,,,
3392.5,0.0,9926,492,1,,,
3393.0,0.0,9927,492,1,,,
3393.5,0.0,9929,493,1,,,
3394.0,0.0,9930,493,1,,,
3394.5,0.0,9932,493,1,,,
3395.0,0.0,9933,493,1,,,
3395.5,0.0,9935,495,1,,,
3396.0,0.0,9936,495,1,,,
3396.5,0.0,9938,497,1,,,
3397.0,0.0,9939,497,1,,,
3397.5,0.0,9941,498,1,,,
3398.0,0.0,9942,498,1,,,
3398.5,0.0,9944,497,1,,,
3399.0,0.0,9945,497,1,,,
3399.5,0.0,9947,498,1,,,
3400.0,0.0,9948,498,1,,,
3400.5,0.0,9950,497,1,,,
3401.0,0.0,9951,497,1,,,
3401.5,0.0,9953,496,1,,,
3402.0,0.0,9954,496,1,,,
3402.5,0.0,9956,496,1,,,
3403.0,0.0,9957,496,1,,,
3403.5,0.0,9959,497,1,,,
3404.0,0.0,9960,497,1,,,
3404.5,0.0,9962,497,1,,,
3405.0,0.0,9963,497,1,,,
3405.5,0.0,9965,499,1,,,
3406.0,0.0,9966,499,1,,,
3406.5,0.0,9968,502,1,,,
3407.0,0.0,9969,502,1,,,
3407.5,0.0,9971,502,1,,,
3408.0,0.0,9972,502,1,,,
3408.5,0.0,9974,503,1,,,
3409.0,0.0,9975,503,1,,,
3409.5,0.0,9977,502,1,,,
3410.0,0.0,9978,502,1,,,
3410.5,0.0,9980,501,1,,,
3411.0,0.0,9981,501,1,,,
3411.5,0.0,9983,501,1,,,
3412.0,0.0,9984,501,1,,,
3412.5,0.0,9986,501,1,,,
3413.0,0.0,9987,501,1,,,
3413.5,0.0,9989,501,1,,,
3414.0,0.0,9990,501,1,,,
3414.5,0.0,9992,502,1,,,
3415.0,0.0,9993,502,1,,,
3415.5,0.0,9995,504,1,,,
3416.0,0.0,9996,504,1,,,
3416.5,0.0,9998,504,1,,,
3417.0,0.0,10000,504,1,,,
3417.5,0.0,10001,504,1,,,
3418.0,0.0,10003,504,1,,,
3418.5,0.0,10004,504,1,,,
3419.0,0.0,10006,504,1,,,
3419.5,0.0,10007,503,1,,,
3420.0,0.0,10009,503,1,,,
3420.5,0.0,10010,502,1,,,
3421.0,0.0,10012,502,1,,,
3421.5,0.0,10013,501,1,,,
3422.0,0.0,10015,501,1,,,
3422.5,0.0,10016,501,1,,,
3423.0,0.0,10018,501,1,,,
3423.5,0.0,10019,502,1,,,
3424.0,0.0,10021,502,1,,,
3424.5,0.0,10022,504,1,,,
3425.0,0.0,10024,504,1,,,
3425.5,0.0,10025,504,1,,,
3426.0,0.0,10027,504,1,,,
3426.5,0.0,10028,505,1,,,
3427.0,0.0,10030,505,1,,,
3427.5,0.0,10031,505,1,,,
3428.0,0.0,10033,505,1,,,
3428.5,0.0,10034,504,1,,,
3429.0,0.0,10036,504,1,,,
3429.5,0.0,10037,502,1,,,
3430.0,0.0,10039,502,1,,,
3430.5,0.0,10040,502,1,,,
3431.0,0.0,10042,502,1,,,
3431.5,0.0,10043,502,1,,,
3432.0,0.0,10045,502,1,,,
3432.5,0.0,10046,502,1,,,
3433.0,0.0,10048,502,1,,,
3433.5,0.0,10050,503,1,,,
3434.0,0.0,10051,503,1,,,
3434.5,0.0,10053,505,1,,,
3435.0,0.0,10054,505,1,,,
3435.5,0.0,10056,507,1,,,
3436.0,0.0,10057,507,1,,,
3436.5,0.0,10059,505,1,,,
3437.0,0.0,10060,505,1,,,
3437.5,0.0,10062,505,1,,,
3438.0,0.0,10063,505,1,,,
3438.5,0.0,10065,504,1,,,
3439.0,0.0,10066,504,1,,,
3439.5,0.0,10068,503,1,,,
3440.0,0.0,10069,503,1,,,
3440.5,0.0,10071,503,1,,,
3441.0,0.0,10072,503,1,,,
3441.5,0.0,10074,503,1,,,
3442.0,0.0,10075,503,1,,,
3442.5,0.0,10077,505,1,,,
3443.0,0.0,10079,505,1,,,
3443.5,0.0,10080,507,1,,,
3444.0,0.0,10082,507,1,,,
3444.5,0.0,10083,508,1,,,
3445.0,0.0,10085,508,1,,,
3445.5,0.0,10086,508,1,,,
3446.0,0.0,10088,508,1,,,
3446.5,0.0,10089,509,1,,,
3447.0,0.0,10091,509,1,,,
3447.5,0.0,10092,507,1,,,
3448.0,0.0,10094,507,1,,,
3448.5,0.0,10095,505,1,,,
3449.0,0.0,10097,505,1,,,
3449.5,0.0,10098,505,1,,,
3450.0,0.0,10100,505,1,,,
3450.5,0.0,10101,505,1,,,
3451.0,0.0,10103,505,1,,,
3451.5,0.0,10105,507,1,,,
3452.0,0.0,10106,507,1,,,
3452.5,0.0,10108,508,1,,,
3453.0,0.0,10109,508,1,,,
3453.5,0.0,10111,510,1,,,
3454.0,0.0,10112,510,1,,,
3454.5,0.0,10114,510,1,,,
3455.0,0.0,10115,510,1,,,
3455.5,0.0,10117,509,1,,,
3456.0,0.0,10118,509,1,,,
3456.5,0.0,10120,507,1,,,
3457.0,0.0,10121,507,1,,,
3457.5,0.0,10123,505,1,,,
3458.0,0.0,10124,505,1,,,
3458.5,0.0,10126,504,1,,,
3459.0,0.0,10127,504,1,,,
3459.5,0.0,10129,504,1,,,
3460.0,0.0,10131,504,1,,,
3460.5,0.0,10132,505,1,,,
3461.0,0.0,10134,505,1,,,
3461.5,0.0,10135,507,1,,,
3462.0,0.0,10137,507,1,,,
3462.5,0.0,10138,509,1,,,
3463.0,0.0,10140,509,1,,,
3463.5,0.0,10141,508,1,,,
3464.0,0.0,10143,508,1,,,
3464.5,0.0,10144,508,1,,,
3465.0,0.0,10146,508,1,,,
3465.5,0.0,10147,507,1,,,
3466.0,0.0,10149,507,1,,,
3466.5,0.0,10150,505,1,,,
3467.0,0.0,10152,505,1,,,
3467.5,0.0,10153,503,1,,,
3468.0,0.0,10155,503,1,,,
3468.5,0.0,10156,503,1,,,
3469.0,0.0,10158,503,1,,,
3469.5,0.0,10159,503,1,,,
3470.0,0.0,10161,503,1,,,
3470.5,0.0,10162,504,1,,,
3471.0,0.0,10164,504,1,,,
3471.5,0.0,10166,505,1,,,
3472.0,0.0,10167,505,1,,,
3472.5,0.0,10169,507,1,,,
3473.0,0.0,10170,507,1,,,
3473.5,0.0,10172,507,1,,,
3474.0,0.0,10173,507,1,,,
3474.5,0.0,10175,504,1,,,
3475.0,0.0,10176,504,1,,,
3475.5,0.0,10178,503,1,,,
3476.0,0.0,10179,503,1,,,
3476.5,0.0,10181,501,1,,,
3477.0,0.0,10182,501,1,,,
3477.5,0.0,10184,501,1,,,
3478.0,0.0,10185,501,1,,,
3478.5,0.0,10187,501,1,,,
3479.0,0.0,10188,501,1,,,
3479.5,0.0,10190,502,1,,,
3480.0,0.0,10191,502,1,,,
3480.5,0.0,10193,503,1,,,
3481.0,0.0,10194,503,1,,,
3481.5,0.0,10196,504,1,,,
3482.0,0.0,10197,504,1,,,
3482.5,0.0,10199,502,1,,,
3483.0,0.0,10200,502,1,,,
3483.5,0.0,10202,502,1,,,
3484.0,0.0,10203,502,1,,,
3484.5,0.0,10205,501,1,,,
3485.0,0.0,10206,501,1,,,
3485.5,0.0,10208,498,1,,,
3486.0,0.0,10209,498,1,,,
3486.5,0.0,10211,497,1,,,
3487.0,0.0,10212,497,1,,,
3487.5,0.0,10214,498,1,,,
3488.0,0.0,10215,498,1,,,
3488.5,0.0,10217,497,1,,,
3489.0,0.0,10218,497,1,,,
3489.5,0.0,10220,498,1,,,
3490.0,0.0,10221,498,1,,,
3490.5,0.0,10223,499,1,,,
3491.0,0.0,10224,499,1,,,
3491.5,0.0,10226,499,1,,,
3492.0,0.0,10227,499,1,,,
3492.5,0.0,10229,498,1,,,
3493.0,0.0,10230,498,1,,,
3493.5,0.0,10232,498,1,,,
3494.0,0.0,10233,498,1,,,
3494.5,0.0,10235,496,1,,,
3495.0,0.0,10236,496,1,,,
3495.5,0.0,10238,493,1,,,
3496.0,0.0,10239,493,1,,,
3496.5,0.0,10241,493,1,,,
3497.0,0.0,10242,493,1,,,
3497.5,0.0,10244,493,1,,,
3498.0,0.0,10245,493,1,,,
3498.5,0.0,10247,493,1,,,
3499.0,0.0,10248,493,1,,,
3499.5,0.0,10250,496,1,,,
3500.0,0.0,10251,496,1,,,
3500.5,0.0,10253,497,1,,,
3501.0,0.0,10254,497,1,,,
3501.5,0.0,10256,497,1,,,
3502.0,0.0,10257,497,1,,,
3502.5,0.0,10259,497,1,,,
3503.0,0.0,10260,497,1,,,
3503.5,0.0,10262,496,1,,,
3504.0,0.0,10263,496,1,,,
3504.5,0.0,10265,493,1,,,
3505.0,0.0,10266,493,1,,,
3505.5,0.0,10268,493,1,,,
3506.0,0.0,10269,493,1,,,
3506.5,0.0,10271,493,1,,,
3507.0,0.0,10272,493,1,,,
3507.5,0.0,10274,493,1,,,
3508.0,0.0,10275,493,1,,,
3508.5,0.0,10277,496,1,,,
3509.0,0.0,10278,496,1,,,
3509.5,0.0,10280,497,1,,,
3510.0,0.0,10281,497,1,,,
3510.5,0.0,10283,498,1,,,
3511.0,0.0,10284,498,1,,,
3511.5,0.0,10286,498,1,,,
3512.0,0.0,10287,498,1,,,
3512.5,0.0,10289,498,1,,,
3513.0,0.0,10290,498,1,,,
3513.5,0.0,10292,496,1,,,
3514.0,0.0,10293,496,1,,,
3514.5,0.0,10295,495,1,,,
3515.0,0.0,10296,495,1,,,
3515.5,0.0,10298,495,1,,,
3516.0,0.0,10299,495,1,,,
3516.5,0.0,10301,495,1,,,
3517.0,0.0,10302,495,1,,,
3517.5,0.0,10304,495,1,,,
3518.0,0.0,10305,495,1,,,
3518.5,0.0,10307,497,1,,,
3519.0,0.0,10308,497,1,,,
3519.5,0.0,10310,499,1,,,
3520.0,0.0,10311,499,1,,,
3520.5,0.0,10313,498,1,,,
3521.0,0.0,10314,498,1,,,
3521.5,0.0,10316,499,1,,,
3522.0,0.0,10317,499,1,,,
3522.5,0.0,10319,499,1,,,
3523.0,0.0,10320,499,1,,,
3523.5,0.0,10322,497,1,,,
3524.0,0.0,10323,497,1,,,
3524.5,0.0,10325,497,1,,,
3525.0,0.0,10326,497,1,,,
3525.5,0.0,10328,498,1,,,
3526.0,0.0,10329,498,1,,,
3526.5,0.0,10331,497,1,,,
3527.0,0.0,10332,497,1,,,
3527.5,0.0,10334,499,1,,,
3528.0,0.0,10335,499,1,,,
3528.5,0.0,10337,502,1,,,
3529.0,0.0,10338,502,1,,,
3529.5,0.0,10340,503,1,,,
3530.0,0.0,10341,503,1,,,
3530.5,0.0,10343,502,1,,,
3531.0,0.0,10344,502,1,,,
3531.5,0.0,10346,503,1,,,
3532.0,0.0,10347,503,1,,,
3532.5,0.0,10349,501,1,,,
3533.0,0.0,10350,501,1,,,
3533.5,0.0,10352,499,1,,,
3534.0,0.0,10353,499,1,,,
3534.5,0.0,10355,499,1,,,
3535.0,0.0,10356,499,1,,,
3535.5,0.0,10358,501,1,,,
3536.0,0.0,10359,501,1,,,
3536.5,0.0,10361,501,1,,,
3537.0,0.0,10362,501,1,,,
3537.5,0.0,10364,503,1,,,
3538.0,0.0,10365,503,1,,,
3538.5,0.0,10367,505,1,,,
3539.0,0.0,10368,505,1,,,
3539.5,0.0,10370,504,1,,,
3540.0,0.0,10372,504,1,,,
3540.5,0.0,10373,504,1,,,
3541.0,0.0,10375,504,1,,,
3541.5,0.0,10376,504,1,,,
3542.0,0.0,10378,504,1,,,
3542.5,0.0,10379,503,1,,,
3543.0,0.0,10381,503,1,,,
3543.5,0.0,10382,503,1,,,
3544.0,0.0,10384,503,1,,,
3544.5,0.0,10385,503,1,,,
3545.0,0.0,10387,503,1,,,
3545.5,0.0,10388,504,1,,,
3546.0,0.0,10390,504,1,,,
3546.5,0.0,10391,505,1,,,
3547.0,0.0,10393,505,1,,,
3547.5,0.0,10394,508,1,,,
3548.0,0.0,10396,508,1,,,
3548.5,0.0,10398,508,1,,,
3549.0,0.0,10399,508,1,,,
3549.5,0.0,10401,508,1,,,
3550.0,0.0,10402,508,1,,,
3550.5,0.0,10404,507,1,,,
3551.0,0.0,10405,507,1,,,
3551.5,0.0,10407,505,1,,,
3552.0,0.0,10408,505,1,,,
3552.5,0.0,10410,503,1,,,
3553.0,0.0,10411,503,1,,,
3553.5,0.0,10413,503,1,,,
3554.0,0.0,10414,503,1,,,
3554.5,0.0,10416,503,1,,,
3555.0,0.0,10417,503,1,,,
3555.5,0.0,10419,504,1,,,
3556.0,0.0,10420,504,1,,,
3556.5,0.0,10422,505,1,,,
3557.0,0.0,10423,505,1,,,
3557.5,0.0,10425,507,1,,,
3558.0,0.0,10426,507,1,,,
3558.5,0.0,10428,507,1,,,
3559.0,0.0,10429,507,1,,,
3559.5,0.0,10431,505,1,,,
3560.0,0.0,10432,505,1,,,
3560.5,0.0,10434,504,1,,,
3561.0,0.0,10435,504,1,,,
3561.5,0.0,10437,503,1,,,
3562.0,0.0,10439,503,1,,,
3562.5,0.0,10440,503,1,,,
3563.0,0.0,10442,503,1,,,
3563.5,0.0,10443,502,1,,,
3564.0,0.0,10445,502,1,,,
3564.5,0.0,10446,504,1,,,
3565.0,0.0,10448,504,1,,,
3565.5,0.0,10449,505,1,,,
3566.0,0.0,10451,505,1,,,
3566.5,0.0,10452,507,1,,,
3567.0,0.0,10454,507,1,,,
3567.5,0.0,10455,505,1,,,
3568.0,0.0,10457,505,1,,,
3568.5,0.0,10458,505,1,,,
3569.0,0.0,10460,505,1,,,
3569.5,0.0,10461,504,1,,,
3570.0,0.0,10463,504,1,,,
3570.5,0.0,10464,502,1,,,
3571.0,0.0,10466,502,1,,,
3571.5,0.0,10467,502,1,,,
3572.0,0.0,10469,502,1,,,
3572.5,0.0,10470,502,1,,,
3573.0,0.0,10472,502,1,,,
3573.5,0.0,10473,503,1,,,
3574.0,0.0,10475,503,1,,,
3574.5,0.0,10477,504,1,,,
3575.0,0.0,10478,504,1,,,
3575.5,0.0,10480,507,1,,,
3576.0,0.0,10481,507,1,,,
3576.5,0.0,10483,507,1,,,
3577.0,0.0,10484,507,1,,,
3577.5,0.0,10486,507,1,,,
3578.0,0.0,10487,507,1,,,
3578.5,0.0,10489,505,1,,,
3579.0,0.0,10490,505,1,,,
3579.5,0.0,10492,504,1,,,
3580.0,0.0,10493,504,1,,,
3580.5,0.0,10495,503,1,,,
3581.0,0.0,10496,503,1,,,
3581.5,0.0,10498,503,1,,,
3582.0,0.0,10499,503,1,,,
3582.5,0.0,10501,503,1,,,
3583.0,0.0,10502,503,1,,,
3583.5,0.0,10504,504,1,,,
3584.0,0.0,10505,504,1,,,
3584.5,0.0,10507,505,1,,,
3585.0,0.0,10509,505,1,,,
3585.5,0.0,10510,507,1,,,
3586.0,0.0,10512,507,1,,,
3586.5,0.0,10513,507,1,,,
3587.0,0.0,10515,507,1,,,
3587.5,0.0,10516,507,1,,,
3588.0,0.0,10518,507,1,,,
3588.5,0.0,10519,505,1,,,
3589.0,0.0,10521,505,1,,,
3589.5,0.0,10522,503,1,,,
3590.0,0.0,10524,503,1,,,
3590.5,0.0,10525,503,1,,,
3591.0,0.0,10527,503,1,,,
3591.5,0.0,10528,502,1,,,
3592.0,0.0,10530,502,1,,,
3592.5,0.0,10531,503,1,,,
3593.0,0.0,10533,503,1,,,
3593.5,0.0,10534,503,1,,,
3594.0,0.0,10536,503,1,,,
3594.5,0.0,10537,505,1,,,
3595.0,0.0,10539,505,1,,,
3595.5,0.0,10540,504,1,,,
3596.0,0.0,10542,504,1,,,
3596.5,0.0,10543,504,1,,,
3597.0,0.0,10545,504,1,,,
3597.5,0.0,10546,502,1,,,
3598.0,0.0,10548,502,1,,,
3598.5,0.0,10549,501,1,,,
3599.0,0.0,10551,501,1,,,
3599.5,0.0,10552,499,1,,,
3600.0,0.0,10554,499,1,,,
3600.5,0.0,10555,499,1,,,
3601.0,0.0,10557,499,1,,,
3601.5,0.0,10558,499,1,,,
3602.0,0.0,10560,499,1,,,
3602.5,0.0,10561,501,1,,,
3603.0,0.0,10563,501,1,,,
3603.5,0.0,10565,502,1,,,
3604.0,0.0,10566,502,1,,,
3604.5,0.0,10568,501,1,,,
3605.0,0.0,10569,501,1,,,
3605.5,0.0,10571,501,1,,,
3606.0,0.0,10572,501,1,,,
3606.5,0.0,10573,499,1,,,
3607.0,0.0,10575,499,1,,,
3607.5,0.0,10576,497,1,,,
3608.0,0.0,10578,497,1,,,
3608.5,0.0,10579,495,1,,,
3609.0,0.0,10581,495,1,,,
3609.5,0.0,10582,495,1,,,
3610.0,0.0,10584,495,1,,,
3610.5,0.0,10585,493,1,,,
3611.0,0.0,10587,493,1,,,
3611.5,0.0,10588,493,1,,,
3612.0,0.0,10590,493,1,,,
3612.5,0.0,10591,495,1,,,
3613.0,0.0,10593,495,1,,,
3613.5,0.0,10594,497,1,,,
3614.0,0.0,10596,497,1,,,
3614.5,0.0,10597,496,1,,,
3615.0,0.0,10599,496,1,,,
3615.5,0.0,10600,496,1,,,
3616.0,0.0,10602,496,1,,,
3616.5,0.0,10603,493,1,,,
3617.0,0.0,10605,493,1,,,
3617.5,0.0,10606,492,1,,,
3618.0,0.0,10608,492,1,,,
3618.5,0.0,10609,490,1,,,
3619.0,0.0,10611,490,1,,,
3619.5,0.0,10612,490,1,,,
3620.0,0.0,10614,490,1,,,
3620.5,0.0,10615,490,1,,,
3621.0,0.0,10617,490,1,,,
3621.5,0.0,10618,492,1,,,
3622.0,0.0,10620,492,1,,,
3622.5,0.0,10621,493,1,,,
3623.0,0.0,10623,493,1,,,
3623.5,0.0,10624,495,1,,,
3624.0,0.0,10626,495,1,,,
3624.5,0.0,10627,495,1,,,
3625.0,0.0,10629,495,1,,,
3625.5,0.0,10630,493,1,,,
3626.0,0.0,10631,493,1,,,
3626.5,0.0,10633,492,1,,,
3627.0,0.0,10634,492,1,,,
3627.5,0.0,10636,491,1,,,
3628.0,0.0,10637,491,1,,,
3628.5,0.0,10639,491,1,,,
3629.0,0.0,10640,491,1,,,
3629.5,0.0,10642,492,1,,,
3630.0,0.0,10643,492,1,,,
3630.5,0.0,10645,492,1,,,
3631.0,0.0,10646,492,1,,,
3631.5,0.0,10648,495,1,,,
3632.0,0.0,10649,495,1,,,
3632.5,0.0,10651,496,1,,,
3633.0,0.0,10652,496,1,,,
3633.5,0.0,10654,496,1,,,
3634.0,0.0,10655,496,1,,,
3634.5,0.0,10657,496,1,,,
3635.0,0.0,10658,496,1,,,
3635.5,0.0,10660,497,1,,,
3636.0,0.0,10661,497,1,,,
3636.5,0.0,10663,495,1,,,
3637.0,0.0,10664,495,1,,,
3637.5,0.0,10666,493,1,,,
3638.0,0.0,10667,493,1,,,
3638.5,0.0,10669,495,1,,,
3639.0,0.0,10670,495,1,,,
3639.5,0.0,10672,495,1,,,
3640.0,0.0,10673,495,1,,,
3640.5,0.0,10675,495,1,,,
3641.0,0.0,10676,495,1,,,
3641.5,0.0,10678,497,1,,,
3642.0,0.0,10679,497,1,,,
3642.5,0.0,10681,499,1,,,
3643.0,0.0,10682,499,1,,,
3643.5,0.0,10684,498,1,,,
3644.0,0.0,10685,498,1,,,
3644.5,0.0,10687,498,1,,,
3645.0,0.0,10688,498,1,,,
3645.5,0.0,10690,498,1,,,
3646.0,0.0,10691,498,1,,,
3646.5,0.0,10693,497,1,,,
3647.0,0.0,10694,497,1,,,
3647.5,0.0,10696,497,1,,,
3648.0,0.0,10697,497,1,,,
3648.5,0.0,10699,497,1,,,
3649.0,0.0,10700,497,1,,,
3649.5,0.0,10702,498,1,,,
3650.0,0.0,10703,498,1,,,
3650.5,0.0,10705,499,1,,,
3651.0,0.0,10706,499,1,,,
3651.5,0.0,10708,501,1,,,
3652.0,0.0,10709,501,1,,,
3652.5,0.0,10711,501,1,,,
3653.0,0.0,10712,501,1,,,
3653.5,0.0,10714,502,1,,,
3654.0,0.0,10715,502,1,,,
3654.5,0.0,10717,502,1,,,
3655.0,0.0,10718,502,1,,,
3655.5,0.0,10720,501,1,,,
3656.0,0.0,10721,501,1,,,
3656.5,0.0,10723,501,1,,,
3657.0,0.0,10725,501,1,,,
3657.5,0.0,10726,501,1,,,
3658.0,0.0,10728,501,1,,,
3658.5,0.0,10729,502,1,,,
3659.0,0.0,10731,502,1,,,
3659.5,0.0,10732,503,1,,,
3660.0,0.0,10734,503,1,,,
3660.5,0.0,10735,505,1,,,
3661.0,0.0,10737,505,1,,,
3661.5,0.0,10738,507,1,,,
3662.0,0.0,10740,507,1,,,
3662.5,0.0,10741,508,1,,,
3663.0,0.0,10743,508,1,,,
3663.5,0.0,10744,507,1,,,
3664.0,0.0,10746,507,1,,,
3664.5,0.0,10747,505,1,,,
3665.0,0.0,10749,505,1,,,
3665.5,0.0,10750,505,1,,,
3666.0,0.0,10752,505,1,,,
3666.5,0.0,10754,505,1,,,
3667.0,0.0,10755,505,1,,,
3667.5,0.0,10757,505,1,,,
3668.0,0.0,10758,505,1,,,
3668.5,0.0,10760,507,1,,,
3669.0,0.0,10761,507,1,,,
3669.5,0.0,10763,509,1,,,
3670.0,0.0,10764,509,1,,,
3670.5,0.0,10766,509,1,,,
3671.0,0.0,10767,509,1,,,
3671.5,0.0,10769,509,1,,,
3672.0,0.0,10770,509,1,,,
3672.5,0.0,10772,509,1,,,
3673.0,0.0,10773,509,1,,,
3673.5,0.0,10775,509,1,,,
3674.0,0.0,10776,509,1,,,
3674.5,0.0,10778,507,1,,,
3675.0,0.0,10780,507,1,,,
3675.5,0.0,10781,508,1,,,
3676.0,0.0,10783,508,1,,,
3676.5,0.0,10784,508,1,,,
3677.0,0.0,10786,508,1,,,
3677.5,0.0,10787,509,1,,,
3678.0,0.0,10789,509,1,,,
3678.5,0.0,10790,510,1,,,
3679.0,0.0,10792,510,1,,,
3679.5,0.0,10793,512,1,,,
3680.0,0.0,10795,512,1,,,
3680.5,0.0,10796,511,1,,,
3681.0,0.0,10798,511,1,,,
3681.5,0.0,10800,511,1,,,
3682.0,0.0,10801,511,1,,,
3682.5,0.0,10803,510,1,,,
3683.0,0.0,10804,510,1,,,
3683.5,0.0,10806,509,1,,,
3684.0,0.0,10807,509,1,,,
3684.5,0.0,10809,508,1,,,
3685.0,0.0,10810,508,1,,,
3685.5,0.0,10812,509,1,,,
3686.0,0.0,10813,509,1,,,
3686.5,0.0,10815,510,1,,,
3687.0,0.0,10817,510,1,,,
3687.5,0.0,10818,511,1,,,
3688.0,0.0,10820,511,1,,,
3688.5,0.0,10821,512,1,,,
3689.0,0.0,10823,512,1,,,
3689.5,0.0,10824,514,1,,,
3690.0,0.0,10826,514,1,,,
3690.5,0.0,10827,514,1,,,
3691.0,0.0,10829,514,1,,,
3691.5,0.0,10830,512,1,,,
3692.0,0.0,10832,512,1,,,
3692.5,0.0,10833,511,1,,,
3693.0,0.0,10835,511,1,,,
3693.5,0.0,10837,511,1,,,
3694.0,0.0,10838,511,1,,,
3694.5,0.0,10840,510,1,,,
3695.0,0.0,10841,510,1,,,
3695.5,0.0,10843,510,1,,,
3696.0,0.0,10844,510,1,,,
3696.5,0.0,10846,512,1,,,
3697.0,0.0,10847,512,1,,,
3697.5,0.0,10849,512,1,,,
3698.0,0.0,10851,512,1,,,
3698.5,0.0,10852,514,1,,,
3699.0,0.0,10854,514,1,,,
3699.5,0.0,10855,514,1,,,
3700.0,0.0,10857,514,1,,,
3700.5,0.0,10858,514,1,,,
3701.0,0.0,10860,514,1,,,
3701.5,0.0,10861,511,1,,,
3702.0,0.0,10863,511,1,,,
3702.5,0.0,10864,511,1,,,
3703.0,0.0,10866,511,1,,,
3703.5,0.0,10867,510,1,,,
3704.0,0.0,10869,510,1,,,
3704.5,0.0,10871,510,1,,,
3705.0,0.0,10872,510,1,,,
3705.5,0.0,10874,510,1,,,
3706.0,0.0,10875,510,1,,,
3706.5,0.0,10877,512,1,,,
3707.0,0.0,10878,512,1,,,
3707.5,0.0,10880,514,1,,,
3708.0,0.0,10881,514,1,,,
3708.5,0.0,10883,512,1,,,
3709.0,0.0,10884,512,1,,,
3709.5,0.0,10886,512,1,,,
3710.0,0.0,10887,512,1,,,
3710.5,0.0,10889,512,1,,,
3711.0,0.0,10891,512,1,,,
3711.5,0.0,10892,509,1,,,
3712.0,0.0,10894,509,1,,,
3712.5,0.0,10895,509,1,,,
3713.0,0.0,10897,509,1,,,
3713.5,0.0,10898,509,1,,,
3714.0,0.0,10900,509,1,,,
3714.5,0.0,10901,509,1,,,
3715.0,0.0,10903,509,1,,,
3715.5,0.0,10904,509,1,,,
3716.0,0.0,10906,509,1,,,
3716.5,0.0,10907,511,1,,,
3717.0,0.0,10909,511,1,,,
3717.5,0.0,10911,510,1,,,
3718.0,0.0,10912,510,1,,,
3718.5,0.0,10914,510,1,,,
3719.0,0.0,10915,510,1,,,
3719.5,0.0,10917,509,1,,,
3720.0,0.0,10918,509,1,,,
3720.5,0.0,10920,508,1,,,
3721.0,0.0,10921,508,1,,,
3721.5,0.0,10923,507,1,,,
3722.0,0.0,10924,507,1,,,
3722.5,0.0,10926,507,1,,,
3723.0,0.0,10927,507,1,,,
3723.5,0.0,10929,507,1,,,
3724.0,0.0,10930,507,1,,,
3724.5,0.0,10932,508,1,,,
3725.0,0.0,10934,508,1,,,
3725.5,0.0,10935,509,1,,,
3726.0,0.0,10937,509,1,,,
3726.5,0.0,10938,509,1,,,
3727.0,0.0,10940,509,1,,,
3727.5,0.0,10941,509,1,,,
3728.0,0.0,10943,509,1,,,
3728.5,0.0,10944,508,1,,,
3729.0,0.0,10946,508,1,,,
3729.5,0.0,10947,505,1,,,
3730.0,0.0,10949,505,1,,,
3730.5,0.0,10950,504,1,,,
3731.0,0.0,10952,504,1,,,
3731.5,0.0,10953,503,1,,,
3732.0,0.0,10955,503,1,,,
3732.5,0.0,10956,503,1,,,
3733.0,0.0,10958,503,1,,,
3733.5,0.0,10959,504,1,,,
3734.0,0.0,10961,504,1,,,
3734.5,0.0,10962,507,1,,,
3735.0,0.0,10964,507,1,,,
3735.5,0.0,10965,507,1,,,
3736.0,0.0,10967,507,1,,,
3736.5,0.0,10969,507,1,,,
3737.0,0.0,10970,507,1,,,
3737.5,0.0,10971,504,1,,,
3738.0,0.0,10973,504,1,,,
3738.5,0.0,10975,503,1,,,
3739.0,0.0,10976,503,1,,,
3739.5,0.0,10978,501,1,,,
3740.0,0.0,10979,501,1,,,
3740.5,0.0,10981,499,1,,,
3741.0,0.0,10982,499,1,,,
3741.5,0.0,10984,499,1,,,
3742.0,0.0,10985,499,1,,,
3742.5,0.0,10987,499,1,,,
3743.0,0.0,10988,499,1,,,
3743.5,0.0,10990,501,1,,,
3744.0,0.0,10991,501,1,,,
3744.5,0.0,10993,502,1,,,
3745.0,0.0,10994,502,1,,,
3745.5,0.0,10996,502,1,,,
3746.0,0.0,10997,502,1,,,
3746.5,0.0,10999,501,1,,,
3747.0,0.0,11000,501,1,,,
3747.5,0.0,11002,501,1,,,
3748.0,0.0,11003,501,1,,,
3748.5,0.0,11005,497,1,,,
3749.0,0.0,11006,497,1,,,
3749.5,0.0,11008,496,1,,,
3750.0,0.0,11009,496,1,,,
3750.5,0.0,11011,495,1,,,
3751.0,0.0,11012,495,1,,,
3751.5,0.0,11014,495,1,,,
3752.0,0.0,11015,495,1,,,
3752.5,0.0,11017,496,1,,,
3753.0,0.0,11018,496,1,,,
3753.5,0.0,11020,497,1,,,
3754.0,0.0,11021,497,1,,,
3754.5,0.0,11023,498,1,,,
3755.0,0.0,11024,498,1,,,
3755.5,0.0,11026,497,1,,,
3756.0,0.0,11027,497,1,,,
3756.5,0.0,11029,497,1,,,
3757.0,0.0,11030,497,1,,,
3757.5,0.0,11032,495,1,,,
3758.0,0.0,11033,495,1,,,
3758.5,0.0,11034,493,1,,,
3759.0,0.0,11036,493,1,,,
3759.5,0.0,11037,492,1,,,
3760.0,0.0,11039,492,1,,,
3760.5,0.0,11040,495,1,,,
3761.0,0.0,11042,495,1,,,
3761.5,0.0,11043,493,1,,,
3762.0,0.0,11045,493,1,,,
3762.5,0.0,11046,496,1,,,
3763.0,0.0,11048,496,1,,,
3763.5,0.0,11050,498,1,,,
3764.0,0.0,11051,498,1,,,
3764.5,0.0,11053,498,1,,,
3765.0,0.0,11054,498,1,,,
3765.5,0.0,11055,497,1,,,
3766.0,0.0,11057,497,1,,,
3766.5,0.0,11058,497,1,,,
3767.0,0.0,11060,497,1,,,
3767.5,0.0,11061,495,1,,,
3768.0,0.0,11063,495,1,,,
3768.5,0.0,11064,493,1,,,
3769.0,0.0,11066,493,1,,,
3769.5,0.0,11067,493,1,,,
3770.0,0.0,11069,493,1,,,
3770.5,0.0,11070,493,1,,,
3771.0,0.0,11072,493,1,,,
3771.5,0.0,11073,496,1,,,
3772.0,0.0,11075,496,1,,,
3772.5,0.0,11076,498,1,,,
3773.0,0.0,11078,498,1,,,
3773.5,0.0,11079,499,1,,,
3774.0,0.0,11081,499,1,,,
3774.5,0.0,11082,499,1,,,
3775.0,0.0,11084,499,1,,,
3775.5,0.0,11085,499,1,,,
3776.0,0.0,11087,499,1,,,
3776.5,0.0,11088,498,1,,,
3777.0,0.0,11090,498,1,,,
3777.5,0.0,11091,497,1,,,
3778.0,0.0,11093,497,1,,,
3778.5,0.0,11094,497,1,,,
3779.0,0.0,11096,497,1,,,
3779.5,0.0,11097,497,1,,,
3780.0,0.0,11099,497,1,,,
3780.5,0.0,11100,498,1,,,
3781.0,0.0,11102,498,1,,,
3781.5,0.0,11104,499,1,,,
3782.0,0.0,11105,499,1,,,
3782.5,0.0,11107,501,1,,,
3783.0,0.0,11108,501,1,,,
3783.5,0.0,11110,501,1,,,
3784.0,0.0,11111,501,1,,,
3784.5,0.0,11113,502,1,,,
3785.0,0.0,11114,502,1,,,
3785.5,0.0,11116,501,1,,,
3786.0,0.0,11117,501,1,,,
3786.5,0.0,11118,499,1,,,
3787.0,0.0,11120,499,1,,,
3787.5,0.0,11122,499,1,,,
3788.0,0.0,11123,499,1,,,
3788.5,0.0,11125,498,1,,,
3789.0,0.0,11126,498,1,,,
3789.5,0.0,11128,498,1,,,
3790.0,0.0,11129,498,1,,,
3790.5,0.0,11131,499,1,,,
3791.0,0.0,11132,499,1,,,
3791.5,0.0,11134,502,1,,,
3792.0,0.0,11135,502,1,,,
3792.5,0.0,11137,502,1,,,
3793.0,0.0,11138,502,1,,,
3793.5,0.0,11140,503,1,,,
3794.0,0.0,11141,503,1,,,
3794.5,0.0,11143,502,1,,,
3795.0,0.0,11144,502,1,,,
3795.5,0.0,11146,502,1,,,
3796.0,0.0,11147,502,1,,,
3796.5,0.0,11149,499,1,,,
3797.0,0.0,11150,499,1,,,
3797.5,0.0,11152,499,1,,,
3798.0,0.0,11153,499,1,,,
3798.5,0.0,11155,499,1,,,
3799.0,0.0,11156,499,1,,,
3799.5,0.0,11158,501,1,,,
3800.0,0.0,11159,501,1,,,
3800.5,0.0,11161,502,1,,,
3801.0,0.0,11162,502,1,,,
3801.5,0.0,11164,503,1,,,
3802.0,0.0,11165,503,1,,,
3802.5,0.0,11167,504,1,,,
3803.0,0.0,11168,504,1,,,
3803.5,0.0,11170,504,1,,,
3804.0,0.0,11171,504,1,,,
3804.5,0.0,11173,503,1,,,
3805.0,0.0,11175,503,1,,,
3805.5,0.0,11176,502,1,,,
3806.0,0.0,11178,502,1,,,
3806.5,0.0,11179,502,1,,,
3807.0,0.0,11181,502,1,,,
3807.5,0.0,11182,501,1,,,
3808.0,0.0,11184,501,1,,,
3808.5,0.0,11185,502,1,,,
3809.0,0.0,11187,502,1,,,
3809.5,0.0,11188,504,1,,,
3810.0,0.0,11190,504,1,,,
3810.5,0.0,11191,504,1,,,
3811.0,0.0,11193,504,1,,,
3811.5,0.0,11194,507,1,,,
3812.0,0.0,11196,507,1,,,
3812.5,0.0,11197,507,1,,,
3813.0,0.0,11199,507,1,,,
3813.5,0.0,11200,505,1,,,
3814.0,0.0,11202,505,1,,,
3814.5,0.0,11203,504,1,,,
3815.0,0.0,11205,504,1,,,
3815.5,0.0,11206,504,1,,,
3816.0,0.0,11208,504,1,,,
3816.5,0.0,11209,502,1,,,
3817.0,0.0,11211,502,1,,,
3817.5,0.0,11212,502,1,,,
3818.0,0.0,11214,502,1,,,
3818.5,0.0,11216,503,1,,,
3819.0,0.0,11217,503,1,,,
3819.5,0.0,11219,504,1,,,
3820.0,0.0,11220,504,1,,,
3820.5,0.0,11222,505,1,,,
3821.0,0.0,11223,505,1,,,
3821.5,0.0,11225,505,1,,,
3822.0,0.0,11226,505,1,,,
3822.5,0.0,11228,505,1,,,
3823.0,0.0,11229,505,1,,,
3823.5,0.0,11231,504,1,,,
3824.0,0.0,11232,504,1,,,
3824.5,0.0,11234,503,1,,,
3825.0,0.0,11235,503,1,,,
3825.5,0.0,11237,502,1,,,
3826.0,0.0,11238,502,1,,,
3826.5,0.0,11240,503,1,,,
3827.0,0.0,11241,503,1,,,
3827.5,0.0,11243,503,1,,,
3828.0,0.0,11244,503,1,,,
3828.5,0.0,11246,503,1,,,
3829.0,0.0,11247,503,1,,,
3829.5,0.0,11249,504,1,,,
3830.0,0.0,11250,504,1,,,
3830.5,0.0,11252,504,1,,,
3831.0,0.0,11253,504,1,,,
3831.5,0.0,11255,503,1,,,
3832.0,0.0,11257,503,1,,,
3832.5,0.0,11258,503,1,,,
3833.0,0.0,11259,503,1,,,
3833.5,0.0,11261,502,1,,,
3834.0,0.0,11263,502,1,,,
3834.5,0.0,11264,501,1,,,
3835.0,0.0,11266,501,1,,,
3835.5,0.0,11267,501,1,,,
3836.0,0.0,11269,501,1,,,
3836.5,0.0,11270,501,1,,,
3837.0,0.0,11272,501,1,,,
3837.5,0.0,11273,501,1,,,
3838.0,0.0,11275,501,1,,,
3838.5,0.0,11276,502,1,,,
3839.0,0.0,11278,502,1,,,
3839.5,0.0,11279,502,1,,,
3840.0,0.0,11281,502,1,,,
3840.5,0.0,11282,502,1,,,
3841.0,0.0,11284,502,1,,,
3841.5,0.0,11285,501,1,,,
3842.0,0.0,11287,501,1,,,
3842.5,0.0,11288,499,1,,,
3843.0,0.0,11290,499,1,,,
3843.5,0.0,11291,497,1,,,
3844.0,0.0,11293,497,1,,,
3844.5,0.0,11294,497,1,,,
3845.0,0.0,11296,497,1,,,
3845.5,0.0,11297,496,1,,,
3846.0,0.0,11299,496,1,,,
3846.5,0.0,11300,496,1,,,
3847.0,0.0,11302,496,1,,,
3847.5,0.0,11303,497,1,,,
3848.0,0.0,11305,497,1,,,
3848.5,0.0,11306,498,1,,,
3849.0,0.0,11308,498,1,,,
3849.5,0.0,11309,497,1,,,
3850.0,0.0,11311,497,1,,,
3850.5,0.0,11312,496,1,,,
3851.0,0.0,11314,496,1,,,
3851.5,0.0,11315,496,1,,,
3852.0,0.0,11317,496,1,,,
3852.5,0.0,11318,493,1,,,
3853.0,0.0,11320,493,1,,,
3853.5,0.0,11321,492,1,,,
3854.0,0.0,11322,492,1,,,
3854.5,0.0,11324,492,1,,,
3855.0,0.0,11325,492,1,,,
3855.5,0.0,11327,493,1,,,
3856.0,0.0,11328,493,1,,,
3856.5,0.0,11330,493,1,,,
3857.0,0.0,11331,493,1,,,
3857.5,0.0,11333,495,1,,,
3858.0,0.0,11334,495,1,,,
3858.5,0.0,11336,496,1,,,
3859.0,0.0,11337,496,1,,,
3859.5,0.0,11339,495,1,,,
3860.0,0.0,11340,495,1,,,
3860.5,0.0,11342,495,1,,,
3861.0,0.0,11343,495,1,,,
3861.5,0.0,11345,493,1,,,
3862.0,0.0,11346,493,1,,,
3862.5,0.0,11348,492,1,,,
3863.0,0.0,11349,492,1,,,
3863.5,0.0,11351,492,1,,,
3864.0,0.0,11352,492,1,,,
3864.5,0.0,11354,493,1,,,
3865.0,0.0,11355,493,1,,,
3865.5,0.0,11357,492,1,,,
3866.0,0.0,11358,492,1,,,
3866.5,0.0,11360,495,1,,,
3867.0,0.0,11361,495,1,,,
3867.5,0.0,11363,496,1,,,
3868.0,0.0,11364,496,1,,,
3868.5,0.0,11366,497,1,,,
3869.0,0.0,11367,497,1,,,
3869.5,0.0,11369,496,1,,,
3870.0,0.0,11370,496,1,,,
3870.5,0.0,11372,497,1,,,
3871.0,0.0,11373,497,1,,,
3871.5,0.0,11375,496,1,,,
3872.0,0.0,11376,496,1,,,
3872.5,0.0,11378,496,1,,,
3873.0,0.0,11379,496,1,,,
3873.5,0.0,11381,495,1,,,
3874.0,0.0,11382,495,1,,,
3874.5,0.0,11384,497,1,,,
3875.0,0.0,11385,497,1,,,
3875.5,0.0,11387,497,1,,,
3876.0,0.0,11388,497,1,,,
3876.5,0.0,11390,498,1,,,
3877.0,0.0,11391,498,1,,,
3877.5,0.0,11393,499,1,,,
3878.0,0.0,11394,499,1,,,
3878.5,0.0,11396,501,1,,,
3879.0,0.0,11397,501,1,,,
3879.5,0.0,11399,499,1,,,
3880.0,0.0,11400,499,1,,,
3880.5,0.0,11402,499,1,,,
3881.0,0.0,11403,499,1,,,
3881.5,0.0,11405,498,1,,,
3882.0,0.0,11406,498,1,,,
3882.5,0.0,11408,498,1,,,
3883.0,0.0,11409,498,1,,,
3883.5,0.0,11411,497,1,,,
3884.0,0.0,11412,497,1,,,
3884.5,0.0,11414,498,1,,,
3885.0,0.0,11415,498,1,,,
3885.5,0.0,11417,501,1,,,
3886.0,0.0,11418,501,1,,,
3886.5,0.0,11420,502,1,,,
3887.0,0.0,11421,502,1,,,
3887.5,0.0,11423,502,1,,,
3888.0,0.0,11424,502,1,,,
3888.5,0.0,11426,503,1,,,
3889.0,0.0,11428,503,1,,,
3889.5,0.0,11429,502,1,,,
3890.0,0.0,11430,502,1,,,
3890.5,0.0,11432,501,1,,,
3891.0,0.0,11433,501,1,,,
3891.5,0.0,11435,499,1,,,
3892.0,0.0,11436,499,1,,,
3892.5,0.0,11438,499,1,,,
3893.0,0.0,11440,499,1,,,
3893.5,0.0,11441,499,1,,,
3894.0,0.0,11443,499,1,,,
3894.5,0.0,11444,502,1,,,
3895.0,0.0,11446,502,1,,,
3895.5,0.0,11447,503,1,,,
3896.0,0.0,11449,503,1,,,
3896.5,0.0,11450,504,1,,,
3897.0,0.0,11452,504,1,,,
3897.5,0.0,11453,505,1,,,
3898.0,0.0,11455,505,1,,,
3898.5,0.0,11456,505,1,,,
3899.0,0.0,11458,505,1,,,
3899.5,0.0,11459,504,1,,,
3900.0,0.0,11461,504,1,,,
3900.5,0.0,11462,503,1,,,
3901.0,0.0,11464,503,1,,,
3901.5,0.0,11465,503,1,,,
3902.0,0.0,11467,503,1,,,
3902.5,0.0,11468,503,1,,,
3903.0,0.0,11470,503,1,,,
3903.5,0.0,11471,504,1,,,
3904.0,0.0,11473,504,1,,,
3904.5,0.0,11475,507,1,,,
3905.0,0.0,11476,507,1,,,
3905.5,0.0,11478,508,1,,,
3906.0,0.0,11479,508,1,,,
3906.5,0.0,11481,509,1,,,
3907.0,0.0,11482,509,1,,,
3907.5,0.0,11484,509,1,,,
3908.0,0.0,11485,509,1,,,
3908.5,0.0,11487,508,1,,,
3909.0,0.0,11488,508,1,,,
3909.5,0.0,11490,507,1,,,
3910.0,0.0,11491,507,1,,,
3910.5,0.0,11493,507,1,,,
3911.0,0.0,11494,507,1,,,
3911.5,0.0,11496,507,1,,,
3912.0,0.0,11498,507,1,,,
3912.5,0.0,11499,507,1,,,
3913.0,0.0,11501,507,1,,,
3913.5,0.0,11502,508,1,,,
3914.0,0.0,11504,508,1,,,
3914.5,0.0,11505,509,1,,,
3915.0,0.0,11507,509,1,,,
3915.5,0.0,11508,510,1,,,
3916.0,0.0,11510,510,1,,,
3916.5,0.0,11511,510,1,,,
3917.0,0.0,11513,510,1,,,
3917.5,0.0,11514,509,1,,,
3918.0,0.0,11516,509,1,,,
3918.5,0.0,11517,509,1,,,
3919.0,0.0,11519,509,1,,,
3919.5,0.0,11520,508,1,,,
3920.0,0.0,11522,508,1,,,
3920.5,0.0,11524,507,1,,,
3921.0,0.0,11525,507,1,,,
3921.5,0.0,11527,507,1,,,
3922.0,0.0,11528,507,1,,,
3922.5,0.0,11530,509,1,,,
3923.0,0.0,11531,509,1,,,
3923.5,0.0,11533,509,1,,,
3924.0,0.0,11534,509,1,,,
3924.5,0.0,11536,510,1,,,
3925.0,0.0,11537,510,1,,,
3925.5,0.0,11539,511,1,,,
3926.0,0.0,11540,511,1,,,
3926.5,0.0,11542,510,1,,,
3927.0,0.0,11544,510,1,,,
3927.5,0.0,11545,509,1,,,
3928.0,0.0,11547,509,1,,,
3928.5,0.0,11548,508,1,,,
3929.0,0.0,11550,508,1,,,
3929.5,0.0,11551,508,1,,,
3930.0,0.0,11553,508,1,,,
3930.5,0.0,11554,507,1,,,
3931.0,0.0,11556,507,1,,,
3931.5,0.0,11557,509,1,,,
3932.0,0.0,11559,509,1,,,
3932.5,0.0,11560,510,1,,,
3933.0,0.0,11562,510,1,,,
3933.5,0.0,11564,511,1,,,
3934.0,0.0,11565,511,1,,,
3934.5,0.0,11567,510,1,,,
3935.0,0.0,11568,510,1,,,
3935.5,0.0,11570,510,1,,,
3936.0,0.0,11571,510,1,,,
3936.5,0.0,11573,509,1,,,
3937.0,0.0,11574,509,1,,,
3937.5,0.0,11576,507,1,,,
3938.0,0.0,11577,507,1,,,
3938.5,0.0,11579,507,1,,,
3939.0,0.0,11580,507,1,,,
3939.5,0.0,11582,507,1,,,
3940.0,0.0,11583,507,1,,,
3940.5,0.0,11585,508,1,,,
3941.0,0.0,11587,508,1,,,
3941.5,0.0,11588,508,1,,,
3942.0,0.0,11590,508,1,,,
3942.5,0.0,11591,510,1,,,
3943.0,0.0,11593,510,1,,,
3943.5,0.0,11594,510,1,,,
3944.0,0.0,11596,510,1,,,
3944.5,0.0,11597,510,1,,,
3945.0,0.0,11599,510,1,,,
3945.5,0.0,11600,509,1,,,
3946.0,0.0,11602,509,1,,,
3946.5,0.0,11603,508,1,,,
3947.0,0.0,11605,508,1,,,
3947.5,0.0,11606,508,1,,,
3948.0,0.0,11608,508,1,,,
3948.5,0.0,11609,508,1,,,
3949.0,0.0,11611,508,1,,,
3949.5,0.0,11613,508,1,,,
3950.0,0.0,11614,508,1,,,
3950.5,0.0,11616,509,1,,,
3951.0,0.0,11617,509,1,,,
3951.5,0.0,11619,510,1,,,
3952.0,0.0,11620,510,1,,,
3952.5,0.0,11622,510,1,,,
3953.0,0.0,11623,510,1,,,
3953.5,0.0,11625,510,1,,,
3954.0,0.0,11626,510,1,,,
3954.5,0.0,11628,509,1,,,
3955.0,0.0,11629,509,1,,,
3955.5,0.0,11631,507,1,,,
3956.0,0.0,11632,507,1,,,
3956.5,0.0,11634,507,1,,,
3957.0,0.0,11635,507,1,,,
3957.5,0.0,11637,504,1,,,
3958.0,0.0,11639,504,1,,,
3958.5,0.0,11640,504,1,,,
3959.0,0.0,11642,504,1,,,
3959.5,0.0,11643,505,1,,,
3960.0,0.0,11645,505,1,,,
3960.5,0.0,11646,508,1,,,
3961.0,0.0,11648,508,1,,,
3961.5,0.0,11649,508,1,,,
3962.0,0.0,11651,508,1,,,
3962.5,0.0,11652,508,1,,,
3963.0,0.0,11654,508,1,,,
3963.5,0.0,11655,507,1,,,
3964.0,0.0,11657,507,1,,,
3964.5,0.0,11658,505,1,,,
3965.0,0.0,11660,505,1,,,
3965.5,0.0,11661,502,1,,,
3966.0,0.0,11663,502,1,,,
3966.5,0.0,11664,502,1,,,
3967.0,0.0,11666,502,1,,,
3967.5,0.0,11667,502,1,,,
3968.0,0.0,11669,502,1,,,
3968.5,0.0,11670,503,1,,,
3969.0,0.0,11672,503,1,,,
3969.5,0.0,11673,503,1,,,
3970.0,0.0,11675,503,1,,,
3970.5,0.0,11677,505,1,,,
3971.0,0.0,11678,505,1,,,
3971.5,0.0,11680,503,1,,,
3972.0,0.0,11681,503,1,,,
3972.5,0.0,11683,503,1,,,
3973.0,0.0,11684,503,1,,,
3973.5,0.0,11686,501,1,,,
3974.0,0.0,11687,501,1,,,
3974.5,0.0,11689,499,1,,,
3975.0,0.0,11690,499,1,,,
3975.5,0.0,11692,498,1,,,
3976.0,0.0,11693,498,1,,,
3976.5,0.0,11695,499,1,,,
3977.0,0.0,11696,499,1,,,
3977.5,0.0,11698,498,1,,,
3978.0,0.0,11699,498,1,,,
3978.5,0.0,11701,499,1,,,
3979.0,0.0,11702,499,1,,,
3979.5,0.0,11704,501,1,,,
3980.0,0.0,11705,501,1,,,
3980.5,0.0,11707,501,1,,,
3981.0,0.0,11708,501,1,,,
3981.5,0.0,11710,499,1,,,
3982.0,0.0,11711,499,1,,,
3982.5,0.0,11713,499,1,,,
3983.0,0.0,11714,499,1,,,
3983.5,0.0,11716,497,1,,,
3984.0,0.0,11717,497,1,,,
3984.5,0.0,11719,495,1,,,
3985.0,0.0,11720,495,1,,,
3985.5,0.0,11722,495,1,,,
3986.0,0.0,11723,495,1,,,
3986.5,0.0,11725,495,1,,,
3987.0,0.0,11726,495,1,,,
3987.5,0.0,11728,495,1,,,
3988.0,0.0,11729,495,1,,,
3988.5,0.0,11731,496,1,,,
3989.0,0.0,11732,496,1,,,
3989.5,0.0,11734,498,1,,,
3990.0,0.0,11735,498,1,,,
3990.5,0.0,11737,497,1,,,
3991.0,0.0,11738,497,1,,,
3991.5,0.0,11740,496,1,,,
3992.0,0.0,11741,496,1,,,
3992.5,0.0,11742,496,1,,,
3993.0,0.0,11744,496,1,,,
3993.5,0.0,11745,495,1,,,
3994.0,0.0,11747,495,1,,,
3994.5,0.0,11748,492,1,,,
3995.0,0.0,11750,492,1,,,
3995.5,0.0,11751,492,1,,,
3996.0,0.0,11753,492,1,,,
3996.5,0.0,11754,493,1,,,
3997.0,0.0,11756,493,1,,,
3997.5,0.0,11757,495,1,,,
3998.0,0.0,11759,495,1,,,
3998.5,0.0,11760,496,1,,,
3999.0,0.0,11762,496,1,,,
3999.5,0.0,11763,497,1,,,
4000.0,0.0,11765,497,1,,,
4000.5,0.0,11766,497,1,,,
4001.0,0.0,11768,497,1,,,
4001.5,0.0,11769,497,1,,,
4002.0,0.0,11771,497,1,,,
4002.5,0.0,11772,495,1,,,
4003.0,0.0,11774,495,1,,,
4003.5,0.0,11775,493,1,,,
4004.0,0.0,11777,493,1,,,
4004.5,0.0,11778,495,1,,,
4005.0,0.0,11780,495,1,,,
4005.5,0.0,11781,495,1,,,
4006.0,0.0,11783,495,1,,,
4006.5,0.0,11784,495,1,,,
4007.0,0.0,11786,495,1,,,
4007.5,0.0,11787,496,1,,,
4008.0,0.0,11789,496,1,,,
4008.5,0.0,11790,498,1,,,
4009.0,0.0,11792,498,1,,,
4009.5,0.0,11793,497,1,,,
4010.0,0.0,11795,497,1,,,
4010.5,0.0,11796,497,1,,,
4011.0,0.0,11798,497,1,,,
4011.5,0.0,11799,497,1,,,
4012.0,0.0,11801,497,1,,,
4012.5,0.0,11802,496,1,,,
4013.0,0.0,11804,496,1,,,
4013.5,0.0,11805,495,1,,,
4014.0,0.0,11807,495,1,,,
4014.5,0.0,11808,495,1,,,
4015.0,0.0,11810,495,1,,,
4015.5,0.0,11811,496,1,,,
4016.0,0.0,11813,496,1,,,
4016.5,0.0,11814,496,1,,,
4017.0,0.0,11816,496,1,,,
4017.5,0.0,11817,499,1,,,
4018.0,0.0,11819,499,1,,,
4018.5,0.0,11820,501,1,,,
4019.0,0.0,11822,501,1,,,
4019.5,0.0,11823,501,1,,,
4020.0,0.0,11825,501,1,,,
4020.5,0.0,11826,501,1,,,
4021.0,0.0,11828,501,1,,,
4021.5,0.0,11829,501,1,,,
4022.0,0.0,11831,501,1,,,
4022.5,0.0,11832,498,1,,,
4023.0,0.0,11834,498,1,,,
4023.5,0.0,11835,498,1,,,
4024.0,0.0,11837,498,1,,,
4024.5,0.0,11838,498,1,,,
4025.0,0.0,11840,498,1,,,
4025.5,0.0,11841,498,1,,,
4026.0,0.0,11843,498,1,,,
4026.5,0.0,11844,501,1,,,
4027.0,0.0,11846,501,1,,,
4027.5,0.0,11848,503,1,,,
4028.0,0.0,11849,503,1,,,
4028.5,0.0,11851,502,1,,,
4029.0,0.0,11852,502,1,,,
4029.5,0.0,11854,503,1,,,
4030.0,0.0,11855,503,1,,,
4030.5,0.0,11857,503,1,,,
4031.0,0.0,11858,503,1,,,
4031.5,0.0,11860,501,1,,,
4032.0,0.0,11861,501,1,,,
4032.5,0.0,11863,499,1,,,
4033.0,0.0,11864,499,1,,,
4033.5,0.0,11866,501,1,,,
4034.0,0.0,11867,501,1,,,
4034.5,0.0,11869,501,1,,,
4035.0,0.0,11870,501,1,,,
4035.5,0.0,11872,502,1,,,
4036.0,0.0,11873,502,1,,,
4036.5,0.0,11875,504,1,,,
4037.0,0.0,11876,504,1,,,
4037.5,0.0,11878,505,1,,,
4038.0,0.0,11879,505,1,,,
4038.5,0.0,11881,505,1,,,
4039.0,0.0,11882,505,1,,,
4039.5,0.0,11884,505,1,,,
4040.0,0.0,11885,505,1,,,
4040.5,0.0,11887,504,1,,,
4041.0,0.0,11888,504,1,,,
4041.5,0.0,11890,502,1,,,
4042.0,0.0,11891,502,1,,,
4042.5,0.0,11893,502,1,,,
4043.0,0.0,11895,502,1,,,
4043.5,0.0,11896,503,1,,,
4044.0,0.0,11898,503,1,,,
4044.5,0.0,11899,504,1,,,
4045.0,0.0,11901,504,1,,,
4045.5,0.0,11902,505,1,,,
4046.0,0.0,11904,505,1,,,
4046.5,0.0,11905,508,1,,,
4047.0,0.0,11907,508,1,,,
4047.5,0.0,11908,508,1,,,
4048.0,0.0,11910,508,1,,,
4048.5,0.0,11911,508,1,,,
4049.0,0.0,11913,508,1,,,
4049.5,0.0,11914,507,1,,,
4050.0,0.0,11916,507,1,,,
4050.5,0.0,11917,505,1,,,
4051.0,0.0,11919,505,1,,,
4051.5,0.0,11920,505,1,,,
4052.0,0.0,11922,505,1,,,
4052.5,0.0,11923,505,1,,,
4053.0,0.0,11925,505,1,,,
4053.5,0.0,11927,505,1,,,
4054.0,0.0,11928,505,1,,,
4054.5,0.0,11930,507,1,,,
4055.0,0.0,11931,507,1,,,
4055.5,0.0,11933,509,1,,,
4056.0,0.0,11934,509,1,,,
4056.5,0.0,11936,509,1,,,
4057.0,0.0,11937,509,1,,,
4057.5,0.0,11939,509,1,,,
4058.0,0.0,11940,509,1,,,
4058.5,0.0,11942,508,1,,,
4059.0,0.0,11943,508,1,,,
4059.5,0.0,11945,507,1,,,
4060.0,0.0,11946,507,1,,,
4060.5,0.0,11948,505,1,,,
4061.0,0.0,11950,505,1,,,
4061.5,0.0,11951,505,1,,,
4062.0,0.0,11953,505,1,,,
4062.5,0.0,11954,505,1,,,
4063.0,0.0,11956,505,1,,,
4063.5,0.0,11957,508,1,,,
4064.0,0.0,11959,508,1,,,
4064.5,0.0,11960,509,1,,,
4065.0,0.0,11962,509,1,,,
4065.5,0.0,11963,510,1,,,
4066.0,0.0,11965,510,1,,,
4066.5,0.0,11966,509,1,,,
4067.0,0.0,11968,509,1,,,
4067.5,0.0,11969,509,1,,,
4068.0,0.0,11971,509,1,,,
4068.5,0.0,11972,507,1,,,
4069.0,0.0,11974,507,1,,,
4069.5,0.0,11975,505,1,,,
4070.0,0.0,11977,505,1,,,
4070.5,0.0,11979,504,1,,,
4071.0,0.0,11980,504,1,,,
4071.5,0.0,11982,505,1,,,
4072.0,0.0,11983,505,1,,,
4072.5,0.0,11985,505,1,,,
4073.0,0.0,11986,505,1,,,
4073.5,0.0,11988,507,1,,,
4074.0,0.0,11989,507,1,,,
4074.5,0.0,11991,508,1,,,
4075.0,0.0,11992,508,1,,,
4075.5,0.0,11994,507,1,,,
4076.0,0.0,11995,507,1,,,
4076.5,0.0,11997,505,1,,,
4077.0,0.0,11998,505,1,,,
4077.5,0.0,12000,504,1,,,
4078.0,0.0,12001,504,1,,,
4078.5,0.0,12003,503,1,,,
4079.0,0.0,12004,503,1,,,
4079.5,0.0,12006,502,1,,,
4080.0,0.0,12007,502,1,,,
4080.5,0.0,12009,502,1,,,
4081.0,0.0,12010,502,1,,,
4081.5,0.0,12012,503,1,,,
4082.0,0.0,12014,503,1,,,
4082.5,0.0,12015,503,1,,,
4083.0,0.0,12017,503,1,,,
4083.5,0.0,12018,504,1,,,
4084.0,0.0,12020,504,1,,,
4084.5,0.0,12021,504,1,,,
4085.0,0.0,12023,504,1,,,
4085.5,0.0,12024,504,1,,,
4086.0,0.0,12026,504,1,,,
4086.5,0.0,12027,502,1,,,
4087.0,0.0,12029,502,1,,,
4087.5,0.0,12030,501,1,,,
4088.0,0.0,12032,501,1,,,
4088.5,0.0,12033,499,1,,,
4089.0,0.0,12035,499,1,,,
4089.5,0.0,12036,498,1,,,
4090.0,0.0,12038,498,1,,,
4090.5,0.0,12039,498,1,,,
4091.0,0.0,12041,498,1,,,
4091.5,0.0,12042,499,1,,,
4092.0,0.0,12044,499,1,,,
4092.5,0.0,12045,501,1,,,
4093.0,0.0,12047,501,1,,,
4093.5,0.0,12048,501,1,,,
4094.0,0.0,12050,501,1,,,
4094.5,0.0,12051,502,1,,,
4095.0,0.0,12053,502,1,,,
4095.5,0.0,12054,501,1,,,
4096.0,0.0,12056,501,1,,,
4096.5,0.0,12057,499,1,,,
4097.0,0.0,12059,499,1,,,
4097.5,0.0,12060,497,1,,,
4098.0,0.0,12062,497,1,,,
4098.5,0.0,12063,497,1,,,
4099.0,0.0,12065,497,1,,,
4099.5,0.0,12066,496,1,,,
4100.0,0.0,12068,496,1,,,
4100.5,0.0,12069,497,1,,,
4101.0,0.0,12071,497,1,,,
4101.5,0.0,12072,498,1,,,
4102.0,0.0,12074,498,1,,,
4102.5,0.0,12075,501,1,,,
4103.0,0.0,12077,501,1,,,
4103.5,0.0,12078,499,1,,,
4104.0,0.0,12080,499,1,,,
4104.5,0.0,12081,501,1,,,
4105.0,0.0,12083,501,1,,,
4105.5,0.0,12084,499,1,,,
4106.0,0.0,12086,499,1,,,
4106.5,0.0,12087,497,1,,,
4107.0,0.0,12089,497,1,,,
4107.5,0.0,12090,497,1,,,
4108.0,0.0,12092,497,1,,,
4108.5,0.0,12093,497,1,,,
4109.0,0.0,12095,497,1,,,
4109.5,0.0,12096,497,1,,,
4110.0,0.0,12098,497,1,,,
4110.5,0.0,12099,498,1,,,
4111.0,0.0,12101,498,1,,,
4111.5,0.0,12102,499,1,,,
4112.0,0.0,12104,499,1,,,
4112.5,0.0,12105,499,1,,,
4113.0,0.0,12107,499,1,,,
4113.5,0.0,12108,499,1,,,
4114.0,0.0,12110,499,1,,,
4114.5,0.0,12111,497,1,,,
4115.0,0.0,12113,497,1,,,
4115.5,0.0,12114,496,1,,,
4116.0,0.0,12116,496,1,,,
4116.5,0.0,12117,495,1,,,
4117.0,0.0,12119,495,1,,,
4117.5,0.0,12120,493,1,,,
4118.0,0.0,12122,493,1,,,
4118.5,0.0,12123,495,1,,,
4119.0,0.0,12125,495,1,,,
4119.5,0.0,12126,496,1,,,
4120.0,0.0,12128,496,1,,,
4120.5,0.0,12129,496,1,,,
4121.0,0.0,12131,496,1,,,
4121.5,0.0,12132,498,1,,,
4122.0,0.0,12134,498,1,,,
4122.5,0.0,12135,498,1,,,
4123.0,0.0,12137,498,1,,,
4123.5,0.0,12138,497,1,,,
4124.0,0.0,12140,497,1,,,
4124.5,0.0,12141,497,1,,,
4125.0,0.0,12143,497,1,,,
4125.5,0.0,12144,496,1,,,
4126.0,0.0,12146,496,1,,,
4126.5,0.0,12147,495,1,,,
4127.0,0.0,12149,495,1,,,
4127.5,0.0,12150,495,1,,,
4128.0,0.0,12152,495,1,,,
4128.5,0.0,12153,496,1,,,
4129.0,0.0,12155,496,1,,,
4129.5,0.0,12156,496,1,,,
4130.0,0.0,12158,496,1,,,
4130.5,0.0,12159,499,1,,,
4131.0,0.0,12161,499,1,,,
4131.5,0.0,12162,499,1,,,
4132.0,0.0,12164,499,1,,,
4132.5,0.0,12165,501,1,,,
4133.0,0.0,12167,501,1,,,
4133.5,0.0,12168,499,1,,,
4134.0,0.0,12170,499,1,,,
4134.5,0.0,12171,499,1,,,
4135.0,0.0,12173,499,1,,,
4135.5,0.0,12174,498,1,,,
4136.0,0.0,12176,498,1,,,
4136.5,0.0,12177,498,1,,,
4137.0,0.0,12179,498,1,,,
4137.5,0.0,12180,498,1,,,
4138.0,0.0,12182,498,1,,,
4138.5,0.0,12183,501,1,,,
4139.0,0.0,12185,501,1,,,
4139.5,0.0,12186,502,1,,,
4140.0,0.0,12188,502,1,,,
4140.5,0.0,12189,503,1,,,
4141.0,0.0,12191,503,1,,,
4141.5,0.0,12192,504,1,,,
4142.0,0.0,12194,504,1,,,
4142.5,0.0,12195,504,1,,,
4143.0,0.0,12197,504,1,,,
4143.5,0.0,12198,503,1,,,
4144.0,0.0,12200,503,1,,,
4144.5,0.0,12201,502,1,,,
4145.0,0.0,12203,502,1,,,
4145.5,0.0,12205,502,1,,,
4146.0,0.0,12206,502,1,,,
4146.5,0.0,12208,502,1,,,
4147.0,0.0,12209,502,1,,,
4147.5,0.0,12211,502,1,,,
4148.0,0.0,12212,502,1,,,
4148.5,0.0,12214,503,1,,,
4149.0,0.0,12215,503,1,,,
4149.5,0.0,12217,505,1,,,
4150.0,0.0,12218,505,1,,,
4150.5,0.0,12220,505,1,,,
4151.0,0.0,12221,505,1,,,
4151.5,0.0,12223,505,1,,,
4152.0,0.0,12224,505,1,,,
4152.5,0.0,12226,505,1,,,
4153.0,0.0,12227,505,1,,,
4153.5,0.0,12229,504,1,,,
4154.0,0.0,12230,504,1,,,
4154.5,0.0,12232,502,1,,,
4155.0,0.0,12233,502,1,,,
4155.5,0.0,12235,502,1,,,
4156.0,0.0,12236,502,1,,,
4156.5,0.0,12238,502,1,,,
4157.0,0.0,12240,502,1,,,
4157.5,0.0,12241,503,1,,,
4158.0,0.0,12243,503,1,,,
4158.5,0.0,12244,504,1,,,
4159.0,0.0,12246,504,1,,,
4159.5,0.0,12247,507,1,,,
4160.0,0.0,12249,507,1,,,
4160.5,0.0,12250,505,1,,,
4161.0,0.0,12252,505,1,,,
4161.5,0.0,12253,505,1,,,
4162.0,0.0,12255,505,1,,,
4162.5,0.0,12256,504,1,,,
4163.0,0.0,12258,504,1,,,
4163.5,0.0,12259,503,1,,,
4164.0,0.0,12261,503,1,,,
4164.5,0.0,12262,502,1,,,
4165.0,0.0,12264,502,1,,,
4165.5,0.0,12265,503,1,,,
4166.0,0.0,12267,503,1,,,
4166.5,0.0,12268,504,1,,,
4167.0,0.0,12270,504,1,,,
4167.5,0.0,12271,505,1,,,
4168.0,0.0,12273,505,1,,,
4168.5,0.0,12275,507,1,,,
4169.0,0.0,12276,507,1,,,
4169.5,0.0,12278,507,1,,,
4170.0,0.0,12279,507,1,,,
4170.5,0.0,12281,507,1,,,
4171.0,0.0,12282,507,1,,,
4171.5,0.0,12284,505,1,,,
4172.0,0.0,12285,505,1,,,
4172.5,0.0,12287,504,1,,,
4173.0,0.0,12288,504,1,,,
4173.5,0.0,12290,503,1,,,
4174.0,0.0,12291,503,1,,,
4174.5,0.0,12293,504,1,,,
4175.0,0.0,12294,504,1,,,
4175.5,0.0,12296,503,1,,,
4176.0,0.0,12297,503,1,,,
4176.5,0.0,12299,504,1,,,
4177.0,0.0,12300,504,1,,,
4177.5,0.0,12302,505,1,,,
4178.0,0.0,12303,505,1,,,
4178.5,0.0,12305,507,1,,,
4179.0,0.0,12306,507,1,,,
4179.5,0.0,12308,507,1,,,
4180.0,0.0,12310,507,1,,,
4180.5,0.0,12311,507,1,,,
4181.0,0.0,12313,507,1,,,
4181.5,0.0,12314,504,1,,,
4182.0,0.0,12316,504,1,,,
4182.5,0.0,12317,503,1,,,
4183.0,0.0,12319,503,1,,,
4183.5,0.0,12320,503,1,,,
4184.0,0.0,12322,503,1,,,
4184.5,0.0,12323,502,1,,,
4185.0,0.0,12325,502,1,,,
4185.5,0.0,12326,503,1,,,
4186.0,0.0,12328,503,1,,,
4186.5,0.0,12329,505,1,,,
4187.0,0.0,12331,505,1,,,
4187.5,0.0,12332,505,1,,,
4188.0,0.0,12334,505,1,,,
4188.5,0.0,12335,505,1,,,
4189.0,0.0,12337,505,1,,,
4189.5,0.0,12338,505,1,,,
4190.0,0.0,12340,505,1,,,
4190.5,0.0,12341,504,1,,,
4191.0,0.0,12343,504,1,,,
4191.5,0.0,12344,502,1,,,
4192.0,0.0,12346,502,1,,,
4192.5,0.0,12347,502,1,,,
4193.0,0.0,12349,502,1,,,
4193.5,0.0,12350,501,1,,,
4194.0,0.0,12352,501,1,,,
4194.5,0.0,12353,501,1,,,
4195.0,0.0,12355,501,1,,,
4195.5,0.0,12357,502,1,,,
4196.0,0.0,12358,502,1,,,
4196.5,0.0,12360,504,1,,,
4197.0,0.0,12361,504,1,,,
4197.5,0.0,12363,504,1,,,
4198.0,0.0,12364,504,1,,,
4198.5,0.0,12366,503,1,,,
4199.0,0.0,12367,503,1,,,
4199.5,0.0,12369,503,1,,,
4200.0,0.0,12370,503,1,,,
4200.5,0.0,12372,501,1,,,
4201.0,0.0,12373,501,1,,,
4201.5,0.0,12375,498,1,,,
4202.0,0.0,12376,498,1,,,
4202.5,0.0,12378,498,1,,,
4203.0,0.0,12379,498,1,,,
4203.5,0.0,12381,499,1,,,
4204.0,0.0,12382,499,1,,,
4204.5,0.0,12384,499,1,,,
4205.0,0.0,12385,499,1,,,
4205.5,0.0,12387,501,1,,,
4206.0,0.0,12388,501,1,,,
4206.5,0.0,12390,502,1,,,
4207.0,0.0,12391,502,1,,,
4207.5,0.0,12393,501,1,,,
4208.0,0.0,12394,501,1,,,
4208.5,0.0,12396,499,1,,,
4209.0,0.0,12397,499,1,,,
4209.5,0.0,12399,498,1,,,
4210.0,0.0,12400,498,1,,,
4210.5,0.0,12402,496,1,,,
4211.0,0.0,12403,496,1,,,
4211.5,0.0,12405,495,1,,,
4212.0,0.0,12406,495,1,,,
4212.5,0.0,12408,495,1,,,
4213.0,0.0,12409,495,1,,,
4213.5,0.0,12411,495,1,,,
4214.0,0.0,12412,495,1,,,
4214.5,0.0,12414,496,1,,,
4215.0,0.0,12415,496,1,,,
4215.5,0.0,12417,496,1,,,
4216.0,0.0,12418,496,1,,,
4216.5,0.0,12420,496,1,,,
4217.0,0.0,12421,496,1,,,
4217.5,0.0,12423,496,1,,,
4218.0,0.0,12424,496,1,,,
4218.5,0.0,12426,495,1,,,
4219.0,0.0,12427,495,1,,,
4219.5,0.0,12428,492,1,,,
4220.0,0.0,12430,492,1,,,
4220.5,0.0,12431,492,1,,,
4221.0,0.0,12433,492,1,,,
4221.5,0.0,12434,491,1,,,
4222.0,0.0,12436,491,1,,,
4222.5,0.0,12437,491,1,,,
4223.0,0.0,12439,491,1,,,
4223.5,0.0,12440,492,1,,,
4224.0,0.0,12442,492,1,,,
4224.5,0.0,12443,493,1,,,
4225.0,0.0,12445,493,1,,,
4225.5,0.0,12446,495,1,,,
4226.0,0.0,12448,495,1,,,
4226.5,0.0,12449,495,1,,,
4227.0,0.0,12451,495,1,,,
4227.5,0.0,12452,493,1,,,
4228.0,0.0,12454,493,1,,,
4228.5,0.0,12455,492,1,,,
4229.0,0.0,12457,492,1,,,
4229.5,0.0,12458,491,1,,,
4230.0,0.0,12460,491,1,,,
4230.5,0.0,12461,490,1,,,
4231.0,0.0,12463,490,1,,,
4231.5,0.0,12464,491,1,,,
4232.0,0.0,12466,491,1,,,
4232.5,0.0,12467,492,1,,,
4233.0,0.0,12469,492,1,,,
4233.5,0.0,12470,493,1,,,
4234.0,0.0,12472,493,1,,,
4234.5,0.0,12473,496,1,,,
4235.0,0.0,12475,496,1,,,
4235.5,0.0,12476,497,1,,,
4236.0,0.0,12478,497,1,,,
4236.5,0.0,12479,496,1,,,
4237.0,0.0,12481,496,1,,,
4237.5,0.0,12482,496,1,,,
4238.0,0.0,12484,496,1,,,
4238.5,0.0,12485,495,1,,,
4239.0,0.0,12487,495,1,,,
4239.5,0.0,12488,493,1,,,
4240.0,0.0,12490,493,1,,,
4240.5,0.0,12491,495,1,,,
4241.0,0.0,12493,495,1,,,
4241.5,0.0,12494,496,1,,,
4242.0,0.0,12496,496,1,,,
4242.5,0.0,12497,496,1,,,
4243.0,0.0,12499,496,1,,,
4243.5,0.0,12500,499,1,,,
4244.0,0.0,12502,499,1,,,
4244.5,0.0,12503,501,1,,,
4245.0,0.0,12505,501,1,,,
4245.5,0.0,12506,499,1,,,
4246.0,0.0,12508,499,1,,,
4246.5,0.0,12509,501,1,,,
4247.0,0.0,12511,501,1,,,
4247.5,0.0,12512,499,1,,,
4248.0,0.0,12514,499,1,,,
4248.5,0.0,12515,497,1,,,
4249.0,0.0,12517,497,1,,,
4249.5,0.0,12518,497,1,,,
4250.0,0.0,12520,497,1,,,
4250.5,0.0,12521,498,1,,,
4251.0,0.0,12523,498,1,,,
4251.5,0.0,12524,497,1,,,
4252.0,0.0,12526,497,1,,,
4252.5,0.0,12527,501,1,,,
4253.0,0.0,12529,501,1,,,
4253.5,0.0,12530,502,1,,,
4254.0,0.0,12532,502,1,,,
4254.5,0.0,12533,502,1,,,
4255.0,0.0,12535,502,1,,,
4255.5,0.0,12536,502,1,,,
4256.0,0.0,12538,502,1,,,
4256.5,0.0,12539,503,1,,,
4257.0,0.0,12541,503,1,,,
4257.5,0.0,12542,499,1,,,
4258.0,0.0,12544,499,1,,,
4258.5,0.0,12545,499,1,,,
4259.0,0.0,12547,499,1,,,
4259.5,0.0,12548,499,1,,,
4260.0,0.0,12550,499,1,,,
4260.5,0.0,12551,499,1,,,
4261.0,0.0,12553,499,1,,,
4261.5,0.0,12554,499,1,,,
4262.0,0.0,12556,499,1,,,
4262.5,0.0,12557,503,1,,,
4263.0,0.0,12559,503,1,,,
4263.5,0.0,12560,503,1,,,
4264.0,0.0,12562,503,1,,,
4264.5,0.0,12564,503,1,,,
4265.0,0.0,12565,503,1,,,
4265.5,0.0,12567,504,1,,,
4266.0,0.0,12568,504,1,,,
4266.5,0.0,12570,503,1,,,
4267.0,0.0,12571,503,1,,,
4267.5,0.0,12573,501,1,,,
4268.0,0.0,12574,501,1,,,
4268.5,0.0,12576,502,1,,,
4269.0,0.0,12577,502,1,,,
4269.5,0.0,12579,502,1,,,
4270.0,0.0,12580,502,1,,,
4270.5,0.0,12582,502,1,,,
4271.0,0.0,12583,502,1,,,
4271.5,0.0,12585,504,1,,,
4272.0,0.0,12586,504,1,,,
4272.5,0.0,12588,505,1,,,
4273.0,0.0,12589,505,1,,,
4273.5,0.0,12591,505,1,,,
4274.0,0.0,12592,505,1,,,
4274.5,0.0,12594,507,1,,,
4275.0,0.0,12595,507,1,,,
4275.5,0.0,12597,504,1,,,
4276.0,0.0,12598,504,1,,,
4276.5,0.0,12600,503,1,,,
4277.0,0.0,12601,503,1,,,
4277.5,0.0,12603,504,1,,,
4278.0,0.0,12604,504,1,,,
4278.5,0.0,12606,504,1,,,
4279.0,0.0,12608,504,1,,,
4279.5,0.0,12609,504,1,,,
4280.0,0.0,12611,504,1,,,
4280.5,0.0,12612,507,1,,,
4281.0,0.0,12614,507,1,,,
4281.5,0.0,12615,508,1,,,
4282.0,0.0,12617,508,1,,,
4282.5,0.0,12618,508,1,,,
4283.0,0.0,12620,508,1,,,
4283.5,0.0,12621,509,1,,,
4284.0,0.0,12623,509,1,,,
4284.5,0.0,12624,508,1,,,
4285.0,0.0,12626,508,1,,,
4285.5,0.0,12627,507,1,,,
4286.0,0.0,12629,507,1,,,
4286.5,0.0,12631,507,1,,,
4287.0,0.0,12632,507,1,,,
4287.5,0.0,12634,507,1,,,
4288.0,0.0,12635,507,1,,,
4288.5,0.0,12637,505,1,,,
4289.0,0.0,12638,505,1,,,
4289.5,0.0,12640,507,1,,,
4290.0,0.0,12641,507,1,,,
4290.5,0.0,12643,508,1,,,
4291.0,0.0,12644,508,1,,,
4291.5,0.0,12646,509,1,,,
4292.0,0.0,12647,509,1,,,
4292.5,0.0,12649,508,1,,,
4293.0,0.0,12650,508,1,,,
4293.5,0.0,12652,508,1,,,
4294.0,0.0,12653,508,1,,,
4294.5,0.0,12655,507,1,,,
4295.0,0.0,12656,507,1,,,
4295.5,0.0,12658,505,1,,,
4296.0,0.0,12660,505,1,,,
4296.5,0.0,12661,505,1,,,
4297.0,0.0,12663,505,1,,,
4297.5,0.0,12664,505,1,,,
4298.0,0.0,12666,505,1,,,
4298.5,0.0,12667,505,1,,,
4299.0,0.0,12669,505,1,,,
4299.5,0.0,12670,507,1,,,
4300.0,0.0,12672,507,1,,,
4300.5,0.0,12673,509,1,,,
4301.0,0.0,12675,509,1,,,
4301.5,0.0,12676,507,1,,,
4302.0,0.0,12678,507,1,,,
4302.5,0.0,12679,508,1,,,
4303.0,0.0,12681,508,1,,,
4303.5,0.0,12682,507,1,,,
4304.0,0.0,12684,507,1,,,
4304.5,0.0,12685,505,1,,,
4305.0,0.0,12687,505,1,,,
4305.5,0.0,12689,503,1,,,
4306.0,0.0,12690,503,1,,,
4306.5,0.0,12692,504,1,,,
4307.0,0.0,12693,504,1,,,
4307.5,0.0,12695,504,1,,,
4308.0,0.0,12696,504,1,,,
4308.5,0.0,12698,505,1,,,
4309.0,0.0,12699,505,1,,,
4309.5,0.0,12701,507,1,,,
4310.0,0.0,12702,507,1,,,
4310.5,0.0,12704,508,1,,,
4311.0,0.0,12705,508,1,,,
4311.5,0.0,12707,507,1,,,
4312.0,0.0,12708,507,1,,,
4312.5,0.0,12710,505,1,,,
4313.0,0.0,12711,505,1,,,
4313.5,0.0,12713,503,1,,,
4314.0,0.0,12714,503,1,,,
4314.5,0.0,12716,502,1,,,
4315.0,0.0,12717,502,1,,,
4315.5,0.0,12719,501,1,,,
4316.0,0.0,12720,501,1,,,
4316.5,0.0,12722,502,1,,,
4317.0,0.0,12723,502,1,,,
4317.5,0.0,12725,502,1,,,
4318.0,0.0,12726,502,1,,,
4318.5,0.0,12728,503,1,,,
4319.0,0.0,12729,503,1,,,
4319.5,0.0,12731,503,1,,,
4320.0,0.0,12733,503,1,,,
4320.5,0.0,12734,503,1,,,
4321.0,0.0,12736,503,1,,,
4321.5,0.0,12737,502,1,,,
4322.0,0.0,12739,502,1,,,
4322.5,0.0,12740,501,1,,,
4323.0,0.0,12742,501,1,,,
4323.5,0.0,12743,498,1,,,
4324.0,0.0,12745,498,1,,,
4324.5,0.0,12746,498,1,,,
4325.0,0.0,12748,498,1,,,
4325.5,0.0,12749,497,1,,,
4326.0,0.0,12751,497,1,,,
4326.5,0.0,12752,496,1,,,
4327.0,0.0,12754,496,1,,,
4327.5,0.0,12755,497,1,,,
4328.0,0.0,12757,497,1,,,
4328.5,0.0,12758,499,1,,,
4329.0,0.0,12760,499,1,,,
4329.5,0.0,12761,498,1,,,
4330.0,0.0,12763,498,1,,,
4330.5,0.0,12764,498,1,,,
4331.0,0.0,12766,498,1,,,
4331.5,0.0,12767,497,1,,,
4332.0,0.0,12768,497,1,,,
4332.5,0.0,12770,496,1,,,
4333.0,0.0,12771,496,1,,,
4333.5,0.0,12773,493,1,,,
4334.0,0.0,12774,493,1,,,
4334.5,0.0,12776,493,1,,,
4335.0,0.0,12777,493,1,,,
4335.5,0.0,12779,493,1,,,
4336.0,0.0,12780,493,1,,,
4336.5,0.0,12782,496,1,,,
4337.0,0.0,12784,496,1,,,
4337.5,0.0,12785,497,1,,,
4338.0,0.0,12786,497,1,,,
4338.5,0.0,12788,498,1,,,
4339.0,0.0,12789,498,1,,,
4339.5,0.0,12791,498,1,,,
4340.0,0.0,12792,498,1,,,
4340.5,0.0,12794,498,1,,,
4341.0,0.0,12795,498,1,,,
4341.5,0.0,12797,496,1,,,
4342.0,0.0,12798,496,1,,,
4342.5,0.0,12800,495,1,,,
4343.0,0.0,12801,495,1,,,
4343.5,0.0,12803,496,1,,,
4344.0,0.0,12804,496,1,,,
4344.5,0.0,12806,496,1,,,
4345.0,0.0,12807,496,1,,,
4345.5,0.0,12809,497,1,,,
4346.0,0.0,12810,497,1,,,
4346.5,0.0,12812,499,1,,,
4347.0,0.0,12814,499,1,,,
4347.5,0.0,12815,501,1,,,
4348.0,0.0,12817,501,1,,,
4348.5,0.0,12818,499,1,,,
4349.0,0.0,12820,499,1,,,
4349.5,0.0,12821,501,1,,,
4350.0,0.0,12823,501,1,,,
4350.5,0.0,12824,499,1,,,
4351.0,0.0,12826,499,1,,,
4351.5,0.0,12827,498,1,,,
4352.0,0.0,12828,498,1,,,
4352.5,0.0,12830,497,1,,,
4353.0,0.0,12831,497,1,,,
4353.5,0.0,12833,497,1,,,
4354.0,0.0,12834,497,1,,,
4354.5,0.0,12836,497,1,,,
4355.0,0.0,12838,497,1,,,
4355.5,0.0,12839,498,1,,,
4356.0,0.0,12841,498,1,,,
4356.5,0.0,12842,499,1,,,
4357.0,0.0,12844,499,1,,,
4357.5,0.0,12845,501,1,,,
4358.0,0.0,12847,501,1,,,
4358.5,0.0,12848,502,1,,,
4359.0,0.0,12850,502,1,,,
4359.5,0.0,12851,501,1,,,
4360.0,0.0,12853,501,1,,,
4360.5,0.0,12854,501,1,,,
4361.0,0.0,12856,501,1,,,
4361.5,0.0,12857,498,1,,,
4362.0,0.0,12859,498,1,,,
4362.5,0.0,12860,498,1,,,
4363.0,0.0,12862,498,1,,,
4363.5,0.0,12863,498,1,,,
4364.0,0.0,12865,498,1,,,
4364.5,0.0,12866,499,1,,,
4365.0,0.0,12868,499,1,,,
4365.5,0.0,12869,501,1,,,
4366.0,0.0,12871,501,1,,,
4366.5,0.0,12872,503,1,,,
4367.0,0.0,12874,503,1,,,
4367.5,0.0,12875,504,1,,,
4368.0,0.0,12877,504,1,,,
4368.5,0.0,12878,503,1,,,
4369.0,0.0,12880,503,1,,,
4369.5,0.0,12881,503,1,,,
4370.0,0.0,12883,503,1,,,
4370.5,0.0,12884,501,1,,,
4371.0,0.0,12886,501,1,,,
4371.5,0.0,12887,501,1,,,
4372.0,0.0,12889,501,1,,,
4372.5,0.0,12890,499,1,,,
4373.0,0.0,12892,499,1,,,
4373.5,0.0,12893,502,1,,,
4374.0,0.0,12895,502,1,,,
4374.5,0.0,12896,503,1,,,
4375.0,0.0,12898,503,1,,,
4375.5,0.0,12900,505,1,,,
4376.0,0.0,12901,505,1,,,
4376.5,0.0,12903,507,1,,,
4377.0,0.0,12904,507,1,,,
4377.5,0.0,12906,507,1,,,
4378.0,0.0,12907,507,1,,,
4378.5,0.0,12909,507,1,,,
4379.0,0.0,12910,507,1,,,
4379.5,0.0,12912,505,1,,,
4380.0,0.0,12913,505,1,,,
4380.5,0.0,12915,504,1,,,
4381.0,0.0,12916,504,1,,,
4381.5,0.0,12918,504,1,,,
4382.0,0.0,12919,504,1,,,
4382.5,0.0,12921,505,1,,,
4383.0,0.0,12922,505,1,,,
4383.5,0.0,12924,505,1,,,
4384.0,0.0,12926,505,1,,,
4384.5,0.0,12927,508,1,,,
4385.0,0.0,12929,508,1,,,
4385.5,0.0,12930,509,1,,,
4386.0,0.0,12932,509,1,,,
4386.5,0.0,12933,509,1,,,
4387.0,0.0,12935,509,1,,,
4387.5,0.0,12936,509,1,,,
4388.0,0.0,12938,509,1,,,
4388.5,0.0,12939,508,1,,,
4389.0,0.0,12941,508,1,,,
4389.5,0.0,12942,505,1,,,
4390.0,0.0,12944,505,1,,,
4390.5,0.0,12945,505,1,,,
4391.0,0.0,12947,505,1,,,
4391.5,0.0,12948,504,1,,,
4392.0,0.0,12950,504,1,,,
4392.5,0.0,12951,504,1,,,
4393.0,0.0,12953,504,1,,,
4393.5,0.0,12954,505,1,,,
4394.0,0.0,12956,505,1,,,
4394.5,0.0,12958,508,1,,,
4395.0,0.0,12959,508,1,,,
4395.5,0.0,12961,507,1,,,
4396.0,0.0,12962,507,1,,,
4396.5,0.0,12964,508,1,,,
4397.0,0.0,12965,508,1,,,
4397.5,0.0,12967,507,1,,,
4398.0,0.0,12968,507,1,,,
4398.5,0.0,12970,505,1,,,
4399.0,0.0,12971,505,1,,,
4399.5,0.0,12973,504,1,,,
4400.0,0.0,12974,504,1,,,
4400.5,0.0,12976,504,1,,,
4401.0,0.0,12977,504,1,,,
4401.5,0.0,12979,504,1,,,
4402.0,0.0,12980,504,1,,,
4402.5,0.0,12982,505,1,,,
4403.0,0.0,12984,505,1,,,
4403.5,0.0,12985,507,1,,,
4404.0,0.0,12987,507,1,,,
4404.5,0.0,12988,507,1,,,
4405.0,0.0,12990,507,1,,,
4405.5,0.0,12991,508,1,,,
4406.0,0.0,12993,508,1,,,
4406.5,0.0,12994,507,1,,,
4407.0,0.0,12996,507,1,,,
4407.5,0.0,12997,505,1,,,
4408.0,0.0,12999,505,1,,,
4408.5,0.0,13000,504,1,,,
4409.0,0.0,13002,504,1,,,
4409.5,0.0,13003,503,1,,,
4410.0,0.0,13005,503,1,,,
4410.5,0.0,13006,503,1,,,
4411.0,0.0,13008,503,1,,,
4411.5,0.0,13009,504,1,,,
4412.0,0.0,13011,504,1,,,
4412.5,0.0,13012,505,1,,,
4413.0,0.0,13014,505,1,,,
4413.5,0.0,13015,507,1,,,
4414.0,0.0,13017,507,1,,,
4414.5,0.0,13018,508,1,,,
4415.0,0.0,13020,508,1,,,
4415.5,0.0,13022,507,1,,,
4416.0,0.0,13023,507,1,,,
4416.5,0.0,13025,505,1,,,
4417.0,0.0,13026,505,1,,,
4417.5,0.0,13028,504,1,,,
4418.0,0.0,13029,504,1,,,
4418.5,0.0,13031,504,1,,,
4419.0,0.0,13032,504,1,,,
4419.5,0.0,13034,503,1,,,
4420.0,0.0,13035,503,1,,,
4420.5,0.0,13037,504,1,,,
4421.0,0.0,13038,504,1,,,
4421.5,0.0,13040,505,1,,,
4422.0,0.0,13041,505,1,,,
4422.5,0.0,13043,507,1,,,
4423.0,0.0,13044,507,1,,,
4423.5,0.0,13046,507,1,,,
4424.0,0.0,13048,507,1,,,
4424.5,0.0,13049,508,1,,,
4425.0,0.0,13051,508,1,,,
4425.5,0.0,13052,507,1,,,
4426.0,0.0,13054,507,1,,,
4426.5,0.0,13055,504,1,,,
4427.0,0.0,13057,504,1,,,
4427.5,0.0,13058,504,1,,,
4428.0,0.0,13060,504,1,,,
4428.5,0.0,13061,502,1,,,
4429.0,0.0,13063,502,1,,,
4429.5,0.0,13064,503,1,,,
4430.0,0.0,13066,503,1,,,
4430.5,0.0,13067,503,1,,,
4431.0,0.0,13069,503,1,,,
4431.5,0.0,13070,505,1,,,
4432.0,0.0,13072,505,1,,,
4432.5,0.0,13073,505,1,,,
4433.0,0.0,13075,505,1,,,
4433.5,0.0,13076,507,1,,,
4434.0,0.0,13078,507,1,,,
4434.5,0.0,13079,504,1,,,
4435.0,0.0,13081,504,1,,,
4435.5,0.0,13082,504,1,,,
4436.0,0.0,13084,504,1,,,
4436.5,0.0,13085,502,1,,,
4437.0,0.0,13087,502,1,,,
4437.5,0.0,13088,501,1,,,
4438.0,0.0,13090,501,1,,,
4438.5,0.0,13092,502,1,,,
4439.0,0.0,13093,502,1,,,
4439.5,0.0,13095,502,1,,,
4440.0,0.0,13096,502,1,,,
4440.5,0.0,13098,502,1,,,
4441.0,0.0,13099,502,1,,,
4441.5,0.0,13101,504,1,,,
4442.0,0.0,13102,504,1,,,
4442.5,0.0,13104,503,1,,,
4443.0,0.0,13105,503,1,,,
4443.5,0.0,13107,502,1,,,
4444.0,0.0,13108,502,1,,,
4444.5,0.0,13110,499,1,,,
4445.0,0.0,13111,499,1,,,
4445.5,0.0,13113,498,1,,,
4446.0,0.0,13114,498,1,,,
4446.5,0.0,13116,496,1,,,
4447.0,0.0,13117,496,1,,,
4447.5,0.0,13119,497,1,,,
4448.0,0.0,13120,497,1,,,
4448.5,0.0,13122,496,1,,,
4449.0,0.0,13123,496,1,,,
4449.5,0.0,13125,498,1,,,
4450.0,0.0,13126,498,1,,,
4450.5,0.0,13128,498,1,,,
4451.0,0.0,13129,498,1,,,
4451.5,0.0,13131,498,1,,,
4452.0,0.0,13132,498,1,,,
4452.5,0.0,13134,497,1,,,
4453.0,0.0,13135,497,1,,,
4453.5,0.0,13137,497,1,,,
4454.0,0.0,13138,497,1,,,
4454.5,0.0,13139,493,1,,,
4455.0,0.0,13141,493,1,,,
4455.5,0.0,13142,493,1,,,
4456.0,0.0,13144,493,1,,,
4456.5,0.0,13145,492,1,,,
4457.0,0.0,13147,492,1,,,
4457.5,0.0,13148,492,1,,,
4458.0,0.0,13150,492,1,,,
4458.5,0.0,13151,492,1,,,
4459.0,0.0,13153,492,1,,,
4459.5,0.0,13154,496,1,,,
4460.0,0.0,13156,496,1,,,
4460.5,0.0,13157,496,1,,,
4461.0,0.0,13159,496,1,,,
4461.5,0.0,13160,497,1,,,
4462.0,0.0,13162,497,1,,,
4462.5,0.0,13163,496,1,,,
4463.0,0.0,13165,496,1,,,
4463.5,0.0,13166,496,1,,,
4464.0,0.0,13168,496,1,,,
4464.5,0.0,13169,493,1,,,
4465.0,0.0,13171,493,1,,,
4465.5,0.0,13172,492,1,,,
4466.0,0.0,13174,492,1,,,
4466.5,0.0,13175,492,1,,,
4467.0,0.0,13177,492,1,,,
4467.5,0.0,13178,493,1,,,
4468.0,0.0,13180,493,1,,,
4468.5,0.0,13181,493,1,,,
4469.0,0.0,13183,493,1,,,
4469.5,0.0,13184,496,1,,,
4470.0,0.0,13186,496,1,,,
4470.5,0.0,13187,497,1,,,
4471.0,0.0,13189,497,1,,,
4471.5,0.0,13190,497,1,,,
4472.0,0.0,13192,497,1,,,
4472.5,0.0,13193,497,1,,,
4473.0,0.0,13195,497,1,,,
4473.5,0.0,13196,496,1,,,
4474.0,0.0,13198,496,1,,,
4474.5,0.0,13199,493,1,,,
4475.0,0.0,13201,493,1,,,
4475.5,0.0,13202,493,1,,,
4476.0,0.0,13204,493,1,,,
4476.5,0.0,13205,495,1,,,
4477.0,0.0,13207,495,1,,,
4477.5,0.0,13208,495,1,,,
4478.0,0.0,13210,495,1,,,
4478.5,0.0,13211,497,1,,,
4479.0,0.0,13213,497,1,,,
4479.5,0.0,13214,499,1,,,
4480.0,0.0,13216,499,1,,,
4480.5,0.0,13217,501,1,,,
4481.0,0.0,13219,501,1,,,
4481.5,0.0,13220,499,1,,,
4482.0,0.0,13222,499,1,,,
4482.5,0.0,13223,499,1,,,
4483.0,0.0,13225,499,1,,,
4483.5,0.0,13226,498,1,,,
4484.0,0.0,13228,498,1,,,
4484.5,0.0,13229,497,1,,,
4485.0,0.0,13231,497,1,,,
4485.5,0.0,13232,497,1,,,
4486.0,0.0,13234,497,1,,,
4486.5,0.0,13235,498,1,,,
4487.0,0.0,13237,498,1,,,
4487.5,0.0,13238,499,1,,,
4488.0,0.0,13240,499,1,,,
4488.5,0.0,13241,502,1,,,
4489.0,0.0,13243,502,1,,,
4489.5,0.0,13244,504,1,,,
4490.0,0.0,13246,504,1,,,
4490.5,0.0,13247,503,1,,,
4491.0,0.0,13249,503,1,,,
4491.5,0.0,13250,503,1,,,
4492.0,0.0,13252,503,1,,,
4492.5,0.0,13253,503,1,,,
4493.0,0.0,13255,503,1,,,
4493.5,0.0,13256,502,1,,,
4494.0,0.0,13258,502,1,,,
4494.5,0.0,13260,501,1,,,
4495.0,0.0,13261,501,1,,,
4495.5,0.0,13263,503,1,,,
4496.0,0.0,13264,503,1,,,
4496.5,0.0,13266,503,1,,,
4497.0,0.0,13267,503,1,,,
4497.5,0.0,13269,505,1,,,
4498.0,0.0,13270,505,1,,,
4498.5,0.0,13272,507,1,,,
4499.0,0.0,13273,507,1,,,
4499.5,0.0,13275,508,1,,,
4500.0,0.0,13276,508,1,,,
4500.5,0.0,13278,508,1,,,
4501.0,0.0,13279,508,1,,,
4501.5,0.0,13281,508,1,,,
4502.0,0.0,13282,508,1,,,
4502.5,0.0,13284,505,1,,,
4503.0,0.0,13285,505,1,,,
4503.5,0.0,13287,505,1,,,
4504.0,0.0,13289,505,1,,,
4504.5,0.0,13290,505,1,,,
4505.0,0.0,13292,505,1,,,
4505.5,0.0,13293,505,1,,,
4506.0,0.0,13295,505,1,,,
4506.5,0.0,13296,508,1,,,
4507.0,0.0,13298,508,1,,,
4507.5,0.0,13299,509,1,,,
4508.0,0.0,13301,509,1,,,
4508.5,0.0,13302,510,1,,,
4509.0,0.0,13304,510,1,,,
4509.5,0.0,13305,509,1,,,
4510.0,0.0,13307,509,1,,,
4510.5,0.0,13308,509,1,,,
4511.0,0.0,13310,509,1,,,
4511.5,0.0,13312,507,1,,,
4512.0,0.0,13313,507,1,,,
4512.5,0.0,13315,507,1,,,
4513.0,0.0,13316,507,1,,,
4513.5,0.0,13318,505,1,,,
4514.0,0.0,13319,505,1,,,
4514.5,0.0,13321,507,1,,,
4515.0,0.0,13322,507,1,,,
4515.5,0.0,13324,507,1,,,
4516.0,0.0,13325,507,1,,,
4516.5,0.0,13327,509,1,,,
4517.0,0.0,13328,509,1,,,
4517.5,0.0,13330,509,1,,,
4518.0,0.0,13331,509,1,,,
4518.5,0.0,13333,510,1,,,
4519.0,0.0,13334,510,1,,,
4519.5,0.0,13336,509,1,,,
4520.0,0.0,13338,509,1,,,
4520.5,0.0,13339,509,1,,,
4521.0,0.0,13341,509,1,,,
4521.5,0.0,13342,507,1,,,
4522.0,0.0,13344,507,1,,,
4522.5,0.0,13345,508,1,,,
4523.0,0.0,13347,508,1,,,
4523.5,0.0,13348,507,1,,,
4524.0,0.0,13350,507,1,,,
4524.5,0.0,13351,508,1,,,
4525.0,0.0,13353,508,1,,,
4525.5,0.0,13354,509,1,,,
4526.0,0.0,13356,509,1,,,
4526.5,0.0,13357,510,1,,,
4527.0,0.0,13359,510,1,,,
4527.5,0.0,13361,510,1,,,
4528.0,0.0,13362,510,1,,,
4528.5,0.0,13364,509,1,,,
4529.0,0.0,13365,509,1,,,
4529.5,0.0,13367,509,1,,,
4530.0,0.0,13368,509,1,,,
4530.5,0.0,13370,508,1,,,
4531.0,0.0,13371,508,1,,,
4531.5,0.0,13373,507,1,,,
4532.0,0.0,13374,507,1,,,
4532.5,0.0,13376,507,1,,,
4533.0,0.0,13377,507,1,,,
4533.5,0.0,13379,507,1,,,
4534.0,0.0,13380,507,1,,,
4534.5,0.0,13382,508,1,,,
4535.0,0.0,13384,508,1,,,
4535.5,0.0,13385,509,1,,,
4536.0,0.0,13387,509,1,,,
4536.5,0.0,13388,510,1,,,
4537.0,0.0,13390,510,1,,,
4537.5,0.0,13391,509,1,,,
4538.0,0.0,13393,509,1,,,
4538.5,0.0,13394,509,1,,,
4539.0,0.0,13396,509,1,,,
4539.5,0.0,13397,507,1,,,
4540.0,0.0,13399,507,1,,,
4540.5,0.0,13400,504,1,,,
4541.0,0.0,13402,504,1,,,
4541.5,0.0,13403,504,1,,,
4542.0,0.0,13405,504,1,,,
4542.5,0.0,13406,504,1,,,
4543.0,0.0,13408,504,1,,,
4543.5,0.0,13409,505,1,,,
4544.0,0.0,13411,505,1,,,
4544.5,0.0,13413,507,1,,,
4545.0,0.0,13414,507,1,,,
4545.5,0.0,13416,508,1,,,
4546.0,0.0,13417,508,1,,,
4546.5,0.0,13419,508,1,,,
4547.0,0.0,13420,508,1,,,
4547.5,0.0,13422,505,1,,,
4548.0,0.0,13423,505,1,,,
4548.5,0.0,13425,504,1,,,
4549.0,0.0,13426,504,1,,,
4549.5,0.0,13428,502,1,,,
4550.0,0.0,13429,502,1,,,
4550.5,0.0,13431,502,1,,,
4551.0,0.0,13432,502,1,,,
4551.5,0.0,13434,501,1,,,
4552.0,0.0,13435,501,1,,,
4552.5,0.0,13437,502,1,,,
4553.0,0.0,13438,502,1,,,
4553.5,0.0,13440,502,1,,,
4554.0,0.0,13441,502,1,,,
4554.5,0.0,13443,504,1,,,
4555.0,0.0,13444,504,1,,,
4555.5,0.0,13446,503,1,,,
4556.0,0.0,13447,503,1,,,
4556.5,0.0,13449,503,1,,,
4557.0,0.0,13450,503,1,,,
4557.5,0.0,13452,502,1,,,
4558.0,0.0,13453,502,1,,,
4558.5,0.0,13455,501,1,,,
4559.0,0.0,13456,501,1,,,
4559.5,0.0,13458,498,1,,,
4560.0,0.0,13459,498,1,,,
4560.5,0.0,13461,498,1,,,
4561.0,0.0,13462,498,1,,,
4561.5,0.0,13464,498,1,,,
4562.0,0.0,13465,498,1,,,
4562.5,0.0,13467,499,1,,,
4563.0,0.0,13468,499,1,,,
4563.5,0.0,13470,501,1,,,
4564.0,0.0,13471,501,1,,,
4564.5,0.0,13473,502,1,,,
4565.0,0.0,13475,502,1,,,
4565.5,0.0,13476,501,1,,,
4566.0,0.0,13477,501,1,,,
4566.5,0.0,13479,499,1,,,
4567.0,0.0,13480,499,1,,,
4567.5,0.0,13482,498,1,,,
4568.0,0.0,13483,498,1,,,
4568.5,0.0,13485,497,1,,,
4569.0,0.0,13486,497,1,,,
4569.5,0.0,13488,496,1,,,
4570.0,0.0,13489,496,1,,,
4570.5,0.0,13491,497,1,,,
4571.0,0.0,13492,497,1,,,
4571.5,0.0,13494,497,1,,,
4572.0,0.0,13496,497,1,,,
4572.5,0.0,13497,498,1,,,
4573.0,0.0,13498,498,1,,,
4573.5,0.0,13500,499,1,,,
4574.0,0.0,13501,499,1,,,
4574.5,0.0,13503,499,1,,,
4575.0,0.0,13504,499,1,,,
4575.5,0.0,13506,498,1,,,
4576.0,0.0,13507,498,1,,,
4576.5,0.0,13509,498,1,,,
4577.0,0.0,13510,498,1,,,
4577.5,0.0,13512,496,1,,,
4578.0,0.0,13513,496,1,,,
4578.5,0.0,13515,495,1,,,
4579.0,0.0,13516,495,1,,,
4579.5,0.0,13518,495,1,,,
4580.0,0.0,13519,495,1,,,
4580.5,0.0,13521,495,1,,,
4581.0,0.0,13522,495,1,,,
4581.5,0.0,13524,496,1,,,
4582.0,0.0,13525,496,1,,,
4582.5,0.0,13527,498,1,,,
4583.0,0.0,13528,498,1,,,
4583.5,0.0,13530,498,1,,,
4584.0,0.0,13531,498,1,,,
4584.5,0.0,13533,498,1,,,
4585.0,0.0,13534,498,1,,,
4585.5,0.0,13536,497,1,,,
4586.0,0.0,13537,497,1,,,
4586.5,0.0,13539,496,1,,,
4587.0,0.0,13540,496,1,,,
4587.5,0.0,13542,493,1,,,
4588.0,0.0,13543,493,1,,,
4588.5,0.0,13545,495,1,,,
4589.0,0.0,13546,495,1,,,
4589.5,0.0,13548,495,1,,,
4590.0,0.0,13549,495,1,,,
4590.5,0.0,13551,496,1,,,
4591.0,0.0,13552,496,1,,,
4591.5,0.0,13554,497,1,,,
4592.0,0.0,13555,497,1,,,
4592.5,0.0,13557,499,1,,,
4593.0,0.0,13558,499,1,,,
4593.5,0.0,13560,498,1,,,
4594.0,0.0,13561,498,1,,,
4594.5,0.0,13563,498,1,,,
4595.0,0.0,13564,498,1,,,
4595.5,0.0,13566,497,1,,,
4596.0,0.0,13567,497,1,,,
4596.5,0.0,13569,496,1,,,
4597.0,0.0,13570,496,1,,,
4597.5,0.0,13572,495,1,,,
4598.0,0.0,13573,495,1,,,
4598.5,0.0,13575,496,1,,,
4599.0,0.0,13576,496,1,,,
4599.5,0.0,13578,497,1,,,
4600.0,0.0,13579,497,1,,,
4600.5,0.0,13581,499,1,,,
4601.0,0.0,13582,499,1,,,
4601.5,0.0,13584,501,1,,,
4602.0,0.0,13585,501,1,,,
4602.5,0.0,13587,502,1,,,
4603.0,0.0,13589,502,1,,,
4603.5,0.0,13590,501,1,,,
4604.0,0.0,13591,501,1,,,
4604.5,0.0,13593,501,1,,,
4605.0,0.0,13594,501,1,,,
4605.5,0.0,13596,499,1,,,
4606.0,0.0,13597,499,1,,,
4606.5,0.0,13599,498,1,,,
4607.0,0.0,13600,498,1,,,
4607.5,0.0,13602,498,1,,,
4608.0,0.0,13603,498,1,,,
4608.5,0.0,13605,499,1,,,
4609.0,0.0,13607,499,1,,,
4609.5,0.0,13608,501,1,,,
4610.0,0.0,13610,501,1,,,
4610.5,0.0,13611,502,1,,,
4611.0,0.0,13613,502,1,,,
4611.5,0.0,13614,504,1,,,
4612.0,0.0,13616,504,1,,,
4612.5,0.0,13617,504,1,,,
4613.0,0.0,13619,504,1,,,
4613.5,0.0,13620,504,1,,,
4614.0,0.0,13622,504,1,,,
4614.5,0.0,13623,503,1,,,
4615.0,0.0,13625,503,1,,,
4615.5,0.0,13626,502,1,,,
4616.0,0.0,13628,502,1,,,
4616.5,0.0,13629,502,1,,,
4617.0,0.0,13631,502,1,,,
4617.5,0.0,13632,503,1,,,
4618.0,0.0,13634,503,1,,,
4618.5,0.0,13635,504,1,,,
4619.0,0.0,13637,504,1,,,
4619.5,0.0,13639,504,1,,,
4620.0,0.0,13640,504,1,,,
4620.5,0.0,13642,508,1,,,
4621.0,0.0,13643,508,1,,,
4621.5,0.0,13645,507,1,,,
4622.0,0.0,13646,507,1,,,
4622.5,0.0,13648,507,1,,,
4623.0,0.0,13649,507,1,,,
4623.5,0.0,13651,505,1,,,
4624.0,0.0,13652,505,1,,,
4624.5,0.0,13654,504,1,,,
4625.0,0.0,13655,504,1,,,
4625.5,0.0,13657,503,1,,,
4626.0,0.0,13658,503,1,,,
4626.5,0.0,13660,503,1,,,
4627.0,0.0,13661,503,1,,,
4627.5,0.0,13663,503,1,,,
4628.0,0.0,13664,503,1,,,
4628.5,0.0,13666,504,1,,,
4629.0,0.0,13667,504,1,,,
4629.5,0.0,13669,507,1,,,
4630.0,0.0,13670,507,1,,,
4630.5,0.0,13672,505,1,,,
4631.0,0.0,13673,505,1,,,
4631.5,0.0,13675,507,1,,,
4632.0,0.0,13676,507,1,,,
4632.5,0.0,13678,505,1,,,
4633.0,0.0,13680,505,1,,,
4633.5,0.0,13681,504,1,,,
4634.0,0.0,13682,504,1,,,
4634.5,0.0,13684,502,1,,,
4635.0,0.0,13686,502,1,,,
4635.5,0.0,13687,503,1,,,
4636.0,0.0,13689,503,1,,,
4636.5,0.0,13690,503,1,,,
4637.0,0.0,13692,503,1,,,
4637.5,0.0,13693,504,1,,,
4638.0,0.0,13695,504,1,,,
4638.5,0.0,13696,505,1,,,
4639.0,0.0,13698,505,1,,,
4639.5,0.0,13699,508,1,,,
4640.0,0.0,13701,508,1,,,
4640.5,0.0,13702,507,1,,,
4641.0,0.0,13704,507,1,,,
4641.5,0.0,13705,505,1,,,
4642.0,0.0,13707,505,1,,,
4642.5,0.0,13708,505,1,,,
4643.0,0.0,13710,505,1,,,
4643.5,0.0,13711,504,1,,,
4644.0,0.0,13713,504,1,,,
4644.5,0.0,13715,503,1,,,
4645.0,0.0,13716,503,1,,,
4645.5,0.0,13718,504,1,,,
4646.0,0.0,13719,504,1,,,
4646.5,0.0,13721,504,1,,,
4647.0,0.0,13722,504,1,,,
4647.5,0.0,13724,504,1,,,
4648.0,0.0,13725,504,1,,,
4648.5,0.0,13727,505,1,,,
4649.0,0.0,13728,505,1,,,
4649.5,0.0,13730,507,1,,,
4650.0,0.0,13731,507,1,,,
4650.5,0.0,13733,505,1,,,
4651.0,0.0,13734,505,1,,,
4651.5,0.0,13736,505,1,,,
4652.0,0.0,13737,505,1,,,
4652.5,0.0,13739,504,1,,,
4653.0,0.0,13740,504,1,,,
4653.5,0.0,13742,503,1,,,
4654.0,0.0,13743,503,1,,,
4654.5,0.0,13745,502,1,,,
4655.0,0.0,13746,502,1,,,
4655.5,0.0,13748,503,1,,,
4656.0,0.0,13750,503,1,,,
4656.5,0.0,13751,505,1,,,
4657.0,0.0,13753,505,1,,,
4657.5,0.0,13754,504,1,,,
4658.0,0.0,13756,504,1,,,
4658.5,0.0,13757,505,1,,,
4659.0,0.0,13759,505,1,,,
4659.5,0.0,13760,505,1,,,
4660.0,0.0,13762,505,1,,,
4660.5,0.0,13763,504,1,,,
4661.0,0.0,13765,504,1,,,
4661.5,0.0,13766,502,1,,,
4662.0,0.0,13768,502,1,,,
4662.5,0.0,13769,503,1,,,
4663.0,0.0,13771,503,1,,,
4663.5,0.0,13772,502,1,,,
4664.0,0.0,13774,502,1,,,
4664.5,0.0,13775,502,1,,,
4665.0,0.0,13777,502,1,,,
4665.5,0.0,13778,502,1,,,
4666.0,0.0,13780,502,1,,,
4666.5,0.0,13781,502,1,,,
4667.0,0.0,13783,502,1,,,
4667.5,0.0,13784,503,1,,,
4668.0,0.0,13786,503,1,,,
4668.5,0.0,13787,502,1,,,
4669.0,0.0,13789,502,1,,,
4669.5,0.0,13790,502,1,,,
4670.0,0.0,13792,502,1,,,
4670.5,0.0,13793,501,1,,,
4671.0,0.0,13795,501,1,,,
4671.5,0.0,13796,499,1,,,
4672.0,0.0,13798,499,1,,,
4672.5,0.0,13799,497,1,,,
4673.0,0.0,13801,497,1,,,
4673.5,0.0,13802,498,1,,,
4674.0,0.0,13804,498,1,,,
4674.5,0.0,13805,497,1,,,
4675.0,0.0,13807,497,1,,,
4675.5,0.0,13808,498,1,,,
4676.0,0.0,13810,498,1,,,
4676.5,0.0,13811,499,1,,,
4677.0,0.0,13813,499,1,,,
4677.5,0.0,13814,499,1,,,
4678.0,0.0,13816,499,1,,,
4678.5,0.0,13817,499,1,,,
4679.0,0.0,13819,499,1,,,
4679.5,0.0,13820,498,1,,,
4680.0,0.0,13822,498,1,,,
4680.5,0.0,13823,496,1,,,
4681.0,0.0,13825,496,1,,,
4681.5,0.0,13826,493,1,,,
4682.0,0.0,13828,493,1,,,
4682.5,0.0,13829,493,1,,,
4683.0,0.0,13831,493,1,,,
4683.5,0.0,13832,491,1,,,
4684.0,0.0,13834,491,1,,,
4684.5,0.0,13835,492,1,,,
4685.0,0.0,13837,492,1,,,
4685.5,0.0,13838,493,1,,,
4686.0,0.0,13840,493,1,,,
4686.5,0.0,13841,495,1,,,
4687.0,0.0,13843,495,1,,,
4687.5,0.0,13844,493,1,,,
4688.0,0.0,13846,493,1,,,
4688.5,0.0,13847,493,1,,,
4689.0,0.0,13849,493,1,,,
4689.5,0.0,13850,492,1,,,
4690.0,0.0,13852,492,1,,,
4690.5,0.0,13853,490,1,,,
4691.0,0.0,13854,490,1,,,
4691.5,0.0,13856,489,1,,,
4692.0,0.0,13857,489,1,,,
4692.5,0.0,13859,490,1,,,
4693.0,0.0,13860,490,1,,,
4693.5,0.0,13862,490,1,,,
4694.0,0.0,13863,490,1,,,
4694.5,0.0,13865,490,1,,,
4695.0,0.0,13866,490,1,,,
4695.5,0.0,13868,492,1,,,
4696.0,0.0,13869,492,1,,,
4696.5,0.0,13871,493,1,,,
4697.0,0.0,13872,493,1,,,
4697.5,0.0,13874,492,1,,,
4698.0,0.0,13875,492,1,,,
4698.5,0.0,13877,492,1,,,
4699.0,0.0,13878,492,1,,,
4699.5,0.0,13880,491,1,,,
4700.0,0.0,13881,491,1,,,
4700.5,0.0,13883,490,1,,,
4701.0,0.0,13884,490,1,,,
4701.5,0.0,13886,490,1,,,
4702.0,0.0,13887,490,1,,,
4702.5,0.0,13889,490,1,,,
4703.0,0.0,13890,490,1,,,
4703.5,0.0,13892,491,1,,,
4704.0,0.0,13893,491,1,,,
4704.5,0.0,13895,493,1,,,
4705.0,0.0,13896,493,1,,,
4705.5,0.0,13898,495,1,,,
4706.0,0.0,13899,495,1,,,
4706.5,0.0,13901,495,1,,,
4707.0,0.0,13902,495,1,,,
4707.5,0.0,13904,495,1,,,
4708.0,0.0,13905,495,1,,,
4708.5,0.0,13906,495,1,,,
4709.0,0.0,13908,495,1,,,
4709.5,0.0,13909,493,1,,,
4710.0,0.0,13911,493,1,,,
4710.5,0.0,13912,493,1,,,
4711.0,0.0,13914,493,1,,,
4711.5,0.0,13915,492,1,,,
4712.0,0.0,13917,492,1,,,
4712.5,0.0,13918,495,1,,,
4713.0,0.0,13920,495,1,,,
4713.5,0.0,13921,495,1,,,
4714.0,0.0,13923,495,1,,,
4714.5,0.0,13924,497,1,,,
4715.0,0.0,13926,497,1,,,
4715.5,0.0,13927,498,1,,,
4716.0,0.0,13929,498,1,,,
4716.5,0.0,13930,499,1,,,
4717.0,0.0,13932,499,1,,,
4717.5,0.0,13933,498,1,,,
4718.0,0.0,13935,498,1,,,
4718.5,0.0,13936,498,1,,,
4719.0,0.0,13938,498,1,,,
4719.5,0.0,13939,497,1,,,
4720.0,0.0,13941,497,1,,,
4720.5,0.0,13942,496,1,,,
4721.0,0.0,13944,496,1,,,
4721.5,0.0,13945,497,1,,,
4722.0,0.0,13947,497,1,,,
4722.5,0.0,13948,497,1,,,
4723.0,0.0,13950,497,1,,,
4723.5,0.0,13951,498,1,,,
4724.0,0.0,13953,498,1,,,
4724.5,0.0,13955,501,1,,,
4725.0,0.0,13956,501,1,,,
4725.5,0.0,13958,502,1,,,
4726.0,0.0,13959,502,1,,,
4726.5,0.0,13961,501,1,,,
4727.0,0.0,13962,501,1,,,
4727.5,0.0,13964,501,1,,,
4728.0,0.0,13965,501,1,,,
4728.5,0.0,13967,499,1,,,
4729.0,0.0,13968,499,1,,,
4729.5,0.0,13970,498,1,,,
4730.0,0.0,13971,498,1,,,
4730.5,0.0,13973,498,1,,,
4731.0,0.0,13974,498,1,,,
4731.5,0.0,13976,499,1,,,
4732.0,0.0,13977,499,1,,,
4732.5,0.0,13979,501,1,,,
4733.0,0.0,13980,501,1,,,
4733.5,0.0,13982,503,1,,,
4734.0,0.0,13983,503,1,,,
4734.5,0.0,13985,504,1,,,
4735.0,0.0,13986,504,1,,,
4735.5,0.0,13988,504,1,,,
4736.0,0.0,13989,504,1,,,
4736.5,0.0,13991,504,1,,,
4737.0,0.0,13992,504,1,,,
4737.5,0.0,13994,504,1,,,
4738.0,0.0,13995,504,1,,,
4738.5,0.0,13997,503,1,,,
4739.0,0.0,13998,503,1,,,
4739.5,0.0,14000,502,1,,,
4740.0,0.0,14001,502,1,,,
4740.5,0.0,14003,503,1,,,
4741.0,0.0,14004,503,1,,,
4741.5,0.0,14006,504,1,,,
4742.0,0.0,14008,504,1,,,
4742.5,0.0,14009,505,1,,,
4743.0,0.0,14011,505,1,,,
4743.5,0.0,14012,507,1,,,
4744.0,0.0,14014,507,1,,,
4744.5,0.0,14015,508,1,,,
4745.0,0.0,14017,508,1,,,
4745.5,0.0,14018,508,1,,,
4746.0,0.0,14020,508,1,,,
4746.5,0.0,14021,507,1,,,
4747.0,0.0,14023,507,1,,,
4747.5,0.0,14024,505,1,,,
4748.0,0.0,14026,505,1,,,
4748.5,0.0,14027,505,1,,,
4749.0,0.0,14029,505,1,,,
4749.5,0.0,14031,507,1,,,
4750.0,0.0,14032,507,1,,,
4750.5,0.0,14034,507,1,,,
4751.0,0.0,14035,507,1,,,
4751.5,0.0,14037,509,1,,,
4752.0,0.0,14038,509,1,,,
4752.5,0.0,14040,510,1,,,
4753.0,0.0,14041,510,1,,,
4753.5,0.0,14043,511,1,,,
4754.0,0.0,14044,511,1,,,
4754.5,0.0,14046,510,1,,,
4755.0,0.0,14047,510,1,,,
4755.5,0.0,14049,510,1,,,
4756.0,0.0,14050,510,1,,,
4756.5,0.0,14052,508,1,,,
4757.0,0.0,14053,508,1,,,
4757.5,0.0,14055,508,1,,,
4758.0,0.0,14057,508,1,,,
4758.5,0.0,14058,508,1,,,
4759.0,0.0,14060,508,1,,,
4759.5,0.0,14061,508,1,,,
4760.0,0.0,14063,508,1,,,
4760.5,0.0,14064,509,1,,,
4761.0,0.0,14066,509,1,,,
4761.5,0.0,14067,511,1,,,
4762.0,0.0,14069,511,1,,,
4762.5,0.0,14071,514,1,,,
4763.0,0.0,14072,514,1,,,
4763.5,0.0,14074,512,1,,,
4764.0,0.0,14075,512,1,,,
4764.5,0.0,14077,512,1,,,
4765.0,0.0,14078,512,1,,,
4765.5,0.0,14080,511,1,,,
4766.0,0.0,14081,511,1,,,
4766.5,0.0,14083,510,1,,,
4767.0,0.0,14084,510,1,,,
4767.5,0.0,14086,509,1,,,
4768.0,0.0,14087,509,1,,,
4768.5,0.0,14089,509,1,,,
4769.0,0.0,14090,509,1,,,
4769.5,0.0,14092,510,1,,,
4770.0,0.0,14094,510,1,,,
4770.5,0.0,14095,511,1,,,
4771.0,0.0,14097,511,1,,,
4771.5,0.0,14098,512,1,,,
4772.0,0.0,14100,512,1,,,
4772.5,0.0,14101,511,1,,,
4773.0,0.0,14103,511,1,,,
4773.5,0.0,14104,512,1,,,
4774.0,0.0,14106,512,1,,,
4774.5,0.0,14107,511,1,,,
4775.0,0.0,14109,511,1,,,
4775.5,0.0,14110,509,1,,,
4776.0,0.0,14112,509,1,,,
4776.5,0.0,14114,509,1,,,
4777.0,0.0,14115,509,1,,,
4777.5,0.0,14117,510,1,,,
4778.0,0.0,14118,510,1,,,
4778.5,0.0,14120,510,1,,,
4779.0,0.0,14121,510,1,,,
4779.5,0.0,14123,511,1,,,
4780.0,0.0,14124,511,1,,,
4780.5,0.0,14126,514,1,,,
4781.0,0.0,14128,514,1,,,
4781.5,0.0,14129,514,1,,,
4782.0,0.0,14131,514,1,,,
4782.5,0.0,14132,512,1,,,
4783.0,0.0,14134,512,1,,,
4783.5,0.0,14135,511,1,,,
4784.0,0.0,14137,511,1,,,
4784.5,0.0,14138,510,1,,,
4785.0,0.0,14140,510,1,,,
4785.5,0.0,14141,510,1,,,
4786.0,0.0,14143,510,1,,,
4786.5,0.0,14144,509,1,,,
4787.0,0.0,14146,509,1,,,
4787.5,0.0,14147,509,1,,,
4788.0,0.0,14149,509,1,,,
4788.5,0.0,14151,510,1,,,
4789.0,0.0,14152,510,1,,,
4789.5,0.0,14154,511,1,,,
4790.0,0.0,14155,511,1,,,
4790.5,0.0,14157,510,1,,,
4791.0,0.0,14158,510,1,,,
4791.5,0.0,14160,511,1,,,
4792.0,0.0,14161,511,1,,,
4792.5,0.0,14163,510,1,,,
4793.0,0.0,14164,510,1,,,
4793.5,0.0,14166,508,1,,,
4794.0,0.0,14167,508,1,,,
4794.5,0.0,14169,507,1,,,
4795.0,0.0,14170,507,1,,,
4795.5,0.0,14172,507,1,,,
4796.0,0.0,14173,507,1,,,
4796.5,0.0,14175,505,1,,,
4797.0,0.0,14177,505,1,,,
4797.5,0.0,14178,508,1,,,
4798.0,0.0,14180,508,1,,,
4798.5,0.0,14181,509,1,,,
4799.0,0.0,14183,509,1,,,
4799.5,0.0,14184,509,1,,,
4800.0,0.0,14186,509,1,,,
4800.5,0.0,14187,509,1,,,
4801.0,0.0,14189,509,1,,,
4801.5,0.0,14190,508,1,,,
4802.0,0.0,14192,508,1,,,
4802.5,0.0,14193,505,1,,,
4803.0,0.0,14195,505,1,,,
4803.5,0.0,14196,504,1,,,
4804.0,0.0,14198,504,1,,,
4804.5,0.0,14199,504,1,,,
4805.0,0.0,14201,504,1,,,
4805.5,0.0,14203,503,1,,,
4806.0,0.0,14204,503,1,,,
4806.5,0.0,14206,504,1,,,
4807.0,0.0,14207,504,1,,,
4807.5,0.0,14209,505,1,,,
4808.0,0.0,14210,505,1,,,
4808.5,0.0,14212,505,1,,,
4809.0,0.0,14213,505,1,,,
4809.5,0.0,14215,505,1,,,
4810.0,0.0,14216,505,1,,,
4810.5,0.0,14218,505,1,,,
4811.0,0.0,14219,505,1,,,
4811.5,0.0,14221,503,1,,,
4812.0,0.0,14222,503,1,,,
4812.5,0.0,14224,502,1,,,
4813.0,0.0,14225,502,1,,,
4813.5,0.0,14227,502,1,,,
4814.0,0.0,14228,502,1,,,
4814.5,0.0,14230,501,1,,,
4815.0,0.0,14231,501,1,,,
4815.5,0.0,14233,501,1,,,
4816.0,0.0,14234,501,1,,,
4816.5,0.0,14236,502,1,,,
4817.0,0.0,14237,502,1,,,
4817.5,0.0,14239,502,1,,,
4818.0,0.0,14240,502,1,,,
4818.5,0.0,14242,503,1,,,
4819.0,0.0,14243,503,1,,,
4819.5,0.0,14245,502,1,,,
4820.0,0.0,14246,502,1,,,
4820.5,0.0,14248,501,1,,,
4821.0,0.0,14249,501,1,,,
4821.5,0.0,14251,499,1,,,
4822.0,0.0,14252,499,1,,,
4822.5,0.0,14254,497,1,,,
4823.0,0.0,14255,497,1,,,
4823.5,0.0,14257,496,1,,,
4824.0,0.0,14258,496,1,,,
4824.5,0.0,14260,496,1,,,
4825.0,0.0,14261,496,1,,,
4825.5,0.0,14263,496,1,,,
4826.0,0.0,14264,496,1,,,
4826.5,0.0,14266,497,1,,,
4827.0,0.0,14267,497,1,,,
4827.5,0.0,14269,499,1,,,
4828.0,0.0,14270,499,1,,,
4828.5,0.0,14272,498,1,,,
4829.0,0.0,14273,498,1,,,
4829.5,0.0,14275,497,1,,,
4830.0,0.0,14276,497,1,,,
4830.5,0.0,14278,497,1,,,
4831.0,0.0,14279,497,1,,,
4831.5,0.0,14281,495,1,,,
4832.0,0.0,14282,495,1,,,
4832.5,0.0,14284,493,1,,,
4833.0,0.0,14285,493,1,,,
4833.5,0.0,14287,492,1,,,
4834.0,0.0,14288,492,1,,,
4834.5,0.0,14290,493,1,,,
4835.0,0.0,14291,493,1,,,
4835.5,0.0,14293,493,1,,,
4836.0,0.0,14294,493,1,,,
4836.5,0.0,14296,496,1,,,
4837.0,0.0,14297,496,1,,,
4837.5,0.0,14299,495,1,,,
4838.0,0.0,14300,495,1,,,
4838.5,0.0,14302,496,1,,,
4839.0,0.0,14303,496,1,,,
4839.5,0.0,14305,495,1,,,
4840.0,0.0,14306,495,1,,,
4840.5,0.0,14308,493,1,,,
4841.0,0.0,14309,493,1,,,
4841.5,0.0,14310,491,1,,,
4842.0,0.0,14312,491,1,,,
4842.5,0.0,14314,492,1,,,
4843.0,0.0,14315,492,1,,,
4843.5,0.0,14317,492,1,,,
4844.0,0.0,14318,492,1,,,
4844.5,0.0,14320,493,1,,,
4845.0,0.0,14321,493,1,,,
4845.5,0.0,14323,495,1,,,
4846.0,0.0,14324,495,1,,,
4846.5,0.0,14326,497,1,,,
4847.0,0.0,14327,497,1,,,
4847.5,0.0,14329,497,1,,,
4848.0,0.0,14330,497,1,,,
4848.5,0.0,14331,497,1,,,
4849.0,0.0,14333,497,1,,,
4849.5,0.0,14334,496,1,,,
4850.0,0.0,14336,496,1,,,
4850.5,0.0,14337,496,1,,,
4851.0,0.0,14339,496,1,,,
4851.5,0.0,14340,495,1,,,
4852.0,0.0,14342,495,1,,,
4852.5,0.0,14343,496,1,,,
4853.0,0.0,14345,496,1,,,
4853.5,0.0,14346,496,1,,,
4854.0,0.0,14348,496,1,,,
4854.5,0.0,14350,498,1,,,
4855.0,0.0,14351,498,1,,,
4855.5,0.0,14353,501,1,,,
4856.0,0.0,14354,501,1,,,
4856.5,0.0,14356,502,1,,,
4857.0,0.0,14357,502,1,,,
4857.5,0.0,14359,501,1,,,
4858.0,0.0,14360,501,1,,,
4858.5,0.0,14362,501,1,,,
4859.0,0.0,14363,501,1,,,
4859.5,0.0,14365,501,1,,,
4860.0,0.0,14366,501,1,,,
4860.5,0.0,14368,498,1,,,
4861.0,0.0,14369,498,1,,,
4861.5,0.0,14371,498,1,,,
4862.0,0.0,14372,498,1,,,
4862.5,0.0,14374,499,1,,,
4863.0,0.0,14375,499,1,,,
4863.5,0.0,14377,501,1,,,
4864.0,0.0,14378,501,1,,,
4864.5,0.0,14380,501,1,,,
4865.0,0.0,14381,501,1,,,
4865.5,0.0,14383,503,1,,,
4866.0,0.0,14384,503,1,,,
4866.5,0.0,14386,503,1,,,
4867.0,0.0,14387,503,1,,,
4867.5,0.0,14389,503,1,,,
4868.0,0.0,14390,503,1,,,
4868.5,0.0,14392,502,1,,,
4869.0,0.0,14393,502,1,,,
4869.5,0.0,14395,502,1,,,
4870.0,0.0,14396,502,1,,,
4870.5,0.0,14398,501,1,,,
4871.0,0.0,14399,501,1,,,
4871.5,0.0,14401,501,1,,,
4872.0,0.0,14402,501,1,,,
4872.5,0.0,14404,502,1,,,
4873.0,0.0,14406,502,1,,,
4873.5,0.0,14407,504,1,,,
4874.0,0.0,14409,504,1,,,
4874.5,0.0,14410,504,1,,,
4875.0,0.0,14412,504,1,,,
4875.5,0.0,14413,505,1,,,
4876.0,0.0,14415,505,1,,,
4876.5,0.0,14416,505,1,,,
4877.0,0.0,14418,505,1,,,
4877.5,0.0,14419,504,1,,,
4878.0,0.0,14421,504,1,,,
4878.5,0.0,14422,503,1,,,
4879.0,0.0,14424,503,1,,,
4879.5,0.0,14425,504,1,,,
4880.0,0.0,14427,504,1,,,
4880.5,0.0,14428,503,1,,,
4881.0,0.0,14430,503,1,,,
4881.5,0.0,14431,504,1,,,
4882.0,0.0,14433,504,1,,,
4882.5,0.0,14434,505,1,,,
4883.0,0.0,14436,505,1,,,
4883.5,0.0,14437,508,1,,,
4884.0,0.0,14439,508,1,,,
4884.5,0.0,14441,508,1,,,
4885.0,0.0,14442,508,1,,,
4885.5,0.0,14444,509,1,,,
4886.0,0.0,14445,509,1,,,
4886.5,0.0,14447,509,1,,,
4887.0,0.0,14448,509,1,,,
4887.5,0.0,14450,508,1,,,
4888.0,0.0,14451,508,1,,,
4888.5,0.0,14453,505,1,,,
4889.0,0.0,14454,505,1,,,
4889.5,0.0,14456,507,1,,,
4890.0,0.0,14457,507,1,,,
4890.5,0.0,14459,507,1,,,
4891.0,0.0,14460,507,1,,,
4891.5,0.0,14462,507,1,,,
4892.0,0.0,14464,507,1,,,
4892.5,0.0,14465,509,1,,,
4893.0,0.0,14467,509,1,,,
4893.5,0.0,14468,510,1,,,
4894.0,0.0,14470,510,1,,,
4894.5,0.0,14471,510,1,,,
4895.0,0.0,14473,510,1,,,
4895.5,0.0,14474,510,1,,,
4896.0,0.0,14476,510,1,,,
4896.5,0.0,14477,509,1,,,
4897.0,0.0,14479,509,1,,,
4897.5,0.0,14480,507,1,,,
4898.0,0.0,14482,507,1,,,
4898.5,0.0,14483,507,1,,,
4899.0,0.0,14485,507,1,,,
4899.5,0.0,14486,505,1,,,
4900.0,0.0,14488,505,1,,,
4900.5,0.0,14490,505,1,,,
4901.0,0.0,14491,505,1,,,
4901.5,0.0,14493,508,1,,,
4902.0,0.0,14494,508,1,,,
4902.5,0.0,14496,509,1,,,
4903.0,0.0,14497,509,1,,,
4903.5,0.0,14499,509,1,,,
4904.0,0.0,14500,509,1,,,
4904.5,0.0,14502,509,1,,,
4905.0,0.0,14503,509,1,,,
4905.5,0.0,14505,508,1,,,
4906.0,0.0,14506,508,1,,,
4906.5,0.0,14508,505,1,,,
4907.0,0.0,14509,505,1,,,
4907.5,0.0,14511,504,1,,,
4908.0,0.0,14512,504,1,,,
4908.5,0.0,14514,504,1,,,
4909.0,0.0,14515,504,1,,,
4909.5,0.0,14517,504,1,,,
4910.0,0.0,14518,504,1,,,
4910.5,0.0,14520,505,1,,,
4911.0,0.0,14522,505,1,,,
4911.5,0.0,14523,507,1,,,
4912.0,0.0,14525,507,1,,,
4912.5,0.0,14526,509,1,,,
4913.0,0.0,14528,509,1,,,
4913.5,0.0,14529,507,1,,,
4914.0,0.0,14531,507,1,,,
4914.5,0.0,14532,505,1,,,
4915.0,0.0,14534,505,1,,,
4915.5,0.0,14535,503,1,,,
4916.0,0.0,14537,503,1,,,
4916.5,0.0,14538,502,1,,,
4917.0,0.0,14540,502,1,,,
4917.5,0.0,14541,499,1,,,
4918.0,0.0,14543,499,1,,,
4918.5,0.0,14544,501,1,,,
4919.0,0.0,14546,501,1,,,
4919.5,0.0,14547,501,1,,,
4920.0,0.0,14549,501,1,,,
4920.5,0.0,14550,503,1,,,
4921.0,0.0,14552,503,1,,,
4921.5,0.0,14553,503,1,,,
4922.0,0.0,14555,503,1,,,
4922.5,0.0,14556,503,1,,,
4923.0,0.0,14558,503,1,,,
4923.5,0.0,14559,502,1,,,
4924.0,0.0,14561,502,1,,,
4924.5,0.0,14562,502,1,,,
4925.0,0.0,14564,502,1,,,
4925.5,0.0,14565,498,1,,,
4926.0,0.0,14567,498,1,,,
4926.5,0.0,14568,499,1,,,
4927.0,0.0,14570,499,1,,,
4927.5,0.0,14571,498,1,,,
4928.0,0.0,14573,498,1,,,
4928.5,0.0,14575,499,1,,,
4929.0,0.0,14576,499,1,,,
4929.5,0.0,14578,499,1,,,
4930.0,0.0,14579,499,1,,,
4930.5,0.0,14581,502,1,,,
4931.0,0.0,14582,502,1,,,
4931.5,0.0,14584,502,1,,,
4932.0,0.0,14585,502,1,,,
4932.5,0.0,14587,502,1,,,
4933.0,0.0,14588,502,1,,,
4933.5,0.0,14590,501,1,,,
4934.0,0.0,14591,501,1,,,
4934.5,0.0,14593,499,1,,,
4935.0,0.0,14594,499,1,,,
4935.5,0.0,14596,498,1,,,
4936.0,0.0,14597,498,1,,,
4936.5,0.0,14599,497,1,,,
4937.0,0.0,14600,497,1,,,
4937.5,0.0,14602,498,1,,,
4938.0,0.0,14603,498,1,,,
4938.5,0.0,14605,499,1,,,
4939.0,0.0,14606,499,1,,,
4939.5,0.0,14608,501,1,,,
4940.0,0.0,14609,501,1,,,
4940.5,0.0,14611,502,1,,,
4941.0,0.0,14612,502,1,,,
4941.5,0.0,14614,502,1,,,
4942.0,0.0,14615,502,1,,,
4942.5,0.0,14617,502,1,,,
4943.0,0.0,14618,502,1,,,
4943.5,0.0,14620,499,1,,,
4944.0,0.0,14621,499,1,,,
4944.5,0.0,14623,498,1,,,
4945.0,0.0,14624,498,1,,,
4945.5,0.0,14626,498,1,,,
4946.0,0.0,14627,498,1,,,
4946.5,0.0,14629,498,1,,,
4947.0,0.0,14630,498,1,,,
4947.5,0.0,14632,497,1,,,
4948.0,0.0,14633,497,1,,,
4948.5,0.0,14635,499,1,,,
4949.0,0.0,14636,499,1,,,
4949.5,0.0,14638,502,1,,,
4950.0,0.0,14639,502,1,,,
4950.5,0.0,14641,502,1,,,
4951.0,0.0,14642,502,1,,,
4951.5,0.0,14644,501,1,,,
4952.0,0.0,14645,501,1,,,
4952.5,0.0,14647,501,1,,,
4953.0,0.0,14648,501,1,,,
4953.5,0.0,14650,499,1,,,
4954.0,0.0,14651,499,1,,,
4954.5,0.0,14653,497,1,,,
4955.0,0.0,14654,497,1,,,
4955.5,0.0,14656,496,1,,,
4956.0,0.0,14657,496,1,,,
4956.5,0.0,14659,497,1,,,
4957.0,0.0,14660,497,1,,,
4957.5,0.0,14662,498,1,,,
4958.0,0.0,14663,498,1,,,
4958.5,0.0,14665,499,1,,,
4959.0,0.0,14666,499,1,,,
4959.5,0.0,14668,501,1,,,
4960.0,0.0,14669,501,1,,,
4960.5,0.0,14671,501,1,,,
4961.0,0.0,14672,501,1,,,
4961.5,0.0,14674,499,1,,,
4962.0,0.0,14675,499,1,,,
4962.5,0.0,14677,498,1,,,
4963.0,0.0,14678,498,1,,,
4963.5,0.0,14680,497,1,,,
4964.0,0.0,14681,497,1,,,
4964.5,0.0,14683,496,1,,,
4965.0,0.0,14684,496,1,,,
4965.5,0.0,14686,497,1,,,
4966.0,0.0,14687,497,1,,,
4966.5,0.0,14689,498,1,,,
4967.0,0.0,14690,498,1,,,
4967.5,0.0,14692,499,1,,,
4968.0,0.0,14693,499,1,,,
4968.5,0.0,14695,501,1,,,
4969.0,0.0,14696,501,1,,,
4969.5,0.0,14698,502,1,,,
4970.0,0.0,14699,502,1,,,
4970.5,0.0,14701,501,1,,,
4971.0,0.0,14702,501,1,,,
4971.5,0.0,14704,501,1,,,
4972.0,0.0,14705,501,1,,,
4972.5,0.0,14707,498,1,,,
4973.0,0.0,14708,498,1,,,
4973.5,0.0,14710,498,1,,,
4974.0,0.0,14711,498,1,,,
4974.5,0.0,14713,497,1,,,
4975.0,0.0,14714,497,1,,,
4975.5,0.0,14716,498,1,,,
4976.0,0.0,14717,498,1,,,
4976.5,0.0,14719,498,1,,,
4977.0,0.0,14721,498,1,,,
4977.5,0.0,14722,502,1,,,
4978.0,0.0,14724,502,1,,,
4978.5,0.0,14725,502,1,,,
4979.0,0.0,14727,502,1,,,
4979.5,0.0,14728,502,1,,,
4980.0,0.0,14730,502,1,,,
4980.5,0.0,14731,502,1,,,
4981.0,0.0,14733,502,1,,,
4981.5,0.0,14734,501,1,,,
4982.0,0.0,14736,501,1,,,
4982.5,0.0,14737,498,1,,,
4983.0,0.0,14739,498,1,,,
4983.5,0.0,14740,498,1,,,
4984.0,0.0,14742,498,1,,,
4984.5,0.0,14743,499,1,,,
4985.0,0.0,14745,499,1,,,
4985.5,0.0,14746,499,1,,,
4986.0,0.0,14748,499,1,,,
4986.5,0.0,14749,501,1,,,
4987.0,0.0,14751,501,1,,,
4987.5,0.0,14752,503,1,,,
4988.0,0.0,14754,503,1,,,
4988.5,0.0,14755,503,1,,,
4989.0,0.0,14757,503,1,,,
4989.5,0.0,14758,503,1,,,
4990.0,0.0,14760,503,1,,,
4990.5,0.0,14761,502,1,,,
4991.0,0.0,14763,502,1,,,
4991.5,0.0,14764,501,1,,,
4992.0,0.0,14766,501,1,,,
4992.5,0.0,14767,499,1,,,
4993.0,0.0,14769,499,1,,,
4993.5,0.0,14770,499,1,,,
4994.0,0.0,14772,499,1,,,
4994.5,0.0,14773,499,1,,,
4995.0,0.0,14775,499,1,,,
4995.5,0.0,14776,501,1,,,
4996.0,0.0,14778,501,1,,,
4996.5,0.0,14779,503,1,,,
4997.0,0.0,14781,503,1,,,
4997.5,0.0,14782,504,1,,,
4998.0,0.0,14784,504,1,,,
4998.5,0.0,14785,503,1,,,
4999.0,0.0,14787,503,1,,,
4999.5,0.0,14789,503,1,,,
5000.0,0.0,14790,503,1,,,
5000.5,0.0,14792,502,1,,,
5001.0,0.0,14793,502,1,,,
5001.5,0.0,14795,501,1,,,
5002.0,0.0,14796,501,1,,,
5002.5,0.0,14798,499,1,,,
5003.0,0.0,14799,499,1,,,
5003.5,0.0,14801,501,1,,,
5004.0,0.0,14802,501,1,,,
5004.5,0.0,14804,502,1,,,
5005.0,0.0,14805,502,1,,,
5005.5,0.0,14807,503,1,,,
5006.0,0.0,14808,503,1,,,
5006.5,0.0,14810,504,1,,,
5007.0,0.0,14811,504,1,,,
5007.5,0.0,14813,504,1,,,
5008.0,0.0,14814,504,1,,,
5008.5,0.0,14816,504,1,,,
5009.0,0.0,14817,504,1,,,
5009.5,0.0,14819,502,1,,,
5010.0,0.0,14820,502,1,,,
5010.5,0.0,14822,501,1,,,
5011.0,0.0,14823,501,1,,,
5011.5,0.0,14825,499,1,,,
5012.0,0.0,14826,499,1,,,
5012.5,0.0,14828,499,1,,,
5013.0,0.0,14829,499,1,,,
5013.5,0.0,14831,499,1,,,
5014.0,0.0,14832,499,1,,,
5014.5,0.0,14834,502,1,,,
5015.0,0.0,14835,502,1,,,
5015.5,0.0,14837,503,1,,,
5016.0,0.0,14839,503,1,,,
5016.5,0.0,14840,504,1,,,
5017.0,0.0,14842,504,1,,,
5017.5,0.0,14843,504,1,,,
5018.0,0.0,14845,504,1,,,
5018.5,0.0,14846,503,1,,,
5019.0,0.0,14848,503,1,,,
5019.5,0.0,14849,501,1,,,
5020.0,0.0,14851,501,1,,,
5020.5,0.0,14852,501,1,,,
5021.0,0.0,14854,501,1,,,
5021.5,0.0,14855,499,1,,,
5022.0,0.0,14857,499,1,,,
5022.5,0.0,14858,498,1,,,
5023.0,0.0,14860,498,1,,,
5023.5,0.0,14861,499,1,,,
5024.0,0.0,14863,499,1,,,
5024.5,0.0,14864,501,1,,,
5025.0,0.0,14866,501,1,,,
5025.5,0.0,14867,502,1,,,
5026.0,0.0,14869,502,1,,,
5026.5,0.0,14870,502,1,,,
5027.0,0.0,14872,502,1,,,
5027.5,0.0,14873,502,1,,,
5028.0,0.0,14875,502,1,,,
5028.5,0.0,14876,501,1,,,
5029.0,0.0,14878,501,1,,,
5029.5,0.0,14879,499,1,,,
5030.0,0.0,14881,499,1,,,
5030.5,0.0,14882,498,1,,,
5031.0,0.0,14884,498,1,,,
5031.5,0.0,14885,497,1,,,
5032.0,0.0,14887,497,1,,,
5032.5,0.0,14888,498,1,,,
5033.0,0.0,14890,498,1,,,
5033.5,0.0,14891,499,1,,,
5034.0,0.0,14893,499,1,,,
5034.5,0.0,14894,501,1,,,
5035.0,0.0,14896,501,1,,,
5035.5,0.0,14897,501,1,,,
5036.0,0.0,14899,501,1,,,
5036.5,0.0,14900,501,1,,,
5037.0,0.0,14902,501,1,,,
5037.5,0.0,14903,501,1,,,
5038.0,0.0,14905,501,1,,,
5038.5,0.0,14906,498,1,,,
5039.0,0.0,14908,498,1,,,
5039.5,0.0,14909,498,1,,,
5040.0,0.0,14911,498,1,,,
5040.5,0.0,14912,497,1,,,
5041.0,0.0,14914,497,1,,,
5041.5,0.0,14915,497,1,,,
5042.0,0.0,14917,497,1,,,
5042.5,0.0,14918,497,1,,,
5043.0,0.0,14920,497,1,,,
5043.5,0.0,14921,499,1,,,
5044.0,0.0,14923,499,1,,,
5044.5,0.0,14924,498,1,,,
5045.0,0.0,14926,498,1,,,
5045.5,0.0,14927,498,1,,,
5046.0,0.0,14929,498,1,,,
5046.5,0.0,14930,498,1,,,
5047.0,0.0,14932,498,1,,,
5047.5,0.0,14933,497,1,,,
5048.0,0.0,14935,497,1,,,
5048.5,0.0,14936,495,1,,,
5049.0,0.0,14938,495,1,,,
5049.5,0.0,14939,495,1,,,
5050.0,0.0,14941,495,1,,,
5050.5,0.0,14942,495,1,,,
5051.0,0.0,14944,495,1,,,
5051.5,0.0,14945,495,1,,,
5052.0,0.0,14947,495,1,,,
5052.5,0.0,14948,495,1,,,
5053.0,0.0,14950,495,1,,,
5053.5,0.0,14951,497,1,,,
5054.0,0.0,14953,497,1,,,
5054.5,0.0,14954,497,1,,,
5055.0,0.0,14956,497,1,,,
5055.5,0.0,14957,497,1,,,
5056.0,0.0,14959,497,1,,,
5056.5,0.0,14960,496,1,,,
5057.0,0.0,14962,496,1,,,
5057.5,0.0,14963,495,1,,,
5058.0,0.0,14965,495,1,,,
5058.5,0.0,14966,493,1,,,
5059.0,0.0,14968,493,1,,,
5059.5,0.0,14969,493,1,,,
5060.0,0.0,14971,493,1,,,
5060.5,0.0,14972,493,1,,,
5061.0,0.0,14974,493,1,,,
5061.5,0.0,14975,495,1,,,
5062.0,0.0,14977,495,1,,,
5062.5,0.0,14978,497,1,,,
5063.0,0.0,14980,497,1,,,
5063.5,0.0,14981,498,1,,,
5064.0,0.0,14983,498,1,,,
5064.5,0.0,14984,498,1,,,
5065.0,0.0,14986,498,1,,,
5065.5,0.0,14987,498,1,,,
5066.0,0.0,14989,498,1,,,
5066.5,0.0,14990,498,1,,,
5067.0,0.0,14992,498,1,,,
5067.5,0.0,14993,496,1,,,
5068.0,0.0,14995,496,1,,,
5068.5,0.0,14996,496,1,,,
5069.0,0.0,14998,496,1,,,
5069.5,0.0,14999,496,1,,,
5070.0,0.0,15001,496,1,,,
5070.5,0.0,15002,497,1,,,
5071.0,0.0,15004,497,1,,,
5071.5,0.0,15005,498,1,,,
5072.0,0.0,15007,498,1,,,
5072.5,0.0,15008,502,1,,,
5073.0,0.0,15010,502,1,,,
5073.5,0.0,15011,502,1,,,
5074.0,0.0,15013,502,1,,,
5074.5,0.0,15014,503,1,,,
5075.0,0.0,15016,503,1,,,
5075.5,0.0,15017,502,1,,,
5076.0,0.0,15019,502,1,,,
5076.5,0.0,15020,501,1,,,
5077.0,0.0,15022,501,1,,,
5077.5,0.0,15023,499,1,,,
5078.0,0.0,15025,499,1,,,
5078.5,0.0,15026,499,1,,,
5079.0,0.0,15028,499,1,,,
5079.5,0.0,15029,501,1,,,
5080.0,0.0,15031,501,1,,,
5080.5,0.0,15032,502,1,,,
5081.0,0.0,15034,502,1,,,
5081.5,0.0,15035,504,1,,,
5082.0,0.0,15037,504,1,,,
5082.5,0.0,15039,505,1,,,
5083.0,0.0,15040,505,1,,,
5083.5,0.0,15042,505,1,,,
5084.0,0.0,15043,505,1,,,
5084.5,0.0,15045,504,1,,,
5085.0,0.0,15046,504,1,,,
5085.5,0.0,15048,504,1,,,
5086.0,0.0,15049,504,1,,,
5086.5,0.0,15051,502,1,,,
5087.0,0.0,15052,502,1,,,
5087.5,0.0,15054,503,1,,,
5088.0,0.0,15055,503,1,,,
5088.5,0.0,15057,503,1,,,
5089.0,0.0,15058,503,1,,,
5089.5,0.0,15060,503,1,,,
5090.0,0.0,15061,503,1,,,
5090.5,0.0,15063,504,1,,,
5091.0,0.0,15064,504,1,,,
5091.5,0.0,15066,508,1,,,
5092.0,0.0,15067,508,1,,,
5092.5,0.0,15069,505,1,,,
5093.0,0.0,15070,505,1,,,
5093.5,0.0,15072,505,1,,,
5094.0,0.0,15073,505,1,,,
5094.5,0.0,15075,507,1,,,
5095.0,0.0,15076,507,1,,,
5095.5,0.0,15078,504,1,,,
5096.0,0.0,15079,504,1,,,
5096.5,0.0,15081,503,1,,,
5097.0,0.0,15083,503,1,,,
5097.5,0.0,15084,503,1,,,
5098.0,0.0,15086,503,1,,,
5098.5,0.0,15087,504,1,,,
5099.0,0.0,15089,504,1,,,
5099.5,0.0,15090,504,1,,,
5100.0,0.0,15092,504,1,,,
5100.5,0.0,15093,507,1,,,
5101.0,0.0,15095,507,1,,,
5101.5,0.0,15096,508,1,,,
5102.0,0.0,15098,508,1,,,
5102.5,0.0,15099,508,1,,,
5103.0,0.0,15101,508,1,,,
5103.5,0.0,15102,507,1,,,
5104.0,0.0,15104,507,1,,,
5104.5,0.0,15105,505,1,,,
5105.0,0.0,15107,505,1,,,
5105.5,0.0,15108,504,1,,,
5106.0,0.0,15110,504,1,,,
5106.5,0.0,15112,503,1,,,
5107.0,0.0,15113,503,1,,,
5107.5,0.0,15115,504,1,,,
5108.0,0.0,15116,504,1,,,
5108.5,0.0,15118,505,1,,,
5109.0,0.0,15119,505,1,,,
5109.5,0.0,15121,507,1,,,
5110.0,0.0,15122,507,1,,,
5110.5,0.0,15124,509,1,,,
5111.0,0.0,15125,509,1,,,
5111.5,0.0,15127,508,1,,,
5112.0,0.0,15128,508,1,,,
5112.5,0.0,15130,508,1,,,
5113.0,0.0,15131,508,1,,,
5113.5,0.0,15133,507,1,,,
5114.0,0.0,15134,507,1,,,
5114.5,0.0,15136,505,1,,,
5115.0,0.0,15137,505,1,,,
5115.5,0.0,15139,505,1,,,
5116.0,0.0,15141,505,1,,,
5116.5,0.0,15142,507,1,,,
5117.0,0.0,15144,507,1,,,
5117.5,0.0,15145,507,1,,,
5118.0,0.0,15147,507,1,,,
5118.5,0.0,15148,509,1,,,
5119.0,0.0,15150,509,1,,,
5119.5,0.0,15151,511,1,,,
5120.0,0.0,15153,511,1,,,
5120.5,0.0,15154,510,1,,,
5121.0,0.0,15156,510,1,,,
5121.5,0.0,15157,510,1,,,
5122.0,0.0,15159,510,1,,,
5122.5,0.0,15161,510,1,,,
5123.0,0.0,15162,510,1,,,
5123.5,0.0,15164,508,1,,,
5124.0,0.0,15165,508,1,,,
5124.5,0.0,15167,507,1,,,
5125.0,0.0,15168,507,1,,,
5125.5,0.0,15170,508,1,,,
5126.0,0.0,15171,508,1,,,
5126.5,0.0,15173,508,1,,,
5127.0,0.0,15174,508,1,,,
5127.5,0.0,15176,509,1,,,
5128.0,0.0,15177,509,1,,,
5128.5,0.0,15179,511,1,,,
5129.0,0.0,15181,511,1,,,
5129.5,0.0,15182,511,1,,,
5130.0,0.0,15184,511,1,,,
5130.5,0.0,15185,510,1,,,
5131.0,0.0,15187,510,1,,,
5131.5,0.0,15188,510,1,,,
5132.0,0.0,15190,510,1,,,
5132.5,0.0,15191,508,1,,,
5133.0,0.0,15193,508,1,,,
5133.5,0.0,15194,507,1,,,
5134.0,0.0,15196,507,1,,,
5134.5,0.0,15197,507,1,,,
5135.0,0.0,15199,507,1,,,
5135.5,0.0,15200,507,1,,,
5136.0,0.0,15202,507,1,,,
5136.5,0.0,15204,508,1,,,
5137.0,0.0,15205,508,1,,,
5137.5,0.0,15207,509,1,,,
5138.0,0.0,15208,509,1,,,
5138.5,0.0,15210,510,1,,,
5139.0,0.0,15211,510,1,,,
5139.5,0.0,15213,510,1,,,
5140.0,0.0,15214,510,1,,,
5140.5,0.0,15216,509,1,,,
5141.0,0.0,15217,509,1,,,
5141.5,0.0,15219,507,1,,,
5142.0,0.0,15220,507,1,,,
5142.5,0.0,15222,505,1,,,
5143.0,0.0,15223,505,1,,,
5143.5,0.0,15225,504,1,,,
5144.0,0.0,15226,504,1,,,
5144.5,0.0,15228,503,1,,,
5145.0,0.0,15229,503,1,,,
5145.5,0.0,15231,504,1,,,
5146.0,0.0,15232,504,1,,,
5146.5,0.0,15234,505,1,,,
5147.0,0.0,15235,505,1,,,
5147.5,0.0,15237,507,1,,,
5148.0,0.0,15239,507,1,,,
5148.5,0.0,15240,505,1,,,
5149.0,0.0,15242,505,1,,,
5149.5,0.0,15243,505,1,,,
5150.0,0.0,15245,505,1,,,
5150.5,0.0,15246,504,1,,,
5151.0,0.0,15248,504,1,,,
5151.5,0.0,15249,502,1,,,
5152.0,0.0,15251,502,1,,,
5152.5,0.0,15252,501,1,,,
5153.0,0.0,15254,501,1,,,
5153.5,0.0,15255,501,1,,,
5154.0,0.0,15257,501,1,,,
5154.5,0.0,15258,501,1,,,
5155.0,0.0,15260,501,1,,,
5155.5,0.0,15261,501,1,,,
5156.0,0.0,15263,501,1,,,
5156.5,0.0,15264,502,1,,,
5157.0,0.0,15266,502,1,,,
5157.5,0.0,15267,502,1,,,
5158.0,0.0,15269,502,1,,,
5158.5,0.0,15270,501,1,,,
5159.0,0.0,15272,501,1,,,
5159.5,0.0,15273,499,1,,,
5160.0,0.0,15275,499,1,,,
5160.5,0.0,15276,498,1,,,
5161.0,0.0,15278,498,1,,,
5161.5,0.0,15279,496,1,,,
5162.0,0.0,15281,496,1,,,
5162.5,0.0,15282,495,1,,,
5163.0,0.0,15284,495,1,,,
5163.5,0.0,15285,495,1,,,
5164.0,0.0,15287,495,1,,,
5164.5,0.0,15288,495,1,,,
5165.0,0.0,15290,495,1,,,
5165.5,0.0,15291,496,1,,,
5166.0,0.0,15293,496,1,,,
5166.5,0.0,15294,497,1,,,
5167.0,0.0,15296,497,1,,,
5167.5,0.0,15297,497,1,,,
5168.0,0.0,15299,497,1,,,
5168.5,0.0,15300,497,1,,,
5169.0,0.0,15302,497,1,,,
5169.5,0.0,15303,496,1,,,
5170.0,0.0,15305,496,1,,,
5170.5,0.0,15306,493,1,,,
5171.0,0.0,15308,493,1,,,
5171.5,0.0,15309,493,1,,,
5172.0,0.0,15310,493,1,,,
5172.5,0.0,15312,493,1,,,
5173.0,0.0,15314,493,1,,,
5173.5,0.0,15315,493,1,,,
5174.0,0.0,15317,493,1,,,
5174.5,0.0,15318,495,1,,,
5175.0,0.0,15320,495,1,,,
5175.5,0.0,15321,497,1,,,
5176.0,0.0,15323,497,1,,,
5176.5,0.0,15324,497,1,,,
5177.0,0.0,15326,497,1,,,
5177.5,0.0,15327,497,1,,,
5178.0,0.0,15328,497,1,,,
5178.5,0.0,15330,496,1,,,
5179.0,0.0,15331,496,1,,,
5179.5,0.0,15333,496,1,,,
5180.0,0.0,15334,496,1,,,
5180.5,0.0,15336,493,1,,,
5181.0,0.0,15337,493,1,,,
5181.5,0.0,15339,493,1,,,
5182.0,0.0,15340,493,1,,,
5182.5,0.0,15342,493,1,,,
5183.0,0.0,15343,493,1,,,
5183.5,0.0,15345,495,1,,,
5184.0,0.0,15346,495,1,,,
5184.5,0.0,15348,496,1,,,
5185.0,0.0,15349,496,1,,,
5185.5,0.0,15351,498,1,,,
5186.0,0.0,15352,498,1,,,
5186.5,0.0,15354,497,1,,,
5187.0,0.0,15355,497,1,,,
5187.5,0.0,15357,497,1,,,
5188.0,0.0,15358,497,1,,,
5188.5,0.0,15360,497,1,,,
5189.0,0.0,15361,497,1,,,
5189.5,0.0,15363,495,1,,,
5190.0,0.0,15364,495,1,,,
5190.5,0.0,15366,493,1,,,
5191.0,0.0,15367,493,1,,,
5191.5,0.0,15369,495,1,,,
5192.0,0.0,15370,495,1,,,
5192.5,0.0,15372,495,1,,,
5193.0,0.0,15373,495,1,,,
5193.5,0.0,15375,496,1,,,
5194.0,0.0,15376,496,1,,,
5194.5,0.0,15378,497,1,,,
5195.0,0.0,15379,497,1,,,
5195.5,0.0,15381,498,1,,,
5196.0,0.0,15382,498,1,,,
5196.5,0.0,15384,498,1,,,
5197.0,0.0,15385,498,1,,,
5197.5,0.0,15387,498,1,,,
5198.0,0.0,15388,498,1,,,
5198.5,0.0,15390,496,1,,,
5199.0,0.0,15391,496,1,,,
5199.5,0.0,15393,496,1,,,
5200.0,0.0,15394,496,1,,,
5200.5,0.0,15396,495,1,,,
5201.0,0.0,15397,495,1,,,
5201.5,0.0,15399,495,1,,,
5202.0,0.0,15400,495,1,,,
5202.5,0.0,15402,496,1,,,
5203.0,0.0,15403,496,1,,,
5203.5,0.0,15405,498,1,,,
5204.0,0.0,15406,498,1,,,
5204.5,0.0,15408,499,1,,,
5205.0,0.0,15409,499,1,,,
5205.5,0.0,15411,499,1,,,
5206.0,0.0,15412,499,1,,,
5206.5,0.0,15414,501,1,,,
5207.0,0.0,15415,501,1,,,
5207.5,0.0,15417,499,1,,,
5208.0,0.0,15418,499,1,,,
5208.5,0.0,15420,498,1,,,
5209.0,0.0,15421,498,1,,,
5209.5,0.0,15423,498,1,,,
5210.0,0.0,15424,498,1,,,
5210.5,0.0,15426,501,1,,,
5211.0,0.0,15427,501,1,,,
5211.5,0.0,15429,501,1,,,
5212.0,0.0,15431,501,1,,,
5212.5,0.0,15432,503,1,,,
5213.0,0.0,15434,503,1,,,
5213.5,0.0,15435,504,1,,,
5214.0,0.0,15437,504,1,,,
5214.5,0.0,15438,505,1,,,
5215.0,0.0,15440,505,1,,,
5215.5,0.0,15441,505,1,,,
5216.0,0.0,15443,505,1,,,
5216.5,0.0,15444,505,1,,,
5217.0,0.0,15446,505,1,,,
5217.5,0.0,15447,504,1,,,
5218.0,0.0,15449,504,1,,,
5218.5,0.0,15450,504,1,,,
5219.0,0.0,15452,504,1,,,
5219.5,0.0,15453,504,1,,,
5220.0,0.0,15455,504,1,,,
5220.5,0.0,15456,504,1,,,
5221.0,0.0,15458,504,1,,,
5221.5,0.0,15459,507,1,,,
5222.0,0.0,15461,507,1,,,
5222.5,0.0,15463,508,1,,,
5223.0,0.0,15464,508,1,,,
5223.5,0.0,15466,510,1,,,
5224.0,0.0,15467,510,1,,,
5224.5,0.0,15469,510,1,,,
5225.0,0.0,15470,510,1,,,
5225.5,0.0,15472,509,1,,,
5226.0,0.0,15473,509,1,,,
5226.5,0.0,15475,508,1,,,
5227.0,0.0,15476,508,1,,,
5227.5,0.0,15478,507,1,,,
5228.0,0.0,15479,507,1,,,
5228.5,0.0,15481,505,1,,,
5229.0,0.0,15482,505,1,,,
5229.5,0.0,15484,507,1,,,
5230.0,0.0,15485,507,1,,,
5230.5,0.0,15487,508,1,,,
5231.0,0.0,15489,508,1,,,
5231.5,0.0,15490,509,1,,,
5232.0,0.0,15492,509,1,,,
5232.5,0.0,15493,511,1,,,
5233.0,0.0,15495,511,1,,,
5233.5,0.0,15496,511,1,,,
5234.0,0.0,15498,511,1,,,
5234.5,0.0,15499,510,1,,,
5235.0,0.0,15501,510,1,,,
5235.5,0.0,15502,510,1,,,
5236.0,0.0,15504,510,1,,,
5236.5,0.0,15506,509,1,,,
5237.0,0.0,15507,509,1,,,
5237.5,0.0,15509,508,1,,,
5238.0,0.0,15510,508,1,,,
5238.5,0.0,15512,508,1,,,
5239.0,0.0,15513,508,1,,,
5239.5,0.0,15515,509,1,,,
5240.0,0.0,15516,509,1,,,
5240.5,0.0,15518,510,1,,,
5241.0,0.0,15519,510,1,,,
5241.5,0.0,15521,511,1,,,
5242.0,0.0,15522,511,1,,,
5242.5,0.0,15524,512,1,,,
5243.0,0.0,15526,512,1,,,
5243.5,0.0,15527,512,1,,,
5244.0,0.0,15529,512,1,,,
5244.5,0.0,15530,511,1,,,
5245.0,0.0,15532,511,1,,,
5245.5,0.0,15533,510,1,,,
5246.0,0.0,15535,510,1,,,
5246.5,0.0,15536,509,1,,,
5247.0,0.0,15538,509,1,,,
5247.5,0.0,15539,508,1,,,
5248.0,0.0,15541,508,1,,,
5248.5,0.0,15542,509,1,,,
5249.0,0.0,15544,509,1,,,
5249.5,0.0,15546,511,1,,,
5250.0,0.0,15547,511,1,,,
5250.5,0.0,15549,511,1,,,
5251.0,0.0,15550,511,1,,,
5251.5,0.0,15552,514,1,,,
5252.0,0.0,15553,514,1,,,
5252.5,0.0,15555,514,1,,,
5253.0,0.0,15556,514,1,,,
5253.5,0.0,15558,514,1,,,
5254.0,0.0,15559,514,1,,,
5254.5,0.0,15561,510,1,,,
5255.0,0.0,15562,510,1,,,
5255.5,0.0,15564,510,1,,,
5256.0,0.0,15566,510,1,,,
5256.5,0.0,15567,509,1,,,
5257.0,0.0,15569,509,1,,,
5257.5,0.0,15570,510,1,,,
5258.0,0.0,15572,510,1,,,
5258.5,0.0,15573,510,1,,,
5259.0,0.0,15575,510,1,,,
5259.5,0.0,15576,512,1,,,
5260.0,0.0,15578,512,1,,,
5260.5,0.0,15579,514,1,,,
5261.0,0.0,15581,514,1,,,
5261.5,0.0,15582,512,1,,,
5262.0,0.0,15584,512,1,,,
5262.5,0.0,15586,511,1,,,
5263.0,0.0,15587,511,1,,,
5263.5,0.0,15589,510,1,,,
5264.0,0.0,15590,510,1,,,
5264.5,0.0,15592,508,1,,,
5265.0,0.0,15593,508,1,,,
5265.5,0.0,15595,508,1,,,
5266.0,0.0,15596,508,1,,,
5266.5,0.0,15598,507,1,,,
5267.0,0.0,15599,507,1,,,
5267.5,0.0,15601,508,1,,,
5268.0,0.0,15602,508,1,,,
5268.5,0.0,15604,509,1,,,
5269.0,0.0,15606,509,1,,,
5269.5,0.0,15607,510,1,,,
5270.0,0.0,15609,510,1,,,
5270.5,0.0,15610,509,1,,,
5271.0,0.0,15612,509,1,,,
5271.5,0.0,15613,509,1,,,
5272.0,0.0,15615,509,1,,,
5272.5,0.0,15616,507,1,,,
5273.0,0.0,15618,507,1,,,
5273.5,0.0,15619,504,1,,,
5274.0,0.0,15621,504,1,,,
5274.5,0.0,15622,504,1,,,
5275.0,0.0,15624,504,1,,,
5275.5,0.0,15625,503,1,,,
5276.0,0.0,15627,503,1,,,
5276.5,0.0,15628,504,1,,,
5277.0,0.0,15630,504,1,,,
5277.5,0.0,15631,505,1,,,
5278.0,0.0,15633,505,1,,,
5278.5,0.0,15634,507,1,,,
5279.0,0.0,15636,507,1,,,
5279.5,0.0,15638,507,1,,,
5280.0,0.0,15639,507,1,,,
5280.5,0.0,15641,507,1,,,
5281.0,0.0,15642,507,1,,,
5281.5,0.0,15644,505,1,,,
5282.0,0.0,15645,505,1,,,
5282.5,0.0,15647,503,1,,,
5283.0,0.0,15648,503,1,,,
5283.5,0.0,15650,501,1,,,
5284.0,0.0,15651,501,1,,,
5284.5,0.0,15653,499,1,,,
5285.0,0.0,15654,499,1,,,
5285.5,0.0,15656,501,1,,,
5286.0,0.0,15657,501,1,,,
5286.5,0.0,15659,501,1,,,
5287.0,0.0,15660,501,1,,,
5287.5,0.0,15662,502,1,,,
5288.0,0.0,15663,502,1,,,
5288.5,0.0,15665,503,1,,,
5289.0,0.0,15666,503,1,,,
5289.5,0.0,15668,503,1,,,
5290.0,0.0,15669,503,1,,,
5290.5,0.0,15671,501,1,,,
5291.0,0.0,15672,501,1,,,
5291.5,0.0,15674,499,1,,,
5292.0,0.0,15675,499,1,,,
5292.5,0.0,15677,498,1,,,
5293.0,0.0,15678,498,1,,,
5293.5,0.0,15680,497,1,,,
5294.0,0.0,15681,497,1,,,
5294.5,0.0,15683,497,1,,,
5295.0,0.0,15684,497,1,,,
5295.5,0.0,15686,497,1,,,
5296.0,0.0,15687,497,1,,,
5296.5,0.0,15689,498,1,,,
5297.0,0.0,15690,498,1,,,
5297.5,0.0,15692,499,1,,,
5298.0,0.0,15693,499,1,,,
5298.5,0.0,15695,501,1,,,
5299.0,0.0,15696,501,1,,,
5299.5,0.0,15698,499,1,,,
5300.0,0.0,15699,499,1,,,
5300.5,0.0,15701,499,1,,,
5301.0,0.0,15702,499,1,,,
5301.5,0.0,15704,497,1,,,
5302.0,0.0,15705,497,1,,,
5302.5,0.0,15707,497,1,,,
5303.0,0.0,15708,497,1,,,
5303.5,0.0,15710,496,1,,,
5304.0,0.0,15711,496,1,,,
5304.5,0.0,15713,496,1,,,
5305.0,0.0,15714,496,1,,,
5305.5,0.0,15716,497,1,,,
5306.0,0.0,15717,497,1,,,
5306.5,0.0,15719,499,1,,,
5307.0,0.0,15720,499,1,,,
5307.5,0.0,15722,498,1,,,
5308.0,0.0,15723,498,1,,,
5308.5,0.0,15725,499,1,,,
5309.0,0.0,15726,499,1,,,
5309.5,0.0,15728,498,1,,,
5310.0,0.0,15729,498,1,,,
5310.5,0.0,15731,497,1,,,
5311.0,0.0,15732,497,1,,,
5311.5,0.0,15734,495,1,,,
5312.0,0.0,15735,495,1,,,
5312.5,0.0,15737,496,1,,,
5313.0,0.0,15738,496,1,,,
5313.5,0.0,15740,495,1,,,
5314.0,0.0,15741,495,1,,,
5314.5,0.0,15743,496,1,,,
5315.0,0.0,15744,496,1,,,
5315.5,0.0,15746,497,1,,,
5316.0,0.0,15747,497,1,,,
5316.5,0.0,15749,499,1,,,
5317.0,0.0,15750,499,1,,,
5317.5,0.0,15752,499,1,,,
5318.0,0.0,15753,499,1,,,
5318.5,0.0,15755,499,1,,,
5319.0,0.0,15756,499,1,,,
5319.5,0.0,15758,499,1,,,
5320.0,0.0,15759,499,1,,,
5320.5,0.0,15761,498,1,,,
5321.0,0.0,15762,498,1,,,
5321.5,0.0,15764,497,1,,,
5322.0,0.0,15765,497,1,,,
5322.5,0.0,15767,496,1,,,
5323.0,0.0,15768,496,1,,,
5323.5,0.0,15770,498,1,,,
5324.0,0.0,15771,498,1,,,
5324.5,0.0,15773,499,1,,,
5325.0,0.0,15774,499,1,,,
5325.5,0.0,15776,501,1,,,
5326.0,0.0,15777,501,1,,,
5326.5,0.0,15779,502,1,,,
5327.0,0.0,15780,502,1,,,
5327.5,0.0,15782,503,1,,,
5328.0,0.0,15783,503,1,,,
5328.5,0.0,15785,501,1,,,
5329.0,0.0,15786,501,1,,,
5329.5,0.0,15788,501,1,,,
5330.0,0.0,15789,501,1,,,
5330.5,0.0,15791,499,1,,,
5331.0,0.0,15792,499,1,,,
5331.5,0.0,15794,499,1,,,
5332.0,0.0,15795,499,1,,,
5332.5,0.0,15797,499,1,,,
5333.0,0.0,15798,499,1,,,
5333.5,0.0,15800,501,1,,,
5334.0,0.0,15802,501,1,,,
5334.5,0.0,15803,502,1,,,
5335.0,0.0,15805,502,1,,,
5335.5,0.0,15806,504,1,,,
5336.0,0.0,15808,504,1,,,
5336.5,0.0,15809,504,1,,,
5337.0,0.0,15811,504,1,,,
5337.5,0.0,15812,504,1,,,
5338.0,0.0,15814,504,1,,,
5338.5,0.0,15815,504,1,,,
5339.0,0.0,15817,504,1,,,
5339.5,0.0,15818,502,1,,,
5340.0,0.0,15820,502,1,,,
5340.5,0.0,15821,501,1,,,
5341.0,0.0,15823,501,1,,,
5341.5,0.0,15824,501,1,,,
5342.0,0.0,15826,501,1,,,
5342.5,0.0,15827,501,1,,,
5343.0,0.0,15829,501,1,,,
5343.5,0.0,15830,503,1,,,
5344.0,0.0,15832,503,1,,,
5344.5,0.0,15833,504,1,,,
5345.0,0.0,15835,504,1,,,
5345.5,0.0,15836,505,1,,,
5346.0,0.0,15838,505,1,,,
5346.5,0.0,15839,504,1,,,
5347.0,0.0,15841,504,1,,,
5347.5,0.0,15842,504,1,,,
5348.0,0.0,15844,504,1,,,
5348.5,0.0,15845,502,1,,,
5349.0,0.0,15847,502,1,,,
5349.5,0.0,15848,501,1,,,
5350.0,0.0,15850,501,1,,,
5350.5,0.0,15852,501,1,,,
5351.0,0.0,15853,501,1,,,
5351.5,0.0,15855,502,1,,,
5352.0,0.0,15856,502,1,,,
5352.5,0.0,15858,502,1,,,
5353.0,0.0,15859,502,1,,,
5353.5,0.0,15861,503,1,,,
5354.0,0.0,15862,503,1,,,
5354.5,0.0,15864,505,1,,,
5355.0,0.0,15865,505,1,,,
5355.5,0.0,15867,504,1,,,
5356.0,0.0,15868,504,1,,,
5356.5,0.0,15870,504,1,,,
5357.0,0.0,15871,504,1,,,
5357.5,0.0,15873,504,1,,,
5358.0,0.0,15874,504,1,,,
5358.5,0.0,15876,503,1,,,
5359.0,0.0,15877,503,1,,,
5359.5,0.0,15879,502,1,,,
5360.0,0.0,15880,502,1,,,
5360.5,0.0,15882,503,1,,,
5361.0,0.0,15883,503,1,,,
5361.5,0.0,15885,503,1,,,
5362.0,0.0,15887,503,1,,,
5362.5,0.0,15888,504,1,,,
5363.0,0.0,15890,504,1,,,
5363.5,0.0,15891,505,1,,,
5364.0,0.0,15893,505,1,,,
5364.5,0.0,15894,507,1,,,
5365.0,0.0,15896,507,1,,,
5365.5,0.0,15897,504,1,,,
5366.0,0.0,15899,504,1,,,
5366.5,0.0,15900,504,1,,,
5367.0,0.0,15902,504,1,,,
5367.5,0.0,15903,503,1,,,
5368.0,0.0,15905,503,1,,,
5368.5,0.0,15906,502,1,,,
5369.0,0.0,15908,502,1,,,
5369.5,0.0,15909,501,1,,,
5370.0,0.0,15911,501,1,,,
5370.5,0.0,15912,503,1,,,
5371.0,0.0,15914,503,1,,,
5371.5,0.0,15915,503,1,,,
5372.0,0.0,15917,503,1,,,
5372.5,0.0,15918,504,1,,,
5373.0,0.0,15920,504,1,,,
5373.5,0.0,15921,505,1,,,
5374.0,0.0,15923,505,1,,,
5374.5,0.0,15925,505,1,,,
5375.0,0.0,15926,505,1,,,
5375.5,0.0,15928,504,1,,,
5376.0,0.0,15929,504,1,,,
5376.5,0.0,15931,503,1,,,
5377.0,0.0,15932,503,1,,,
5377.5,0.0,15934,502,1,,,
5378.0,0.0,15935,502,1,,,
5378.5,0.0,15937,501,1,,,
5379.0,0.0,15938,501,1,,,
5379.5,0.0,15940,501,1,,,
5380.0,0.0,15941,501,1,,,
5380.5,0.0,15943,501,1,,,
5381.0,0.0,15944,501,1,,,
5381.5,0.0,15946,503,1,,,
5382.0,0.0,15947,503,1,,,
5382.5,0.0,15949,503,1,,,
5383.0,0.0,15950,503,1,,,
5383.5,0.0,15952,503,1,,,
5384.0,0.0,15953,503,1,,,
5384.5,0.0,15955,503,1,,,
5385.0,0.0,15956,503,1,,,
5385.5,0.0,15958,502,1,,,
5386.0,0.0,15959,502,1,,,
5386.5,0.0,15961,499,1,,,
5387.0,0.0,15962,499,1,,,
5387.5,0.0,15964,498,1,,,
5388.0,0.0,15965,498,1,,,
5388.5,0.0,15967,498,1,,,
5389.0,0.0,15968,498,1,,,
5389.5,0.0,15970,498,1,,,
5390.0,0.0,15971,498,1,,,
5390.5,0.0,15973,499,1,,,
5391.0,0.0,15974,499,1,,,
5391.5,0.0,15976,501,1,,,
5392.0,0.0,15977,501,1,,,
5392.5,0.0,15979,502,1,,,
5393.0,0.0,15980,502,1,,,
5393.5,0.0,15982,501,1,,,
5394.0,0.0,15983,501,1,,,
5394.5,0.0,15985,501,1,,,
5395.0,0.0,15986,501,1,,,
5395.5,0.0,15988,498,1,,,
5396.0,0.0,15989,498,1,,,
5396.5,0.0,15991,496,1,,,
5397.0,0.0,15992,496,1,,,
5397.5,0.0,15994,496,1,,,
5398.0,0.0,15995,496,1,,,
5398.5,0.0,15997,496,1,,,
5399.0,0.0,15998,496,1,,,
5399.5,0.0,16000,495,1,,,
5400.0,0.0,16001,495,1,,,
5400.5,0.0,16003,497,1,,,
5401.0,0.0,16004,497,1,,,
5401.5,0.0,16006,498,1,,,
5402.0,0.0,16007,498,1,,,
5402.5,0.0,16009,497,1,,,
5403.0,0.0,16010,497,1,,,
5403.5,0.0,16012,497,1,,,
5404.0,0.0,16013,497,1,,,
5404.5,0.0,16015,496,1,,,
5405.0,0.0,16016,496,1,,,
5405.5,0.0,16018,493,1,,,
5406.0,0.0,16019,493,1,,,
5406.5,0.0,16021,493,1,,,
5407.0,0.0,16022,493,1,,,
5407.5,0.0,16024,493,1,,,
5408.0,0.0,16025,493,1,,,
5408.5,0.0,16027,493,1,,,
5409.0,0.0,16028,493,1,,,
5409.5,0.0,16030,496,1,,,
5410.0,0.0,16031,496,1,,,
5410.5,0.0,16033,497,1,,,
5411.0,0.0,16034,497,1,,,
5411.5,0.0,16036,498,1,,,
5412.0,0.0,16037,498,1,,,
5412.5,0.0,16039,498,1,,,
5413.0,0.0,16040,498,1,,,
5413.5,0.0,16042,497,1,,,
5414.0,0.0,16043,497,1,,,
5414.5,0.0,16045,496,1,,,
5415.0,0.0,16046,496,1,,,
5415.5,0.0,16048,495,1,,,
5416.0,0.0,16049,495,1,,,
5416.5,0.0,16051,495,1,,,
5417.0,0.0,16052,495,1,,,
5417.5,0.0,16054,495,1,,,
5418.0,0.0,16055,495,1,,,
5418.5,0.0,16057,496,1,,,
5419.0,0.0,16058,496,1,,,
5419.5,0.0,16060,497,1,,,
5420.0,0.0,16061,497,1,,,
5420.5,0.0,16063,498,1,,,
5421.0,0.0,16064,498,1,,,
5421.5,0.0,16066,497,1,,,
5422.0,0.0,16067,497,1,,,
5422.5,0.0,16069,497,1,,,
5423.0,0.0,16070,497,1,,,
5423.5,0.0,16072,497,1,,,
5424.0,0.0,16073,497,1,,,
5424.5,0.0,16075,495,1,,,
5425.0,0.0,16076,495,1,,,
5425.5,0.0,16078,495,1,,,
5426.0,0.0,16079,495,1,,,
5426.5,0.0,16081,495,1,,,
5427.0,0.0,16082,495,1,,,
5427.5,0.0,16084,495,1,,,
5428.0,0.0,16085,495,1,,,
5428.5,0.0,16087,496,1,,,
5429.0,0.0,16088,496,1,,,
5429.5,0.0,16090,498,1,,,
5430.0,0.0,16091,498,1,,,
5430.5,0.0,16093,499,1,,,
5431.0,0.0,16094,499,1,,,
5431.5,0.0,16096,501,1,,,
5432.0,0.0,16097,501,1,,,
5432.5,0.0,16099,501,1,,,
5433.0,0.0,16100,501,1,,,
5433.5,0.0,16102,499,1,,,
5434.0,0.0,16103,499,1,,,
5434.5,0.0,16105,498,1,,,
5435.0,0.0,16106,498,1,,,
5435.5,0.0,16108,498,1,,,
5436.0,0.0,16109,498,1,,,
5436.5,0.0,16111,498,1,,,
5437.0,0.0,16112,498,1,,,
5437.5,0.0,16114,499,1,,,
5438.0,0.0,16115,499,1,,,
5438.5,0.0,16117,502,1,,,
5439.0,0.0,16118,502,1,,,
5439.5,0.0,16120,503,1,,,
5440.0,0.0,16121,503,1,,,
5440.5,0.0,16123,503,1,,,
5441.0,0.0,16124,503,1,,,
5441.5,0.0,16126,503,1,,,
5442.0,0.0,16127,503,1,,,
5442.5,0.0,16129,503,1,,,
5443.0,0.0,16130,503,1,,,
5443.5,0.0,16132,501,1,,,
5444.0,0.0,16133,501,1,,,
5444.5,0.0,16135,502,1,,,
5445.0,0.0,16136,502,1,,,
5445.5,0.0,16138,502,1,,,
5446.0,0.0,16139,502,1,,,
5446.5,0.0,16141,503,1,,,
5447.0,0.0,16143,503,1,,,
5447.5,0.0,16144,504,1,,,
5448.0,0.0,16146,504,1,,,
5448.5,0.0,16147,507,1,,,
5449.0,0.0,16149,507,1,,,
5449.5,0.0,16150,508,1,,,
5450.0,0.0,16152,508,1,,,
5450.5,0.0,16153,508,1,,,
5451.0,0.0,16155,508,1,,,
5451.5,0.0,16156,508,1,,,
5452.0,0.0,16158,508,1,,,
5452.5,0.0,16159,507,1,,,
5453.0,0.0,16161,507,1,,,
5453.5,0.0,16162,505,1,,,
5454.0,0.0,16164,505,1,,,
5454.5,0.0,16165,505,1,,,
5455.0,0.0,16167,505,1,,,
5455.5,0.0,16168,505,1,,,
5456.0,0.0,16170,505,1,,,
5456.5,0.0,16172,507,1,,,
5457.0,0.0,16173,507,1,,,
5457.5,0.0,16175,508,1,,,
5458.0,0.0,16176,508,1,,,
5458.5,0.0,16178,509,1,,,
5459.0,0.0,16179,509,1,,,
5459.5,0.0,16181,508,1,,,
5460.0,0.0,16182,508,1,,,
5460.5,0.0,16184,509,1,,,
5461.0,0.0,16185,509,1,,,
5461.5,0.0,16187,507,1,,,
5462.0,0.0,16188,507,1,,,
5462.5,0.0,16190,505,1,,,
5463.0,0.0,16191,505,1,,,
5463.5,0.0,16193,505,1,,,
5464.0,0.0,16194,505,1,,,
5464.5,0.0,16196,504,1,,,
5465.0,0.0,16198,504,1,,,
5465.5,0.0,16199,505,1,,,
5466.0,0.0,16201,505,1,,,
5466.5,0.0,16202,507,1,,,
5467.0,0.0,16204,507,1,,,
5467.5,0.0,16205,509,1,,,
5468.0,0.0,16207,509,1,,,
5468.5,0.0,16208,509,1,,,
5469.0,0.0,16210,509,1,,,
5469.5,0.0,16211,509,1,,,
5470.0,0.0,16213,509,1,,,
5470.5,0.0,16214,507,1,,,
5471.0,0.0,16216,507,1,,,
5471.5,0.0,16217,507,1,,,
5472.0,0.0,16219,507,1,,,
5472.5,0.0,16220,505,1,,,
5473.0,0.0,16222,505,1,,,
5473.5,0.0,16224,505,1,,,
5474.0,0.0,16225,505,1,,,
5474.5,0.0,16227,507,1,,,
5475.0,0.0,16228,507,1,,,
5475.5,0.0,16230,509,1,,,
5476.0,0.0,16231,509,1,,,
5476.5,0.0,16233,510,1,,,
5477.0,0.0,16234,510,1,,,
5477.5,0.0,16236,511,1,,,
5478.0,0.0,16237,511,1,,,
5478.5,0.0,16239,511,1,,,
5479.0,0.0,16240,511,1,,,
5479.5,0.0,16242,510,1,,,
5480.0,0.0,16243,510,1,,,
5480.5,0.0,16245,509,1,,,
5481.0,0.0,16246,509,1,,,
5481.5,0.0,16248,508,1,,,
5482.0,0.0,16250,508,1,,,
5482.5,0.0,16251,507,1,,,
5483.0,0.0,16253,507,1,,,
5483.5,0.0,16254,507,1,,,
5484.0,0.0,16256,507,1,,,
5484.5,0.0,16257,509,1,,,
5485.0,0.0,16259,509,1,,,
5485.5,0.0,16260,510,1,,,
5486.0,0.0,16262,510,1,,,
5486.5,0.0,16264,511,1,,,
5487.0,0.0,16265,511,1,,,
5487.5,0.0,16267,511,1,,,
5488.0,0.0,16268,511,1,,,
5488.5,0.0,16270,512,1,,,
5489.0,0.0,16271,512,1,,,
5489.5,0.0,16273,510,1,,,
5490.0,0.0,16274,510,1,,,
5490.5,0.0,16276,509,1,,,
5491.0,0.0,16277,509,1,,,
5491.5,0.0,16279,509,1,,,
5492.0,0.0,16280,509,1,,,
5492.5,0.0,16282,509,1,,,
5493.0,0.0,16283,509,1,,,
5493.5,0.0,16285,509,1,,,
5494.0,0.0,16287,509,1,,,
5494.5,0.0,16288,511,1,,,
5495.0,0.0,16290,511,1,,,
5495.5,0.0,16291,512,1,,,
5496.0,0.0,16293,512,1,,,
5496.5,0.0,16294,511,1,,,
5497.0,0.0,16296,511,1,,,
5497.5,0.0,16297,511,1,,,
5498.0,0.0,16299,511,1,,,
5498.5,0.0,16300,510,1,,,
5499.0,0.0,16302,510,1,,,
5499.5,0.0,16303,508,1,,,
5500.0,0.0,16305,508,1,,,
5500.5,0.0,16306,507,1,,,
5501.0,0.0,16308,507,1,,,
5501.5,0.0,16310,507,1,,,
5502.0,0.0,16311,507,1,,,
5502.5,0.0,16313,507,1,,,
5503.0,0.0,16314,507,1,,,
5503.5,0.0,16316,508,1,,,
5504.0,0.0,16317,508,1,,,
5504.5,0.0,16319,509,1,,,
5505.0,0.0,16320,509,1,,,
5505.5,0.0,16322,510,1,,,
5506.0,0.0,16323,510,1,,,
5506.5,0.0,16325,509,1,,,
5507.0,0.0,16326,509,1,,,
5507.5,0.0,16328,509,1,,,
5508.0,0.0,16329,509,1,,,
5508.5,0.0,16331,505,1,,,
5509.0,0.0,16332,505,1,,,
5509.5,0.0,16334,505,1,,,
5510.0,0.0,16335,505,1,,,
5510.5,0.0,16337,503,1,,,
5511.0,0.0,16339,503,1,,,
5511.5,0.0,16340,504,1,,,
5512.0,0.0,16342,504,1,,,
5512.5,0.0,16343,504,1,,,
5513.0,0.0,16345,504,1,,,
5513.5,0.0,16346,507,1,,,
5514.0,0.0,16348,507,1,,,
5514.5,0.0,16349,505,1,,,
5515.0,0.0,16351,505,1,,,
5515.5,0.0,16352,507,1,,,
5516.0,0.0,16354,507,1,,,
5516.5,0.0,16355,504,1,,,
5517.0,0.0,16357,504,1,,,
5517.5,0.0,16358,502,1,,,
5518.0,0.0,16360,502,1,,,
5518.5,0.0,16361,499,1,,,
5519.0,0.0,16363,499,1,,,
5519.5,0.0,16364,498,1,,,
5520.0,0.0,16366,498,1,,,
5520.5,0.0,16367,497,1,,,
5521.0,0.0,16369,497,1,,,
5521.5,0.0,16370,497,1,,,
5522.0,0.0,16372,497,1,,,
5522.5,0.0,16373,498,1,,,
5523.0,0.0,16375,498,1,,,
5523.5,0.0,16376,499,1,,,
5524.0,0.0,16378,499,1,,,
5524.5,0.0,16379,499,1,,,
5525.0,0.0,16381,499,1,,,
5525.5,0.0,16382,498,1,,,
5526.0,0.0,16384,498,1,,,
5526.5,0.0,16385,497,1,,,
5527.0,0.0,16387,497,1,,,
5527.5,0.0,16388,495,1,,,
5528.0,0.0,16390,495,1,,,
5528.5,0.0,16391,493,1,,,
5529.0,0.0,16393,493,1,,,
5529.5,0.0,16394,493,1,,,
5530.0,0.0,16396,493,1,,,
5530.5,0.0,16397,493,1,,,
5531.0,0.0,16399,493,1,,,
5531.5,0.0,16400,496,1,,,
5532.0,0.0,16402,496,1,,,
5532.5,0.0,16403,497,1,,,
5533.0,0.0,16405,497,1,,,
5533.5,0.0,16406,497,1,,,
5534.0,0.0,16408,497,1,,,
5534.5,0.0,16409,497,1,,,
5535.0,0.0,16411,497,1,,,
5535.5,0.0,16412,496,1,,,
5536.0,0.0,16414,496,1,,,
5536.5,0.0,16415,493,1,,,
5537.0,0.0,16417,493,1,,,
5537.5,0.0,16418,493,1,,,
5538.0,0.0,16420,493,1,,,
5538.5,0.0,16421,493,1,,,
5539.0,0.0,16423,493,1,,,
5539.5,0.0,16424,493,1,,,
5540.0,0.0,16426,493,1,,,
5540.5,0.0,16427,495,1,,,
5541.0,0.0,16428,495,1,,,
5541.5,0.0,16430,496,1,,,
5542.0,0.0,16432,496,1,,,
5542.5,0.0,16433,497,1,,,
5543.0,0.0,16434,497,1,,,
5543.5,0.0,16436,496,1,,,
5544.0,0.0,16437,496,1,,,
5544.5,0.0,16439,496,1,,,
5545.0,0.0,16440,496,1,,,
5545.5,0.0,16442,496,1,,,
5546.0,0.0,16443,496,1,,,
5546.5,0.0,16445,495,1,,,
5547.0,0.0,16446,495,1,,,
5547.5,0.0,16448,493,1,,,
5548.0,0.0,16449,493,1,,,
5548.5,0.0,16451,495,1,,,
5549.0,0.0,16452,495,1,,,
5549.5,0.0,16454,495,1,,,
5550.0,0.0,16455,495,1,,,
5550.5,0.0,16457,496,1,,,
5551.0,0.0,16458,496,1,,,
5551.5,0.0,16460,497,1,,,
5552.0,0.0,16461,497,1,,,
5552.5,0.0,16463,498,1,,,
5553.0,0.0,16464,498,1,,,
5553.5,0.0,16466,498,1,,,
5554.0,0.0,16467,498,1,,,
5554.5,0.0,16469,498,1,,,
5555.0,0.0,16470,498,1,,,
5555.5,0.0,16472,497,1,,,
5556.0,0.0,16473,497,1,,,
5556.5,0.0,16475,496,1,,,
5557.0,0.0,16476,496,1,,,
5557.5,0.0,16478,496,1,,,
5558.0,0.0,16479,496,1,,,
5558.5,0.0,16481,496,1,,,
5559.0,0.0,16482,496,1,,,
5559.5,0.0,16484,496,1,,,
5560.0,0.0,16485,496,1,,,
5560.5,0.0,16487,497,1,,,
5561.0,0.0,16488,497,1,,,
5561.5,0.0,16490,499,1,,,
5562.0,0.0,16491,499,1,,,
5562.5,0.0,16493,499,1,,,
5563.0,0.0,16494,499,1,,,
5563.5,0.0,16496,499,1,,,
5564.0,0.0,16497,499,1,,,
5564.5,0.0,16499,499,1,,,
5565.0,0.0,16500,499,1,,,
5565.5,0.0,16502,498,1,,,
5566.0,0.0,16503,498,1,,,
5566.5,0.0,16505,497,1,,,
5567.0,0.0,16506,497,1,,,
5567.5,0.0,16508,497,1,,,
5568.0,0.0,16509,497,1,,,
5568.5,0.0,16511,498,1,,,
5569.0,0.0,16512,498,1,,,
5569.5,0.0,16514,501,1,,,
5570.0,0.0,16516,501,1,,,
5570.5,0.0,16517,502,1,,,
5571.0,0.0,16519,502,1,,,
5571.5,0.0,16520,503,1,,,
5572.0,0.0,16522,503,1,,,
5572.5,0.0,16523,503,1,,,
5573.0,0.0,16525,503,1,,,
5573.5,0.0,16526,502,1,,,
5574.0,0.0,16528,502,1,,,
5574.5,0.0,16529,501,1,,,
5575.0,0.0,16531,501,1,,,
5575.5,0.0,16532,499,1,,,
5576.0,0.0,16534,499,1,,,
5576.5,0.0,16535,499,1,,,
5577.0,0.0,16537,499,1,,,
5577.5,0.0,16538,499,1,,,
5578.0,0.0,16540,499,1,,,
5578.5,0.0,16541,502,1,,,
5579.0,0.0,16543,502,1,,,
5579.5,0.0,16544,502,1,,,
5580.0,0.0,16546,502,1,,,
5580.5,0.0,16547,504,1,,,
5581.0,0.0,16549,504,1,,,
5581.5,0.0,16550,504,1,,,
5582.0,0.0,16552,504,1,,,
5582.5,0.0,16553,504,1,,,
5583.0,0.0,16555,504,1,,,
5583.5,0.0,16556,503,1,,,
5584.0,0.0,16558,503,1,,,
5584.5,0.0,16559,502,1,,,
5585.0,0.0,16561,502,1,,,
5585.5,0.0,16562,502,1,,,
5586.0,0.0,16564,502,1,,,
5586.5,0.0,16565,502,1,,,
5587.0,0.0,16567,502,1,,,
5587.5,0.0,16569,503,1,,,
5588.0,0.0,16570,503,1,,,
5588.5,0.0,16572,504,1,,,
5589.0,0.0,16573,504,1,,,
5589.5,0.0,16575,507,1,,,
5590.0,0.0,16576,507,1,,,
5590.5,0.0,16578,505,1,,,
5591.0,0.0,16579,505,1,,,
5591.5,0.0,16581,507,1,,,
5592.0,0.0,16582,507,1,,,
5592.5,0.0,16584,505,1,,,
5593.0,0.0,16585,505,1,,,
5593.5,0.0,16587,504,1,,,
5594.0,0.0,16588,504,1,,,
5594.5,0.0,16590,503,1,,,
5595.0,0.0,16591,503,1,,,
5595.5,0.0,16593,504,1,,,
5596.0,0.0,16594,504,1,,,
5596.5,0.0,16596,504,1,,,
5597.0,0.0,16598,504,1,,,
5597.5,0.0,16599,505,1,,,
5598.0,0.0,16601,505,1,,,
5598.5,0.0,16602,507,1,,,
5599.0,0.0,16604,507,1,,,
5599.5,0.0,16605,508,1,,,
5600.0,0.0,16607,508,1,,,
5600.5,0.0,16608,507,1,,,
5601.0,0.0,16610,507,1,,,
5601.5,0.0,16611,507,1,,,
5602.0,0.0,16613,507,1,,,
5602.5,0.0,16614,505,1,,,
5603.0,0.0,16616,505,1,,,
5603.5,0.0,16617,504,1,,,
5604.0,0.0,16619,504,1,,,
5604.5,0.0,16620,503,1,,,
5605.0,0.0,16622,503,1,,,
5605.5,0.0,16623,504,1,,,
5606.0,0.0,16625,504,1,,,
5606.5,0.0,16626,504,1,,,
5607.0,0.0,16628,504,1,,,
5607.5,0.0,16630,507,1,,,
5608.0,0.0,16631,507,1,,,
5608.5,0.0,16633,507,1,,,
5609.0,0.0,16634,507,1,,,
5609.5,0.0,16636,508,1,,,
5610.0,0.0,16637,508,1,,,
5610.5,0.0,16639,507,1,,,
5611.0,0.0,16640,507,1,,,
5611.5,0.0,16642,505,1,,,
5612.0,0.0,16643,505,1,,,
5612.5,0.0,16645,502,1,,,
5613.0,0.0,16646,502,1,,,
5613.5,0.0,16648,503,1,,,
5614.0,0.0,16649,503,1,,,
5614.5,0.0,16651,502,1,,,
5615.0,0.0,16652,502,1,,,
5615.5,0.0,16654,503,1,,,
5616.0,0.0,16655,503,1,,,
5616.5,0.0,16657,504,1,,,
5617.0,0.0,16658,504,1,,,
5617.5,0.0,16660,505,1,,,
5618.0,0.0,16661,505,1,,,
5618.5,0.0,16663,505,1,,,
5619.0,0.0,16664,505,1,,,
5619.5,0.0,16666,505,1,,,
5620.0,0.0,16667,505,1,,,
5620.5,0.0,16669,503,1,,,
5621.0,0.0,16670,503,1,,,
5621.5,0.0,16672,502,1,,,
5622.0,0.0,16673,502,1,,,
5622.5,0.0,16675,502,1,,,
5623.0,0.0,16677,502,1,,,
5623.5,0.0,16678,501,1,,,
5624.0,0.0,16680,501,1,,,
5624.5,0.0,16681,501,1,,,
5625.0,0.0,16683,501,1,,,
5625.5,0.0,16684,502,1,,,
5626.0,0.0,16686,502,1,,,
5626.5,0.0,16687,503,1,,,
5627.0,0.0,16689,503,1,,,
5627.5,0.0,16690,503,1,,,
5628.0,0.0,16692,503,1,,,
5628.5,0.0,16693,502,1,,,
5629.0,0.0,16695,502,1,,,
5629.5,0.0,16696,502,1,,,
5630.0,0.0,16698,502,1,,,
5630.5,0.0,16699,501,1,,,
5631.0,0.0,16701,501,1,,,
5631.5,0.0,16702,497,1,,,
5632.0,0.0,16704,497,1,,,
5632.5,0.0,16705,497,1,,,
5633.0,0.0,16707,497,1,,,
5633.5,0.0,16708,498,1,,,
5634.0,0.0,16710,498,1,,,
5634.5,0.0,16711,497,1,,,
5635.0,0.0,16713,497,1,,,
5635.5,0.0,16714,498,1,,,
5636.0,0.0,16716,498,1,,,
5636.5,0.0,16717,501,1,,,
5637.0,0.0,16719,501,1,,,
5637.5,0.0,16720,499,1,,,
5638.0,0.0,16722,499,1,,,
5638.5,0.0,16723,498,1,,,
5639.0,0.0,16725,498,1,,,
5639.5,0.0,16726,498,1,,,
5640.0,0.0,16728,498,1,,,
5640.5,0.0,16729,497,1,,,
5641.0,0.0,16731,497,1,,,
5641.5,0.0,16732,495,1,,,
5642.0,0.0,16734,495,1,,,
5642.5,0.0,16735,496,1,,,
5643.0,0.0,16737,496,1,,,
5643.5,0.0,16738,496,1,,,
5644.0,0.0,16740,496,1,,,
5644.5,0.0,16741,496,1,,,
5645.0,0.0,16743,496,1,,,
5645.5,0.0,16744,497,1,,,
5646.0,0.0,16746,497,1,,,
5646.5,0.0,16747,499,1,,,
5647.0,0.0,16749,499,1,,,
5647.5,0.0,16750,498,1,,,
5648.0,0.0,16752,498,1,,,
5648.5,0.0,16753,498,1,,,
5649.0,0.0,16755,498,1,,,
5649.5,0.0,16756,497,1,,,
5650.0,0.0,16758,497,1,,,
5650.5,0.0,16759,496,1,,,
5651.0,0.0,16761,496,1,,,
5651.5,0.0,16762,495,1,,,
5652.0,0.0,16764,495,1,,,
5652.5,0.0,16765,496,1,,,
5653.0,0.0,16767,496,1,,,
5653.5,0.0,16768,496,1,,,
5654.0,0.0,16770,496,1,,,
5654.5,0.0,16771,498,1,,,
5655.0,0.0,16773,498,1,,,
5655.5,0.0,16774,499,1,,,
5656.0,0.0,16776,499,1,,,
5656.5,0.0,16777,499,1,,,
5657.0,0.0,16779,499,1,,,
5657.5,0.0,16780,498,1,,,
5658.0,0.0,16782,498,1,,,
5658.5,0.0,16783,498,1,,,
5659.0,0.0,16785,498,1,,,
5659.5,0.0,16786,497,1,,,
5660.0,0.0,16788,497,1,,,
5660.5,0.0,16789,495,1,,,
5661.0,0.0,16791,495,1,,,
5661.5,0.0,16792,496,1,,,
5662.0,0.0,16794,496,1,,,
5662.5,0.0,16795,496,1,,,
5663.0,0.0,16797,496,1,,,
5663.5,0.0,16798,497,1,,,
5664.0,0.0,16800,497,1,,,
5664.5,0.0,16801,498,1,,,
5665.0,0.0,16803,498,1,,,
5665.5,0.0,16804,501,1,,,
5666.0,0.0,16806,501,1,,,
5666.5,0.0,16807,499,1,,,
5667.0,0.0,16809,499,1,,,
5667.5,0.0,16810,499,1,,,
5668.0,0.0,16812,499,1,,,
5668.5,0.0,16813,498,1,,,
5669.0,0.0,16815,498,1,,,
5669.5,0.0,16816,497,1,,,
5670.0,0.0,16818,497,1,,,
5670.5,0.0,16819,497,1,,,
5671.0,0.0,16821,497,1,,,
5671.5,0.0,16822,497,1,,,
5672.0,0.0,16824,497,1,,,
5672.5,0.0,16825,498,1,,,
5673.0,0.0,16827,498,1,,,
5673.5,0.0,16828,499,1,,,
5674.0,0.0,16830,499,1,,,
5674.5,0.0,16831,501,1,,,
5675.0,0.0,16833,501,1,,,
5675.5,0.0,16834,501,1,,,
5676.0,0.0,16836,501,1,,,
5676.5,0.0,16837,502,1,,,
5677.0,0.0,16839,502,1,,,
5677.5,0.0,16840,501,1,,,
5678.0,0.0,16842,501,1,,,
5678.5,0.0,16843,499,1,,,
5679.0,0.0,16845,499,1,,,
5679.5,0.0,16846,499,1,,,
5680.0,0.0,16848,499,1,,,
5680.5,0.0,16849,499,1,,,
5681.0,0.0,16851,499,1,,,
5681.5,0.0,16852,501,1,,,
5682.0,0.0,16854,501,1,,,
5682.5,0.0,16856,503,1,,,
5683.0,0.0,16857,503,1,,,
5683.5,0.0,16859,505,1,,,
5684.0,0.0,16860,505,1,,,
5684.5,0.0,16862,507,1,,,
5685.0,0.0,16863,507,1,,,
5685.5,0.0,16865,507,1,,,
5686.0,0.0,16866,507,1,,,
5686.5,0.0,16868,507,1,,,
5687.0,0.0,16869,507,1,,,
5687.5,0.0,16871,505,1,,,
5688.0,0.0,16872,505,1,,,
5688.5,0.0,16874,505,1,,,
5689.0,0.0,16875,505,1,,,
5689.5,0.0,16877,505,1,,,
5690.0,0.0,16878,505,1,,,
5690.5,0.0,16880,507,1,,,
5691.0,0.0,16881,507,1,,,
5691.5,0.0,16883,508,1,,,
5692.0,0.0,16885,508,1,,,
5692.5,0.0,16886,510,1,,,
5693.0,0.0,16888,510,1,,,
5693.5,0.0,16889,510,1,,,
5694.0,0.0,16891,510,1,,,
5694.5,0.0,16892,511,1,,,
5695.0,0.0,16894,511,1,,,
5695.5,0.0,16895,510,1,,,
5696.0,0.0,16897,510,1,,,
5696.5,0.0,16898,509,1,,,
5697.0,0.0,16900,509,1,,,
5697.5,0.0,16901,507,1,,,
5698.0,0.0,16903,507,1,,,
5698.5,0.0,16904,508,1,,,
5699.0,0.0,16906,508,1,,,
5699.5,0.0,16908,507,1,,,
5700.0,0.0,16909,507,1,,,
5700.5,0.0,16911,508,1,,,
5701.0,0.0,16912,508,1,,,
5701.5,0.0,16914,509,1,,,
5702.0,0.0,16915,509,1,,,
5702.5,0.0,16917,511,1,,,
5703.0,0.0,16918,511,1,,,
5703.5,0.0,16920,510,1,,,
5704.0,0.0,16921,510,1,,,
5704.5,0.0,16923,510,1,,,
5705.0,0.0,16924,510,1,,,
5705.5,0.0,16926,510,1,,,
5706.0,0.0,16928,510,1,,,
5706.5,0.0,16929,508,1,,,
5707.0,0.0,16931,508,1,,,
5707.5,0.0,16932,507,1,,,
5708.0,0.0,16934,507,1,,,
5708.5,0.0,16935,507,1,,,
5709.0,0.0,16937,507,1,,,
5709.5,0.0,16938,508,1,,,
5710.0,0.0,16940,508,1,,,
5710.5,0.0,16941,508,1,,,
5711.0,0.0,16943,508,1,,,
5711.5,0.0,16944,510,1,,,
5712.0,0.0,16946,510,1,,,
5712.5,0.0,16947,511,1,,,
5713.0,0.0,16949,511,1,,,
5713.5,0.0,16951,511,1,,,
5714.0,0.0,16952,511,1,,,
5714.5,0.0,16954,510,1,,,
5715.0,0.0,16955,510,1,,,
5715.5,0.0,16957,510,1,,,
5716.0,0.0,16958,510,1,,,
5716.5,0.0,16960,508,1,,,
5717.0,0.0,16961,508,1,,,
5717.5,0.0,16963,508,1,,,
5718.0,0.0,16964,508,1,,,
5718.5,0.0,16966,508,1,,,
5719.0,0.0,16967,508,1,,,
5719.5,0.0,16969,509,1,,,
5720.0,0.0,16970,509,1,,,
5720.5,0.0,16972,509,1,,,
5721.0,0.0,16974,509,1,,,
5721.5,0.0,16975,511,1,,,
5722.0,0.0,16977,511,1,,,
5722.5,0.0,16978,510,1,,,
5723.0,0.0,16980,510,1,,,
5723.5,0.0,16981,511,1,,,
5724.0,0.0,16983,511,1,,,
5724.5,0.0,16984,509,1,,,
5725.0,0.0,16986,509,1,,,
5725.5,0.0,16987,509,1,,,
5726.0,0.0,16989,509,1,,,
5726.5,0.0,16990,508,1,,,
5727.0,0.0,16992,508,1,,,
5727.5,0.0,16993,509,1,,,
5728.0,0.0,16995,509,1,,,
5728.5,0.0,16997,508,1,,,
5729.0,0.0,16998,508,1,,,
5729.5,0.0,17000,510,1,,,
5730.0,0.0,17001,510,1,,,
5730.5,0.0,17003,511,1,,,
5731.0,0.0,17004,511,1,,,
5731.5,0.0,17006,511,1,,,
5732.0,0.0,17007,511,1,,,
5732.5,0.0,17009,510,1,,,
5733.0,0.0,17010,510,1,,,
5733.5,0.0,17012,510,1,,,
5734.0,0.0,17013,510,1,,,
5734.5,0.0,17015,508,1,,,
5735.0,0.0,17017,508,1,,,
5735.5,0.0,17018,507,1,,,
5736.0,0.0,17020,507,1,,,
5736.5,0.0,17021,507,1,,,
5737.0,0.0,17023,507,1,,,
5737.5,0.0,17024,507,1,,,
5738.0,0.0,17026,507,1,,,
5738.5,0.0,17027,508,1,,,
5739.0,0.0,17029,508,1,,,
5739.5,0.0,17030,509,1,,,
5740.0,0.0,17032,509,1,,,
5740.5,0.0,17033,509,1,,,
5741.0,0.0,17035,509,1,,,
5741.5,0.0,17036,509,1,,,
5742.0,0.0,17038,509,1,,,
5742.5,0.0,17039,508,1,,,
5743.0,0.0,17041,508,1,,,
5743.5,0.0,17043,505,1,,,
5744.0,0.0,17044,505,1,,,
5744.5,0.0,17046,505,1,,,
5745.0,0.0,17047,505,1,,,
5745.5,0.0,17049,504,1,,,
5746.0,0.0,17050,504,1,,,
5746.5,0.0,17052,503,1,,,
5747.0,0.0,17053,503,1,,,
5747.5,0.0,17055,505,1,,,
5748.0,0.0,17056,505,1,,,
5748.5,0.0,17058,505,1,,,
5749.0,0.0,17059,505,1,,,
5749.5,0.0,17061,507,1,,,
5750.0,0.0,17062,507,1,,,
5750.5,0.0,17064,507,1,,,
5751.0,0.0,17065,507,1,,,
5751.5,0.0,17067,507,1,,,
5752.0,0.0,17068,507,1,,,
5752.5,0.0,17070,503,1,,,
5753.0,0.0,17071,503,1,,,
5753.5,0.0,17073,502,1,,,
5754.0,0.0,17074,502,1,,,
5754.5,0.0,17076,499,1,,,
5755.0,0.0,17077,499,1,,,
5755.5,0.0,17079,499,1,,,
5756.0,0.0,17080,499,1,,,
5756.5,0.0,17082,499,1,,,
5757.0,0.0,17083,499,1,,,
5757.5,0.0,17085,501,1,,,
5758.0,0.0,17087,501,1,,,
5758.5,0.0,17088,503,1,,,
5759.0,0.0,17090,503,1,,,
5759.5,0.0,17091,502,1,,,
5760.0,0.0,17093,502,1,,,
5760.5,0.0,17094,502,1,,,
5761.0,0.0,17096,502,1,,,
5761.5,0.0,17097,501,1,,,
5762.0,0.0,17098,501,1,,,
5762.5,0.0,17100,498,1,,,
5763.0,0.0,17101,498,1,,,
5763.5,0.0,17103,497,1,,,
5764.0,0.0,17104,497,1,,,
5764.5,0.0,17106,497,1,,,
5765.0,0.0,17107,497,1,,,
5765.5,0.0,17109,496,1,,,
5766.0,0.0,17110,496,1,,,
5766.5,0.0,17112,498,1,,,
5767.0,0.0,17114,498,1,,,
5767.5,0.0,17115,499,1,,,
5768.0,0.0,17117,499,1,,,
5768.5,0.0,17118,499,1,,,
5769.0,0.0,17120,499,1,,,
5769.5,0.0,17121,499,1,,,
5770.0,0.0,17123,499,1,,,
5770.5,0.0,17124,499,1,,,
5771.0,0.0,17126,499,1,,,
5771.5,0.0,17127,497,1,,,
5772.0,0.0,17128,497,1,,,
5772.5,0.0,17130,496,1,,,
5773.0,0.0,17132,496,1,,,
5773.5,0.0,17133,495,1,,,
5774.0,0.0,17134,495,1,,,
5774.5,0.0,17136,496,1,,,
5775.0,0.0,17137,496,1,,,
5775.5,0.0,17139,496,1,,,
5776.0,0.0,17140,496,1,,,
5776.5,0.0,17142,497,1,,,
5777.0,0.0,17144,497,1,,,
5777.5,0.0,17145,499,1,,,
5778.0,0.0,17146,499,1,,,
5778.5,0.0,17148,499,1,,,
5779.0,0.0,17150,499,1,,,
5779.5,0.0,17151,498,1,,,
5780.0,0.0,17153,498,1,,,
5780.5,0.0,17154,497,1,,,
5781.0,0.0,17155,497,1,,,
5781.5,0.0,17157,496,1,,,
5782.0,0.0,17158,496,1,,,
5782.5,0.0,17160,495,1,,,
5783.0,0.0,17161,495,1,,,
5783.5,0.0,17163,495,1,,,
5784.0,0.0,17164,495,1,,,
5784.5,0.0,17166,496,1,,,
5785.0,0.0,17167,496,1,,,
5785.5,0.0,17169,497,1,,,
5786.0,0.0,17170,497,1,,,
5786.5,0.0,17172,498,1,,,
5787.0,0.0,17174,498,1,,,
5787.5,0.0,17175,499,1,,,
5788.0,0.0,17177,499,1,,,
5788.5,0.0,17178,501,1,,,
5789.0,0.0,17180,501,1,,,
5789.5,0.0,17181,498,1,,,
5790.0,0.0,17182,498,1,,,
5790.5,0.0,17184,498,1,,,
5791.0,0.0,17185,498,1,,,
5791.5,0.0,17187,496,1,,,
5792.0,0.0,17189,496,1,,,
5792.5,0.0,17190,496,1,,,
5793.0,0.0,17191,496,1,,,
5793.5,0.0,17193,495,1,,,
5794.0,0.0,17195,495,1,,,
5794.5,0.0,17196,497,1,,,
5795.0,0.0,17198,497,1,,,
5795.5,0.0,17199,498,1,,,
5796.0,0.0,17201,498,1,,,
5796.5,0.0,17202,501,1,,,
5797.0,0.0,17204,501,1,,,
5797.5,0.0,17205,501,1,,,
5798.0,0.0,17207,501,1,,,
5798.5,0.0,17208,501,1,,,
5799.0,0.0,17210,501,1,,,
5799.5,0.0,17211,499,1,,,
5800.0,0.0,17213,499,1,,,
5800.5,0.0,17214,498,1,,,
5801.0,0.0,17216,498,1,,,
5801.5,0.0,17217,498,1,,,
5802.0,0.0,17219,498,1,,,
5802.5,0.0,17220,498,1,,,
5803.0,0.0,17222,498,1,,,
5803.5,0.0,17223,499,1,,,
5804.0,0.0,17225,499,1,,,
5804.5,0.0,17226,501,1,,,
5805.0,0.0,17228,501,1,,,
5805.5,0.0,17229,502,1,,,
5806.0,0.0,17231,502,1,,,
5806.5,0.0,17232,503,1,,,
5807.0,0.0,17234,503,1,,,
5807.5,0.0,17235,503,1,,,
5808.0,0.0,17237,503,1,,,
5808.5,0.0,17238,503,1,,,
5809.0,0.0,17240,503,1,,,
5809.5,0.0,17241,502,1,,,
5810.0,0.0,17243,502,1,,,
5810.5,0.0,17244,501,1,,,
5811.0,0.0,17246,501,1,,,
5811.5,0.0,17247,501,1,,,
5812.0,0.0,17249,501,1,,,
5812.5,0.0,17250,501,1,,,
5813.0,0.0,17252,501,1,,,
5813.5,0.0,17253,501,1,,,
5814.0,0.0,17255,501,1,,,
5814.5,0.0,17256,503,1,,,
5815.0,0.0,17258,503,1,,,
5815.5,0.0,17260,505,1,,,
5816.0,0.0,17261,505,1,,,
5816.5,0.0,17263,504,1,,,
5817.0,0.0,17264,504,1,,,
5817.5,0.0,17266,504,1,,,
5818.0,0.0,17267,504,1,,,
5818.5,0.0,17269,504,1,,,
5819.0,0.0,17270,504,1,,,
5819.5,0.0,17272,502,1,,,
5820.0,0.0,17273,502,1,,,
5820.5,0.0,17275,501,1,,,
5821.0,0.0,17276,501,1,,,
5821.5,0.0,17278,501,1,,,
5822.0,0.0,17279,501,1,,,
5822.5,0.0,17281,502,1,,,
5823.0,0.0,17282,502,1,,,
5823.5,0.0,17284,503,1,,,
5824.0,0.0,17285,503,1,,,
5824.5,0.0,17287,505,1,,,
5825.0,0.0,17288,505,1,,,
5825.5,0.0,17290,505,1,,,
5826.0,0.0,17291,505,1,,,
5826.5,0.0,17293,507,1,,,
5827.0,0.0,17294,507,1,,,
5827.5,0.0,17296,504,1,,,
5828.0,0.0,17297,504,1,,,
5828.5,0.0,17299,503,1,,,
5829.0,0.0,17300,503,1,,,
5829.5,0.0,17302,503,1,,,
5830.0,0.0,17303,503,1,,,
5830.5,0.0,17305,503,1,,,
5831.0,0.0,17307,503,1,,,
5831.5,0.0,17308,503,1,,,
5832.0,0.0,17310,503,1,,,
5832.5,0.0,17311,505,1,,,
5833.0,0.0,17313,505,1,,,
5833.5,0.0,17314,507,1,,,
5834.0,0.0,17316,507,1,,,
5834.5,0.0,17317,507,1,,,
5835.0,0.0,17319,507,1,,,
5835.5,0.0,17320,508,1,,,
5836.0,0.0,17322,508,1,,,
5836.5,0.0,17323,507,1,,,
5837.0,0.0,17325,507,1,,,
5837.5,0.0,17326,505,1,,,
5838.0,0.0,17328,505,1,,,
5838.5,0.0,17329,504,1,,,
5839.0,0.0,17331,504,1,,,
5839.5,0.0,17332,503,1,,,
5840.0,0.0,17334,503,1,,,
5840.5,0.0,17335,503,1,,,
5841.0,0.0,17337,503,1,,,
5841.5,0.0,17339,504,1,,,
5842.0,0.0,17340,504,1,,,
5842.5,0.0,17342,505,1,,,
5843.0,0.0,17343,505,1,,,
5843.5,0.0,17345,507,1,,,
5844.0,0.0,17346,507,1,,,
5844.5,0.0,17348,508,1,,,
5845.0,0.0,17349,508,1,,,
5845.5,0.0,17351,507,1,,,
5846.0,0.0,17352,507,1,,,
5846.5,0.0,17354,505,1,,,
5847.0,0.0,17355,505,1,,,
5847.5,0.0,17357,503,1,,,
5848.0,0.0,17358,503,1,,,
5848.5,0.0,17360,502,1,,,
5849.0,0.0,17361,502,1,,,
5849.5,0.0,17363,502,1,,,
5850.0,0.0,17364,502,1,,,
5850.5,0.0,17366,502,1,,,
5851.0,0.0,17367,502,1,,,
5851.5,0.0,17369,503,1,,,
5852.0,0.0,17370,503,1,,,
5852.5,0.0,17372,505,1,,,
5853.0,0.0,17374,505,1,,,
5853.5,0.0,17375,505,1,,,
5854.0,0.0,17377,505,1,,,
5854.5,0.0,17378,504,1,,,
5855.0,0.0,17380,504,1,,,
5855.5,0.0,17381,504,1,,,
5856.0,0.0,17383,504,1,,,
5856.5,0.0,17384,502,1,,,
5857.0,0.0,17386,502,1,,,
5857.5,0.0,17387,501,1,,,
5858.0,0.0,17389,501,1,,,
5858.5,0.0,17390,499,1,,,
5859.0,0.0,17392,499,1,,,
5859.5,0.0,17393,501,1,,,
5860.0,0.0,17395,501,1,,,
5860.5,0.0,17396,501,1,,,
5861.0,0.0,17398,501,1,,,
5861.5,0.0,17399,502,1,,,
5862.0,0.0,17401,502,1,,,
5862.5,0.0,17402,503,1,,,
5863.0,0.0,17404,503,1,,,
5863.5,0.0,17405,504,1,,,
5864.0,0.0,17407,504,1,,,
5864.5,0.0,17408,502,1,,,
5865.0,0.0,17410,502,1,,,
5865.5,0.0,17411,501,1,,,
5866.0,0.0,17413,501,1,,,
5866.5,0.0,17414,499,1,,,
5867.0,0.0,17416,499,1,,,
5867.5,0.0,17417,498,1,,,
5868.0,0.0,17419,498,1,,,
5868.5,0.0,17420,498,1,,,
5869.0,0.0,17422,498,1,,,
5869.5,0.0,17423,498,1,,,
5870.0,0.0,17425,498,1,,,
5870.5,0.0,17426,501,1,,,
5871.0,0.0,17428,501,1,,,
5871.5,0.0,17429,502,1,,,
5872.0,0.0,17431,502,1,,,
5872.5,0.0,17432,501,1,,,
5873.0,0.0,17434,501,1,,,
5873.5,0.0,17435,501,1,,,
5874.0,0.0,17437,501,1,,,
5874.5,0.0,17438,501,1,,,
5875.0,0.0,17440,501,1,,,
5875.5,0.0,17441,497,1,,,
5876.0,0.0,17443,497,1,,,
5876.5,0.0,17444,496,1,,,
5877.0,0.0,17446,496,1,,,
5877.5,0.0,17447,496,1,,,
5878.0,0.0,17449,496,1,,,
5878.5,0.0,17450,495,1,,,
5879.0,0.0,17452,495,1,,,
5879.5,0.0,17453,496,1,,,
5880.0,0.0,17455,496,1,,,
5880.5,0.0,17456,498,1,,,
5881.0,0.0,17458,498,1,,,
5881.5,0.0,17459,498,1,,,
5882.0,0.0,17461,498,1,,,
5882.5,0.0,17462,498,1,,,
5883.0,0.0,17464,498,1,,,
5883.5,0.0,17465,498,1,,,
5884.0,0.0,17467,498,1,,,
5884.5,0.0,17468,496,1,,,
5885.0,0.0,17470,496,1,,,
5885.5,0.0,17471,493,1,,,
5886.0,0.0,17473,493,1,,,
5886.5,0.0,17474,493,1,,,
5887.0,0.0,17476,493,1,,,
5887.5,0.0,17477,493,1,,,
5888.0,0.0,17479,493,1,,,
5888.5,0.0,17480,493,1,,,
5889.0,0.0,17482,493,1,,,
5889.5,0.0,17483,496,1,,,
5890.0,0.0,17485,496,1,,,
5890.5,0.0,17486,497,1,,,
5891.0,0.0,17488,497,1,,,
5891.5,0.0,17489,497,1,,,
5892.0,0.0,17491,497,1,,,
5892.5,0.0,17492,497,1,,,
5893.0,0.0,17494,497,1,,,
5893.5,0.0,17495,496,1,,,
5894.0,0.0,17497,496,1,,,
5894.5,0.0,17498,495,1,,,
5895.0,0.0,17500,495,1,,,
5895.5,0.0,17501,495,1,,,
5896.0,0.0,17503,495,1,,,
5896.5,0.0,17504,495,1,,,
5897.0,0.0,17506,495,1,,,
5897.5,0.0,17507,495,1,,,
5898.0,0.0,17509,495,1,,,
5898.5,0.0,17510,496,1,,,
5899.0,0.0,17512,496,1,,,
5899.5,0.0,17513,496,1,,,
5900.0,0.0,17515,496,1,,,
5900.5,0.0,17516,497,1,,,
5901.0,0.0,17518,497,1,,,
5901.5,0.0,17519,497,1,,,
5902.0,0.0,17521,497,1,,,
5902.5,0.0,17522,497,1,,,
5903.0,0.0,17524,497,1,,,
5903.5,0.0,17525,497,1,,,
5904.0,0.0,17527,497,1,,,
5904.5,0.0,17528,497,1,,,
5905.0,0.0,17530,497,1,,,
5905.5,0.0,17531,497,1,,,
5906.0,0.0,17533,497,1,,,
5906.5,0.0,17534,498,1,,,
5907.0,0.0,17536,498,1,,,
5907.5,0.0,17537,498,1,,,
5908.0,0.0,17539,498,1,,,
5908.5,0.0,17540,499,1,,,
5909.0,0.0,17542,499,1,,,
5909.5,0.0,17543,501,1,,,
5910.0,0.0,17545,501,1,,,
5910.5,0.0,17546,501,1,,,
5911.0,0.0,17548,501,1,,,
5911.5,0.0,17549,501,1,,,
5912.0,0.0,17551,501,1,,,
5912.5,0.0,17552,501,1,,,
5913.0,0.0,17554,501,1,,,
5913.5,0.0,17555,499,1,,,
5914.0,0.0,17557,499,1,,,
5914.5,0.0,17558,499,1,,,
5915.0,0.0,17560,499,1,,,
5915.5,0.0,17561,499,1,,,
5916.0,0.0,17563,499,1,,,
5916.5,0.0,17564,499,1,,,
5917.0,0.0,17566,499,1,,,
5917.5,0.0,17567,502,1,,,
5918.0,0.0,17569,502,1,,,
5918.5,0.0,17570,503,1,,,
5919.0,0.0,17572,503,1,,,
5919.5,0.0,17573,504,1,,,
5920.0,0.0,17575,504,1,,,
5920.5,0.0,17577,504,1,,,
5921.0,0.0,17578,504,1,,,
5921.5,0.0,17580,504,1,,,
5922.0,0.0,17581,504,1,,,
5922.5,0.0,17583,503,1,,,
5923.0,0.0,17584,503,1,,,
5923.5,0.0,17586,502,1,,,
5924.0,0.0,17587,502,1,,,
5924.5,0.0,17589,502,1,,,
5925.0,0.0,17590,502,1,,,
5925.5,0.0,17592,502,1,,,
5926.0,0.0,17593,502,1,,,
5926.5,0.0,17595,502,1,,,
5927.0,0.0,17596,502,1,,,
5927.5,0.0,17598,503,1,,,
5928.0,0.0,17599,503,1,,,
5928.5,0.0,17601,505,1,,,
5929.0,0.0,17602,505,1,,,
5929.5,0.0,17604,504,1,,,
5930.0,0.0,17605,504,1,,,
5930.5,0.0,17607,504,1,,,
5931.0,0.0,17608,504,1,,,
5931.5,0.0,17610,504,1,,,
5932.0,0.0,17611,504,1,,,
5932.5,0.0,17613,502,1,,,
5933.0,0.0,17614,502,1,,,
5933.5,0.0,17616,502,1,,,
5934.0,0.0,17617,502,1,,,
5934.5,0.0,17619,502,1,,,
5935.0,0.0,17620,502,1,,,
5935.5,0.0,17622,502,1,,,
5936.0,0.0,17624,502,1,,,
5936.5,0.0,17625,503,1,,,
5937.0,0.0,17627,503,1,,,
5937.5,0.0,17628,504,1,,,
5938.0,0.0,17630,504,1,,,
5938.5,0.0,17631,503,1,,,
5939.0,0.0,17633,503,1,,,
5939.5,0.0,17634,503,1,,,
5940.0,0.0,17636,503,1,,,
5940.5,0.0,17637,503,1,,,
5941.0,0.0,17639,503,1,,,
5941.5,0.0,17640,501,1,,,
5942.0,0.0,17642,501,1,,,
5942.5,0.0,17643,501,1,,,
5943.0,0.0,17645,501,1,,,
5943.5,0.0,17646,501,1,,,
5944.0,0.0,17648,501,1,,,
5944.5,0.0,17649,501,1,,,
5945.0,0.0,17651,501,1,,,
5945.5,0.0,17652,502,1,,,
5946.0,0.0,17654,502,1,,,
5946.5,0.0,17655,504,1,,,
5947.0,0.0,17657,504,1,,,
5947.5,0.0,17658,505,1,,,
5948.0,0.0,17660,505,1,,,
5948.5,0.0,17661,505,1,,,
5949.0,0.0,17663,505,1,,,
5949.5,0.0,17664,505,1,,,
5950.0,0.0,17666,505,1,,,
5950.5,0.0,17667,504,1,,,
5951.0,0.0,17669,504,1,,,
5951.5,0.0,17670,502,1,,,
5952.0,0.0,17672,502,1,,,
5952.5,0.0,17674,502,1,,,
5953.0,0.0,17675,502,1,,,
5953.5,0.0,17677,502,1,,,
5954.0,0.0,17678,502,1,,,
5954.5,0.0,17680,502,1,,,
5955.0,0.0,17681,502,1,,,
5955.5,0.0,17683,503,1,,,
5956.0,0.0,17684,503,1,,,
5956.5,0.0,17686,505,1,,,
5957.0,0.0,17687,505,1,,,
5957.5,0.0,17689,505,1,,,
5958.0,0.0,17690,505,1,,,
5958.5,0.0,17692,504,1,,,
5959.0,0.0,17693,504,1,,,
5959.5,0.0,17695,504,1,,,
5960.0,0.0,17696,504,1,,,
5960.5,0.0,17698,503,1,,,
5961.0,0.0,17699,503,1,,,
5961.5,0.0,17701,502,1,,,
5962.0,0.0,17702,502,1,,,
5962.5,0.0,17704,501,1,,,
5963.0,0.0,17705,501,1,,,
5963.5,0.0,17707,502,1,,,
5964.0,0.0,17708,502,1,,,
5964.5,0.0,17710,503,1,,,
5965.0,0.0,17711,503,1,,,
5965.5,0.0,17713,503,1,,,
5966.0,0.0,17715,503,1,,,
5966.5,0.0,17716,504,1,,,
5967.0,0.0,17718,504,1,,,
5967.5,0.0,17719,504,1,,,
5968.0,0.0,17721,504,1,,,
5968.5,0.0,17722,503,1,,,
5969.0,0.0,17724,503,1,,,
5969.5,0.0,17725,502,1,,,
5970.0,0.0,17727,502,1,,,
5970.5,0.0,17728,501,1,,,
5971.0,0.0,17730,501,1,,,
5971.5,0.0,17731,499,1,,,
5972.0,0.0,17733,499,1,,,
5972.5,0.0,17734,499,1,,,
5973.0,0.0,17736,499,1,,,
5973.5,0.0,17737,501,1,,,
5974.0,0.0,17739,501,1,,,
5974.5,0.0,17740,501,1,,,
5975.0,0.0,17742,501,1,,,
5975.5,0.0,17743,503,1,,,
5976.0,0.0,17745,503,1,,,
5976.5,0.0,17746,502,1,,,
5977.0,0.0,17748,502,1,,,
5977.5,0.0,17749,501,1,,,
5978.0,0.0,17751,501,1,,,
5978.5,0.0,17752,499,1,,,
5979.0,0.0,17754,499,1,,,
5979.5,0.0,17755,498,1,,,
5980.0,0.0,17757,498,1,,,
5980.5,0.0,17758,496,1,,,
5981.0,0.0,17760,496,1,,,
5981.5,0.0,17761,496,1,,,
5982.0,0.0,17763,496,1,,,
5982.5,0.0,17764,497,1,,,
5983.0,0.0,17766,497,1,,,
5983.5,0.0,17767,497,1,,,
5984.0,0.0,17769,497,1,,,
5984.5,0.0,17770,498,1,,,
5985.0,0.0,17772,498,1,,,
5985.5,0.0,17773,498,1,,,
5986.0,0.0,17775,498,1,,,
5986.5,0.0,17776,498,1,,,
5987.0,0.0,17778,498,1,,,
5987.5,0.0,17779,496,1,,,
5988.0,0.0,17781,496,1,,,
5988.5,0.0,17782,495,1,,,
5989.0,0.0,17784,495,1,,,
5989.5,0.0,17785,492,1,,,
5990.0,0.0,17787,492,1,,,
5990.5,0.0,17788,492,1,,,
5991.0,0.0,17790,492,1,,,
5991.5,0.0,17791,492,1,,,
5992.0,0.0,17793,492,1,,,
5992.5,0.0,17794,493,1,,,
5993.0,0.0,17795,493,1,,,
5993.5,0.0,17797,495,1,,,
5994.0,0.0,17798,495,1,,,
5994.5,0.0,17800,496,1,,,
5995.0,0.0,17801,496,1,,,
5995.5,0.0,17803,496,1,,,
5996.0,0.0,17804,496,1,,,
5996.5,0.0,17806,495,1,,,
5997.0,0.0,17807,495,1,,,
5997.5,0.0,17809,493,1,,,
5998.0,0.0,17810,493,1,,,
5998.5,0.0,17812,492,1,,,
5999.0,0.0,17813,492,1,,,
5999.5,0.0,17815,491,1,,,
6000.0,0.0,17816,491,1,,,
6000.5,0.0,17818,491,1,,,
6001.0,0.0,17819,491,1,,,
6001.5,0.0,17821,491,1,,,
6002.0,0.0,17822,491,1,,,
6002.5,0.0,17824,492,1,,,
6003.0,0.0,17825,492,1,,,
6003.5,0.0,17827,495,1,,,
6004.0,0.0,17828,495,1,,,
6004.5,0.0,17830,496,1,,,
6005.0,0.0,17831,496,1,,,
6005.5,0.0,17833,496,1,,,
6006.0,0.0,17834,496,1,,,
6006.5,0.0,17836,496,1,,,
6007.0,0.0,17837,496,1,,,
6007.5,0.0,17839,495,1,,,
6008.0,0.0,17840,495,1,,,
6008.5,0.0,17842,493,1,,,
6009.0,0.0,17843,493,1,,,
6009.5,0.0,17845,493,1,,,
6010.0,0.0,17846,493,1,,,
6010.5,0.0,17848,493,1,,,
6011.0,0.0,17849,493,1,,,
6011.5,0.0,17851,495,1,,,
6012.0,0.0,17852,495,1,,,
6012.5,0.0,17854,497,1,,,
6013.0,0.0,17855,497,1,,,
6013.5,0.0,17857,498,1,,,
6014.0,0.0,17858,498,1,,,
6014.5,0.0,17860,499,1,,,
6015.0,0.0,17861,499,1,,,
6015.5,0.0,17863,501,1,,,
6016.0,0.0,17864,501,1,,,
6016.5,0.0,17866,499,1,,,
6017.0,0.0,17867,499,1,,,
6017.5,0.0,17869,498,1,,,
6018.0,0.0,17870,498,1,,,
6018.5,0.0,17872,498,1,,,
6019.0,0.0,17873,498,1,,,
6019.5,0.0,17875,497,1,,,
6020.0,0.0,17876,497,1,,,
6020.5,0.0,17878,497,1,,,
6021.0,0.0,17879,497,1,,,
6021.5,0.0,17881,499,1,,,
6022.0,0.0,17882,499,1,,,
6022.5,0.0,17884,502,1,,,
6023.0,0.0,17885,502,1,,,
6023.5,0.0,17887,502,1,,,
6024.0,0.0,17888,502,1,,,
6024.5,0.0,17890,503,1,,,
6025.0,0.0,17891,503,1,,,
6025.5,0.0,17893,502,1,,,
6026.0,0.0,17894,502,1,,,
6026.5,0.0,17896,502,1,,,
6027.0,0.0,17897,502,1,,,
6027.5,0.0,17899,499,1,,,
6028.0,0.0,17900,499,1,,,
6028.5,0.0,17902,499,1,,,
6029.0,0.0,17903,499,1,,,
6029.5,0.0,17905,498,1,,,
6030.0,0.0,17906,498,1,,,
6030.5,0.0,17908,499,1,,,
6031.0,0.0,17909,499,1,,,
6031.5,0.0,17911,501,1,,,
6032.0,0.0,17912,501,1,,,
6032.5,0.0,17914,502,1,,,
6033.0,0.0,17915,502,1,,,
6033.5,0.0,17917,502,1,,,
6034.0,0.0,17919,502,1,,,
6034.5,0.0,17920,503,1,,,
6035.0,0.0,17921,503,1,,,
6035.5,0.0,17923,502,1,,,
6036.0,0.0,17925,502,1,,,
6036.5,0.0,17926,499,1,,,
6037.0,0.0,17928,499,1,,,
6037.5,0.0,17929,499,1,,,
6038.0,0.0,17931,499,1,,,
6038.5,0.0,17932,499,1,,,
6039.0,0.0,17934,499,1,,,
6039.5,0.0,17935,499,1,,,
6040.0,0.0,17937,499,1,,,
6040.5,0.0,17938,502,1,,,
6041.0,0.0,17940,502,1,,,
6041.5,0.0,17941,503,1,,,
6042.0,0.0,17943,503,1,,,
6042.5,0.0,17944,504,1,,,
6043.0,0.0,17946,504,1,,,
6043.5,0.0,17947,504,1,,,
6044.0,0.0,17949,504,1,,,
6044.5,0.0,17950,504,1,,,
6045.0,0.0,17952,504,1,,,
6045.5,0.0,17953,503,1,,,
6046.0,0.0,17955,503,1,,,
6046.5,0.0,17956,503,1,,,
6047.0,0.0,17958,503,1,,,
6047.5,0.0,17959,503,1,,,
6048.0,0.0,17961,503,1,,,
6048.5,0.0,17962,503,1,,,
6049.0,0.0,17964,503,1,,,
6049.5,0.0,17966,504,1,,,
6050.0,0.0,17967,504,1,,,
6050.5,0.0,17969,505,1,,,
6051.0,0.0,17970,505,1,,,
6051.5,0.0,17972,508,1,,,
6052.0,0.0,17973,508,1,,,
6052.5,0.0,17975,507,1,,,
6053.0,0.0,17976,507,1,,,
6053.5,0.0,17978,508,1,,,
6054.0,0.0,17979,508,1,,,
6054.5,0.0,17981,507,1,,,
6055.0,0.0,17982,507,1,,,
6055.5,0.0,17984,505,1,,,
6056.0,0.0,17985,505,1,,,
6056.5,0.0,17987,504,1,,,
6057.0,0.0,17988,504,1,,,
6057.5,0.0,17990,504,1,,,
6058.0,0.0,17992,504,1,,,
6058.5,0.0,17993,504,1,,,
6059.0,0.0,17995,504,1,,,
6059.5,0.0,17996,505,1,,,
6060.0,0.0,17998,505,1,,,
6060.5,0.0,17999,508,1,,,
6061.0,0.0,18001,508,1,,,
6061.5,0.0,18002,507,1,,,
6062.0,0.0,18004,507,1,,,
6062.5,0.0,18005,508,1,,,
6063.0,0.0,18007,508,1,,,
6063.5,0.0,18008,507,1,,,
6064.0,0.0,18010,507,1,,,
6064.5,0.0,18011,505,1,,,
6065.0,0.0,18013,505,1,,,
6065.5,0.0,18014,503,1,,,
6066.0,0.0,18016,503,1,,,
6066.5,0.0,18017,504,1,,,
6067.0,0.0,18019,504,1,,,
6067.5,0.0,18020,504,1,,,
6068.0,0.0,18022,504,1,,,
6068.5,0.0,18024,505,1,,,
6069.0,0.0,18025,505,1,,,
6069.5,0.0,18027,507,1,,,
6070.0,0.0,18028,507,1,,,
6070.5,0.0,18030,509,1,,,
6071.0,0.0,18031,509,1,,,
6071.5,0.0,18033,508,1,,,
6072.0,0.0,18034,508,1,,,
6072.5,0.0,18036,507,1,,,
6073.0,0.0,18037,507,1,,,
6073.5,0.0,18039,505,1,,,
6074.0,0.0,18040,505,1,,,
6074.5,0.0,18042,504,1,,,
6075.0,0.0,18043,504,1,,,
6075.5,0.0,18045,502,1,,,
6076.0,0.0,18046,502,1,,,
6076.5,0.0,18048,503,1,,,
6077.0,0.0,18049,503,1,,,
6077.5,0.0,18051,503,1,,,
6078.0,0.0,18052,503,1,,,
6078.5,0.0,18054,504,1,,,
6079.0,0.0,18055,504,1,,,
6079.5,0.0,18057,505,1,,,
6080.0,0.0,18059,505,1,,,
6080.5,0.0,18060,507,1,,,
6081.0,0.0,18062,507,1,,,
6081.5,0.0,18063,505,1,,,
6082.0,0.0,18065,505,1,,,
6082.5,0.0,18066,505,1,,,
6083.0,0.0,18068,505,1,,,
6083.5,0.0,18069,503,1,,,
6084.0,0.0,18071,503,1,,,
6084.5,0.0,18072,502,1,,,
6085.0,0.0,18074,502,1,,,
6085.5,0.0,18075,502,1,,,
6086.0,0.0,18077,502,1,,,
6086.5,0.0,18078,502,1,,,
6087.0,0.0,18080,502,1,,,
6087.5,0.0,18081,504,1,,,
6088.0,0.0,18083,504,1,,,
6088.5,0.0,18084,505,1,,,
6089.0,0.0,18086,505,1,,,
6089.5,0.0,18087,507,1,,,
6090.0,0.0,18089,507,1,,,
6090.5,0.0,18090,505,1,,,
6091.0,0.0,18092,505,1,,,
6091.5,0.0,18093,505,1,,,
6092.0,0.0,18095,505,1,,,
6092.5,0.0,18096,502,1,,,
6093.0,0.0,18098,502,1,,,
6093.5,0.0,18099,502,1,,,
6094.0,0.0,18101,502,1,,,
6094.5,0.0,18103,501,1,,,
6095.0,0.0,18104,501,1,,,
6095.5,0.0,18106,501,1,,,
6096.0,0.0,18107,501,1,,,
6096.5,0.0,18109,501,1,,,
6097.0,0.0,18110,501,1,,,
6097.5,0.0,18112,502,1,,,
6098.0,0.0,18113,502,1,,,
6098.5,0.0,18115,502,1,,,
6099.0,0.0,18116,502,1,,,
6099.5,0.0,18118,502,1,,,
6100.0,0.0,18119,502,1,,,
6100.5,0.0,18121,501,1,,,
6101.0,0.0,18122,501,1,,,
6101.5,0.0,18124,499,1,,,
6102.0,0.0,18125,499,1,,,
6102.5,0.0,18127,498,1,,,
6103.0,0.0,18128,498,1,,,
6103.5,0.0,18130,497,1,,,
6104.0,0.0,18131,497,1,,,
6104.5,0.0,18133,497,1,,,
6105.0,0.0,18134,497,1,,,
6105.5,0.0,18136,497,1,,,
6106.0,0.0,18137,497,1,,,
6106.5,0.0,18139,498,1,,,
6107.0,0.0,18140,498,1,,,
6107.5,0.0,18142,498,1,,,
6108.0,0.0,18143,498,1,,,
6108.5,0.0,18145,499,1,,,
6109.0,0.0,18146,499,1,,,
6109.5,0.0,18148,498,1,,,
6110.0,0.0,18149,498,1,,,
6110.5,0.0,18151,497,1,,,
6111.0,0.0,18152,497,1,,,
6111.5,0.0,18154,495,1,,,
6112.0,0.0,18155,495,1,,,
6112.5,0.0,18156,495,1,,,
6113.0,0.0,18158,495,1,,,
6113.5,0.0,18159,493,1,,,
6114.0,0.0,18161,493,1,,,
6114.5,0.0,18162,493,1,,,
6115.0,0.0,18164,493,1,,,
6115.5,0.0,18165,495,1,,,
6116.0,0.0,18167,495,1,,,
6116.5,0.0,18169,497,1,,,
6117.0,0.0,18170,497,1,,,
6117.5,0.0,18171,497,1,,,
6118.0,0.0,18173,497,1,,,
6118.5,0.0,18175,497,1,,,
6119.0,0.0,18176,497,1,,,
6119.5,0.0,18178,497,1,,,
6120.0,0.0,18179,497,1,,,
6120.5,0.0,18180,496,1,,,
6121.0,0.0,18182,496,1,,,
6121.5,0.0,18183,493,1,,,
6122.0,0.0,18185,493,1,,,
6122.5,0.0,18186,493,1,,,
6123.0,0.0,18188,493,1,,,
6123.5,0.0,18189,493,1,,,
6124.0,0.0,18191,493,1,,,
6124.5,0.0,18192,493,1,,,
6125.0,0.0,18194,493,1,,,
6125.5,0.0,18195,495,1,,,
6126.0,0.0,18197,495,1,,,
6126.5,0.0,18198,497,1,,,
6127.0,0.0,18200,497,1,,,
6127.5,0.0,18201,497,1,,,
6128.0,0.0,18203,497,1,,,
6128.5,0.0,18204,496,1,,,
6129.0,0.0,18206,496,1,,,
6129.5,0.0,18207,496,1,,,
6130.0,0.0,18209,496,1,,,
6130.5,0.0,18210,495,1,,,
6131.0,0.0,18212,495,1,,,
6131.5,0.0,18213,492,1,,,
6132.0,0.0,18215,492,1,,,
6132.5,0.0,18216,492,1,,,
6133.0,0.0,18218,492,1,,,
6133.5,0.0,18219,493,1,,,
6134.0,0.0,18221,493,1,,,
6134.5,0.0,18222,493,1,,,
6135.0,0.0,18224,493,1,,,
6135.5,0.0,18225,496,1,,,
6136.0,0.0,18227,496,1,,,
6136.5,0.0,18228,498,1,,,
6137.0,0.0,18230,498,1,,,
6137.5,0.0,18231,498,1,,,
6138.0,0.0,18233,498,1,,,
6138.5,0.0,18234,497,1,,,
6139.0,0.0,18236,497,1,,,
6139.5,0.0,18237,497,1,,,
6140.0,0.0,18239,497,1,,,
6140.5,0.0,18240,495,1,,,
6141.0,0.0,18242,495,1,,,
6141.5,0.0,18243,495,1,,,
6142.0,0.0,18245,495,1,,,
6142.5,0.0,18246,496,1,,,
6143.0,0.0,18248,496,1,,,
6143.5,0.0,18249,497,1,,,
6144.0,0.0,18251,497,1,,,
6144.5,0.0,18252,498,1,,,
6145.0,0.0,18254,498,1,,,
6145.5,0.0,18255,501,1,,,
6146.0,0.0,18257,501,1,,,
6146.5,0.0,18258,501,1,,,
6147.0,0.0,18260,501,1,,,
6147.5,0.0,18261,501,1,,,
6148.0,0.0,18263,501,1,,,
6148.5,0.0,18264,501,1,,,
6149.0,0.0,18266,501,1,,,
6149.5,0.0,18267,499,1,,,
6150.0,0.0,18269,499,1,,,
6150.5,0.0,18270,499,1,,,
6151.0,0.0,18272,499,1,,,
6151.5,0.0,18273,499,1,,,
6152.0,0.0,18275,499,1,,,
6152.5,0.0,18276,499,1,,,
6153.0,0.0,18278,499,1,,,
6153.5,0.0,18279,502,1,,,
6154.0,0.0,18281,502,1,,,
6154.5,0.0,18282,504,1,,,
6155.0,0.0,18284,504,1,,,
6155.5,0.0,18286,505,1,,,
6156.0,0.0,18287,505,1,,,
6156.5,0.0,18289,507,1,,,
6157.0,0.0,18290,507,1,,,
6157.5,0.0,18292,507,1,,,
6158.0,0.0,18293,507,1,,,
6158.5,0.0,18295,505,1,,,
6159.0,0.0,18296,505,1,,,
6159.5,0.0,18298,504,1,,,
6160.0,0.0,18299,504,1,,,
6160.5,0.0,18301,504,1,,,
6161.0,0.0,18302,504,1,,,
6161.5,0.0,18304,504,1,,,
6162.0,0.0,18305,504,1,,,
6162.5,0.0,18307,505,1,,,
6163.0,0.0,18308,505,1,,,
6163.5,0.0,18310,508,1,,,
6164.0,0.0,18312,508,1,,,
6164.5,0.0,18313,509,1,,,
6165.0,0.0,18315,509,1,,,
6165.5,0.0,18316,509,1,,,
6166.0,0.0,18318,509,1,,,
6166.5,0.0,18319,509,1,,,
6167.0,0.0,18321,509,1,,,
6167.5,0.0,18322,509,1,,,
6168.0,0.0,18324,509,1,,,
6168.5,0.0,18325,507,1,,,
6169.0,0.0,18327,507,1,,,
6169.5,0.0,18328,507,1,,,
6170.0,0.0,18330,507,1,,,
6170.5,0.0,18331,508,1,,,
6171.0,0.0,18333,508,1,,,
6171.5,0.0,18334,508,1,,,
6172.0,0.0,18336,508,1,,,
6172.5,0.0,18338,508,1,,,
6173.0,0.0,18339,508,1,,,
6173.5,0.0,18341,510,1,,,
6174.0,0.0,18342,510,1,,,
6174.5,0.0,18344,510,1,,,
6175.0,0.0,18345,510,1,,,
6175.5,0.0,18347,509,1,,,
6176.0,0.0,18348,509,1,,,
6176.5,0.0,18350,509,1,,,
6177.0,0.0,18351,509,1,,,
6177.5,0.0,18353,508,1,,,
6178.0,0.0,18354,508,1,,,
6178.5,0.0,18356,507,1,,,
6179.0,0.0,18357,507,1,,,
6179.5,0.0,18359,507,1,,,
6180.0,0.0,18360,507,1,,,
6180.5,0.0,18362,507,1,,,
6181.0,0.0,18364,507,1,,,
6181.5,0.0,18365,508,1,,,
6182.0,0.0,18367,508,1,,,
6182.5,0.0,18368,510,1,,,
6183.0,0.0,18370,510,1,,,
6183.5,0.0,18371,510,1,,,
6184.0,0.0,18373,510,1,,,
6184.5,0.0,18374,511,1,,,
6185.0,0.0,18376,511,1,,,
6185.5,0.0,18377,510,1,,,
6186.0,0.0,18379,510,1,,,
6186.5,0.0,18380,509,1,,,
6187.0,0.0,18382,509,1,,,
6187.5,0.0,18384,508,1,,,
6188.0,0.0,18385,508,1,,,
6188.5,0.0,18387,508,1,,,
6189.0,0.0,18388,508,1,,,
6189.5,0.0,18390,508,1,,,
6190.0,0.0,18391,508,1,,,
6190.5,0.0,18393,509,1,,,
6191.0,0.0,18394,509,1,,,
6191.5,0.0,18396,510,1,,,
6192.0,0.0,18397,510,1,,,
6192.5,0.0,18399,511,1,,,
6193.0,0.0,18401,511,1,,,
6193.5,0.0,18402,512,1,,,
6194.0,0.0,18404,512,1,,,
6194.5,0.0,18405,511,1,,,
6195.0,0.0,18407,511,1,,,
6195.5,0.0,18408,510,1,,,
6196.0,0.0,18410,510,1,,,
6196.5,0.0,18411,509,1,,,
6197.0,0.0,18413,509,1,,,
6197.5,0.0,18414,509,1,,,
6198.0,0.0,18416,509,1,,,
6198.5,0.0,18417,508,1,,,
6199.0,0.0,18419,508,1,,,
6199.5,0.0,18420,508,1,,,
6200.0,0.0,18422,508,1,,,
6200.5,0.0,18424,510,1,,,
6201.0,0.0,18425,510,1,,,
6201.5,0.0,18427,511,1,,,
6202.0,0.0,18428,511,1,,,
6202.5,0.0,18430,510,1,,,
6203.0,0.0,18431,510,1,,,
6203.5,0.0,18433,510,1,,,
6204.0,0.0,18434,510,1,,,
6204.5,0.0,18436,510,1,,,
6205.0,0.0,18437,510,1,,,
6205.5,0.0,18439,508,1,,,
6206.0,0.0,18440,508,1,,,
6206.5,0.0,18442,507,1,,,
6207.0,0.0,18443,507,1,,,
6207.5,0.0,18445,508,1,,,
6208.0,0.0,18446,508,1,,,
6208.5,0.0,18448,508,1,,,
6209.0,0.0,18450,508,1,,,
6209.5,0.0,18451,508,1,,,
6210.0,0.0,18453,508,1,,,
6210.5,0.0,18454,509,1,,,
6211.0,0.0,18456,509,1,,,
6211.5,0.0,18457,510,1,,,
6212.0,0.0,18459,510,1,,,
6212.5,0.0,18460,508,1,,,
6213.0,0.0,18462,508,1,,,
6213.5,0.0,18463,508,1,,,
6214.0,0.0,18465,508,1,,,
6214.5,0.0,18466,505,1,,,
6215.0,0.0,18468,505,1,,,
6215.5,0.0,18469,505,1,,,
6216.0,0.0,18471,505,1,,,
6216.5,0.0,18472,503,1,,,
6217.0,0.0,18474,503,1,,,
6217.5,0.0,18475,503,1,,,
6218.0,0.0,18477,503,1,,,
6218.5,0.0,18479,503,1,,,
6219.0,0.0,18480,503,1,,,
6219.5,0.0,18482,505,1,,,
6220.0,0.0,18483,505,1,,,
6220.5,0.0,18485,505,1,,,
6221.0,0.0,18486,505,1,,,
6221.5,0.0,18488,504,1,,,
6222.0,0.0,18489,504,1,,,
6222.5,0.0,18491,504,1,,,
6223.0,0.0,18492,504,1,,,
6223.5,0.0,18494,503,1,,,
6224.0,0.0,18495,503,1,,,
6224.5,0.0,18497,501,1,,,
6225.0,0.0,18498,501,1,,,
6225.5,0.0,18500,499,1,,,
6226.0,0.0,18501,499,1,,,
6226.5,0.0,18503,501,1,,,
6227.0,0.0,18504,501,1,,,
6227.5,0.0,18506,501,1,,,
6228.0,0.0,18507,501,1,,,
6228.5,0.0,18509,501,1,,,
6229.0,0.0,18510,501,1,,,
6229.5,0.0,18512,502,1,,,
6230.0,0.0,18513,502,1,,,
6230.5,0.0,18515,502,1,,,
6231.0,0.0,18516,502,1,,,
6231.5,0.0,18518,501,1,,,
6232.0,0.0,18519,501,1,,,
6232.5,0.0,18521,499,1,,,
6233.0,0.0,18522,499,1,,,
6233.5,0.0,18524,498,1,,,
6234.0,0.0,18525,498,1,,,
6234.5,0.0,18527,497,1,,,
6235.0,0.0,18528,497,1,,,
6235.5,0.0,18530,496,1,,,
6236.0,0.0,18531,496,1,,,
6236.5,0.0,18533,496,1,,,
6237.0,0.0,18534,496,1,,,
6237.5,0.0,18536,497,1,,,
6238.0,0.0,18537,497,1,,,
6238.5,0.0,18539,497,1,,,
6239.0,0.0,18540,497,1,,,
6239.5,0.0,18542,498,1,,,
6240.0,0.0,18543,498,1,,,
6240.5,0.0,18545,498,1,,,
6241.0,0.0,18546,498,1,,,
6241.5,0.0,18548,498,1,,,
6242.0,0.0,18549,498,1,,,
6242.5,0.0,18551,496,1,,,
6243.0,0.0,18552,496,1,,,
6243.5,0.0,18554,496,1,,,
6244.0,0.0,18555,496,1,,,
6244.5,0.0,18557,495,1,,,
6245.0,0.0,18558,495,1,,,
6245.5,0.0,18560,495,1,,,
6246.0,0.0,18561,495,1,,,
6246.5,0.0,18563,496,1,,,
6247.0,0.0,18564,496,1,,,
6247.5,0.0,18566,497,1,,,
6248.0,0.0,18567,497,1,,,
6248.5,0.0,18569,498,1,,,
6249.0,0.0,18570,498,1,,,
6249.5,0.0,18572,499,1,,,
6250.0,0.0,18573,499,1,,,
6250.5,0.0,18575,499,1,,,
6251.0,0.0,18576,499,1,,,
6251.5,0.0,18578,498,1,,,
6252.0,0.0,18579,498,1,,,
6252.5,0.0,18581,497,1,,,
6253.0,0.0,18582,497,1,,,
6253.5,0.0,18584,496,1,,,
6254.0,0.0,18585,496,1,,,
6254.5,0.0,18587,495,1,,,
6255.0,0.0,18588,495,1,,,
6255.5,0.0,18590,496,1,,,
6256.0,0.0,18591,496,1,,,
6256.5,0.0,18593,496,1,,,
6257.0,0.0,18594,496,1,,,
6257.5,0.0,18596,498,1,,,
6258.0,0.0,18597,498,1,,,
6258.5,0.0,18599,499,1,,,
6259.0,0.0,18600,499,1,,,
6259.5,0.0,18602,499,1,,,
6260.0,0.0,18603,499,1,,,
6260.5,0.0,18605,499,1,,,
6261.0,0.0,18606,499,1,,,
6261.5,0.0,18608,498,1,,,
6262.0,0.0,18609,498,1,,,
6262.5,0.0,18611,497,1,,,
6263.0,0.0,18612,497,1,,,
6263.5,0.0,18614,497,1,,,
6264.0,0.0,18615,497,1,,,
6264.5,0.0,18617,498,1,,,
6265.0,0.0,18618,498,1,,,
6265.5,0.0,18620,497,1,,,
6266.0,0.0,18621,497,1,,,
6266.5,0.0,18623,499,1,,,
6267.0,0.0,18624,499,1,,,
6267.5,0.0,18626,502,1,,,
6268.0,0.0,18627,502,1,,,
6268.5,0.0,18629,502,1,,,
6269.0,0.0,18630,502,1,,,
6269.5,0.0,18632,502,1,,,
6270.0,0.0,18633,502,1,,,
6270.5,0.0,18635,502,1,,,
6271.0,0.0,18636,502,1,,,
6271.5,0.0,18638,501,1,,,
6272.0,0.0,18639,501,1,,,
6272.5,0.0,18641,499,1,,,
6273.0,0.0,18642,499,1,,,
6273.5,0.0,18644,499,1,,,
6274.0,0.0,18645,499,1,,,
6274.5,0.0,18647,501,1,,,
6275.0,0.0,18648,501,1,,,
6275.5,0.0,18650,502,1,,,
6276.0,0.0,18652,502,1,,,
6276.5,0.0,18653,504,1,,,
6277.0,0.0,18655,504,1,,,
6277.5,0.0,18656,504,1,,,
6278.0,0.0,18658,504,1,,,
6278.5,0.0,18659,504,1,,,
6279.0,0.0,18661,504,1,,,
6279.5,0.0,18662,504,1,,,
6280.0,0.0,18664,504,1,,,
6280.5,0.0,18665,503,1,,,
6281.0,0.0,18667,503,1,,,
6281.5,0.0,18668,502,1,,,
6282.0,0.0,18670,502,1,,,
6282.5,0.0,18671,502,1,,,
6283.0,0.0,18673,502,1,,,
6283.5,0.0,18674,503,1,,,
6284.0,0.0,18676,503,1,,,
6284.5,0.0,18677,503,1,,,
6285.0,0.0,18679,503,1,,,
6285.5,0.0,18680,505,1,,,
6286.0,0.0,18682,505,1,,,
6286.5,0.0,18684,507,1,,,
6287.0,0.0,18685,507,1,,,
6287.5,0.0,18687,507,1,,,
6288.0,0.0,18688,507,1,,,
6288.5,0.0,18690,507,1,,,
6289.0,0.0,18691,507,1,,,
6289.5,0.0,18693,505,1,,,
6290.0,0.0,18694,505,1,,,
6290.5,0.0,18696,503,1,,,
6291.0,0.0,18697,503,1,,,
6291.5,0.0,18699,503,1,,,
6292.0,0.0,18700,503,1,,,
6292.5,0.0,18702,504,1,,,
6293.0,0.0,18703,504,1,,,
6293.5,0.0,18705,504,1,,,
6294.0,0.0,18706,504,1,,,
6294.5,0.0,18708,505,1,,,
6295.0,0.0,18709,505,1,,,
6295.5,0.0,18711,508,1,,,
6296.0,0.0,18712,508,1,,,
6296.5,0.0,18714,507,1,,,
6297.0,0.0,18715,507,1,,,
6297.5,0.0,18717,507,1,,,
6298.0,0.0,18718,507,1,,,
6298.5,0.0,18720,505,1,,,
6299.0,0.0,18721,505,1,,,
6299.5,0.0,18723,503,1,,,
6300.0,0.0,18725,503,1,,,
6300.5,0.0,18726,503,1,,,
6301.0,0.0,18728,503,1,,,
6301.5,0.0,18729,503,1,,,
6302.0,0.0,18731,503,1,,,
6302.5,0.0,18732,503,1,,,
6303.0,0.0,18734,503,1,,,
6303.5,0.0,18735,504,1,,,
6304.0,0.0,18737,504,1,,,
6304.5,0.0,18738,508,1,,,
6305.0,0.0,18740,508,1,,,
6305.5,0.0,18741,508,1,,,
6306.0,0.0,18743,508,1,,,
6306.5,0.0,18744,508,1,,,
6307.0,0.0,18746,508,1,,,
6307.5,0.0,18747,507,1,,,
6308.0,0.0,18749,507,1,,,
6308.5,0.0,18750,507,1,,,
6309.0,0.0,18752,507,1,,,
6309.5,0.0,18754,503,1,,,
6310.0,0.0,18755,503,1,,,
6310.5,0.0,18757,503,1,,,
6311.0,0.0,18758,503,1,,,
6311.5,0.0,18760,504,1,,,
6312.0,0.0,18761,504,1,,,
6312.5,0.0,18763,505,1,,,
6313.0,0.0,18764,505,1,,,
6313.5,0.0,18766,505,1,,,
6314.0,0.0,18767,505,1,,,
6314.5,0.0,18769,508,1,,,
6315.0,0.0,18770,508,1,,,
6315.5,0.0,18772,508,1,,,
6316.0,0.0,18773,508,1,,,
6316.5,0.0,18775,507,1,,,
6317.0,0.0,18776,507,1,,,
6317.5,0.0,18778,505,1,,,
6318.0,0.0,18779,505,1,,,
6318.5,0.0,18781,504,1,,,
6319.0,0.0,18782,504,1,,,
6319.5,0.0,18784,504,1,,,
6320.0,0.0,18786,504,1,,,
6320.5,0.0,18787,504,1,,,
6321.0,0.0,18789,504,1,,,
6321.5,0.0,18790,505,1,,,
6322.0,0.0,18792,505,1,,,
6322.5,0.0,18793,507,1,,,
6323.0,0.0,18795,507,1,,,
6323.5,0.0,18796,508,1,,,
6324.0,0.0,18798,508,1,,,
6324.5,0.0,18799,508,1,,,
6325.0,0.0,18801,508,1,,,
6325.5,0.0,18802,507,1,,,
6326.0,0.0,18804,507,1,,,
6326.5,0.0,18805,505,1,,,
6327.0,0.0,18807,505,1,,,
6327.5,0.0,18808,504,1,,,
6328.0,0.0,18810,504,1,,,
6328.5,0.0,18811,503,1,,,
6329.0,0.0,18813,503,1,,,
6329.5,0.0,18814,503,1,,,
6330.0,0.0,18816,503,1,,,
6330.5,0.0,18818,504,1,,,
6331.0,0.0,18819,504,1,,,
6331.5,0.0,18821,504,1,,,
6332.0,0.0,18822,504,1,,,
6332.5,0.0,18824,507,1,,,
6333.0,0.0,18825,507,1,,,
6333.5,0.0,18827,508,1,,,
6334.0,0.0,18828,508,1,,,
6334.5,0.0,18830,507,1,,,
6335.0,0.0,18831,507,1,,,
6335.5,0.0,18833,507,1,,,
6336.0,0.0,18834,507,1,,,
6336.5,0.0,18836,505,1,,,
6337.0,0.0,18837,505,1,,,
6337.5,0.0,18839,503,1,,,
6338.0,0.0,18840,503,1,,,
6338.5,0.0,18842,503,1,,,
6339.0,0.0,18843,503,1,,,
6339.5,0.0,18845,503,1,,,
6340.0,0.0,18846,503,1,,,
6340.5,0.0,18848,503,1,,,
6341.0,0.0,18850,503,1,,,
6341.5,0.0,18851,505,1,,,
6342.0,0.0,18853,505,1,,,
6342.5,0.0,18854,507,1,,,
6343.0,0.0,18856,507,1,,,
6343.5,0.0,18857,505,1,,,
6344.0,0.0,18859,505,1,,,
6344.5,0.0,18860,505,1,,,
6345.0,0.0,18862,505,1,,,
6345.5,0.0,18863,503,1,,,
6346.0,0.0,18865,503,1,,,
6346.5,0.0,18866,501,1,,,
6347.0,0.0,18868,501,1,,,
6347.5,0.0,18869,499,1,,,
6348.0,0.0,18871,499,1,,,
6348.5,0.0,18872,499,1,,,
6349.0,0.0,18874,499,1,,,
6349.5,0.0,18875,499,1,,,
6350.0,0.0,18877,499,1,,,
6350.5,0.0,18878,501,1,,,
6351.0,0.0,18880,501,1,,,
6351.5,0.0,18881,502,1,,,
6352.0,0.0,18883,502,1,,,
6352.5,0.0,18884,502,1,,,
6353.0,0.0,18886,502,1,,,
6353.5,0.0,18887,501,1,,,
6354.0,0.0,18889,501,1,,,
6354.5,0.0,18890,499,1,,,
6355.0,0.0,18892,499,1,,,
6355.5,0.0,18893,497,1,,,
6356.0,0.0,18895,497,1,,,
6356.5,0.0,18896,496,1,,,
6357.0,0.0,18898,496,1,,,
6357.5,0.0,18899,495,1,,,
6358.0,0.0,18901,495,1,,,
6358.5,0.0,18902,495,1,,,
6359.0,0.0,18904,495,1,,,
6359.5,0.0,18905,495,1,,,
6360.0,0.0,18907,495,1,,,
6360.5,0.0,18908,496,1,,,
6361.0,0.0,18910,496,1,,,
6361.5,0.0,18911,497,1,,,
6362.0,0.0,18913,497,1,,,
6362.5,0.0,18914,497,1,,,
6363.0,0.0,18916,497,1,,,
6363.5,0.0,18917,496,1,,,
6364.0,0.0,18919,496,1,,,
6364.5,0.0,18920,495,1,,,
6365.0,0.0,18922,495,1,,,
6365.5,0.0,18923,493,1,,,
6366.0,0.0,18925,493,1,,,
6366.5,0.0,18926,492,1,,,
6367.0,0.0,18928,492,1,,,
6367.5,0.0,18929,492,1,,,
6368.0,0.0,18931,492,1,,,
6368.5,0.0,18932,493,1,,,
6369.0,0.0,18934,493,1,,,
6369.5,0.0,18935,495,1,,,
6370.0,0.0,18937,495,1,,,
6370.5,0.0,18938,496,1,,,
6371.0,0.0,18940,496,1,,,
6371.5,0.0,18941,497,1,,,
6372.0,0.0,18943,497,1,,,
6372.5,0.0,18944,497,1,,,
6373.0,0.0,18945,497,1,,,
6373.5,0.0,18947,496,1,,,
6374.0,0.0,18948,496,1,,,
6374.5,0.0,18950,495,1,,,
6375.0,0.0,18951,495,1,,,
6375.5,0.0,18953,493,1,,,
6376.0,0.0,18954,493,1,,,
6376.5,0.0,18956,492,1,,,
6377.0,0.0,18957,492,1,,,
6377.5,0.0,18959,492,1,,,
6378.0,0.0,18960,492,1,,,
6378.5,0.0,18962,495,1,,,
6379.0,0.0,18963,495,1,,,
6379.5,0.0,18965,496,1,,,
6380.0,0.0,18966,496,1,,,
6380.5,0.0,18968,499,1,,,
6381.0,0.0,18969,499,1,,,
6381.5,0.0,18971,499,1,,,
6382.0,0.0,18972,499,1,,,
6382.5,0.0,18974,499,1,,,
6383.0,0.0,18975,499,1,,,
6383.5,0.0,18977,497,1,,,
6384.0,0.0,18978,497,1,,,
6384.5,0.0,18980,497,1,,,
6385.0,0.0,18981,497,1,,,
6385.5,0.0,18983,495,1,,,
6386.0,0.0,18984,495,1,,,
6386.5,0.0,18986,495,1,,,
6387.0,0.0,18987,495,1,,,
6387.5,0.0,18989,496,1,,,
6388.0,0.0,18990,496,1,,,
6388.5,0.0,18992,497,1,,,
6389.0,0.0,18993,497,1,,,
6389.5,0.0,18995,498,1,,,
6390.0,0.0,18996,498,1,,,
6390.5,0.0,18998,499,1,,,
6391.0,0.0,18999,499,1,,,
6391.5,0.0,19001,501,1,,,
6392.0,0.0,19002,501,1,,,
6392.5,0.0,19004,499,1,,,
6393.0,0.0,19005,499,1,,,
6393.5,0.0,19007,499,1,,,
6394.0,0.0,19008,499,1,,,
6394.5,0.0,19010,497,1,,,
6395.0,0.0,19011,497,1,,,
6395.5,0.0,19013,497,1,,,
6396.0,0.0,19014,497,1,,,
6396.5,0.0,19016,497,1,,,
6397.0,0.0,19017,497,1,,,
6397.5,0.0,19019,497,1,,,
6398.0,0.0,19020,497,1,,,
6398.5,0.0,19022,498,1,,,
6399.0,0.0,19023,498,1,,,
6399.5,0.0,19025,502,1,,,
6400.0,0.0,19026,502,1,,,
6400.5,0.0,19028,501,1,,,
6401.0,0.0,19029,501,1,,,
6401.5,0.0,19031,501,1,,,
6402.0,0.0,19032,501,1,,,
6402.5,0.0,19034,501,1,,,
6403.0,0.0,19035,501,1,,,
6403.5,0.0,19037,499,1,,,
6404.0,0.0,19039,499,1,,,
6404.5,0.0,19040,497,1,,,
6405.0,0.0,19042,497,1,,,
6405.5,0.0,19043,498,1,,,
6406.0,0.0,19045,498,1,,,
6406.5,0.0,19046,498,1,,,
6407.0,0.0,19048,498,1,,,
6407.5,0.0,19049,501,1,,,
6408.0,0.0,19051,501,1,,,
6408.5,0.0,19052,502,1,,,
6409.0,0.0,19054,502,1,,,
6409.5,0.0,19055,503,1,,,
6410.0,0.0,19057,503,1,,,
6410.5,0.0,19058,503,1,,,
6411.0,0.0,19060,503,1,,,
6411.5,0.0,19061,503,1,,,
6412.0,0.0,19063,503,1,,,
6412.5,0.0,19064,501,1,,,
6413.0,0.0,19066,501,1,,,
6413.5,0.0,19067,501,1,,,
6414.0,0.0,19069,501,1,,,
6414.5,0.0,19070,501,1,,,
6415.0,0.0,19072,501,1,,,
6415.5,0.0,19073,502,1,,,
6416.0,0.0,19075,502,1,,,
6416.5,0.0,19076,502,1,,,
6417.0,0.0,19078,502,1,,,
6417.5,0.0,19079,504,1,,,
6418.0,0.0,19081,504,1,,,
6418.5,0.0,19082,505,1,,,
6419.0,0.0,19084,505,1,,,
6419.5,0.0,19085,505,1,,,
6420.0,0.0,19087,505,1,,,
6420.5,0.0,19089,504,1,,,
6421.0,0.0,19090,504,1,,,
6421.5,0.0,19092,504,1,,,
6422.0,0.0,19093,504,1,,,
6422.5,0.0,19095,502,1,,,
6423.0,0.0,19096,502,1,,,
6423.5,0.0,19098,502,1,,,
6424.0,0.0,19099,502,1,,,
6424.5,0.0,19101,503,1,,,
6425.0,0.0,19102,503,1,,,
6425.5,0.0,19104,503,1,,,
6426.0,0.0,19105,503,1,,,
6426.5,0.0,19107,505,1,,,
6427.0,0.0,19108,505,1,,,
6427.5,0.0,19110,507,1,,,
6428.0,0.0,19111,507,1,,,
6428.5,0.0,19113,507,1,,,
6429.0,0.0,19114,507,1,,,
6429.5,0.0,19116,507,1,,,
6430.0,0.0,19117,507,1,,,
6430.5,0.0,19119,507,1,,,
6431.0,0.0,19120,507,1,,,
6431.5,0.0,19122,504,1,,,
6432.0,0.0,19124,504,1,,,
6432.5,0.0,19125,505,1,,,
6433.0,0.0,19127,505,1,,,
6433.5,0.0,19128,504,1,,,
6434.0,0.0,19130,504,1,,,
6434.5,0.0,19131,504,1,,,
6435.0,0.0,19133,504,1,,,
6435.5,0.0,19134,505,1,,,
6436.0,0.0,19136,505,1,,,
6436.5,0.0,19137,507,1,,,
6437.0,0.0,19139,507,1,,,
6437.5,0.0,19140,507,1,,,
6438.0,0.0,19142,507,1,,,
6438.5,0.0,19143,508,1,,,
6439.0,0.0,19145,508,1,,,
6439.5,0.0,19146,507,1,,,
6440.0,0.0,19148,507,1,,,
6440.5,0.0,19149,504,1,,,
6441.0,0.0,19151,504,1,,,
6441.5,0.0,19153,504,1,,,
6442.0,0.0,19154,504,1,,,
6442.5,0.0,19156,503,1,,,
6443.0,0.0,19157,503,1,,,
6443.5,0.0,19159,503,1,,,
6444.0,0.0,19160,503,1,,,
6444.5,0.0,19162,504,1,,,
6445.0,0.0,19163,504,1,,,
6445.5,0.0,19165,507,1,,,
6446.0,0.0,19166,507,1,,,
6446.5,0.0,19168,507,1,,,
6447.0,0.0,19169,507,1,,,
6447.5,0.0,19171,507,1,,,
6448.0,0.0,19172,507,1,,,
6448.5,0.0,19174,505,1,,,
6449.0,0.0,19175,505,1,,,
6449.5,0.0,19177,504,1,,,
6450.0,0.0,19178,504,1,,,
6450.5,0.0,19180,502,1,,,
6451.0,0.0,19181,502,1,,,
6451.5,0.0,19183,501,1,,,
6452.0,0.0,19184,501,1,,,
6452.5,0.0,19186,501,1,,,
6453.0,0.0,19187,501,1,,,
6453.5,0.0,19189,501,1,,,
6454.0,0.0,19190,501,1,,,
6454.5,0.0,19192,502,1,,,
6455.0,0.0,19193,502,1,,,
6455.5,0.0,19195,503,1,,,
6456.0,0.0,19196,503,1,,,
6456.5,0.0,19198,503,1,,,
6457.0,0.0,19200,503,1,,,
6457.5,0.0,19201,503,1,,,
6458.0,0.0,19203,503,1,,,
6458.5,0.0,19204,502,1,,,
6459.0,0.0,19206,502,1,,,
6459.5,0.0,19207,499,1,,,
6460.0,0.0,19209,499,1,,,
6460.5,0.0,19210,499,1,,,
6461.0,0.0,19212,499,1,,,
6461.5,0.0,19213,498,1,,,
6462.0,0.0,19215,498,1,,,
6462.5,0.0,19216,498,1,,,
6463.0,0.0,19218,498,1,,,
6463.5,0.0,19219,498,1,,,
6464.0,0.0,19221,498,1,,,
6464.5,0.0,19222,499,1,,,
6465.0,0.0,19224,499,1,,,
6465.5,0.0,19225,499,1,,,
6466.0,0.0,19227,499,1,,,
6466.5,0.0,19228,499,1,,,
6467.0,0.0,19230,499,1,,,
6467.5,0.0,19231,498,1,,,
6468.0,0.0,19232,498,1,,,
6468.5,0.0,19234,497,1,,,
6469.0,0.0,19235,497,1,,,
6469.5,0.0,19237,495,1,,,
6470.0,0.0,19238,495,1,,,
6470.5,0.0,19240,493,1,,,
6471.0,0.0,19242,493,1,,,
6471.5,0.0,19243,495,1,,,
6472.0,0.0,19244,495,1,,,
6472.5,0.0,19246,493,1,,,
6473.0,0.0,19247,493,1,,,
6473.5,0.0,19249,496,1,,,
6474.0,0.0,19250,496,1,,,
6474.5,0.0,19252,497,1,,,
6475.0,0.0,19253,497,1,,,
6475.5,0.0,19255,497,1,,,
6476.0,0.0,19256,497,1,,,
6476.5,0.0,19258,496,1,,,
6477.0,0.0,19259,496,1,,,
6477.5,0.0,19261,496,1,,,
6478.0,0.0,19262,496,1,,,
6478.5,0.0,19264,495,1,,,
6479.0,0.0,19265,495,1,,,
6479.5,0.0,19267,493,1,,,
6480.0,0.0,19268,493,1,,,
6480.5,0.0,19270,493,1,,,
6481.0,0.0,19271,493,1,,,
6481.5,0.0,19273,493,1,,,
6482.0,0.0,19274,493,1,,,
6482.5,0.0,19276,495,1,,,
6483.0,0.0,19277,495,1,,,
6483.5,0.0,19279,496,1,,,
6484.0,0.0,19280,496,1,,,
6484.5,0.0,19282,497,1,,,
6485.0,0.0,19283,497,1,,,
6485.5,0.0,19285,497,1,,,
6486.0,0.0,19286,497,1,,,
6486.5,0.0,19288,497,1,,,
6487.0,0.0,19289,497,1,,,
6487.5,0.0,19291,497,1,,,
6488.0,0.0,19292,497,1,,,
6488.5,0.0,19294,495,1,,,
6489.0,0.0,19295,495,1,,,
6489.5,0.0,19297,495,1,,,
6490.0,0.0,19298,495,1,,,
6490.5,0.0,19300,495,1,,,
6491.0,0.0,19301,495,1,,,
6491.5,0.0,19303,495,1,,,
6492.0,0.0,19304,495,1,,,
6492.5,0.0,19306,496,1,,,
6493.0,0.0,19307,496,1,,,
6493.5,0.0,19309,498,1,,,
6494.0,0.0,19310,498,1,,,
6494.5,0.0,19312,499,1,,,
6495.0,0.0,19313,499,1,,,
6495.5,0.0,19315,498,1,,,
6496.0,0.0,19316,498,1,,,
6496.5,0.0,19318,499,1,,,
6497.0,0.0,19319,499,1,,,
6497.5,0.0,19321,497,1,,,
6498.0,0.0,19322,497,1,,,
6498.5,0.0,19324,496,1,,,
6499.0,0.0,19325,496,1,,,
6499.5,0.0,19327,495,1,,,
6500.0,0.0,19328,495,1,,,
6500.5,0.0,19330,497,1,,,
6501.0,0.0,19331,497,1,,,
6501.5,0.0,19333,497,1,,,
6502.0,0.0,19334,497,1,,,
6502.5,0.0,19336,498,1,,,
6503.0,0.0,19337,498,1,,,
6503.5,0.0,19339,499,1,,,
6504.0,0.0,19340,499,1,,,
6504.5,0.0,19342,501,1,,,
6505.0,0.0,19343,501,1,,,
6505.5,0.0,19345,499,1,,,
6506.0,0.0,19346,499,1,,,
6506.5,0.0,19348,498,1,,,
6507.0,0.0,19349,498,1,,,
6507.5,0.0,19351,498,1,,,
6508.0,0.0,19352,498,1,,,
6508.5,0.0,19354,498,1,,,
6509.0,0.0,19355,498,1,,,
6509.5,0.0,19357,498,1,,,
6510.0,0.0,19358,498,1,,,
6510.5,0.0,19360,498,1,,,
6511.0,0.0,19361,498,1,,,
6511.5,0.0,19363,501,1,,,
6512.0,0.0,19364,501,1,,,
6512.5,0.0,19366,503,1,,,
6513.0,0.0,19367,503,1,,,
6513.5,0.0,19369,503,1,,,
6514.0,0.0,19370,503,1,,,
6514.5,0.0,19372,503,1,,,
6515.0,0.0,19374,503,1,,,
6515.5,0.0,19375,504,1,,,
6516.0,0.0,19377,504,1,,,
6516.5,0.0,19378,503,1,,,
6517.0,0.0,19380,503,1,,,
6517.5,0.0,19381,503,1,,,
6518.0,0.0,19383,503,1,,,
6518.5,0.0,19384,504,1,,,
6519.0,0.0,19386,504,1,,,
6519.5,0.0,19387,504,1,,,
6520.0,0.0,19389,504,1,,,
6520.5,0.0,19390,507,1,,,
6521.0,0.0,19392,507,1,,,
6521.5,0.0,19393,509,1,,,
6522.0,0.0,19395,509,1,,,
6522.5,0.0,19396,509,1,,,
6523.0,0.0,19398,509,1,,,
6523.5,0.0,19400,510,1,,,
6524.0,0.0,19401,510,1,,,
6524.5,0.0,19403,510,1,,,
6525.0,0.0,19404,510,1,,,
6525.5,0.0,19406,509,1,,,
6526.0,0.0,19407,509,1,,,
6526.5,0.0,19409,507,1,,,
6527.0,0.0,19410,507,1,,,
6527.5,0.0,19412,508,1,,,
6528.0,0.0,19413,508,1,,,
6528.5,0.0,19415,507,1,,,
6529.0,0.0,19416,507,1,,,
6529.5,0.0,19418,508,1,,,
6530.0,0.0,19420,508,1,,,
6530.5,0.0,19421,509,1,,,
6531.0,0.0,19423,509,1,,,
6531.5,0.0,19424,511,1,,,
6532.0,0.0,19426,511,1,,,
6532.5,0.0,19427,510,1,,,
6533.0,0.0,19429,510,1,,,
6533.5,0.0,19430,510,1,,,
6534.0,0.0,19432,510,1,,,
6534.5,0.0,19433,510,1,,,
6535.0,0.0,19435,510,1,,,
6535.5,0.0,19436,508,1,,,
6536.0,0.0,19438,508,1,,,
6536.5,0.0,19439,508,1,,,
6537.0,0.0,19441,508,1,,,
6537.5,0.0,19443,508,1,,,
6538.0,0.0,19444,508,1,,,
6538.5,0.0,19446,509,1,,,
6539.0,0.0,19447,509,1,,,
6539.5,0.0,19449,510,1,,,
6540.0,0.0,19450,510,1,,,
6540.5,0.0,19452,512,1,,,
6541.0,0.0,19453,512,1,,,
6541.5,0.0,19455,511,1,,,
6542.0,0.0,19456,511,1,,,
6542.5,0.0,19458,512,1,,,
6543.0,0.0,19459,512,1,,,
6543.5,0.0,19461,510,1,,,
6544.0,0.0,19462,510,1,,,
6544.5,0.0,19464,509,1,,,
6545.0,0.0,19466,509,1,,,
6545.5,0.0,19467,509,1,,,
6546.0,0.0,19469,509,1,,,
6546.5,0.0,19470,510,1,,,
6547.0,0.0,19472,510,1,,,
6547.5,0.0,19473,510,1,,,
6548.0,0.0,19475,510,1,,,
6548.5,0.0,19476,512,1,,,
6549.0,0.0,19478,512,1,,,
6549.5,0.0,19480,514,1,,,
6550.0,0.0,19481,514,1,,,
6550.5,0.0,19483,514,1,,,
6551.0,0.0,19484,514,1,,,
6551.5,0.0,19486,514,1,,,
6552.0,0.0,19487,514,1,,,
6552.5,0.0,19489,512,1,,,
6553.0,0.0,19490,512,1,,,
6553.5,0.0,19492,512,1,,,
6554.0,0.0,19493,512,1,,,
6554.5,0.0,19495,511,1,,,
6555.0,0.0,19496,511,1,,,
6555.5,0.0,19498,511,1,,,
6556.0,0.0,19500,511,1,,,
6556.5,0.0,19501,511,1,,,
6557.0,0.0,19503,511,1,,,
6557.5,0.0,19504,514,1,,,
6558.0,0.0,19506,514,1,,,
6558.5,0.0,19507,515,1,,,
6559.0,0.0,19509,515,1,,,
6559.5,0.0,19510,516,1,,,
6560.0,0.0,19512,516,1,,,
6560.5,0.0,19514,516,1,,,
6561.0,0.0,19515,516,1,,,
6561.5,0.0,19517,516,1,,,
6562.0,0.0,19518,516,1,,,
6562.5,0.0,19520,514,1,,,
6563.0,0.0,19521,514,1,,,
6563.5,0.0,19523,511,1,,,
6564.0,0.0,19524,511,1,,,
6564.5,0.0,19526,512,1,,,
6565.0,0.0,19528,512,1,,,
6565.5,0.0,19529,512,1,,,
6566.0,0.0,19531,512,1,,,
6566.5,0.0,19532,512,1,,,
6567.0,0.0,19534,512,1,,,
6567.5,0.0,19535,514,1,,,
6568.0,0.0,19537,514,1,,,
6568.5,0.0,19538,516,1,,,
6569.0,0.0,19540,516,1,,,
6569.5,0.0,19541,514,1,,,
6570.0,0.0,19543,514,1,,,
6570.5,0.0,19545,514,1,,,
6571.0,0.0,19546,514,1,,,
6571.5,0.0,19548,512,1,,,
6572.0,0.0,19549,512,1,,,
6572.5,0.0,19551,511,1,,,
6573.0,0.0,19552,511,1,,,
6573.5,0.0,19554,509,1,,,
6574.0,0.0,19555,509,1,,,
6574.5,0.0,19557,510,1,,,
6575.0,0.0,19558,510,1,,,
6575.5,0.0,19560,510,1,,,
6576.0,0.0,19561,510,1,,,
6576.5,0.0,19563,511,1,,,
6577.0,0.0,19565,511,1,,,
6577.5,0.0,19566,512,1,,,
6578.0,0.0,19568,512,1,,,
6578.5,0.0,19569,512,1,,,
6579.0,0.0,19571,512,1,,,
6579.5,0.0,19572,511,1,,,
6580.0,0.0,19574,511,1,,,
6580.5,0.0,19575,510,1,,,
6581.0,0.0,19577,510,1,,,
6581.5,0.0,19578,508,1,,,
6582.0,0.0,19580,508,1,,,
6582.5,0.0,19581,507,1,,,
6583.0,0.0,19583,507,1,,,
6583.5,0.0,19584,505,1,,,
6584.0,0.0,19586,505,1,,,
6584.5,0.0,19587,507,1,,,
6585.0,0.0,19589,507,1,,,
6585.5,0.0,19591,507,1,,,
6586.0,0.0,19592,507,1,,,
6586.5,0.0,19594,508,1,,,
6587.0,0.0,19595,508,1,,,
6587.5,0.0,19597,508,1,,,
6588.0,0.0,19598,508,1,,,
6588.5,0.0,19600,508,1,,,
6589.0,0.0,19601,508,1,,,
6589.5,0.0,19603,504,1,,,
6590.0,0.0,19604,504,1,,,
6590.5,0.0,19606,503,1,,,
6591.0,0.0,19607,503,1,,,
6591.5,0.0,19609,502,1,,,
6592.0,0.0,19610,502,1,,,
6592.5,0.0,19612,501,1,,,
6593.0,0.0,19613,501,1,,,
6593.5,0.0,19615,501,1,,,
6594.0,0.0,19616,501,1,,,
6594.5,0.0,19618,502,1,,,
6595.0,0.0,19619,502,1,,,
6595.5,0.0,19621,503,1,,,
6596.0,0.0,19622,503,1,,,
6596.5,0.0,19624,503,1,,,
6597.0,0.0,19625,503,1,,,
6597.5,0.0,19627,502,1,,,
6598.0,0.0,19628,502,1,,,
6598.5,0.0,19630,502,1,,,
6599.0,0.0,19631,502,1,,,
6599.5,0.0,19633,499,1,,,
6600.0,0.0,19634,499,1,,,
6600.5,0.0,19636,497,1,,,
6601.0,0.0,19637,497,1,,,
6601.5,0.0,19639,497,1,,,
6602.0,0.0,19640,497,1,,,
6602.5,0.0,19642,497,1,,,
6603.0,0.0,19643,497,1,,,
6603.5,0.0,19645,497,1,,,
6604.0,0.0,19646,497,1,,,
6604.5,0.0,19648,499,1,,,
6605.0,0.0,19649,499,1,,,
6605.5,0.0,19651,501,1,,,
6606.0,0.0,19652,501,1,,,
6606.5,0.0,19654,499,1,,,
6607.0,0.0,19655,499,1,,,
6607.5,0.0,19657,501,1,,,
6608.0,0.0,19658,501,1,,,
6608.5,0.0,19660,498,1,,,
6609.0,0.0,19661,498,1,,,
6609.5,0.0,19663,497,1,,,
6610.0,0.0,19664,497,1,,,
6610.5,0.0,19666,496,1,,,
6611.0,0.0,19667,496,1,,,
6611.5,0.0,19669,497,1,,,
6612.0,0.0,19670,497,1,,,
6612.5,0.0,19672,496,1,,,
6613.0,0.0,19673,496,1,,,
6613.5,0.0,19675,498,1,,,
6614.0,0.0,19676,498,1,,,
6614.5,0.0,19678,499,1,,,
6615.0,0.0,19679,499,1,,,
6615.5,0.0,19681,499,1,,,
6616.0,0.0,19682,499,1,,,
6616.5,0.0,19684,499,1,,,
6617.0,0.0,19685,499,1,,,
6617.5,0.0,19687,499,1,,,
6618.0,0.0,19688,499,1,,,
6618.5,0.0,19690,497,1,,,
6619.0,0.0,19691,497,1,,,
6619.5,0.0,19693,496,1,,,
6620.0,0.0,19694,496,1,,,
6620.5,0.0,19696,496,1,,,
6621.0,0.0,19697,496,1,,,
6621.5,0.0,19699,495,1,,,
6622.0,0.0,19700,495,1,,,
6622.5,0.0,19702,495,1,,,
6623.0,0.0,19703,495,1,,,
6623.5,0.0,19705,497,1,,,
6624.0,0.0,19706,497,1,,,
6624.5,0.0,19708,498,1,,,
6625.0,0.0,19709,498,1,,,
6625.5,0.0,19711,499,1,,,
6626.0,0.0,19712,499,1,,,
6626.5,0.0,19714,499,1,,,
6627.0,0.0,19715,499,1,,,
6627.5,0.0,19717,498,1,,,
6628.0,0.0,19718,498,1,,,
6628.5,0.0,19720,497,1,,,
6629.0,0.0,19721,497,1,,,
6629.5,0.0,19723,496,1,,,
6630.0,0.0,19724,496,1,,,
6630.5,0.0,19726,495,1,,,
6631.0,0.0,19727,495,1,,,
6631.5,0.0,19729,495,1,,,
6632.0,0.0,19730,495,1,,,
6632.5,0.0,19732,497,1,,,
6633.0,0.0,19733,497,1,,,
6633.5,0.0,19735,498,1,,,
6634.0,0.0,19736,498,1,,,
6634.5,0.0,19738,498,1,,,
6635.0,0.0,19739,498,1,,,
6635.5,0.0,19741,498,1,,,
6636.0,0.0,19742,498,1,,,
6636.5,0.0,19744,499,1,,,
6637.0,0.0,19745,499,1,,,
6637.5,0.0,19747,497,1,,,
6638.0,0.0,19748,497,1,,,
6638.5,0.0,19750,496,1,,,
6639.0,0.0,19751,496,1,,,
6639.5,0.0,19753,497,1,,,
6640.0,0.0,19754,497,1,,,
6640.5,0.0,19756,498,1,,,
6641.0,0.0,19757,498,1,,,
6641.5,0.0,19759,497,1,,,
6642.0,0.0,19760,497,1,,,
6642.5,0.0,19762,501,1,,,
6643.0,0.0,19764,501,1,,,
6643.5,0.0,19765,502,1,,,
6644.0,0.0,19767,502,1,,,
6644.5,0.0,19768,502,1,,,
6645.0,0.0,19770,502,1,,,
6645.5,0.0,19771,501,1,,,
6646.0,0.0,19773,501,1,,,
6646.5,0.0,19774,501,1,,,
6647.0,0.0,19776,501,1,,,
6647.5,0.0,19777,499,1,,,
6648.0,0.0,19779,499,1,,,
6648.5,0.0,19780,498,1,,,
6649.0,0.0,19782,498,1,,,
6649.5,0.0,19783,498,1,,,
6650.0,0.0,19785,498,1,,,
6650.5,0.0,19786,499,1,,,
6651.0,0.0,19788,499,1,,,
6651.5,0.0,19789,501,1,,,
6652.0,0.0,19791,501,1,,,
6652.5,0.0,19792,502,1,,,
6653.0,0.0,19794,502,1,,,
6653.5,0.0,19795,502,1,,,
6654.0,0.0,19797,502,1,,,
6654.5,0.0,19798,502,1,,,
6655.0,0.0,19800,502,1,,,
6655.5,0.0,19801,502,1,,,
6656.0,0.0,19803,502,1,,,
6656.5,0.0,19804,501,1,,,
6657.0,0.0,19806,501,1,,,
6657.5,0.0,19807,499,1,,,
6658.0,0.0,19809,499,1,,,
6658.5,0.0,19810,501,1,,,
6659.0,0.0,19812,501,1,,,
6659.5,0.0,19813,501,1,,,
6660.0,0.0,19815,501,1,,,
6660.5,0.0,19816,502,1,,,
6661.0,0.0,19818,502,1,,,
6661.5,0.0,19819,504,1,,,
6662.0,0.0,19821,504,1,,,
6662.5,0.0,19823,505,1,,,
6663.0,0.0,19824,505,1,,,
6663.5,0.0,19826,505,1,,,
6664.0,0.0,19827,505,1,,,
6664.5,0.0,19829,505,1,,,
6665.0,0.0,19830,505,1,,,
6665.5,0.0,19832,504,1,,,
6666.0,0.0,19833,504,1,,,
6666.5,0.0,19835,503,1,,,
6667.0,0.0,19836,503,1,,,
6667.5,0.0,19838,502,1,,,
6668.0,0.0,19839,502,1,,,
6668.5,0.0,19841,503,1,,,
6669.0,0.0,19842,503,1,,,
6669.5,0.0,19844,503,1,,,
6670.0,0.0,19845,503,1,,,
6670.5,0.0,19847,504,1,,,
6671.0,0.0,19848,504,1,,,
6671.5,0.0,19850,505,1,,,
6672.0,0.0,19851,505,1,,,
6672.5,0.0,19853,507,1,,,
6673.0,0.0,19854,507,1,,,
6673.5,0.0,19856,505,1,,,
6674.0,0.0,19857,505,1,,,
6674.5,0.0,19859,505,1,,,
6675.0,0.0,19860,505,1,,,
6675.5,0.0,19862,504,1,,,
6676.0,0.0,19864,504,1,,,
6676.5,0.0,19865,503,1,,,
6677.0,0.0,19867,503,1,,,
6677.5,0.0,19868,503,1,,,
6678.0,0.0,19870,503,1,,,
6678.5,0.0,19871,504,1,,,
6679.0,0.0,19873,504,1,,,
6679.5,0.0,19874,504,1,,,
6680.0,0.0,19876,504,1,,,
6680.5,0.0,19877,507,1,,,
6681.0,0.0,19879,507,1,,,
6681.5,0.0,19880,508,1,,,
6682.0,0.0,19882,508,1,,,
6682.5,0.0,19883,507,1,,,
6683.0,0.0,19885,507,1,,,
6683.5,0.0,19886,505,1,,,
6684.0,0.0,19888,505,1,,,
6684.5,0.0,19889,505,1,,,
6685.0,0.0,19891,505,1,,,
6685.5,0.0,19892,503,1,,,
6686.0,0.0,19894,503,1,,,
6686.5,0.0,19895,503,1,,,
6687.0,0.0,19897,503,1,,,
6687.5,0.0,19898,503,1,,,
6688.0,0.0,19900,503,1,,,
6688.5,0.0,19902,504,1,,,
6689.0,0.0,19903,504,1,,,
6689.5,0.0,19905,505,1,,,
6690.0,0.0,19906,505,1,,,
6690.5,0.0,19908,507,1,,,
6691.0,0.0,19909,507,1,,,
6691.5,0.0,19911,505,1,,,
6692.0,0.0,19912,505,1,,,
6692.5,0.0,19914,507,1,,,
6693.0,0.0,19915,507,1,,,
6693.5,0.0,19917,505,1,,,
6694.0,0.0,19918,505,1,,,
6694.5,0.0,19920,503,1,,,
6695.0,0.0,19921,503,1,,,
6695.5,0.0,19923,502,1,,,
6696.0,0.0,19924,502,1,,,
6696.5,0.0,19926,503,1,,,
6697.0,0.0,19927,503,1,,,
6697.5,0.0,19929,502,1,,,
6698.0,0.0,19930,502,1,,,
6698.5,0.0,19932,503,1,,,
6699.0,0.0,19934,503,1,,,
6699.5,0.0,19935,505,1,,,
6700.0,0.0,19937,505,1,,,
6700.5,0.0,19938,505,1,,,
6701.0,0.0,19940,505,1,,,
6701.5,0.0,19941,504,1,,,
6702.0,0.0,19943,504,1,,,
6702.5,0.0,19944,504,1,,,
6703.0,0.0,19946,504,1,,,
6703.5,0.0,19947,502,1,,,
6704.0,0.0,19949,502,1,,,
6704.5,0.0,19950,499,1,,,
6705.0,0.0,19952,499,1,,,
6705.5,0.0,19953,499,1,,,
6706.0,0.0,19955,499,1,,,
6706.5,0.0,19956,499,1,,,
6707.0,0.0,19958,499,1,,,
6707.5,0.0,19959,499,1,,,
6708.0,0.0,19961,499,1,,,
6708.5,0.0,19962,502,1,,,
6709.0,0.0,19964,502,1,,,
6709.5,0.0,19965,503,1,,,
6710.0,0.0,19967,503,1,,,
6710.5,0.0,19968,503,1,,,
6711.0,0.0,19970,503,1,,,
6711.5,0.0,19971,502,1,,,
6712.0,0.0,19973,502,1,,,
6712.5,0.0,19974,501,1,,,
6713.0,0.0,19976,501,1,,,
6713.5,0.0,19977,497,1,,,
6714.0,0.0,19979,497,1,,,
6714.5,0.0,19980,497,1,,,
6715.0,0.0,19982,497,1,,,
6715.5,0.0,19983,496,1,,,
6716.0,0.0,19985,496,1,,,
6716.5,0.0,19986,497,1,,,
6717.0,0.0,19988,497,1,,,
6717.5,0.0,19989,498,1,,,
6718.0,0.0,19991,498,1,,,
6718.5,0.0,19992,499,1,,,
6719.0,0.0,19994,499,1,,,
6719.5,0.0,19995,498,1,,,
6720.0,0.0,19997,498,1,,,
6720.5,0.0,19998,499,1,,,
6721.0,0.0,20000,499,1,,,
6721.5,0.0,20001,497,1,,,
6722.0,0.0,20003,497,1,,,
6722.5,0.0,20004,495,1,,,
6723.0,0.0,20006,495,1,,,
6723.5,0.0,20007,495,1,,,
6724.0,0.0,20009,495,1,,,
6724.5,0.0,20010,495,1,,,
6725.0,0.0,20012,495,1,,,
6725.5,0.0,20013,493,1,,,
6726.0,0.0,20015,493,1,,,
6726.5,0.0,20016,495,1,,,
6727.0,0.0,20018,495,1,,,
6727.5,0.0,20019,496,1,,,
6728.0,0.0,20021,496,1,,,
6728.5,0.0,20022,497,1,,,
6729.0,0.0,20024,497,1,,,
6729.5,0.0,20025,497,1,,,
6730.0,0.0,20027,497,1,,,
6730.5,0.0,20028,496,1,,,
6731.0,0.0,20030,496,1,,,
6731.5,0.0,20031,495,1,,,
6732.0,0.0,20032,495,1,,,
6732.5,0.0,20034,493,1,,,
6733.0,0.0,20035,493,1,,,
6733.5,0.0,20037,492,1,,,
6734.0,0.0,20039,492,1,,,
6734.5,0.0,20040,491,1,,,
6735.0,0.0,20041,491,1,,,
6735.5,0.0,20043,492,1,,,
6736.0,0.0,20044,492,1,,,
6736.5,0.0,20046,495,1,,,
6737.0,0.0,20047,495,1,,,
6737.5,0.0,20049,496,1,,,
6738.0,0.0,20050,496,1,,,
6738.5,0.0,20052,497,1,,,
6739.0,0.0,20053,497,1,,,
6739.5,0.0,20055,498,1,,,
6740.0,0.0,20056,498,1,,,
6740.5,0.0,20058,498,1,,,
6741.0,0.0,20059,498,1,,,
6741.5,0.0,20061,496,1,,,
6742.0,0.0,20062,496,1,,,
6742.5,0.0,20064,495,1,,,
6743.0,0.0,20065,495,1,,,
6743.5,0.0,20067,493,1,,,
6744.0,0.0,20068,493,1,,,
6744.5,0.0,20070,495,1,,,
6745.0,0.0,20071,495,1,,,
6745.5,0.0,20073,495,1,,,
6746.0,0.0,20074,495,1,,,
6746.5,0.0,20076,497,1,,,
6747.0,0.0,20077,497,1,,,
6747.5,0.0,20079,499,1,,,
6748.0,0.0,20080,499,1,,,
6748.5,0.0,20082,501,1,,,
6749.0,0.0,20083,501,1,,,
6749.5,0.0,20085,499,1,,,
6750.0,0.0,20086,499,1,,,
6750.5,0.0,20088,499,1,,,
6751.0,0.0,20089,499,1,,,
6751.5,0.0,20091,498,1,,,
6752.0,0.0,20092,498,1,,,
6752.5,0.0,20094,498,1,,,
6753.0,0.0,20095,498,1,,,
6753.5,0.0,20097,497,1,,,
6754.0,0.0,20099,497,1,,,
6754.5,0.0,20100,499,1,,,
6755.0,0.0,20102,499,1,,,
6755.5,0.0,20103,501,1,,,
6756.0,0.0,20105,501,1,,,
6756.5,0.0,20106,503,1,,,
6757.0,0.0,20108,503,1,,,
6757.5,0.0,20109,503,1,,,
6758.0,0.0,20111,503,1,,,
6758.5,0.0,20112,504,1,,,
6759.0,0.0,20114,504,1,,,
6759.5,0.0,20115,503,1,,,
6760.0,0.0,20117,503,1,,,
6760.5,0.0,20118,502,1,,,
6761.0,0.0,20120,502,1,,,
6761.5,0.0,20121,499,1,,,
6762.0,0.0,20123,499,1,,,
6762.5,0.0,20124,501,1,,,
6763.0,0.0,20126,501,1,,,
6763.5,0.0,20127,501,1,,,
6764.0,0.0,20129,501,1,,,
6764.5,0.0,20130,501,1,,,
6765.0,0.0,20132,501,1,,,
6765.5,0.0,20133,503,1,,,
6766.0,0.0,20135,503,1,,,
6766.5,0.0,20136,505,1,,,
6767.0,0.0,20138,505,1,,,
6767.5,0.0,20139,504,1,,,
6768.0,0.0,20141,504,1,,,
6768.5,0.0,20142,504,1,,,
6769.0,0.0,20144,504,1,,,
6769.5,0.0,20145,504,1,,,
6770.0,0.0,20147,504,1,,,
6770.5,0.0,20148,502,1,,,
6771.0,0.0,20150,502,1,,,
6771.5,0.0,20152,502,1,,,
6772.0,0.0,20153,502,1,,,
6772.5,0.0,20155,502,1,,,
6773.0,0.0,20156,502,1,,,
6773.5,0.0,20158,503,1,,,
6774.0,0.0,20159,503,1,,,
6774.5,0.0,20161,504,1,,,
6775.0,0.0,20162,504,1,,,
6775.5,0.0,20164,507,1,,,
6776.0,0.0,20165,507,1,,,
6776.5,0.0,20167,505,1,,,
6777.0,0.0,20168,505,1,,,
6777.5,0.0,20170,507,1,,,
6778.0,0.0,20171,507,1,,,
6778.5,0.0,20173,505,1,,,
6779.0,0.0,20174,505,1,,,
6779.5,0.0,20176,504,1,,,
6780.0,0.0,20177,504,1,,,
6780.5,0.0,20179,504,1,,,
6781.0,0.0,20180,504,1,,,
6781.5,0.0,20182,504,1,,,
6782.0,0.0,20184,504,1,,,
6782.5,0.0,20185,504,1,,,
6783.0,0.0,20187,504,1,,,
6783.5,0.0,20188,507,1,,,
6784.0,0.0,20190,507,1,,,
6784.5,0.0,20191,508,1,,,
6785.0,0.0,20193,508,1,,,
6785.5,0.0,20194,509,1,,,
6786.0,0.0,20196,509,1,,,
6786.5,0.0,20197,509,1,,,
6787.0,0.0,20199,509,1,,,
6787.5,0.0,20200,509,1,,,
6788.0,0.0,20202,509,1,,,
6788.5,0.0,20203,508,1,,,
6789.0,0.0,20205,508,1,,,
6789.5,0.0,20206,507,1,,,
6790.0,0.0,20208,507,1,,,
6790.5,0.0,20210,505,1,,,
6791.0,0.0,20211,505,1,,,
6791.5,0.0,20213,507,1,,,
6792.0,0.0,20214,507,1,,,
6792.5,0.0,20216,508,1,,,
6793.0,0.0,20217,508,1,,,
6793.5,0.0,20219,508,1,,,
6794.0,0.0,20220,508,1,,,
6794.5,0.0,20222,510,1,,,
6795.0,0.0,20223,510,1,,,
6795.5,0.0,20225,510,1,,,
6796.0,0.0,20226,510,1,,,
6796.5,0.0,20228,510,1,,,
6797.0,0.0,20230,510,1,,,
6797.5,0.0,20231,508,1,,,
6798.0,0.0,20233,508,1,,,
6798.5,0.0,20234,507,1,,,
6799.0,0.0,20236,507,1,,,
6799.5,0.0,20237,507,1,,,
6800.0,0.0,20239,507,1,,,
6800.5,0.0,20240,507,1,,,
6801.0,0.0,20242,507,1,,,
6801.5,0.0,20243,507,1,,,
6802.0,0.0,20245,507,1,,,
6802.5,0.0,20246,509,1,,,
6803.0,0.0,20248,509,1,,,
6803.5,0.0,20250,510,1,,,
6804.0,0.0,20251,510,1,,,
6804.5,0.0,20253,509,1,,,
6805.0,0.0,20254,509,1,,,
6805.5,0.0,20256,509,1,,,
6806.0,0.0,20257,509,1,,,
6806.5,0.0,20259,508,1,,,
6807.0,0.0,20260,508,1,,,
6807.5,0.0,20262,505,1,,,
6808.0,0.0,20263,505,1,,,
6808.5,0.0,20265,505,1,,,
6809.0,0.0,20266,505,1,,,
6809.5,0.0,20268,505,1,,,
6810.0,0.0,20269,505,1,,,
6810.5,0.0,20271,505,1,,,
6811.0,0.0,20272,505,1,,,
6811.5,0.0,20274,507,1,,,
6812.0,0.0,20275,507,1,,,
6812.5,0.0,20277,509,1,,,
6813.0,0.0,20278,509,1,,,
6813.5,0.0,20280,508,1,,,
6814.0,0.0,20282,508,1,,,
6814.5,0.0,20283,508,1,,,
6815.0,0.0,20285,508,1,,,
6815.5,0.0,20286,507,1,,,
6816.0,0.0,20288,507,1,,,
6816.5,0.0,20289,504,1,,,
6817.0,0.0,20291,504,1,,,
6817.5,0.0,20292,502,1,,,
6818.0,0.0,20294,502,1,,,
6818.5,0.0,20295,503,1,,,
6819.0,0.0,20297,503,1,,,
6819.5,0.0,20298,502,1,,,
6820.0,0.0,20300,502,1,,,
6820.5,0.0,20301,502,1,,,
6821.0,0.0,20303,502,1,,,
6821.5,0.0,20304,503,1,,,
6822.0,0.0,20306,503,1,,,
6822.5,0.0,20307,503,1,,,
6823.0,0.0,20309,503,1,,,
6823.5,0.0,20310,502,1,,,
6824.0,0.0,20312,502,1,,,
6824.5,0.0,20313,501,1,,,
6825.0,0.0,20315,501,1,,,
6825.5,0.0,20316,499,1,,,
6826.0,0.0,20318,499,1,,,
6826.5,0.0,20319,497,1,,,
6827.0,0.0,20321,497,1,,,
6827.5,0.0,20322,496,1,,,
6828.0,0.0,20324,496,1,,,
6828.5,0.0,20325,496,1,,,
6829.0,0.0,20327,496,1,,,
6829.5,0.0,20328,496,1,,,
6830.0,0.0,20330,496,1,,,
6830.5,0.0,20331,497,1,,,
6831.0,0.0,20333,497,1,,,
6831.5,0.0,20334,498,1,,,
6832.0,0.0,20336,498,1,,,
6832.5,0.0,20337,498,1,,,
6833.0,0.0,20339,498,1,,,
6833.5,0.0,20340,497,1,,,
6834.0,0.0,20342,497,1,,,
6834.5,0.0,20343,496,1,,,
6835.0,0.0,20345,496,1,,,
6835.5,0.0,20346,495,1,,,
6836.0,0.0,20348,495,1,,,
6836.5,0.0,20349,493,1,,,
6837.0,0.0,20351,493,1,,,
6837.5,0.0,20352,493,1,,,
6838.0,0.0,20354,493,1,,,
6838.5,0.0,20355,493,1,,,
6839.0,0.0,20357,493,1,,,
6839.5,0.0,20358,495,1,,,
6840.0,0.0,20360,495,1,,,
6840.5,0.0,20361,496,1,,,
6841.0,0.0,20363,496,1,,,
6841.5,0.0,20364,497,1,,,
6842.0,0.0,20366,497,1,,,
6842.5,0.0,20367,497,1,,,
6843.0,0.0,20369,497,1,,,
6843.5,0.0,20370,497,1,,,
6844.0,0.0,20371,497,1,,,
6844.5,0.0,20373,496,1,,,
6845.0,0.0,20375,496,1,,,
6845.5,0.0,20376,495,1,,,
6846.0,0.0,20378,495,1,,,
6846.5,0.0,20379,495,1,,,
6847.0,0.0,20381,495,1,,,
6847.5,0.0,20382,495,1,,,
6848.0,0.0,20383,495,1,,,
6848.5,0.0,20385,495,1,,,
6849.0,0.0,20387,495,1,,,
6849.5,0.0,20388,497,1,,,
6850.0,0.0,20390,497,1,,,
6850.5,0.0,20391,498,1,,,
6851.0,0.0,20393,498,1,,,
6851.5,0.0,20394,499,1,,,
6852.0,0.0,20396,499,1,,,
6852.5,0.0,20397,499,1,,,
6853.0,0.0,20399,499,1,,,
6853.5,0.0,20400,499,1,,,
6854.0,0.0,20401,499,1,,,
6854.5,0.0,20403,498,1,,,
6855.0,0.0,20405,498,1,,,
6855.5,0.0,20406,498,1,,,
6856.0,0.0,20408,498,1,,,
6856.5,0.0,20409,497,1,,,
6857.0,0.0,20411,497,1,,,
6857.5,0.0,20412,498,1,,,
6858.0,0.0,20414,498,1,,,
6858.5,0.0,20415,499,1,,,
6859.0,0.0,20417,499,1,,,
6859.5,0.0,20418,501,1,,,
6860.0,0.0,20420,501,1,,,
6860.5,0.0,20421,501,1,,,
6861.0,0.0,20423,501,1,,,
6861.5,0.0,20424,502,1,,,
6862.0,0.0,20426,502,1,,,
6862.5,0.0,20427,501,1,,,
6863.0,0.0,20429,501,1,,,
6863.5,0.0,20430,499,1,,,
6864.0,0.0,20432,499,1,,,
6864.5,0.0,20433,498,1,,,
6865.0,0.0,20435,498,1,,,
6865.5,0.0,20436,497,1,,,
6866.0,0.0,20438,497,1,,,
6866.5,0.0,20439,497,1,,,
6867.0,0.0,20441,497,1,,,
6867.5,0.0,20442,497,1,,,
6868.0,0.0,20444,497,1,,,
6868.5,0.0,20445,499,1,,,
6869.0,0.0,20447,499,1,,,
6869.5,0.0,20448,501,1,,,
6870.0,0.0,20450,501,1,,,
6870.5,0.0,20451,502,1,,,
6871.0,0.0,20453,502,1,,,
6871.5,0.0,20454,501,1,,,
6872.0,0.0,20456,501,1,,,
6872.5,0.0,20457,502,1,,,
6873.0,0.0,20459,502,1,,,
6873.5,0.0,20460,499,1,,,
6874.0,0.0,20462,499,1,,,
6874.5,0.0,20463,498,1,,,
6875.0,0.0,20465,498,1,,,
6875.5,0.0,20466,498,1,,,
6876.0,0.0,20468,498,1,,,
6876.5,0.0,20469,499,1,,,
6877.0,0.0,20471,499,1,,,
6877.5,0.0,20472,501,1,,,
6878.0,0.0,20474,501,1,,,
6878.5,0.0,20475,502,1,,,
6879.0,0.0,20477,502,1,,,
6879.5,0.0,20478,504,1,,,
6880.0,0.0,20480,504,1,,,
6880.5,0.0,20481,504,1,,,
6881.0,0.0,20483,504,1,,,
6881.5,0.0,20484,504,1,,,
6882.0,0.0,20486,504,1,,,
6882.5,0.0,20488,502,1,,,
6883.0,0.0,20489,502,1,,,
6883.5,0.0,20491,502,1,,,
6884.0,0.0,20492,502,1,,,
6884.5,0.0,20494,501,1,,,
6885.0,0.0,20495,501,1,,,
6885.5,0.0,20497,501,1,,,
6886.0,0.0,20498,501,1,,,
6886.5,0.0,20500,502,1,,,
6887.0,0.0,20501,502,1,,,
6887.5,0.0,20503,503,1,,,
6888.0,0.0,20504,503,1,,,
6888.5,0.0,20506,504,1,,,
6889.0,0.0,20507,504,1,,,
6889.5,0.0,20509,504,1,,,
6890.0,0.0,20510,504,1,,,
6890.5,0.0,20512,505,1,,,
6891.0,0.0,20513,505,1,,,
6891.5,0.0,20515,503,1,,,
6892.0,0.0,20516,503,1,,,
6892.5,0.0,20518,503,1,,,
6893.0,0.0,20519,503,1,,,
6893.5,0.0,20521,502,1,,,
6894.0,0.0,20522,502,1,,,
6894.5,0.0,20524,502,1,,,
6895.0,0.0,20525,502,1,,,
6895.5,0.0,20527,502,1,,,
6896.0,0.0,20529,502,1,,,
6896.5,0.0,20530,504,1,,,
6897.0,0.0,20532,504,1,,,
6897.5,0.0,20533,504,1,,,
6898.0,0.0,20535,504,1,,,
6898.5,0.0,20536,505,1,,,
6899.0,0.0,20538,505,1,,,
6899.5,0.0,20539,505,1,,,
6900.0,0.0,20541,505,1,,,
6900.5,0.0,20542,504,1,,,
6901.0,0.0,20544,504,1,,,
6901.5,0.0,20545,503,1,,,
6902.0,0.0,20547,503,1,,,
6902.5,0.0,20548,503,1,,,
6903.0,0.0,20550,503,1,,,
6903.5,0.0,20551,502,1,,,
6904.0,0.0,20553,502,1,,,
6904.5,0.0,20554,503,1,,,
6905.0,0.0,20556,503,1,,,
6905.5,0.0,20557,504,1,,,
6906.0,0.0,20559,504,1,,,
6906.5,0.0,20560,505,1,,,
6907.0,0.0,20562,505,1,,,
6907.5,0.0,20564,505,1,,,
6908.0,0.0,20565,505,1,,,
6908.5,0.0,20567,507,1,,,
6909.0,0.0,20568,507,1,,,
6909.5,0.0,20570,505,1,,,
6910.0,0.0,20571,505,1,,,
6910.5,0.0,20573,503,1,,,
6911.0,0.0,20574,503,1,,,
6911.5,0.0,20576,502,1,,,
6912.0,0.0,20577,502,1,,,
6912.5,0.0,20579,502,1,,,
6913.0,0.0,20580,502,1,,,
6913.5,0.0,20582,502,1,,,
6914.0,0.0,20583,502,1,,,
6914.5,0.0,20585,502,1,,,
6915.0,0.0,20586,502,1,,,
6915.5,0.0,20588,504,1,,,
6916.0,0.0,20589,504,1,,,
6916.5,0.0,20591,504,1,,,
6917.0,0.0,20592,504,1,,,
6917.5,0.0,20594,505,1,,,
6918.0,0.0,20595,505,1,,,
6918.5,0.0,20597,504,1,,,
6919.0,0.0,20598,504,1,,,
6919.5,0.0,20600,504,1,,,
6920.0,0.0,20601,504,1,,,
6920.5,0.0,20603,502,1,,,
6921.0,0.0,20604,502,1,,,
6921.5,0.0,20606,502,1,,,
6922.0,0.0,20607,502,1,,,
6922.5,0.0,20609,502,1,,,
6923.0,0.0,20610,502,1,,,
6923.5,0.0,20612,502,1,,,
6924.0,0.0,20614,502,1,,,
6924.5,0.0,20615,503,1,,,
6925.0,0.0,20617,503,1,,,
6925.5,0.0,20618,504,1,,,
6926.0,0.0,20620,504,1,,,
6926.5,0.0,20621,505,1,,,
6927.0,0.0,20623,505,1,,,
6927.5,0.0,20624,503,1,,,
6928.0,0.0,20626,503,1,,,
6928.5,0.0,20627,503,1,,,
6929.0,0.0,20629,503,1,,,
6929.5,0.0,20630,501,1,,,
6930.0,0.0,20632,501,1,,,
6930.5,0.0,20633,499,1,,,
6931.0,0.0,20635,499,1,,,
6931.5,0.0,20636,498,1,,,
6932.0,0.0,20638,498,1,,,
6932.5,0.0,20639,499,1,,,
6933.0,0.0,20641,499,1,,,
6933.5,0.0,20642,498,1,,,
6934.0,0.0,20644,498,1,,,
6934.5,0.0,20645,501,1,,,
6935.0,0.0,20647,501,1,,,
6935.5,0.0,20648,502,1,,,
6936.0,0.0,20650,502,1,,,
6936.5,0.0,20651,501,1,,,
6937.0,0.0,20653,501,1,,,
6937.5,0.0,20654,499,1,,,
6938.0,0.0,20656,499,1,,,
6938.5,0.0,20657,499,1,,,
6939.0,0.0,20659,499,1,,,
6939.5,0.0,20660,496,1,,,
6940.0,0.0,20662,496,1,,,
6940.5,0.0,20663,496,1,,,
6941.0,0.0,20665,496,1,,,
6941.5,0.0,20666,496,1,,,
6942.0,0.0,20668,496,1,,,
6942.5,0.0,20669,496,1,,,
6943.0,0.0,20671,496,1,,,
6943.5,0.0,20672,497,1,,,
6944.0,0.0,20674,497,1,,,
6944.5,0.0,20675,499,1,,,
6945.0,0.0,20677,499,1,,,
6945.5,0.0,20678,498,1,,,
6946.0,0.0,20680,498,1,,,
6946.5,0.0,20681,498,1,,,
6947.0,0.0,20683,498,1,,,
6947.5,0.0,20684,498,1,,,
6948.0,0.0,20686,498,1,,,
6948.5,0.0,20687,497,1,,,
6949.0,0.0,20689,497,1,,,
6949.5,0.0,20690,495,1,,,
6950.0,0.0,20692,495,1,,,
6950.5,0.0,20693,496,1,,,
6951.0,0.0,20695,496,1,,,
6951.5,0.0,20696,496,1,,,
6952.0,0.0,20698,496,1,,,
6952.5,0.0,20699,497,1,,,
6953.0,0.0,20701,497,1,,,
6953.5,0.0,20702,498,1,,,
6954.0,0.0,20704,498,1,,,
6954.5,0.0,20705,501,1,,,
6955.0,0.0,20707,501,1,,,
6955.5,0.0,20708,499,1,,,
6956.0,0.0,20710,499,1,,,
6956.5,0.0,20711,499,1,,,
6957.0,0.0,20713,499,1,,,
6957.5,0.0,20714,498,1,,,
6958.0,0.0,20716,498,1,,,
6958.5,0.0,20717,497,1,,,
6959.0,0.0,20719,497,1,,,
6959.5,0.0,20720,496,1,,,
6960.0,0.0,20722,496,1,,,
6960.5,0.0,20723,496,1,,,
6961.0,0.0,20725,496,1,,,
6961.5,0.0,20726,497,1,,,
6962.0,0.0,20728,497,1,,,
6962.5,0.0,20729,497,1,,,
6963.0,0.0,20731,497,1,,,
6963.5,0.0,20732,498,1,,,
6964.0,0.0,20734,498,1,,,
6964.5,0.0,20735,499,1,,,
6965.0,0.0,20737,499,1,,,
6965.5,0.0,20738,499,1,,,
6966.0,0.0,20740,499,1,,,
6966.5,0.0,20741,498,1,,,
6967.0,0.0,20743,498,1,,,
6967.5,0.0,20744,498,1,,,
6968.0,0.0,20746,498,1,,,
6968.5,0.0,20747,496,1,,,
6969.0,0.0,20749,496,1,,,
6969.5,0.0,20750,496,1,,,
6970.0,0.0,20752,496,1,,,
6970.5,0.0,20753,496,1,,,
6971.0,0.0,20755,496,1,,,
6971.5,0.0,20756,497,1,,,
6972.0,0.0,20758,497,1,,,
6972.5,0.0,20759,498,1,,,
6973.0,0.0,20761,498,1,,,
6973.5,0.0,20762,501,1,,,
6974.0,0.0,20764,501,1,,,
6974.5,0.0,20765,499,1,,,
6975.0,0.0,20767,499,1,,,
6975.5,0.0,20768,499,1,,,
6976.0,0.0,20770,499,1,,,
6976.5,0.0,20771,498,1,,,
6977.0,0.0,20773,498,1,,,
6977.5,0.0,20774,497,1,,,
6978.0,0.0,20776,497,1,,,
6978.5,0.0,20777,497,1,,,
6979.0,0.0,20779,497,1,,,
6979.5,0.0,20780,498,1,,,
6980.0,0.0,20782,498,1,,,
6980.5,0.0,20783,498,1,,,
6981.0,0.0,20785,498,1,,,
6981.5,0.0,20786,501,1,,,
6982.0,0.0,20788,501,1,,,
6982.5,0.0,20789,502,1,,,
6983.0,0.0,20791,502,1,,,
6983.5,0.0,20792,503,1,,,
6984.0,0.0,20794,503,1,,,
6984.5,0.0,20795,502,1,,,
6985.0,0.0,20797,502,1,,,
6985.5,0.0,20798,503,1,,,
6986.0,0.0,20800,503,1,,,
6986.5,0.0,20801,501,1,,,
6987.0,0.0,20803,501,1,,,
6987.5,0.0,20804,501,1,,,
6988.0,0.0,20806,501,1,,,
6988.5,0.0,20808,501,1,,,
6989.0,0.0,20809,501,1,,,
6989.5,0.0,20811,502,1,,,
6990.0,0.0,20812,502,1,,,
6990.5,0.0,20814,504,1,,,
6991.0,0.0,20815,504,1,,,
6991.5,0.0,20817,507,1,,,
6992.0,0.0,20818,507,1,,,
6992.5,0.0,20820,509,1,,,
6993.0,0.0,20821,509,1,,,
6993.5,0.0,20823,509,1,,,
6994.0,0.0,20824,509,1,,,
6994.5,0.0,20826,509,1,,,
6995.0,0.0,20827,509,1,,,
6995.5,0.0,20829,507,1,,,
6996.0,0.0,20831,507,1,,,
6996.5,0.0,20832,507,1,,,
6997.0,0.0,20834,507,1,,,
6997.5,0.0,20835,505,1,,,
6998.0,0.0,20837,505,1,,,
6998.5,0.0,20838,505,1,,,
6999.0,0.0,20840,505,1,,,
6999.5,0.0,20841,507,1,,,
7000.0,0.0,20843,507,1,,,
7000.5,0.0,20844,509,1,,,
7001.0,0.0,20846,509,1,,,
7001.5,0.0,20847,510,1,,,
7002.0,0.0,20849,510,1,,,
7002.5,0.0,20850,510,1,,,
7003.0,0.0,20852,510,1,,,
7003.5,0.0,20854,510,1,,,
7004.0,0.0,20855,510,1,,,
7004.5,0.0,20857,510,1,,,
7005.0,0.0,20858,510,1,,,
7005.5,0.0,20860,508,1,,,
7006.0,0.0,20861,508,1,,,
7006.5,0.0,20863,507,1,,,
7007.0,0.0,20864,507,1,,,
7007.5,0.0,20866,508,1,,,
7008.0,0.0,20867,508,1,,,
7008.5,0.0,20869,507,1,,,
7009.0,0.0,20870,507,1,,,
7009.5,0.0,20872,508,1,,,
7010.0,0.0,20873,508,1,,,
7010.5,0.0,20875,510,1,,,
7011.0,0.0,20876,510,1,,,
7011.5,0.0,20878,510,1,,,
7012.0,0.0,20880,510,1,,,
7012.5,0.0,20881,509,1,,,
7013.0,0.0,20883,509,1,,,
7013.5,0.0,20884,510,1,,,
7014.0,0.0,20886,510,1,,,
7014.5,0.0,20887,508,1,,,
7015.0,0.0,20889,508,1,,,
7015.5,0.0,20890,507,1,,,
7016.0,0.0,20892,507,1,,,
7016.5,0.0,20893,507,1,,,
7017.0,0.0,20895,507,1,,,
7017.5,0.0,20896,507,1,,,
7018.0,0.0,20898,507,1,,,
7018.5,0.0,20900,508,1,,,
7019.0,0.0,20901,508,1,,,
7019.5,0.0,20903,510,1,,,
7020.0,0.0,20904,510,1,,,
7020.5,0.0,20906,511,1,,,
7021.0,0.0,20907,511,1,,,
7021.5,0.0,20909,511,1,,,
7022.0,0.0,20910,511,1,,,
7022.5,0.0,20912,511,1,,,
7023.0,0.0,20913,511,1,,,
7023.5,0.0,20915,510,1,,,
7024.0,0.0,20916,510,1,,,
7024.5,0.0,20918,508,1,,,
7025.0,0.0,20919,508,1,,,
7025.5,0.0,20921,507,1,,,
7026.0,0.0,20923,507,1,,,
7026.5,0.0,20924,508,1,,,
7027.0,0.0,20926,508,1,,,
7027.5,0.0,20927,508,1,,,
7028.0,0.0,20929,508,1,,,
7028.5,0.0,20930,509,1,,,
7029.0,0.0,20932,509,1,,,
7029.5,0.0,20933,511,1,,,
7030.0,0.0,20935,511,1,,,
7030.5,0.0,20936,511,1,,,
7031.0,0.0,20938,511,1,,,
7031.5,0.0,20939,510,1,,,
7032.0,0.0,20941,510,1,,,
7032.5,0.0,20942,510,1,,,
7033.0,0.0,20944,510,1,,,
7033.5,0.0,20946,508,1,,,
7034.0,0.0,20947,508,1,,,
7034.5,0.0,20949,508,1,,,
7035.0,0.0,20950,508,1,,,
7035.5,0.0,20952,508,1,,,
7036.0,0.0,20953,508,1,,,
7036.5,0.0,20955,508,1,,,
7037.0,0.0,20956,508,1,,,
7037.5,0.0,20958,509,1,,,
7038.0,0.0,20959,509,1,,,
7038.5,0.0,20961,511,1,,,
7039.0,0.0,20962,511,1,,,
7039.5,0.0,20964,510,1,,,
7040.0,0.0,20965,510,1,,,
7040.5,0.0,20967,510,1,,,
7041.0,0.0,20969,510,1,,,
7041.5,0.0,20970,509,1,,,
7042.0,0.0,20972,509,1,,,
7042.5,0.0,20973,508,1,,,
7043.0,0.0,20975,508,1,,,
7043.5,0.0,20976,505,1,,,
7044.0,0.0,20978,505,1,,,
7044.5,0.0,20979,507,1,,,
7045.0,0.0,20981,507,1,,,
7045.5,0.0,20982,507,1,,,
7046.0,0.0,20984,507,1,,,
7046.5,0.0,20985,508,1,,,
7047.0,0.0,20987,508,1,,,
7047.5,0.0,20989,508,1,,,
7048.0,0.0,20990,508,1,,,
7048.5,0.0,20992,510,1,,,
7049.0,0.0,20993,510,1,,,
7049.5,0.0,20995,508,1,,,
7050.0,0.0,20996,508,1,,,
7050.5,0.0,20998,508,1,,,
7051.0,0.0,20999,508,1,,,
7051.5,0.0,21001,507,1,,,
7052.0,0.0,21002,507,1,,,
7052.5,0.0,21004,505,1,,,
7053.0,0.0,21005,505,1,,,
7053.5,0.0,21007,504,1,,,
7054.0,0.0,21008,504,1,,,
7054.5,0.0,21010,504,1,,,
7055.0,0.0,21011,504,1,,,
7055.5,0.0,21013,504,1,,,
7056.0,0.0,21014,504,1,,,
7056.5,0.0,21016,505,1,,,
7057.0,0.0,21017,505,1,,,
7057.5,0.0,21019,507,1,,,
7058.0,0.0,21020,507,1,,,
7058.5,0.0,21022,507,1,,,
7059.0,0.0,21023,507,1,,,
7059.5,0.0,21025,505,1,,,
7060.0,0.0,21026,505,1,,,
7060.5,0.0,21028,504,1,,,
7061.0,0.0,21029,504,1,,,
7061.5,0.0,21031,502,1,,,
7062.0,0.0,21032,502,1,,,
7062.5,0.0,21034,501,1,,,
7063.0,0.0,21036,501,1,,,
7063.5,0.0,21037,499,1,,,
7064.0,0.0,21039,499,1,,,
7064.5,0.0,21040,501,1,,,
7065.0,0.0,21042,501,1,,,
7065.5,0.0,21043,501,1,,,
7066.0,0.0,21045,501,1,,,
7066.5,0.0,21046,502,1,,,
7067.0,0.0,21048,502,1,,,
7067.5,0.0,21049,502,1,,,
7068.0,0.0,21051,502,1,,,
7068.5,0.0,21052,502,1,,,
7069.0,0.0,21054,502,1,,,
7069.5,0.0,21055,499,1,,,
7070.0,0.0,21057,499,1,,,
7070.5,0.0,21058,498,1,,,
7071.0,0.0,21060,498,1,,,
7071.5,0.0,21061,497,1,,,
7072.0,0.0,21063,497,1,,,
7072.5,0.0,21064,496,1,,,
7073.0,0.0,21066,496,1,,,
7073.5,0.0,21067,495,1,,,
7074.0,0.0,21069,495,1,,,
7074.5,0.0,21070,496,1,,,
7075.0,0.0,21072,496,1,,,
7075.5,0.0,21073,497,1,,,
7076.0,0.0,21075,497,1,,,
7076.5,0.0,21076,497,1,,,
7077.0,0.0,21078,497,1,,,
7077.5,0.0,21079,497,1,,,
7078.0,0.0,21081,497,1,,,
7078.5,0.0,21082,497,1,,,
7079.0,0.0,21084,497,1,,,
7079.5,0.0,21085,496,1,,,
7080.0,0.0,21086,496,1,,,
7080.5,0.0,21088,493,1,,,
7081.0,0.0,21089,493,1,,,
7081.5,0.0,21091,492,1,,,
7082.0,0.0,21092,492,1,,,
7082.5,0.0,21094,492,1,,,
7083.0,0.0,21095,492,1,,,
7083.5,0.0,21097,492,1,,,
7084.0,0.0,21098,492,1,,,
7084.5,0.0,21100,493,1,,,
7085.0,0.0,21101,493,1,,,
7085.5,0.0,21103,496,1,,,
7086.0,0.0,21104,496,1,,,
7086.5,0.0,21106,496,1,,,
7087.0,0.0,21107,496,1,,,
7087.5,0.0,21109,496,1,,,
7088.0,0.0,21110,496,1,,,
7088.5,0.0,21112,495,1,,,
7089.0,0.0,21113,495,1,,,
7089.5,0.0,21115,495,1,,,
7090.0,0.0,21116,495,1,,,
7090.5,0.0,21118,492,1,,,
7091.0,0.0,21119,492,1,,,
7091.5,0.0,21121,493,1,,,
7092.0,0.0,21122,493,1,,,
7092.5,0.0,21124,493,1,,,
7093.0,0.0,21125,493,1,,,
7093.5,0.0,21127,496,1,,,
7094.0,0.0,21128,496,1,,,
7094.5,0.0,21130,496,1,,,
7095.0,0.0,21131,496,1,,,
7095.5,0.0,21133,498,1,,,
7096.0,0.0,21134,498,1,,,
7096.5,0.0,21136,498,1,,,
7097.0,0.0,21137,498,1,,,
7097.5,0.0,21139,498,1,,,
7098.0,0.0,21140,498,1,,,
7098.5,0.0,21142,497,1,,,
7099.0,0.0,21143,497,1,,,
7099.5,0.0,21145,496,1,,,
7100.0,0.0,21146,496,1,,,
7100.5,0.0,21148,495,1,,,
7101.0,0.0,21149,495,1,,,
7101.5,0.0,21151,495,1,,,
7102.0,0.0,21152,495,1,,,
7102.5,0.0,21154,496,1,,,
7103.0,0.0,21155,496,1,,,
7103.5,0.0,21157,497,1,,,
7104.0,0.0,21158,497,1,,,
7104.5,0.0,21160,499,1,,,
7105.0,0.0,21161,499,1,,,
7105.5,0.0,21163,501,1,,,
7106.0,0.0,21164,501,1,,,
7106.5,0.0,21166,501,1,,,
7107.0,0.0,21167,501,1,,,
7107.5,0.0,21169,499,1,,,
7108.0,0.0,21170,499,1,,,
7108.5,0.0,21172,498,1,,,
7109.0,0.0,21173,498,1,,,
7109.5,0.0,21175,497,1,,,
7110.0,0.0,21176,497,1,,,
7110.5,0.0,21178,497,1,,,
7111.0,0.0,21179,497,1,,,
7111.5,0.0,21181,497,1,,,
7112.0,0.0,21182,497,1,,,
7112.5,0.0,21184,499,1,,,
7113.0,0.0,21185,499,1,,,
7113.5,0.0,21187,501,1,,,
7114.0,0.0,21188,501,1,,,
7114.5,0.0,21190,503,1,,,
7115.0,0.0,21192,503,1,,,
7115.5,0.0,21193,503,1,,,
7116.0,0.0,21195,503,1,,,
7116.5,0.0,21196,504,1,,,
7117.0,0.0,21198,504,1,,,
7117.5,0.0,21199,502,1,,,
7118.0,0.0,21200,502,1,,,
7118.5,0.0,21202,501,1,,,
7119.0,0.0,21204,501,1,,,
7119.5,0.0,21205,499,1,,,
7120.0,0.0,21207,499,1,,,
7120.5,0.0,21208,501,1,,,
7121.0,0.0,21210,501,1,,,
7121.5,0.0,21211,501,1,,,
7122.0,0.0,21213,501,1,,,
7122.5,0.0,21214,501,1,,,
7123.0,0.0,21216,501,1,,,
7123.5,0.0,21217,504,1,,,
7124.0,0.0,21219,504,1,,,
7124.5,0.0,21220,505,1,,,
7125.0,0.0,21222,505,1,,,
7125.5,0.0,21223,504,1,,,
7126.0,0.0,21225,504,1,,,
7126.5,0.0,21226,504,1,,,
7127.0,0.0,21228,504,1,,,
7127.5,0.0,21229,505,1,,,
7128.0,0.0,21231,505,1,,,
7128.5,0.0,21232,503,1,,,
7129.0,0.0,21234,503,1,,,
7129.5,0.0,21235,503,1,,,
7130.0,0.0,21237,503,1,,,
7130.5,0.0,21239,503,1,,,
7131.0,0.0,21240,503,1,,,
7131.5,0.0,21242,505,1,,,
7132.0,0.0,21243,505,1,,,
7132.5,0.0,21245,507,1,,,
7133.0,0.0,21246,507,1,,,
7133.5,0.0,21248,509,1,,,
7134.0,0.0,21249,509,1,,,
7134.5,0.0,21251,508,1,,,
7135.0,0.0,21252,508,1,,,
7135.5,0.0,21254,509,1,,,
7136.0,0.0,21255,509,1,,,
7136.5,0.0,21257,507,1,,,
7137.0,0.0,21258,507,1,,,
7137.5,0.0,21260,505,1,,,
7138.0,0.0,21261,505,1,,,
7138.5,0.0,21263,505,1,,,
7139.0,0.0,21264,505,1,,,
7139.5,0.0,21266,507,1,,,
7140.0,0.0,21268,507,1,,,
7140.5,0.0,21269,507,1,,,
7141.0,0.0,21271,507,1,,,
7141.5,0.0,21272,509,1,,,
7142.0,0.0,21274,509,1,,,
7142.5,0.0,21275,511,1,,,
7143.0,0.0,21277,511,1,,,
7143.5,0.0,21278,510,1,,,
7144.0,0.0,21280,510,1,,,
7144.5,0.0,21281,509,1,,,
7145.0,0.0,21283,509,1,,,
7145.5,0.0,21284,510,1,,,
7146.0,0.0,21286,510,1,,,
7146.5,0.0,21287,507,1,,,
7147.0,0.0,21289,507,1,,,
7147.5,0.0,21291,507,1,,,
7148.0,0.0,21292,507,1,,,
7148.5,0.0,21294,507,1,,,
7149.0,0.0,21295,507,1,,,
7149.5,0.0,21297,508,1,,,
7150.0,0.0,21298,508,1,,,
7150.5,0.0,21300,507,1,,,
7151.0,0.0,21301,507,1,,,
7151.5,0.0,21303,510,1,,,
7152.0,0.0,21304,510,1,,,
7152.5,0.0,21306,508,1,,,
7153.0,0.0,21307,508,1,,,
7153.5,0.0,21309,508,1,,,
7154.0,0.0,21310,508,1,,,
7154.5,0.0,21312,508,1,,,
7155.0,0.0,21314,508,1,,,
7155.5,0.0,21315,507,1,,,
7156.0,0.0,21317,507,1,,,
7156.5,0.0,21318,505,1,,,
7157.0,0.0,21320,505,1,,,
7157.5,0.0,21321,507,1,,,
7158.0,0.0,21323,507,1,,,
7158.5,0.0,21324,507,1,,,
7159.0,0.0,21326,507,1,,,
7159.5,0.0,21327,507,1,,,
7160.0,0.0,21329,507,1,,,
7160.5,0.0,21330,509,1,,,
7161.0,0.0,21332,509,1,,,
7161.5,0.0,21333,509,1,,,
7162.0,0.0,21335,509,1,,,
7162.5,0.0,21336,509,1,,,
7163.0,0.0,21338,509,1,,,
7163.5,0.0,21340,508,1,,,
7164.0,0.0,21341,508,1,,,
7164.5,0.0,21343,508,1,,,
7165.0,0.0,21344,508,1,,,
7165.5,0.0,21346,505,1,,,
7166.0,0.0,21347,505,1,,,
7166.5,0.0,21349,507,1,,,
7167.0,0.0,21350,507,1,,,
7167.5,0.0,21352,505,1,,,
7168.0,0.0,21353,505,1,,,
7168.5,0.0,21355,508,1,,,
7169.0,0.0,21356,508,1,,,
7169.5,0.0,21358,508,1,,,
7170.0,0.0,21359,508,1,,,
7170.5,0.0,21361,509,1,,,
7171.0,0.0,21362,509,1,,,
7171.5,0.0,21364,508,1,,,
7172.0,0.0,21366,508,1,,,
7172.5,0.0,21367,509,1,,,
7173.0,0.0,21369,509,1,,,
7173.5,0.0,21370,507,1,,,
7174.0,0.0,21372,507,1,,,
7174.5,0.0,21373,505,1,,,
7175.0,0.0,21375,505,1,,,
7175.5,0.0,21376,505,1,,,
7176.0,0.0,21378,505,1,,,
7176.5,0.0,21379,505,1,,,
7177.0,0.0,21381,505,1,,,
7177.5,0.0,21382,505,1,,,
7178.0,0.0,21384,505,1,,,
7178.5,0.0,21385,507,1,,,
7179.0,0.0,21387,507,1,,,
7179.5,0.0,21388,508,1,,,
7180.0,0.0,21390,508,1,,,
7180.5,0.0,21391,507,1,,,
7181.0,0.0,21393,507,1,,,
7181.5,0.0,21394,507,1,,,
7182.0,0.0,21396,507,1,,,
7182.5,0.0,21398,504,1,,,
7183.0,0.0,21399,504,1,,,
7183.5,0.0,21400,503,1,,,
7184.0,0.0,21402,503,1,,,
7184.5,0.0,21404,502,1,,,
7185.0,0.0,21405,502,1,,,
7185.5,0.0,21407,502,1,,,
7186.0,0.0,21408,502,1,,,
7186.5,0.0,21410,501,1,,,
7187.0,0.0,21411,501,1,,,
7187.5,0.0,21413,502,1,,,
7188.0,0.0,21414,502,1,,,
7188.5,0.0,21416,503,1,,,
7189.0,0.0,21417,503,1,,,
7189.5,0.0,21419,503,1,,,
7190.0,0.0,21420,503,1,,,
7190.5,0.0,21422,503,1,,,
7191.0,0.0,21423,503,1,,,
7191.5,0.0,21425,502,1,,,
7192.0,0.0,21426,502,1,,,
7192.5,0.0,21428,501,1,,,
7193.0,0.0,21429,501,1,,,
7193.5,0.0,21431,498,1,,,
7194.0,0.0,21432,498,1,,,
7194.5,0.0,21434,498,1,,,
7195.0,0.0,21435,498,1,,,
7195.5,0.0,21437,497,1,,,
7196.0,0.0,21438,497,1,,,
7196.5,0.0,21440,498,1,,,
7197.0,0.0,21441,498,1,,,
7197.5,0.0,21443,501,1,,,
7198.0,0.0,21444,501,1,,,
7198.5,0.0,21446,501,1,,,
7199.0,0.0,21447,501,1,,,
7199.5,0.0,21449,501,1,,,
7200.0,0.0,21450,501,1,,,
7200.5,0.0,21452,501,1,,,
7201.0,0.0,21453,501,1,,,
7201.5,0.0,21455,499,1,,,
7202.0,0.0,21456,499,1,,,
7202.5,0.0,21458,496,1,,,
7203.0,0.0,21459,496,1,,,
7203.5,0.0,21461,497,1,,,
7204.0,0.0,21462,497,1,,,
7204.5,0.0,21464,496,1,,,
7205.0,0.0,21465,496,1,,,
7205.5,0.0,21467,496,1,,,
7206.0,0.0,21468,496,1,,,
7206.5,0.0,21470,497,1,,,
7207.0,0.0,21471,497,1,,,
7207.5,0.0,21473,499,1,,,
7208.0,0.0,21474,499,1,,,
7208.5,0.0,21476,499,1,,,
7209.0,0.0,21477,499,1,,,
7209.5,0.0,21479,499,1,,,
7210.0,0.0,21480,499,1,,,
7210.5,0.0,21482,499,1,,,
7211.0,0.0,21483,499,1,,,
7211.5,0.0,21485,498,1,,,
7212.0,0.0,21486,498,1,,,
7212.5,0.0,21488,496,1,,,
7213.0,0.0,21489,496,1,,,
7213.5,0.0,21491,496,1,,,
7214.0,0.0,21492,496,1,,,
7214.5,0.0,21494,497,1,,,
7215.0,0.0,21495,497,1,,,
7215.5,0.0,21497,497,1,,,
7216.0,0.0,21498,497,1,,,
7216.5,0.0,21500,498,1,,,
7217.0,0.0,21501,498,1,,,
7217.5,0.0,21503,501,1,,,
7218.0,0.0,21504,501,1,,,
7218.5,0.0,21506,501,1,,,
7219.0,0.0,21507,501,1,,,
7219.5,0.0,21509,499,1,,,
7220.0,0.0,21510,499,1,,,
7220.5,0.0,21512,499,1,,,
7221.0,0.0,21513,499,1,,,
7221.5,0.0,21515,497,1,,,
7222.0,0.0,21516,497,1,,,
7222.5,0.0,21518,497,1,,,
7223.0,0.0,21519,497,1,,,
7223.5,0.0,21521,496,1,,,
7224.0,0.0,21522,496,1,,,
7224.5,0.0,21524,497,1,,,
7225.0,0.0,21525,497,1,,,
7225.5,0.0,21527,498,1,,,
7226.0,0.0,21528,498,1,,,
7226.5,0.0,21530,501,1,,,
7227.0,0.0,21531,501,1,,,
7227.5,0.0,21533,501,1,,,
7228.0,0.0,21534,501,1,,,
7228.5,0.0,21536,501,1,,,
7229.0,0.0,21537,501,1,,,
7229.5,0.0,21539,499,1,,,
7230.0,0.0,21540,499,1,,,
7230.5,0.0,21542,498,1,,,
7231.0,0.0,21543,498,1,,,
7231.5,0.0,21545,497,1,,,
7232.0,0.0,21546,497,1,,,
7232.5,0.0,21548,496,1,,,
7233.0,0.0,21549,496,1,,,
7233.5,0.0,21551,497,1,,,
7234.0,0.0,21552,497,1,,,
7234.5,0.0,21554,497,1,,,
7235.0,0.0,21555,497,1,,,
7235.5,0.0,21557,498,1,,,
7236.0,0.0,21559,498,1,,,
7236.5,0.0,21560,501,1,,,
7237.0,0.0,21561,501,1,,,
7237.5,0.0,21563,501,1,,,
7238.0,0.0,21564,501,1,,,
7238.5,0.0,21566,499,1,,,
7239.0,0.0,21567,499,1,,,
7239.5,0.0,21569,499,1,,,
7240.0,0.0,21570,499,1,,,
7240.5,0.0,21572,498,1,,,
7241.0,0.0,21573,498,1,,,
7241.5,0.0,21575,496,1,,,
7242.0,0.0,21576,496,1,,,
7242.5,0.0,21578,497,1,,,
7243.0,0.0,21579,497,1,,,
7243.5,0.0,21581,497,1,,,
7244.0,0.0,21582,497,1,,,
7244.5,0.0,21584,499,1,,,
7245.0,0.0,21586,499,1,,,
7245.5,0.0,21587,501,1,,,
7246.0,0.0,21589,501,1,,,
7246.5,0.0,21590,502,1,,,
7247.0,0.0,21592,502,1,,,
7247.5,0.0,21593,501,1,,,
7248.0,0.0,21595,501,1,,,
7248.5,0.0,21596,501,1,,,
7249.0,0.0,21598,501,1,,,
7249.5,0.0,21599,498,1,,,
7250.0,0.0,21601,498,1,,,
7250.5,0.0,21602,498,1,,,
7251.0,0.0,21604,498,1,,,
7251.5,0.0,21605,498,1,,,
7252.0,0.0,21607,498,1,,,
7252.5,0.0,21608,499,1,,,
7253.0,0.0,21610,499,1,,,
7253.5,0.0,21611,501,1,,,
7254.0,0.0,21613,501,1,,,
7254.5,0.0,21614,502,1,,,
7255.0,0.0,21616,502,1,,,
7255.5,0.0,21617,503,1,,,
7256.0,0.0,21619,503,1,,,
7256.5,0.0,21620,503,1,,,
7257.0,0.0,21622,503,1,,,
7257.5,0.0,21623,503,1,,,
7258.0,0.0,21625,503,1,,,
7258.5,0.0,21626,502,1,,,
7259.0,0.0,21628,502,1,,,
7259.5,0.0,21629,501,1,,,
7260.0,0.0,21631,501,1,,,
7260.5,0.0,21632,501,1,,,
7261.0,0.0,21634,501,1,,,
7261.5,0.0,21635,501,1,,,
7262.0,0.0,21637,501,1,,,
7262.5,0.0,21638,501,1,,,
7263.0,0.0,21640,501,1,,,
7263.5,0.0,21642,503,1,,,
7264.0,0.0,21643,503,1,,,
7264.5,0.0,21645,504,1,,,
7265.0,0.0,21646,504,1,,,
7265.5,0.0,21648,504,1,,,
7266.0,0.0,21649,504,1,,,
7266.5,0.0,21651,504,1,,,
7267.0,0.0,21652,504,1,,,
7267.5,0.0,21654,504,1,,,
7268.0,0.0,21655,504,1,,,
7268.5,0.0,21657,502,1,,,
7269.0,0.0,21658,502,1,,,
7269.5,0.0,21660,502,1,,,
7270.0,0.0,21661,502,1,,,
7270.5,0.0,21663,502,1,,,
7271.0,0.0,21664,502,1,,,
7271.5,0.0,21666,501,1,,,
7272.0,0.0,21667,501,1,,,
7272.5,0.0,21669,502,1,,,
7273.0,0.0,21670,502,1,,,
7273.5,0.0,21672,504,1,,,
7274.0,0.0,21673,504,1,,,
7274.5,0.0,21675,505,1,,,
7275.0,0.0,21676,505,1,,,
7275.5,0.0,21678,504,1,,,
7276.0,0.0,21679,504,1,,,
7276.5,0.0,21681,505,1,,,
7277.0,0.0,21682,505,1,,,
7277.5,0.0,21684,503,1,,,
7278.0,0.0,21685,503,1,,,
7278.5,0.0,21687,501,1,,,
7279.0,0.0,21688,501,1,,,
7279.5,0.0,21690,501,1,,,
7280.0,0.0,21691,501,1,,,
7280.5,0.0,21693,501,1,,,
7281.0,0.0,21695,501,1,,,
7281.5,0.0,21696,501,1,,,
7282.0,0.0,21698,501,1,,,
7282.5,0.0,21699,502,1,,,
7283.0,0.0,21701,502,1,,,
7283.5,0.0,21702,504,1,,,
7284.0,0.0,21704,504,1,,,
7284.5,0.0,21705,502,1,,,
7285.0,0.0,21707,502,1,,,
7285.5,0.0,21708,502,1,,,
7286.0,0.0,21710,502,1,,,
7286.5,0.0,21711,501,1,,,
7287.0,0.0,21713,501,1,,,
7287.5,0.0,21714,499,1,,,
7288.0,0.0,21716,499,1,,,
7288.5,0.0,21717,497,1,,,
7289.0,0.0,21719,497,1,,,
7289.5,0.0,21720,497,1,,,
7290.0,0.0,21722,497,1,,,
7290.5,0.0,21723,496,1,,,
7291.0,0.0,21725,496,1,,,
7291.5,0.0,21726,497,1,,,
7292.0,0.0,21728,497,1,,,
7292.5,0.0,21729,497,1,,,
7293.0,0.0,21731,497,1,,,
7293.5,0.0,21732,498,1,,,
7294.0,0.0,21734,498,1,,,
7294.5,0.0,21735,498,1,,,
7295.0,0.0,21737,498,1,,,
7295.5,0.0,21738,497,1,,,
7296.0,0.0,21739,497,1,,,
7296.5,0.0,21741,495,1,,,
7297.0,0.0,21742,495,1,,,
7297.5,0.0,21744,493,1,,,
7298.0,0.0,21745,493,1,,,
7298.5,0.0,21747,493,1,,,
7299.0,0.0,21748,493,1,,,
7299.5,0.0,21750,492,1,,,
7300.0,0.0,21751,492,1,,,
7300.5,0.0,21753,493,1,,,
7301.0,0.0,21754,493,1,,,
7301.5,0.0,21756,495,1,,,
7302.0,0.0,21757,495,1,,,
7302.5,0.0,21759,496,1,,,
7303.0,0.0,21760,496,1,,,
7303.5,0.0,21762,493,1,,,
7304.0,0.0,21763,493,1,,,
7304.5,0.0,21765,495,1,,,
7305.0,0.0,21766,495,1,,,
7305.5,0.0,21768,493,1,,,
7306.0,0.0,21769,493,1,,,
7306.5,0.0,21771,492,1,,,
7307.0,0.0,21772,492,1,,,
7307.5,0.0,21774,491,1,,,
7308.0,0.0,21775,491,1,,,
7308.5,0.0,21777,492,1,,,
7309.0,0.0,21778,492,1,,,
7309.5,0.0,21780,492,1,,,
7310.0,0.0,21781,492,1,,,
7310.5,0.0,21783,492,1,,,
7311.0,0.0,21784,492,1,,,
7311.5,0.0,21786,495,1,,,
7312.0,0.0,21787,495,1,,,
7312.5,0.0,21789,496,1,,,
7313.0,0.0,21790,496,1,,,
7313.5,0.0,21792,496,1,,,
7314.0,0.0,21793,496,1,,,
7314.5,0.0,21795,495,1,,,
7315.0,0.0,21796,495,1,,,
7315.5,0.0,21798,496,1,,,
7316.0,0.0,21799,496,1,,,
7316.5,0.0,21801,493,1,,,
7317.0,0.0,21802,493,1,,,
7317.5,0.0,21804,493,1,,,
7318.0,0.0,21805,493,1,,,
7318.5,0.0,21807,493,1,,,
7319.0,0.0,21808,493,1,,,
7319.5,0.0,21810,496,1,,,
7320.0,0.0,21811,496,1,,,
7320.5,0.0,21813,497,1,,,
7321.0,0.0,21814,497,1,,,
7321.5,0.0,21816,499,1,,,
7322.0,0.0,21817,499,1,,,
7322.5,0.0,21819,499,1,,,
7323.0,0.0,21820,499,1,,,
7323.5,0.0,21822,501,1,,,
7324.0,0.0,21823,501,1,,,
7324.5,0.0,21825,499,1,,,
7325.0,0.0,21826,499,1,,,
7325.5,0.0,21828,498,1,,,
7326.0,0.0,21829,498,1,,,
7326.5,0.0,21831,497,1,,,
7327.0,0.0,21832,497,1,,,
7327.5,0.0,21834,498,1,,,
7328.0,0.0,21835,498,1,,,
7328.5,0.0,21837,498,1,,,
7329.0,0.0,21838,498,1,,,
7329.5,0.0,21840,499,1,,,
7330.0,0.0,21841,499,1,,,
7330.5,0.0,21843,501,1,,,
7331.0,0.0,21844,501,1,,,
7331.5,0.0,21846,503,1,,,
7332.0,0.0,21847,503,1,,,
7332.5,0.0,21849,503,1,,,
7333.0,0.0,21850,503,1,,,
7333.5,0.0,21852,502,1,,,
7334.0,0.0,21853,502,1,,,
7334.5,0.0,21855,501,1,,,
7335.0,0.0,21856,501,1,,,
7335.5,0.0,21858,499,1,,,
7336.0,0.0,21859,499,1,,,
7336.5,0.0,21861,498,1,,,
7337.0,0.0,21862,498,1,,,
7337.5,0.0,21864,498,1,,,
7338.0,0.0,21865,498,1,,,
7338.5,0.0,21867,499,1,,,
7339.0,0.0,21868,499,1,,,
7339.5,0.0,21870,502,1,,,
7340.0,0.0,21871,502,1,,,
7340.5,0.0,21873,504,1,,,
7341.0,0.0,21875,504,1,,,
7341.5,0.0,21876,504,1,,,
7342.0,0.0,21878,504,1,,,
7342.5,0.0,21879,503,1,,,
7343.0,0.0,21881,503,1,,,
7343.5,0.0,21882,503,1,,,
7344.0,0.0,21884,503,1,,,
7344.5,0.0,21885,501,1,,,
7345.0,0.0,21887,501,1,,,
7345.5,0.0,21888,499,1,,,
7346.0,0.0,21890,499,1,,,
7346.5,0.0,21891,501,1,,,
7347.0,0.0,21893,501,1,,,
7347.5,0.0,21894,502,1,,,
7348.0,0.0,21896,502,1,,,
7348.5,0.0,21897,503,1,,,
7349.0,0.0,21899,503,1,,,
7349.5,0.0,21900,504,1,,,
7350.0,0.0,21902,504,1,,,
7350.5,0.0,21903,507,1,,,
7351.0,0.0,21905,507,1,,,
7351.5,0.0,21906,505,1,,,
7352.0,0.0,21908,505,1,,,
7352.5,0.0,21909,505,1,,,
7353.0,0.0,21911,505,1,,,
7353.5,0.0,21912,504,1,,,
7354.0,0.0,21914,504,1,,,
7354.5,0.0,21915,505,1,,,
7355.0,0.0,21917,505,1,,,
7355.5,0.0,21918,503,1,,,
7356.0,0.0,21920,503,1,,,
7356.5,0.0,21922,505,1,,,
7357.0,0.0,21923,505,1,,,
7357.5,0.0,21925,505,1,,,
7358.0,0.0,21926,505,1,,,
7358.5,0.0,21928,508,1,,,
7359.0,0.0,21929,508,1,,,
7359.5,0.0,21931,509,1,,,
7360.0,0.0,21932,509,1,,,
7360.5,0.0,21934,509,1,,,
7361.0,0.0,21935,509,1,,,
7361.5,0.0,21937,508,1,,,
7362.0,0.0,21938,508,1,,,
7362.5,0.0,21940,508,1,,,
7363.0,0.0,21941,508,1,,,
7363.5,0.0,21943,505,1,,,
7364.0,0.0,21945,505,1,,,
7364.5,0.0,21946,505,1,,,
7365.0,0.0,21948,505,1,,,
7365.5,0.0,21949,505,1,,,
7366.0,0.0,21951,505,1,,,
7366.5,0.0,21952,507,1,,,
7367.0,0.0,21954,507,1,,,
7367.5,0.0,21955,508,1,,,
7368.0,0.0,21957,508,1,,,
7368.5,0.0,21958,510,1,,,
7369.0,0.0,21960,510,1,,,
7369.5,0.0,21961,508,1,,,
7370.0,0.0,21963,508,1,,,
7370.5,0.0,21964,509,1,,,
7371.0,0.0,21966,509,1,,,
7371.5,0.0,21967,507,1,,,
7372.0,0.0,21969,507,1,,,
7372.5,0.0,21970,507,1,,,
7373.0,0.0,21972,507,1,,,
7373.5,0.0,21974,505,1,,,
7374.0,0.0,21975,505,1,,,
7374.5,0.0,21977,505,1,,,
7375.0,0.0,21978,505,1,,,
7375.5,0.0,21980,505,1,,,
7376.0,0.0,21981,505,1,,,
7376.5,0.0,21983,508,1,,,
7377.0,0.0,21984,508,1,,,
7377.5,0.0,21986,508,1,,,
7378.0,0.0,21987,508,1,,,
7378.5,0.0,21989,508,1,,,
7379.0,0.0,21990,508,1,,,
7379.5,0.0,21992,509,1,,,
7380.0,0.0,21993,509,1,,,
7380.5,0.0,21995,509,1,,,
7381.0,0.0,21996,509,1,,,
7381.5,0.0,21998,507,1,,,
7382.0,0.0,22000,507,1,,,
7382.5,0.0,22001,507,1,,,
7383.0,0.0,22003,507,1,,,
7383.5,0.0,22004,505,1,,,
7384.0,0.0,22006,505,1,,,
7384.5,0.0,22007,505,1,,,
7385.0,0.0,22009,505,1,,,
7385.5,0.0,22010,505,1,,,
7386.0,0.0,22012,505,1,,,
7386.5,0.0,22013,508,1,,,
7387.0,0.0,22015,508,1,,,
7387.5,0.0,22016,508,1,,,
7388.0,0.0,22018,508,1,,,
7388.5,0.0,22019,509,1,,,
7389.0,0.0,22021,509,1,,,
7389.5,0.0,22022,509,1,,,
7390.0,0.0,22024,509,1,,,
7390.5,0.0,22026,508,1,,,
7391.0,0.0,22027,508,1,,,
7391.5,0.0,22029,505,1,,,
7392.0,0.0,22030,505,1,,,
7392.5,0.0,22032,505,1,,,
7393.0,0.0,22033,505,1,,,
7393.5,0.0,22035,504,1,,,
7394.0,0.0,22036,504,1,,,
7394.5,0.0,22038,505,1,,,
7395.0,0.0,22039,505,1,,,
7395.5,0.0,22041,507,1,,,
7396.0,0.0,22042,507,1,,,
7396.5,0.0,22044,509,1,,,
7397.0,0.0,22045,509,1,,,
7397.5,0.0,22047,508,1,,,
7398.0,0.0,22048,508,1,,,
7398.5,0.0,22050,509,1,,,
7399.0,0.0,22051,509,1,,,
7399.5,0.0,22053,507,1,,,
7400.0,0.0,22054,507,1,,,
7400.5,0.0,22056,504,1,,,
7401.0,0.0,22058,504,1,,,
7401.5,0.0,22059,503,1,,,
7402.0,0.0,22061,503,1,,,
7402.5,0.0,22062,504,1,,,
7403.0,0.0,22064,504,1,,,
7403.5,0.0,22065,503,1,,,
7404.0,0.0,22067,503,1,,,
7404.5,0.0,22068,504,1,,,
7405.0,0.0,22070,504,1,,,
7405.5,0.0,22071,507,1,,,
7406.0,0.0,22073,507,1,,,
7406.5,0.0,22074,505,1,,,
7407.0,0.0,22076,505,1,,,
7407.5,0.0,22077,504,1,,,
7408.0,0.0,22079,504,1,,,
7408.5,0.0,22080,504,1,,,
7409.0,0.0,22082,504,1,,,
7409.5,0.0,22083,502,1,,,
7410.0,0.0,22085,502,1,,,
7410.5,0.0,22086,501,1,,,
7411.0,0.0,22088,501,1,,,
7411.5,0.0,22089,501,1,,,
7412.0,0.0,22091,501,1,,,
7412.5,0.0,22092,501,1,,,
7413.0,0.0,22094,501,1,,,
7413.5,0.0,22095,502,1,,,
7414.0,0.0,22097,502,1,,,
7414.5,0.0,22099,503,1,,,
7415.0,0.0,22100,503,1,,,
7415.5,0.0,22102,504,1,,,
7416.0,0.0,22103,504,1,,,
7416.5,0.0,22105,503,1,,,
7417.0,0.0,22106,503,1,,,
7417.5,0.0,22108,503,1,,,
7418.0,0.0,22109,503,1,,,
7418.5,0.0,22111,501,1,,,
7419.0,0.0,22112,501,1,,,
7419.5,0.0,22114,498,1,,,
7420.0,0.0,22115,498,1,,,
7420.5,0.0,22117,497,1,,,
7421.0,0.0,22118,497,1,,,
7421.5,0.0,22120,498,1,,,
7422.0,0.0,22121,498,1,,,
7422.5,0.0,22123,497,1,,,
7423.0,0.0,22124,497,1,,,
7423.5,0.0,22126,498,1,,,
7424.0,0.0,22127,498,1,,,
7424.5,0.0,22129,501,1,,,
7425.0,0.0,22130,501,1,,,
7425.5,0.0,22132,499,1,,,
7426.0,0.0,22133,499,1,,,
7426.5,0.0,22135,498,1,,,
7427.0,0.0,22136,498,1,,,
7427.5,0.0,22138,498,1,,,
7428.0,0.0,22139,498,1,,,
7428.5,0.0,22141,496,1,,,
7429.0,0.0,22142,496,1,,,
7429.5,0.0,22143,495,1,,,
7430.0,0.0,22145,495,1,,,
7430.5,0.0,22146,495,1,,,
7431.0,0.0,22148,495,1,,,
7431.5,0.0,22150,495,1,,,
7432.0,0.0,22151,495,1,,,
7432.5,0.0,22153,495,1,,,
7433.0,0.0,22154,495,1,,,
7433.5,0.0,22156,497,1,,,
7434.0,0.0,22157,497,1,,,
7434.5,0.0,22159,497,1,,,
7435.0,0.0,22160,497,1,,,
7435.5,0.0,22162,497,1,,,
7436.0,0.0,22163,497,1,,,
7436.5,0.0,22164,497,1,,,
7437.0,0.0,22166,497,1,,,
7437.5,0.0,22167,496,1,,,
7438.0,0.0,22169,496,1,,,
7438.5,0.0,22170,493,1,,,
7439.0,0.0,22172,493,1,,,
7439.5,0.0,22173,493,1,,,
7440.0,0.0,22175,493,1,,,
7440.5,0.0,22176,493,1,,,
7441.0,0.0,22178,493,1,,,
7441.5,0.0,22179,493,1,,,
7442.0,0.0,22181,493,1,,,
7442.5,0.0,22182,496,1,,,
7443.0,0.0,22184,496,1,,,
7443.5,0.0,22185,497,1,,,
7444.0,0.0,22187,497,1,,,
7444.5,0.0,22188,497,1,,,
7445.0,0.0,22190,497,1,,,
7445.5,0.0,22191,497,1,,,
7446.0,0.0,22193,497,1,,,
7446.5,0.0,22194,497,1,,,
7447.0,0.0,22196,497,1,,,
7447.5,0.0,22197,495,1,,,
7448.0,0.0,22199,495,1,,,
7448.5,0.0,22200,495,1,,,
7449.0,0.0,22202,495,1,,,
7449.5,0.0,22203,495,1,,,
7450.0,0.0,22205,495,1,,,
7450.5,0.0,22206,495,1,,,
7451.0,0.0,22208,495,1,,,
7451.5,0.0,22209,496,1,,,
7452.0,0.0,22211,496,1,,,
7452.5,0.0,22212,498,1,,,
7453.0,0.0,22214,498,1,,,
7453.5,0.0,22215,499,1,,,
7454.0,0.0,22217,499,1,,,
7454.5,0.0,22218,499,1,,,
7455.0,0.0,22220,499,1,,,
7455.5,0.0,22221,499,1,,,
7456.0,0.0,22223,499,1,,,
7456.5,0.0,22224,498,1,,,
7457.0,0.0,22226,498,1,,,
7457.5,0.0,22227,497,1,,,
7458.0,0.0,22229,497,1,,,
7458.5,0.0,22230,496,1,,,
7459.0,0.0,22232,496,1,,,
7459.5,0.0,22233,497,1,,,
7460.0,0.0,22235,497,1,,,
7460.5,0.0,22236,498,1,,,
7461.0,0.0,22238,498,1,,,
7461.5,0.0,22239,499,1,,,
7462.0,0.0,22241,499,1,,,
7462.5,0.0,22242,502,1,,,
7463.0,0.0,22244,502,1,,,
7463.5,0.0,22246,503,1,,,
7464.0,0.0,22247,503,1,,,
7464.5,0.0,22249,503,1,,,
7465.0,0.0,22250,503,1,,,
7465.5,0.0,22252,503,1,,,
7466.0,0.0,22253,503,1,,,
7466.5,0.0,22255,502,1,,,
7467.0,0.0,22256,502,1,,,
7467.5,0.0,22258,499,1,,,
7468.0,0.0,22259,499,1,,,
7468.5,0.0,22261,501,1,,,
7469.0,0.0,22262,501,1,,,
7469.5,0.0,22264,501,1,,,
7470.0,0.0,22265,501,1,,,
7470.5,0.0,22267,501,1,,,
7471.0,0.0,22268,501,1,,,
7471.5,0.0,22270,503,1,,,
7472.0,0.0,22271,503,1,,,
7472.5,0.0,22273,505,1,,,
7473.0,0.0,22274,505,1,,,
7473.5,0.0,22276,504,1,,,
7474.0,0.0,22277,504,1,,,
7474.5,0.0,22279,505,1,,,
7475.0,0.0,22280,505,1,,,
7475.5,0.0,22282,504,1,,,
7476.0,0.0,22283,504,1,,,
7476.5,0.0,22285,503,1,,,
7477.0,0.0,22286,503,1,,,
7477.5,0.0,22288,502,1,,,
7478.0,0.0,22289,502,1,,,
7478.5,0.0,22291,503,1,,,
7479.0,0.0,22292,503,1,,,
7479.5,0.0,22294,502,1,,,
7480.0,0.0,22296,502,1,,,
7480.5,0.0,22297,504,1,,,
7481.0,0.0,22299,504,1,,,
7481.5,0.0,22300,505,1,,,
7482.0,0.0,22302,505,1,,,
7482.5,0.0,22303,507,1,,,
7483.0,0.0,22305,507,1,,,
7483.5,0.0,22306,505,1,,,
7484.0,0.0,22308,505,1,,,
7484.5,0.0,22309,505,1,,,
7485.0,0.0,22311,505,1,,,
7485.5,0.0,22312,503,1,,,
7486.0,0.0,22314,503,1,,,
7486.5,0.0,22315,503,1,,,
7487.0,0.0,22317,503,1,,,
7487.5,0.0,22318,502,1,,,
7488.0,0.0,22320,502,1,,,
7488.5,0.0,22321,502,1,,,
7489.0,0.0,22323,502,1,,,
7489.5,0.0,22324,503,1,,,
7490.0,0.0,22326,503,1,,,
7490.5,0.0,22328,505,1,,,
7491.0,0.0,22329,505,1,,,
7491.5,0.0,22331,505,1,,,
7492.0,0.0,22332,505,1,,,
7492.5,0.0,22334,505,1,,,
7493.0,0.0,22335,505,1,,,
7493.5,0.0,22337,505,1,,,
7494.0,0.0,22338,505,1,,,
7494.5,0.0,22340,505,1,,,
7495.0,0.0,22341,505,1,,,
7495.5,0.0,22343,504,1,,,
7496.0,0.0,22344,504,1,,,
7496.5,0.0,22346,504,1,,,
7497.0,0.0,22347,504,1,,,
7497.5,0.0,22349,505,1,,,
7498.0,0.0,22350,505,1,,,
7498.5,0.0,22352,507,1,,,
7499.0,0.0,22353,507,1,,,
7499.5,0.0,22355,507,1,,,
7500.0,0.0,22356,507,1,,,
7500.5,0.0,22358,509,1,,,
7501.0,0.0,22360,509,1,,,
7501.5,0.0,22361,509,1,,,
7502.0,0.0,22363,509,1,,,
7502.5,0.0,22364,508,1,,,
7503.0,0.0,22366,508,1,,,
7503.5,0.0,22367,508,1,,,
7504.0,0.0,22369,508,1,,,
7504.5,0.0,22370,507,1,,,
7505.0,0.0,22372,507,1,,,
7505.5,0.0,22373,505,1,,,
7506.0,0.0,22375,505,1,,,
7506.5,0.0,22376,505,1,,,
7507.0,0.0,22378,505,1,,,
7507.5,0.0,22379,507,1,,,
7508.0,0.0,22381,507,1,,,
7508.5,0.0,22382,507,1,,,
7509.0,0.0,22384,507,1,,,
7509.5,0.0,22386,509,1,,,
7510.0,0.0,22387,509,1,,,
7510.5,0.0,22389,509,1,,,
7511.0,0.0,22390,509,1,,,
7511.5,0.0,22392,508,1,,,
7512.0,0.0,22393,508,1,,,
7512.5,0.0,22395,507,1,,,
7513.0,0.0,22396,507,1,,,
7513.5,0.0,22398,505,1,,,
7514.0,0.0,22399,505,1,,,
7514.5,0.0,22401,504,1,,,
7515.0,0.0,22402,504,1,,,
7515.5,0.0,22404,504,1,,,
7516.0,0.0,22405,504,1,,,
7516.5,0.0,22407,504,1,,,
7517.0,0.0,22408,504,1,,,
7517.5,0.0,22410,505,1,,,
7518.0,0.0,22411,505,1,,,
7518.5,0.0,22413,507,1,,,
7519.0,0.0,22414,507,1,,,
7519.5,0.0,22416,507,1,,,
7520.0,0.0,22418,507,1,,,
7520.5,0.0,22419,505,1,,,
7521.0,0.0,22420,505,1,,,
7521.5,0.0,22422,504,1,,,
7522.0,0.0,22424,504,1,,,
7522.5,0.0,22425,503,1,,,
7523.0,0.0,22426,503,1,,,
7523.5,0.0,22428,501,1,,,
7524.0,0.0,22430,501,1,,,
7524.5,0.0,22431,499,1,,,
7525.0,0.0,22433,499,1,,,
7525.5,0.0,22434,499,1,,,
7526.0,0.0,22436,499,1,,,
7526.5,0.0,22437,502,1,,,
7527.0,0.0,22439,502,1,,,
7527.5,0.0,22440,502,1,,,
7528.0,0.0,22442,502,1,,,
7528.5,0.0,22443,503,1,,,
7529.0,0.0,22445,503,1,,,
7529.5,0.0,22446,503,1,,,
7530.0,0.0,22448,503,1,,,
7530.5,0.0,22449,503,1,,,
7531.0,0.0,22451,503,1,,,
7531.5,0.0,22452,501,1,,,
7532.0,0.0,22454,501,1,,,
7532.5,0.0,22455,499,1,,,
7533.0,0.0,22457,499,1,,,
7533.5,0.0,22458,499,1,,,
7534.0,0.0,22460,499,1,,,
7534.5,0.0,22461,498,1,,,
7535.0,0.0,22463,498,1,,,
7535.5,0.0,22464,498,1,,,
7536.0,0.0,22466,498,1,,,
7536.5,0.0,22467,499,1,,,
7537.0,0.0,22469,499,1,,,
7537.5,0.0,22470,501,1,,,
7538.0,0.0,22472,501,1,,,
7538.5,0.0,22473,501,1,,,
7539.0,0.0,22475,501,1,,,
7539.5,0.0,22476,499,1,,,
7540.0,0.0,22478,499,1,,,
7540.5,0.0,22479,498,1,,,
7541.0,0.0,22481,498,1,,,
7541.5,0.0,22482,497,1,,,
7542.0,0.0,22484,497,1,,,
7542.5,0.0,22485,496,1,,,
7543.0,0.0,22487,496,1,,,
7543.5,0.0,22488,495,1,,,
7544.0,0.0,22490,495,1,,,
7544.5,0.0,22491,496,1,,,
7545.0,0.0,22493,496,1,,,
7545.5,0.0,22494,497,1,,,
7546.0,0.0,22496,497,1,,,
7546.5,0.0,22497,498,1,,,
7547.0,0.0,22499,498,1,,,
7547.5,0.0,22500,498,1,,,
7548.0,0.0,22502,498,1,,,
7548.5,0.0,22503,498,1,,,
7549.0,0.0,22505,498,1,,,
7549.5,0.0,22506,498,1,,,
7550.0,0.0,22508,498,1,,,
7550.5,0.0,22509,496,1,,,
7551.0,0.0,22511,496,1,,,
7551.5,0.0,22512,495,1,,,
7552.0,0.0,22514,495,1,,,
7552.5,0.0,22515,495,1,,,
7553.0,0.0,22517,495,1,,,
7553.5,0.0,22518,495,1,,,
7554.0,0.0,22520,495,1,,,
7554.5,0.0,22521,495,1,,,
7555.0,0.0,22523,495,1,,,
7555.5,0.0,22524,497,1,,,
7556.0,0.0,22526,497,1,,,
7556.5,0.0,22527,497,1,,,
7557.0,0.0,22529,497,1,,,
7557.5,0.0,22530,498,1,,,
7558.0,0.0,22532,498,1,,,
7558.5,0.0,22533,498,1,,,
7559.0,0.0,22535,498,1,,,
7559.5,0.0,22536,497,1,,,
7560.0,0.0,22538,497,1,,,
7560.5,0.0,22539,496,1,,,
7561.0,0.0,22541,496,1,,,
7561.5,0.0,22542,496,1,,,
7562.0,0.0,22544,496,1,,,
7562.5,0.0,22545,495,1,,,
7563.0,0.0,22547,495,1,,,
7563.5,0.0,22548,495,1,,,
7564.0,0.0,22550,495,1,,,
7564.5,0.0,22551,496,1,,,
7565.0,0.0,22553,496,1,,,
7565.5,0.0,22554,497,1,,,
7566.0,0.0,22556,497,1,,,
7566.5,0.0,22557,498,1,,,
7567.0,0.0,22559,498,1,,,
7567.5,0.0,22560,498,1,,,
7568.0,0.0,22562,498,1,,,
7568.5,0.0,22563,498,1,,,
7569.0,0.0,22565,498,1,,,
7569.5,0.0,22566,498,1,,,
7570.0,0.0,22568,498,1,,,
7570.5,0.0,22569,496,1,,,
7571.0,0.0,22571,496,1,,,
7571.5,0.0,22572,496,1,,,
7572.0,0.0,22574,496,1,,,
7572.5,0.0,22575,497,1,,,
7573.0,0.0,22577,497,1,,,
7573.5,0.0,22578,497,1,,,
7574.0,0.0,22580,497,1,,,
7574.5,0.0,22581,498,1,,,
7575.0,0.0,22583,498,1,,,
7575.5,0.0,22584,501,1,,,
7576.0,0.0,22586,501,1,,,
7576.5,0.0,22587,501,1,,,
7577.0,0.0,22589,501,1,,,
7577.5,0.0,22590,501,1,,,
7578.0,0.0,22592,501,1,,,
7578.5,0.0,22593,501,1,,,
7579.0,0.0,22595,501,1,,,
7579.5,0.0,22596,499,1,,,
7580.0,0.0,22598,499,1,,,
7580.5,0.0,22599,499,1,,,
7581.0,0.0,22601,499,1,,,
7581.5,0.0,22602,499,1,,,
7582.0,0.0,22604,499,1,,,
7582.5,0.0,22605,499,1,,,
7583.0,0.0,22607,499,1,,,
7583.5,0.0,22608,501,1,,,
7584.0,0.0,22610,501,1,,,
7584.5,0.0,22611,503,1,,,
7585.0,0.0,22613,503,1,,,
7585.5,0.0,22614,504,1,,,
7586.0,0.0,22616,504,1,,,
7586.5,0.0,22618,504,1,,,
7587.0,0.0,22619,504,1,,,
7587.5,0.0,22621,504,1,,,
7588.0,0.0,22622,504,1,,,
7588.5,0.0,22624,504,1,,,
7589.0,0.0,22625,504,1,,,
7589.5,0.0,22627,503,1,,,
7590.0,0.0,22628,503,1,,,
7590.5,0.0,22630,502,1,,,
7591.0,0.0,22631,502,1,,,
7591.5,0.0,22633,503,1,,,
7592.0,0.0,22634,503,1,,,
7592.5,0.0,22636,504,1,,,
7593.0,0.0,22637,504,1,,,
