time,torque,angle,rpm,step,step,torque,angle
0,0,0,0,1,1,0.241,16259
0.5,0.0,0,0,1,2,2.641,389
1.0,0.0,0,0,1,,,
1.5,0.0,0,0,1,,,
2.0,0.0,0,0,1,,,
2.5,0.0,0,0,1,,,
3.0,0.0,0,0,1,,,
3.5,0.0,0,0,1,,,
4.0,0.0,0,0,1,,,
4.5,0.0,0,0,1,,,
5.0,0.0,0,0,1,,,
5.5,0.0,0,0,1,,,
6.0,0.0,0,0,1,,,
6.5,0.0,0,0,1,,,
7.0,0.0,0,0,1,,,
35.5,0.0,3,46,1,,,
36.0,0.0,4,46,1,,,
36.5,0.0,4,48,1,,,
37.0,0.0,4,48,1,,,
37.5,0.0,4,50,1,,,
38.0,0.0,4,50,1,,,
38.5,0.0,4,51,1,,,
39.0,0.0,5,51,1,,,
39.5,0.0,5,55,1,,,
40.0,0.0,5,55,1,,,
40.5,0.0,5,56,1,,,
41.0,0.0,5,56,1,,,
41.5,0.0,6,59,1,,,
42.0,0.0,6,59,1,,,
42.5,0.0,6,61,1,,,
43.0,0.0,6,61,1,,,
43.5,0.0,6,64,1,,,
44.0,0.0,7,64,1,,,
44.5,0.0,7,64,1,,,
45.0,0.0,7,64,1,,,
45.5,0.0,7,67,1,,,
46.0,0.0,7,67,1,,,
46.5,0.0,8,69,1,,,
47.0,0.0,8,69,1,,,
47.5,0.0,8,70,1,,,
48.0,0.0,8,70,1,,,
48.5,0.0,9,72,1,,,
49.0,0.0,9,72,1,,,
49.5,0.0,9,74,1,,,
50.0,0.0,9,74,1,,,
50.5,0.0,9,76,1,,,
51.0,0.0,10,76,1,,,
51.5,0.0,10,76,1,,,
52.0,0.0,10,76,1,,,
52.5,0.0,10,79,1,,,
53.0,0.0,11,79,1,,,
53.5,0.0,11,81,1,,,
54.0,0.0,11,81,1,,,
54.5,0.0,12,82,1,,,
55.0,0.0,12,82,1,,,
55.5,0.0,12,85,1,,,
56.0,0.0,12,85,1,,,
56.5,0.0,13,87,1,,,
57.0,0.0,13,87,1,,,
57.5,0.0,13,89,1,,,
58.0,0.0,14,89,1,,,
58.5,0.0,14,92,1,,,
59.0,0.0,14,92,1,,,
59.5,0.0,14,95,1,,,
60.0,0.0,15,95,1,,,
60.5,0.0,15,96,1,,,
61.0,0.0,15,96,1,,,
61.5,0.0,16,100,1,,,
62.0,0.0,16,100,1,,,
62.5,0.0,16,103,1,,,
63.0,0.0,17,103,1,,,
63.5,0.0,17,106,1,,,
64.0,0.0,17,106,1,,,
64.5,0.0,18,108,1,,,
65.0,0.0,18,108,1,,,
65.5,0.0,18,111,1,,,
66.0,0.0,19,111,1,,,
66.5,0.0,19,113,1,,,
67.0,0.0,20,113,1,,,
67.5,0.0,20,114,1,,,
68.0,0.0,20,114,1,,,
68.5,0.0,21,115,1,,,
69.0,0.0,21,115,1,,,
69.5,0.0,21,118,1,,,
70.0,0.0,22,118,1,,,
70.5,0.0,22,121,1,,,
71.0,0.0,23,121,1,,,
71.5,0.0,23,122,1,,,
72.0,0.0,23,122,1,,,
72.5,0.0,24,126,1,,,
73.0,0.0,24,126,1,,,
73.5,0.0,25,128,1,,,
74.0,0.0,25,128,1,,,
74.5,0.0,25,131,1,,,
75.0,0.0,26,131,1,,,
75.5,0.0,26,133,1,,,
76.0,0.0,27,133,1,,,
76.5,0.0,27,135,1,,,
77.0,0.0,28,135,1,,,
77.5,0.0,28,138,1,,,
78.0,0.0,28,138,1,,,
78.5,0.0,29,140,1,,,
79.0,0.0,29,140,1,,,
79.5,0.0,30,141,1,,,
80.0,0.0,30,141,1,,,
80.5,0.0,31,144,1,,,
81.0,0.0,31,144,1,,,
81.5,0.0,32,147,1,,,
82.0,0.0,32,147,1,,,
82.5,0.0,32,148,1,,,
83.0,0.0,33,148,1,,,
83.5,0.0,33,152,1,,,
84.0,0.0,34,152,1,,,
84.5,0.0,34,156,1,,,
85.0,0.0,35,156,1,,,
85.5,0.0,35,157,1,,,
86.0,0.0,36,157,1,,,
86.5,0.0,36,159,1,,,
87.0,0.0,37,159,1,,,
87.5,0.0,37,161,1,,,
88.0,0.0,38,161,1,,,
88.5,0.0,38,163,1,,,
89.0,0.0,39,163,1,,,
89.5,0.0,39,165,1,,,
90.0,0.0,40,165,1,,,
90.5,0.0,40,167,1,,,
91.0,0.0,41,167,1,,,
91.5,0.0,42,168,1,,,
92.0,0.0,42,168,1,,,
92.5,0.0,43,171,1,,,
93.0,0.0,43,171,1,,,
93.5,0.0,44,173,1,,,
94.0,0.0,44,173,1,,,
94.5,0.0,45,177,1,,,
95.0,0.0,45,177,1,,,
95.5,0.0,46,179,1,,,
96.0,0.0,46,179,1,,,
96.5,0.0,47,183,1,,,
97.0,0.0,48,183,1,,,
97.5,0.0,48,185,1,,,
98.0,0.0,49,185,1,,,
98.5,0.0,49,187,1,,,
99.0,0.0,50,187,1,,,
99.5,0.0,51,189,1,,,
100.0,0.0,51,189,1,,,
100.5,0.0,52,192,1,,,
101.0,0.0,52,192,1,,,
101.5,0.0,53,193,1,,,
102.0,0.0,54,193,1,,,
102.5,0.0,54,196,1,,,
103.0,0.0,55,196,1,,,
103.5,0.0,55,199,1,,,
104.0,0.0,56,199,1,,,
104.5,0.0,57,202,1,,,
105.0,0.0,57,202,1,,,
105.5,0.0,58,203,1,,,
106.0,0.0,59,203,1,,,
106.5,0.0,59,206,1,,,
107.0,0.0,60,206,1,,,
107.5,0.0,60,209,1,,,
108.0,0.0,61,209,1,,,
108.5,0.0,62,210,1,,,
109.0,0.0,62,210,1,,,
109.5,0.0,63,212,1,,,
110.0,0.0,64,212,1,,,
110.5,0.0,64,215,1,,,
111.0,0.0,65,215,1,,,
111.5,0.0,66,217,1,,,
112.0,0.0,66,217,1,,,
112.5,0.0,67,219,1,,,
113.0,0.0,68,219,1,,,
113.5,0.0,68,222,1,,,
114.0,0.0,69,222,1,,,
114.5,0.0,70,223,1,,,
115.0,0.0,71,223,1,,,
115.5,0.0,71,225,1,,,
116.0,0.0,72,225,1,,,
116.5,0.0,73,228,1,,,
117.0,0.0,73,228,1,,,
117.5,0.0,74,231,1,,,
118.0,0.0,75,231,1,,,
118.5,0.0,76,235,1,,,
119.0,0.0,76,235,1,,,
119.5,0.0,77,238,1,,,
120.0,0.0,78,238,1,,,
120.5,0.0,79,241,1,,,
121.0,0.0,79,241,1,,,
121.5,0.0,80,243,1,,,
122.0,0.0,81,243,1,,,
122.5,0.0,82,244,1,,,
123.0,0.0,82,244,1,,,
123.5,0.0,83,246,1,,,
124.0,0.0,84,246,1,,,
124.5,0.0,85,249,1,,,
125.0,0.0,85,249,1,,,
125.5,0.0,86,252,1,,,
126.0,0.0,87,252,1,,,
126.5,0.0,88,255,1,,,
127.0,0.0,89,255,1,,,
127.5,0.0,89,257,1,,,
128.0,0.0,90,257,1,,,
128.5,0.0,91,259,1,,,
129.0,0.0,92,259,1,,,
129.5,0.0,93,262,1,,,
130.0,0.0,93,262,1,,,
130.5,0.0,94,264,1,,,
131.0,0.0,95,264,1,,,
131.5,0.0,96,267,1,,,
132.0,0.0,97,267,1,,,
132.5,0.0,98,269,1,,,
133.0,0.0,98,269,1,,,
133.5,0.0,99,270,1,,,
134.0,0.0,100,270,1,,,
134.5,0.0,101,273,1,,,
135.0,0.0,102,273,1,,,
135.5,0.0,103,275,1,,,
136.0,0.0,103,275,1,,,
136.5,0.0,104,278,1,,,
137.0,0.0,105,278,1,,,
137.5,0.0,106,282,1,,,
138.0,0.0,107,282,1,,,
138.5,0.0,108,285,1,,,
139.0,0.0,109,285,1,,,
139.5,0.0,110,288,1,,,
140.0,0.0,110,288,1,,,
140.5,0.0,111,291,1,,,
141.0,0.0,112,291,1,,,
141.5,0.0,113,293,1,,,
142.0,0.0,114,293,1,,,
142.5,0.0,115,296,1,,,
143.0,0.0,116,296,1,,,
143.5,0.0,117,298,1,,,
144.0,0.0,118,298,1,,,
144.5,0.0,119,302,1,,,
145.0,0.0,120,302,1,,,
145.5,0.0,121,304,1,,,
146.0,0.0,122,304,1,,,
146.5,0.0,123,307,1,,,
147.0,0.0,123,307,1,,,
147.5,0.0,124,309,1,,,
148.0,0.0,125,309,1,,,
148.5,0.0,126,312,1,,,
149.0,0.0,127,312,1,,,
149.5,0.0,128,315,1,,,
150.0,0.0,129,315,1,,,
150.5,0.0,130,316,1,,,
151.0,0.0,131,316,1,,,
151.5,0.0,132,321,1,,,
152.0,0.0,133,321,1,,,
152.5,0.0,134,323,1,,,
153.0,0.0,135,323,1,,,
153.5,0.0,136,328,1,,,
154.0,0.0,137,328,1,,,
154.5,0.0,138,330,1,,,
155.0,0.0,139,330,1,,,
155.5,0.0,140,335,1,,,
156.0,0.0,141,335,1,,,
156.5,0.0,142,337,1,,,
157.0,0.0,143,337,1,,,
157.5,0.0,145,341,1,,,
158.0,0.0,146,341,1,,,
158.5,0.0,147,343,1,,,
159.0,0.0,148,343,1,,,
159.5,0.0,149,346,1,,,
160.0,0.0,150,346,1,,,
160.5,0.0,151,348,1,,,
161.0,0.0,152,348,1,,,
161.5,0.0,153,352,1,,,
162.0,0.0,154,352,1,,,
162.5,0.0,155,353,1,,,
163.0,0.0,156,353,1,,,
163.5,0.0,157,355,1,,,
164.0,0.0,159,355,1,,,
164.5,0.0,160,359,1,,,
165.0,0.0,161,359,1,,,
165.5,0.0,162,362,1,,,
166.0,0.0,163,362,1,,,
166.5,0.0,164,365,1,,,
167.0,0.0,165,365,1,,,
167.5,0.0,166,368,1,,,
168.0,0.0,168,368,1,,,
168.5,0.0,169,373,1,,,
169.0,0.0,170,373,1,,,
169.5,0.0,171,376,1,,,
170.0,0.0,172,376,1,,,
170.5,0.0,173,379,1,,,
171.0,0.0,175,379,1,,,
171.5,0.0,176,381,1,,,
172.0,0.0,177,381,1,,,
172.5,0.0,178,385,1,,,
173.0,0.0,179,385,1,,,
173.5,0.0,180,386,1,,,
174.0,0.0,182,386,1,,,
174.5,0.0,183,388,1,,,
175.0,0.0,184,388,1,,,
175.5,0.0,185,391,1,,,
176.0,0.0,186,391,1,,,
176.5,0.0,188,393,1,,,
177.0,0.0,189,393,1,,,
177.5,0.0,190,397,1,,,
178.0,0.0,191,397,1,,,
178.5,0.0,193,400,1,,,
179.0,0.0,194,400,1,,,
179.5,0.0,195,404,1,,,
180.0,0.0,196,404,1,,,
180.5,0.0,198,407,1,,,
181.0,0.0,199,407,1,,,
181.5,0.0,200,412,1,,,
182.0,0.0,201,412,1,,,
182.5,0.0,203,414,1,,,
183.0,0.0,204,414,1,,,
183.5,0.0,205,417,1,,,
184.0,0.0,206,417,1,,,
184.5,0.0,208,419,1,,,
185.0,0.0,209,419,1,,,
185.5,0.0,210,423,1,,,
186.0,0.0,212,423,1,,,
186.5,0.0,213,424,1,,,
187.0,0.0,214,424,1,,,
187.5,0.0,215,426,1,,,
188.0,0.0,217,426,1,,,
188.5,0.0,218,430,1,,,
189.0,0.0,220,430,1,,,
189.5,0.0,221,433,1,,,
190.0,0.0,222,433,1,,,
190.5,0.0,223,436,1,,,
191.0,0.0,225,436,1,,,
191.5,0.0,226,442,1,,,
192.0,0.0,228,442,1,,,
192.5,0.0,229,445,1,,,
193.0,0.0,230,445,1,,,
193.5,0.0,232,449,1,,,
194.0,0.0,233,449,1,,,
194.5,0.0,234,451,1,,,
195.0,0.0,236,451,1,,,
195.5,0.0,237,454,1,,,
196.0,0.0,239,454,1,,,
196.5,0.0,240,454,1,,,
197.0,0.0,241,454,1,,,
197.5,0.0,243,458,1,,,
198.0,0.0,244,458,1,,,
198.5,0.0,246,460,1,,,
199.0,0.0,247,460,1,,,
199.5,0.0,249,464,1,,,
200.0,0.0,250,464,1,,,
200.5,0.0,251,468,1,,,
201.0,0.0,253,468,1,,,
201.5,0.0,254,473,1,,,
202.0,0.0,256,473,1,,,
202.5,0.0,257,477,1,,,
203.0,0.0,259,477,1,,,
203.5,0.0,260,482,1,,,
204.0,0.0,262,482,1,,,
204.5,0.0,263,484,1,,,
205.0,0.0,265,484,1,,,
205.5,0.0,266,486,1,,,
206.0,0.0,268,486,1,,,
206.5,0.0,269,488,1,,,
207.0,0.0,271,488,1,,,
207.5,0.0,272,490,1,,,
208.0,0.0,274,490,1,,,
208.5,0.0,275,491,1,,,
209.0,0.0,277,491,1,,,
209.5,0.0,278,496,1,,,
210.0,0.0,280,496,1,,,
210.5,0.0,281,499,1,,,
211.0,0.0,283,499,1,,,
211.5,0.0,284,503,1,,,
212.0,0.0,286,503,1,,,
212.5,0.0,287,507,1,,,
213.0,0.0,289,507,1,,,
213.5,0.0,291,511,1,,,
214.0,0.0,292,511,1,,,
214.5,0.0,294,512,1,,,
215.0,0.0,295,512,1,,,
215.5,0.0,297,514,1,,,
216.0,0.0,298,514,1,,,
216.5,0.0,300,516,1,,,
217.0,0.0,301,516,1,,,
217.5,0.0,303,517,1,,,
218.0,0.0,305,517,1,,,
218.5,0.0,306,518,1,,,
219.0,0.0,308,518,1,,,
219.5,0.0,309,521,1,,,
220.0,0.0,311,521,1,,,
220.5,0.0,313,525,1,,,
221.0,0.0,314,525,1,,,
221.5,0.0,316,529,1,,,
222.0,0.0,317,529,1,,,
222.5,0.0,319,531,1,,,
223.0,0.0,321,531,1,,,
223.5,0.0,322,534,1,,,
224.0,0.0,324,534,1,,,
224.5,0.0,326,535,1,,,
225.0,0.0,327,535,1,,,
225.5,0.0,329,535,1,,,
226.0,0.0,330,535,1,,,
226.5,0.0,332,535,1,,,
227.0,0.0,334,535,1,,,
227.5,0.0,335,536,1,,,
228.0,0.0,337,536,1,,,
228.5,0.0,339,538,1,,,
229.0,0.0,340,538,1,,,
229.5,0.0,342,541,1,,,
230.0,0.0,343,541,1,,,
230.5,0.0,345,543,1,,,
231.0,0.0,347,543,1,,,
231.5,0.0,348,546,1,,,
232.0,0.0,350,546,1,,,
232.5,0.0,352,548,1,,,
233.0,0.0,353,548,1,,,
233.5,0.0,355,547,1,,,
234.0,0.0,357,547,1,,,
234.5,0.0,358,547,1,,,
235.0,0.0,360,547,1,,,
235.5,0.0,362,548,1,,,
236.0,0.0,363,548,1,,,
236.5,0.0,365,548,1,,,
237.0,0.0,367,548,1,,,
237.5,0.0,368,549,1,,,
238.0,0.0,370,549,1,,,
238.5,0.0,372,553,1,,,
239.0,0.0,373,553,1,,,
239.5,0.0,375,555,1,,,
240.0,0.0,377,555,1,,,
240.5,0.0,378,556,1,,,
241.0,0.0,380,556,1,,,
241.5,0.0,382,556,1,,,
242.0,0.0,383,556,1,,,
242.5,0.0,385,555,1,,,
243.0,0.0,387,555,1,,,
243.5,0.0,389,554,1,,,
244.0,0.0,390,554,1,,,
244.5,0.0,392,555,1,,,
245.0,0.0,393,555,1,,,
245.5,0.0,395,554,1,,,
246.0,0.0,397,554,1,,,
246.5,0.0,399,556,1,,,
247.0,0.0,400,556,1,,,
247.5,0.0,402,560,1,,,
248.0,0.0,404,560,1,,,
248.5,0.0,405,560,1,,,
249.0,0.0,407,560,1,,,
249.5,0.0,409,560,1,,,
250.0,0.0,410,560,1,,,
250.5,0.0,412,560,1,,,
251.0,0.0,414,560,1,,,
251.5,0.0,415,559,1,,,
252.0,0.0,417,559,1,,,
252.5,0.0,419,556,1,,,
253.0,0.0,420,556,1,,,
253.5,0.0,422,557,1,,,
254.0,0.0,424,557,1,,,
254.5,0.0,426,557,1,,,
255.0,0.0,427,557,1,,,
255.5,0.0,429,559,1,,,
256.0,0.0,431,559,1,,,
256.5,0.0,432,560,1,,,
257.0,0.0,434,560,1,,,
257.5,0.0,436,560,1,,,
258.0,0.0,437,560,1,,,
258.5,0.0,439,559,1,,,
259.0,0.0,441,559,1,,,
259.5,0.0,442,556,1,,,
260.0,0.0,444,556,1,,,
260.5,0.0,446,555,1,,,
261.0,0.0,447,555,1,,,
261.5,0.0,449,554,1,,,
262.0,0.0,451,554,1,,,
262.5,0.0,452,554,1,,,
263.0,0.0,454,554,1,,,
263.5,0.0,456,555,1,,,
264.0,0.0,457,555,1,,,
264.5,0.0,459,556,1,,,
265.0,0.0,461,556,1,,,
265.5,0.0,462,556,1,,,
266.0,0.0,464,556,1,,,
266.5,0.0,466,555,1,,,
267.0,0.0,467,555,1,,,
267.5,0.0,469,554,1,,,
268.0,0.0,471,554,1,,,
268.5,0.0,472,551,1,,,
269.0,0.0,474,551,1,,,
269.5,0.0,476,550,1,,,
270.0,0.0,477,550,1,,,
270.5,0.0,479,549,1,,,
271.0,0.0,481,549,1,,,
271.5,0.0,482,550,1,,,
272.0,0.0,484,550,1,,,
272.5,0.0,486,550,1,,,
273.0,0.0,487,550,1,,,
273.5,0.0,489,550,1,,,
274.0,0.0,491,550,1,,,
274.5,0.0,492,550,1,,,
275.0,0.0,494,550,1,,,
275.5,0.0,495,548,1,,,
276.0,0.0,497,548,1,,,
276.5,0.0,499,546,1,,,
277.0,0.0,500,546,1,,,
277.5,0.0,502,543,1,,,
278.0,0.0,504,543,1,,,
278.5,0.0,505,542,1,,,
279.0,0.0,507,542,1,,,
279.5,0.0,509,541,1,,,
280.0,0.0,510,541,1,,,
280.5,0.0,512,542,1,,,
281.0,0.0,513,542,1,,,
281.5,0.0,515,542,1,,,
282.0,0.0,517,542,1,,,
282.5,0.0,518,542,1,,,
283.0,0.0,520,542,1,,,
283.5,0.0,521,541,1,,,
284.0,0.0,523,541,1,,,
284.5,0.0,525,538,1,,,
285.0,0.0,526,538,1,,,
285.5,0.0,528,536,1,,,
286.0,0.0,529,536,1,,,
286.5,0.0,531,534,1,,,
287.0,0.0,533,534,1,,,
287.5,0.0,534,534,1,,,
288.0,0.0,536,534,1,,,
288.5,0.0,538,532,1,,,
289.0,0.0,539,532,1,,,
289.5,0.0,541,534,1,,,
290.0,0.0,542,534,1,,,
290.5,0.0,544,535,1,,,
291.0,0.0,546,535,1,,,
291.5,0.0,547,535,1,,,
292.0,0.0,549,535,1,,,
292.5,0.0,550,534,1,,,
293.0,0.0,552,534,1,,,
293.5,0.0,554,532,1,,,
294.0,0.0,555,532,1,,,
294.5,0.0,557,529,1,,,
295.0,0.0,558,529,1,,,
295.5,0.0,560,528,1,,,
296.0,0.0,562,528,1,,,
296.5,0.0,563,528,1,,,
297.0,0.0,565,528,1,,,
297.5,0.0,566,527,1,,,
298.0,0.0,568,527,1,,,
298.5,0.0,570,528,1,,,
299.0,0.0,571,528,1,,,
299.5,0.0,573,530,1,,,
300.0,0.0,574,530,1,,,
300.5,0.0,576,529,1,,,
301.0,0.0,577,529,1,,,
301.5,0.0,579,528,1,,,
302.0,0.0,581,528,1,,,
302.5,0.0,582,527,1,,,
303.0,0.0,584,527,1,,,
303.5,0.0,585,523,1,,,
304.0,0.0,587,523,1,,,
304.5,0.0,588,522,1,,,
305.0,0.0,590,522,1,,,
305.5,0.0,592,521,1,,,
306.0,0.0,593,521,1,,,
306.5,0.0,595,521,1,,,
307.0,0.0,596,521,1,,,
307.5,0.0,598,521,1,,,
308.0,0.0,599,521,1,,,
308.5,0.0,601,522,1,,,
309.0,0.0,603,522,1,,,
309.5,0.0,604,521,1,,,
310.0,0.0,606,521,1,,,
310.5,0.0,607,520,1,,,
311.0,0.0,609,520,1,,,
311.5,0.0,610,517,1,,,
312.0,0.0,612,517,1,,,
312.5,0.0,613,516,1,,,
313.0,0.0,615,516,1,,,
313.5,0.0,617,515,1,,,
314.0,0.0,618,515,1,,,
314.5,0.0,620,515,1,,,
315.0,0.0,621,515,1,,,
315.5,0.0,623,515,1,,,
316.0,0.0,624,515,1,,,
316.5,0.0,626,515,1,,,
317.0,0.0,627,515,1,,,
317.5,0.0,629,515,1,,,
318.0,0.0,631,515,1,,,
318.5,0.0,632,516,1,,,
319.0,0.0,634,516,1,,,
319.5,0.0,635,514,1,,,
320.0,0.0,637,514,1,,,
320.5,0.0,638,512,1,,,
321.0,0.0,640,512,1,,,
321.5,0.0,641,511,1,,,
322.0,0.0,643,511,1,,,
322.5,0.0,644,510,1,,,
323.0,0.0,646,510,1,,,
323.5,0.0,647,508,1,,,
324.0,0.0,649,508,1,,,
324.5,0.0,650,508,1,,,
325.0,0.0,652,508,1,,,
325.5,0.0,653,509,1,,,
326.0,0.0,655,509,1,,,
326.5,0.0,657,509,1,,,
327.0,0.0,658,509,1,,,
327.5,0.0,660,509,1,,,
328.0,0.0,661,509,1,,,
328.5,0.0,663,509,1,,,
329.0,0.0,664,509,1,,,
329.5,0.0,666,508,1,,,
330.0,0.0,667,508,1,,,
330.5,0.0,669,505,1,,,
331.0,0.0,670,505,1,,,
331.5,0.0,672,503,1,,,
332.0,0.0,673,503,1,,,
332.5,0.0,675,502,1,,,
333.0,0.0,676,502,1,,,
333.5,0.0,678,502,1,,,
334.0,0.0,679,502,1,,,
334.5,0.0,681,502,1,,,
335.0,0.0,682,502,1,,,
335.5,0.0,684,502,1,,,
336.0,0.0,685,502,1,,,
336.5,0.0,687,504,1,,,
337.0,0.0,688,504,1,,,
337.5,0.0,690,503,1,,,
338.0,0.0,691,503,1,,,
338.5,0.0,693,501,1,,,
339.0,0.0,694,501,1,,,
339.5,0.0,696,499,1,,,
340.0,0.0,697,499,1,,,
340.5,0.0,699,497,1,,,
341.0,0.0,700,497,1,,,
341.5,0.0,702,496,1,,,
342.0,0.0,703,496,1,,,
342.5,0.0,705,495,1,,,
343.0,0.0,706,495,1,,,
343.5,0.0,708,496,1,,,
344.0,0.0,709,496,1,,,
344.5,0.0,711,496,1,,,
345.0,0.0,712,496,1,,,
345.5,0.0,714,497,1,,,
346.0,0.0,715,497,1,,,
346.5,0.0,717,496,1,,,
347.0,0.0,718,496,1,,,
347.5,0.0,720,496,1,,,
348.0,0.0,721,496,1,,,
348.5,0.0,723,493,1,,,
349.0,0.0,724,493,1,,,
349.5,0.0,726,491,1,,,
350.0,0.0,727,491,1,,,
350.5,0.0,729,490,1,,,
351.0,0.0,730,490,1,,,
351.5,0.0,731,489,1,,,
352.0,0.0,733,489,1,,,
352.5,0.0,734,489,1,,,
353.0,0.0,736,489,1,,,
353.5,0.0,737,490,1,,,
354.0,0.0,739,490,1,,,
354.5,0.0,740,491,1,,,
355.0,0.0,742,491,1,,,
355.5,0.0,743,491,1,,,
356.0,0.0,745,491,1,,,
356.5,0.0,746,491,1,,,
357.0,0.0,748,491,1,,,
357.5,0.0,749,491,1,,,
358.0,0.0,751,491,1,,,
358.5,0.0,752,490,1,,,
359.0,0.0,754,490,1,,,
359.5,0.0,755,488,1,,,
360.0,0.0,757,488,1,,,
360.5,0.0,758,488,1,,,
361.0,0.0,760,488,1,,,
361.5,0.0,761,488,1,,,
362.0,0.0,762,488,1,,,
362.5,0.0,764,486,1,,,
363.0,0.0,765,486,1,,,
363.5,0.0,767,486,1,,,
364.0,0.0,768,486,1,,,
364.5,0.0,770,490,1,,,
365.0,0.0,771,490,1,,,
365.5,0.0,773,490,1,,,
366.0,0.0,774,490,1,,,
366.5,0.0,776,490,1,,,
367.0,0.0,777,490,1,,,
367.5,0.0,779,490,1,,,
368.0,0.0,780,490,1,,,
368.5,0.0,782,489,1,,,
369.0,0.0,783,489,1,,,
369.5,0.0,785,488,1,,,
370.0,0.0,786,488,1,,,
370.5,0.0,788,489,1,,,
371.0,0.0,789,489,1,,,
371.5,0.0,790,488,1,,,
372.0,0.0,792,488,1,,,
372.5,0.0,793,489,1,,,
373.0,0.0,795,489,1,,,
373.5,0.0,796,490,1,,,
374.0,0.0,798,490,1,,,
374.5,0.0,799,491,1,,,
375.0,0.0,801,491,1,,,
375.5,0.0,802,491,1,,,
376.0,0.0,804,491,1,,,
376.5,0.0,805,493,1,,,
377.0,0.0,807,493,1,,,
377.5,0.0,808,493,1,,,
378.0,0.0,810,493,1,,,
378.5,0.0,811,495,1,,,
379.0,0.0,813,495,1,,,
379.5,0.0,814,493,1,,,
380.0,0.0,816,493,1,,,
380.5,0.0,817,493,1,,,
381.0,0.0,819,493,1,,,
381.5,0.0,820,495,1,,,
382.0,0.0,822,495,1,,,
382.5,0.0,823,496,1,,,
383.0,0.0,825,496,1,,,
383.5,0.0,826,497,1,,,
384.0,0.0,828,497,1,,,
384.5,0.0,829,501,1,,,
385.0,0.0,831,501,1,,,
385.5,0.0,832,502,1,,,
386.0,0.0,834,502,1,,,
386.5,0.0,835,501,1,,,
387.0,0.0,837,501,1,,,
387.5,0.0,839,502,1,,,
388.0,0.0,840,502,1,,,
388.5,0.0,841,501,1,,,
389.0,0.0,843,501,1,,,
389.5,0.0,845,501,1,,,
390.0,0.0,846,501,1,,,
390.5,0.0,848,501,1,,,
391.0,0.0,849,501,1,,,
391.5,0.0,851,503,1,,,
392.0,0.0,852,503,1,,,
392.5,0.0,854,504,1,,,
393.0,0.0,855,504,1,,,
393.5,0.0,857,507,1,,,
394.0,0.0,858,507,1,,,
394.5,0.0,860,508,1,,,
395.0,0.0,861,508,1,,,
395.5,0.0,863,508,1,,,
396.0,0.0,864,508,1,,,
396.5,0.0,866,508,1,,,
397.0,0.0,867,508,1,,,
397.5,0.0,869,507,1,,,
398.0,0.0,871,507,1,,,
398.5,0.0,872,508,1,,,
399.0,0.0,874,508,1,,,
399.5,0.0,875,507,1,,,
400.0,0.0,877,507,1,,,
400.5,0.0,878,509,1,,,
401.0,0.0,880,509,1,,,
401.5,0.0,881,509,1,,,
402.0,0.0,883,509,1,,,
402.5,0.0,884,511,1,,,
403.0,0.0,886,511,1,,,
403.5,0.0,887,511,1,,,
404.0,0.0,889,511,1,,,
404.5,0.0,891,512,1,,,
405.0,0.0,892,512,1,,,
405.5,0.0,894,511,1,,,
406.0,0.0,895,511,1,,,
406.5,0.0,897,511,1,,,
407.0,0.0,898,511,1,,,
407.5,0.0,900,510,1,,,
408.0,0.0,901,510,1,,,
408.5,0.0,903,510,1,,,
409.0,0.0,904,510,1,,,
409.5,0.0,906,510,1,,,
410.0,0.0,907,510,1,,,
410.5,0.0,909,511,1,,,
411.0,0.0,911,511,1,,,
411.5,0.0,912,514,1,,,
412.0,0.0,914,514,1,,,
412.5,0.0,915,515,1,,,
413.0,0.0,917,515,1,,,
413.5,0.0,918,515,1,,,
414.0,0.0,920,515,1,,,
414.5,0.0,921,515,1,,,
415.0,0.0,923,515,1,,,
415.5,0.0,925,514,1,,,
416.0,0.0,926,514,1,,,
416.5,0.0,928,512,1,,,
417.0,0.0,929,512,1,,,
417.5,0.0,931,512,1,,,
418.0,0.0,932,512,1,,,
418.5,0.0,934,512,1,,,
419.0,0.0,935,512,1,,,
419.5,0.0,937,514,1,,,
420.0,0.0,939,514,1,,,
420.5,0.0,940,516,1,,,
421.0,0.0,942,516,1,,,
421.5,0.0,943,518,1,,,
422.0,0.0,945,518,1,,,
422.5,0.0,946,517,1,,,
423.0,0.0,948,517,1,,,
423.5,0.0,949,517,1,,,
424.0,0.0,951,517,1,,,
424.5,0.0,953,515,1,,,
425.0,0.0,954,515,1,,,
425.5,0.0,956,514,1,,,
426.0,0.0,957,514,1,,,
426.5,0.0,959,511,1,,,
427.0,0.0,960,511,1,,,
427.5,0.0,962,514,1,,,
428.0,0.0,963,514,1,,,
428.5,0.0,965,514,1,,,
429.0,0.0,967,514,1,,,
429.5,0.0,968,516,1,,,
430.0,0.0,970,516,1,,,
430.5,0.0,971,517,1,,,
431.0,0.0,973,517,1,,,
431.5,0.0,974,517,1,,,
432.0,0.0,976,517,1,,,
432.5,0.0,977,517,1,,,
433.0,0.0,979,517,1,,,
433.5,0.0,981,516,1,,,
434.0,0.0,982,516,1,,,
434.5,0.0,984,515,1,,,
435.0,0.0,985,515,1,,,
435.5,0.0,987,515,1,,,
436.0,0.0,988,515,1,,,
436.5,0.0,990,515,1,,,
437.0,0.0,991,515,1,,,
437.5,0.0,993,515,1,,,
438.0,0.0,995,515,1,,,
438.5,0.0,996,517,1,,,
439.0,0.0,998,517,1,,,
439.5,0.0,999,518,1,,,
440.0,0.0,1001,518,1,,,
440.5,0.0,1002,517,1,,,
441.0,0.0,1004,517,1,,,
441.5,0.0,1005,517,1,,,
442.0,0.0,1007,517,1,,,
442.5,0.0,1009,517,1,,,
443.0,0.0,1010,517,1,,,
443.5,0.0,1012,515,1,,,
444.0,0.0,1013,515,1,,,
444.5,0.0,1015,514,1,,,
445.0,0.0,1016,514,1,,,
445.5,0.0,1018,514,1,,,
446.0,0.0,1019,514,1,,,
446.5,0.0,1021,515,1,,,
447.0,0.0,1023,515,1,,,
447.5,0.0,1024,515,1,,,
448.0,0.0,1026,515,1,,,
448.5,0.0,1027,517,1,,,
449.0,0.0,1029,517,1,,,
449.5,0.0,1030,517,1,,,
450.0,0.0,1032,517,1,,,
450.5,0.0,1033,518,1,,,
451.0,0.0,1035,518,1,,,
451.5,0.0,1036,516,1,,,
452.0,0.0,1038,516,1,,,
452.5,0.0,1040,515,1,,,
453.0,0.0,1041,515,1,,,
453.5,0.0,1043,512,1,,,
454.0,0.0,1044,512,1,,,
454.5,0.0,1046,512,1,,,
455.0,0.0,1047,512,1,,,
455.5,0.0,1049,512,1,,,
456.0,0.0,1050,512,1,,,
456.5,0.0,1052,514,1,,,
457.0,0.0,1054,514,1,,,
457.5,0.0,1055,514,1,,,
458.0,0.0,1057,514,1,,,
458.5,0.0,1058,516,1,,,
459.0,0.0,1060,516,1,,,
459.5,0.0,1061,515,1,,,
460.0,0.0,1063,515,1,,,
460.5,0.0,1064,512,1,,,
461.0,0.0,1066,512,1,,,
461.5,0.0,1067,511,1,,,
462.0,0.0,1069,511,1,,,
462.5,0.0,1070,510,1,,,
463.0,0.0,1072,510,1,,,
463.5,0.0,1074,508,1,,,
464.0,0.0,1075,508,1,,,
464.5,0.0,1077,509,1,,,
465.0,0.0,1078,509,1,,,
465.5,0.0,1080,510,1,,,
466.0,0.0,1081,510,1,,,
466.5,0.0,1083,510,1,,,
467.0,0.0,1084,510,1,,,
467.5,0.0,1086,511,1,,,
468.0,0.0,1087,511,1,,,
468.5,0.0,1089,511,1,,,
469.0,0.0,1090,511,1,,,
469.5,0.0,1092,510,1,,,
470.0,0.0,1093,510,1,,,
470.5,0.0,1095,509,1,,,
471.0,0.0,1096,509,1,,,
471.5,0.0,1098,508,1,,,
472.0,0.0,1100,508,1,,,
472.5,0.0,1101,505,1,,,
473.0,0.0,1103,505,1,,,
473.5,0.0,1104,505,1,,,
474.0,0.0,1106,505,1,,,
474.5,0.0,1107,505,1,,,
475.0,0.0,1109,505,1,,,
475.5,0.0,1110,507,1,,,
476.0,0.0,1112,507,1,,,
476.5,0.0,1113,508,1,,,
477.0,0.0,1115,508,1,,,
477.5,0.0,1116,509,1,,,
478.0,0.0,1118,509,1,,,
478.5,0.0,1120,508,1,,,
479.0,0.0,1121,508,1,,,
479.5,0.0,1122,508,1,,,
480.0,0.0,1124,508,1,,,
480.5,0.0,1126,505,1,,,
481.0,0.0,1127,505,1,,,
481.5,0.0,1129,504,1,,,
482.0,0.0,1130,504,1,,,
482.5,0.0,1132,504,1,,,
483.0,0.0,1133,504,1,,,
483.5,0.0,1135,504,1,,,
484.0,0.0,1136,504,1,,,
484.5,0.0,1138,504,1,,,
485.0,0.0,1139,504,1,,,
485.5,0.0,1141,505,1,,,
486.0,0.0,1142,505,1,,,
486.5,0.0,1144,508,1,,,
487.0,0.0,1145,508,1,,,
487.5,0.0,1147,507,1,,,
488.0,0.0,1148,507,1,,,
488.5,0.0,1150,507,1,,,
489.0,0.0,1151,507,1,,,
489.5,0.0,1153,504,1,,,
490.0,0.0,1154,504,1,,,
490.5,0.0,1156,503,1,,,
491.0,0.0,1157,503,1,,,
491.5,0.0,1159,502,1,,,
492.0,0.0,1160,502,1,,,
492.5,0.0,1162,502,1,,,
493.0,0.0,1164,502,1,,,
493.5,0.0,1165,503,1,,,
494.0,0.0,1167,503,1,,,
494.5,0.0,1168,505,1,,,
495.0,0.0,1170,505,1,,,
495.5,0.0,1171,507,1,,,
496.0,0.0,1173,507,1,,,
496.5,0.0,1174,505,1,,,
497.0,0.0,1176,505,1,,,
497.5,0.0,1177,505,1,,,
498.0,0.0,1179,505,1,,,
498.5,0.0,1180,504,1,,,
499.0,0.0,1182,504,1,,,
499.5,0.0,1183,502,1,,,
500.0,0.0,1185,502,1,,,
500.5,0.0,1186,501,1,,,
501.0,0.0,1188,501,1,,,
501.5,0.0,1189,501,1,,,
502.0,0.0,1191,501,1,,,
502.5,0.0,1192,501,1,,,
503.0,0.0,1194,501,1,,,
503.5,0.0,1195,501,1,,,
504.0,0.0,1197,501,1,,,
504.5,0.0,1198,503,1,,,
505.0,0.0,1200,503,1,,,
505.5,0.0,1201,503,1,,,
506.0,0.0,1203,503,1,,,
506.5,0.0,1204,502,1,,,
507.0,0.0,1206,502,1,,,
507.5,0.0,1207,502,1,,,
508.0,0.0,1209,502,1,,,
508.5,0.0,1210,501,1,,,
509.0,0.0,1212,501,1,,,
509.5,0.0,1213,498,1,,,
510.0,0.0,1215,498,1,,,
510.5,0.0,1216,497,1,,,
511.0,0.0,1218,497,1,,,
511.5,0.0,1219,498,1,,,
512.0,0.0,1221,498,1,,,
512.5,0.0,1223,498,1,,,
513.0,0.0,1224,498,1,,,
513.5,0.0,1226,499,1,,,
514.0,0.0,1227,499,1,,,
514.5,0.0,1229,501,1,,,
515.0,0.0,1230,501,1,,,
515.5,0.0,1232,502,1,,,
516.0,0.0,1233,502,1,,,
516.5,0.0,1235,501,1,,,
517.0,0.0,1236,501,1,,,
517.5,0.0,1238,499,1,,,
518.0,0.0,1239,499,1,,,
518.5,0.0,1241,498,1,,,
519.0,0.0,1242,498,1,,,
519.5,0.0,1244,497,1,,,
520.0,0.0,1245,497,1,,,
520.5,0.0,1247,497,1,,,
521.0,0.0,1248,497,1,,,
521.5,0.0,1250,497,1,,,
522.0,0.0,1251,497,1,,,
522.5,0.0,1253,498,1,,,
523.0,0.0,1254,498,1,,,
523.5,0.0,1256,499,1,,,
524.0,0.0,1257,499,1,,,
524.5,0.0,1259,501,1,,,
525.0,0.0,1260,501,1,,,
525.5,0.0,1262,499,1,,,
526.0,0.0,1263,499,1,,,
526.5,0.0,1265,499,1,,,
527.0,0.0,1266,499,1,,,
527.5,0.0,1268,498,1,,,
528.0,0.0,1269,498,1,,,
528.5,0.0,1271,497,1,,,
529.0,0.0,1272,497,1,,,
529.5,0.0,1274,497,1,,,
530.0,0.0,1275,497,1,,,
530.5,0.0,1277,497,1,,,
531.0,0.0,1278,497,1,,,
531.5,0.0,1280,498,1,,,
532.0,0.0,1281,498,1,,,
532.5,0.0,1283,499,1,,,
533.0,0.0,1284,499,1,,,
533.5,0.0,1286,501,1,,,
534.0,0.0,1287,501,1,,,
534.5,0.0,1289,501,1,,,
535.0,0.0,1290,501,1,,,
535.5,0.0,1292,501,1,,,
536.0,0.0,1293,501,1,,,
536.5,0.0,1295,501,1,,,
537.0,0.0,1296,501,1,,,
537.5,0.0,1298,499,1,,,
538.0,0.0,1299,499,1,,,
538.5,0.0,1301,499,1,,,
539.0,0.0,1302,499,1,,,
539.5,0.0,1304,499,1,,,
540.0,0.0,1305,499,1,,,
540.5,0.0,1307,499,1,,,
541.0,0.0,1308,499,1,,,
541.5,0.0,1310,499,1,,,
542.0,0.0,1311,499,1,,,
542.5,0.0,1313,502,1,,,
543.0,0.0,1314,502,1,,,
543.5,0.0,1316,502,1,,,
544.0,0.0,1317,502,1,,,
544.5,0.0,1319,501,1,,,
545.0,0.0,1320,501,1,,,
545.5,0.0,1322,501,1,,,
546.0,0.0,1323,501,1,,,
546.5,0.0,1325,499,1,,,
547.0,0.0,1326,499,1,,,
547.5,0.0,1328,497,1,,,
548.0,0.0,1329,497,1,,,
548.5,0.0,1331,497,1,,,
549.0,0.0,1332,497,1,,,
549.5,0.0,1334,498,1,,,
550.0,0.0,1335,498,1,,,
550.5,0.0,1337,499,1,,,
551.0,0.0,1338,499,1,,,
551.5,0.0,1340,501,1,,,
552.0,0.0,1341,501,1,,,
552.5,0.0,1343,502,1,,,
553.0,0.0,1345,502,1,,,
553.5,0.0,1346,502,1,,,
554.0,0.0,1347,502,1,,,
554.5,0.0,1349,501,1,,,
555.0,0.0,1350,501,1,,,
555.5,0.0,1352,499,1,,,
556.0,0.0,1353,499,1,,,
556.5,0.0,1355,498,1,,,
557.0,0.0,1356,498,1,,,
557.5,0.0,1358,498,1,,,
558.0,0.0,1359,498,1,,,
558.5,0.0,1361,497,1,,,
559.0,0.0,1362,497,1,,,
559.5,0.0,1364,498,1,,,
560.0,0.0,1365,498,1,,,
560.5,0.0,1367,499,1,,,
561.0,0.0,1369,499,1,,,
561.5,0.0,1370,501,1,,,
562.0,0.0,1372,501,1,,,
562.5,0.0,1373,501,1,,,
563.0,0.0,1375,501,1,,,
563.5,0.0,1376,501,1,,,
564.0,0.0,1378,501,1,,,
564.5,0.0,1379,499,1,,,
565.0,0.0,1381,499,1,,,
565.5,0.0,1382,497,1,,,
566.0,0.0,1384,497,1,,,
566.5,0.0,1385,496,1,,,
567.0,0.0,1387,496,1,,,
567.5,0.0,1388,496,1,,,
568.0,0.0,1390,496,1,,,
568.5,0.0,1391,496,1,,,
569.0,0.0,1393,496,1,,,
569.5,0.0,1394,497,1,,,
570.0,0.0,1396,497,1,,,
570.5,0.0,1397,499,1,,,
571.0,0.0,1399,499,1,,,
571.5,0.0,1400,499,1,,,
572.0,0.0,1402,499,1,,,
572.5,0.0,1403,499,1,,,
573.0,0.0,1405,499,1,,,
573.5,0.0,1406,499,1,,,
574.0,0.0,1407,499,1,,,
574.5,0.0,1409,497,1,,,
575.0,0.0,1410,497,1,,,
575.5,0.0,1412,495,1,,,
576.0,0.0,1414,495,1,,,
576.5,0.0,1415,496,1,,,
577.0,0.0,1417,496,1,,,
577.5,0.0,1418,495,1,,,
578.0,0.0,1420,495,1,,,
578.5,0.0,1421,495,1,,,
579.0,0.0,1423,495,1,,,
579.5,0.0,1424,497,1,,,
580.0,0.0,1426,497,1,,,
580.5,0.0,1427,498,1,,,
581.0,0.0,1429,498,1,,,
581.5,0.0,1430,498,1,,,
582.0,0.0,1432,498,1,,,
582.5,0.0,1433,498,1,,,
583.0,0.0,1434,498,1,,,
583.5,0.0,1436,497,1,,,
584.0,0.0,1437,497,1,,,
584.5,0.0,1439,496,1,,,
585.0,0.0,1440,496,1,,,
585.5,0.0,1442,496,1,,,
586.0,0.0,1443,496,1,,,
586.5,0.0,1445,495,1,,,
587.0,0.0,1446,495,1,,,
587.5,0.0,1448,496,1,,,
588.0,0.0,1450,496,1,,,
588.5,0.0,1451,497,1,,,
589.0,0.0,1453,497,1,,,
589.5,0.0,1454,498,1,,,
590.0,0.0,1456,498,1,,,
590.5,0.0,1457,499,1,,,
591.0,0.0,1459,499,1,,,
591.5,0.0,1460,501,1,,,
592.0,0.0,1462,501,1,,,
592.5,0.0,1463,499,1,,,
593.0,0.0,1465,499,1,,,
593.5,0.0,1466,498,1,,,
594.0,0.0,1467,498,1,,,
594.5,0.0,1469,497,1,,,
595.0,0.0,1471,497,1,,,
595.5,0.0,1472,497,1,,,
596.0,0.0,1473,497,1,,,
596.5,0.0,1475,496,1,,,
597.0,0.0,1477,496,1,,,
597.5,0.0,1478,497,1,,,
598.0,0.0,1480,497,1,,,
598.5,0.0,1481,499,1,,,
599.0,0.0,1483,499,1,,,
599.5,0.0,1484,501,1,,,
600.0,0.0,1486,501,1,,,
600.5,0.0,1487,501,1,,,
601.0,0.0,1489,501,1,,,
601.5,0.0,1490,502,1,,,
602.0,0.0,1492,502,1,,,
602.5,0.0,1493,499,1,,,
603.0,0.0,1495,499,1,,,
603.5,0.0,1496,498,1,,,
604.0,0.0,1498,498,1,,,
604.5,0.0,1499,498,1,,,
605.0,0.0,1501,498,1,,,
605.5,0.0,1502,497,1,,,
606.0,0.0,1504,497,1,,,
606.5,0.0,1505,498,1,,,
607.0,0.0,1507,498,1,,,
607.5,0.0,1508,501,1,,,
608.0,0.0,1510,501,1,,,
608.5,0.0,1511,502,1,,,
609.0,0.0,1513,502,1,,,
609.5,0.0,1514,502,1,,,
610.0,0.0,1516,502,1,,,
610.5,0.0,1517,503,1,,,
611.0,0.0,1519,503,1,,,
611.5,0.0,1520,501,1,,,
612.0,0.0,1522,501,1,,,
612.5,0.0,1523,501,1,,,
613.0,0.0,1525,501,1,,,
613.5,0.0,1526,499,1,,,
614.0,0.0,1528,499,1,,,
614.5,0.0,1529,499,1,,,
615.0,0.0,1531,499,1,,,
615.5,0.0,1532,499,1,,,
616.0,0.0,1534,499,1,,,
616.5,0.0,1535,501,1,,,
617.0,0.0,1537,501,1,,,
617.5,0.0,1538,501,1,,,
618.0,0.0,1540,501,1,,,
618.5,0.0,1541,503,1,,,
619.0,0.0,1543,503,1,,,
619.5,0.0,1545,503,1,,,
620.0,0.0,1546,503,1,,,
620.5,0.0,1547,503,1,,,
621.0,0.0,1549,503,1,,,
621.5,0.0,1550,502,1,,,
622.0,0.0,1552,502,1,,,
622.5,0.0,1553,501,1,,,
623.0,0.0,1555,501,1,,,
623.5,0.0,1557,501,1,,,
624.0,0.0,1558,501,1,,,
624.5,0.0,1560,501,1,,,
625.0,0.0,1561,501,1,,,
625.5,0.0,1563,502,1,,,
626.0,0.0,1564,502,1,,,
626.5,0.0,1566,504,1,,,
627.0,0.0,1567,504,1,,,
627.5,0.0,1569,505,1,,,
628.0,0.0,1570,505,1,,,
628.5,0.0,1572,505,1,,,
629.0,0.0,1573,505,1,,,
629.5,0.0,1575,507,1,,,
630.0,0.0,1576,507,1,,,
630.5,0.0,1578,505,1,,,
631.0,0.0,1579,505,1,,,
631.5,0.0,1581,503,1,,,
632.0,0.0,1582,503,1,,,
632.5,0.0,1584,504,1,,,
633.0,0.0,1585,504,1,,,
633.5,0.0,1587,503,1,,,
634.0,0.0,1589,503,1,,,
634.5,0.0,1590,503,1,,,
635.0,0.0,1592,503,1,,,
635.5,0.0,1593,504,1,,,
636.0,0.0,1595,504,1,,,
636.5,0.0,1596,505,1,,,
637.0,0.0,1598,505,1,,,
637.5,0.0,1599,505,1,,,
638.0,0.0,1601,505,1,,,
638.5,0.0,1602,505,1,,,
639.0,0.0,1604,505,1,,,
639.5,0.0,1605,505,1,,,
640.0,0.0,1607,505,1,,,
640.5,0.0,1608,504,1,,,
641.0,0.0,1610,504,1,,,
641.5,0.0,1611,503,1,,,
642.0,0.0,1613,503,1,,,
642.5,0.0,1614,503,1,,,
643.0,0.0,1616,503,1,,,
643.5,0.0,1617,503,1,,,
644.0,0.0,1619,503,1,,,
644.5,0.0,1620,503,1,,,
645.0,0.0,1622,503,1,,,
645.5,0.0,1623,503,1,,,
646.0,0.0,1625,503,1,,,
646.5,0.0,1626,505,1,,,
647.0,0.0,1628,505,1,,,
647.5,0.0,1630,504,1,,,
648.0,0.0,1631,504,1,,,
648.5,0.0,1633,505,1,,,
649.0,0.0,1634,505,1,,,
649.5,0.0,1636,503,1,,,
650.0,0.0,1637,503,1,,,
650.5,0.0,1639,503,1,,,
651.0,0.0,1640,503,1,,,
651.5,0.0,1642,502,1,,,
652.0,0.0,1643,502,1,,,
652.5,0.0,1645,503,1,,,
653.0,0.0,1646,503,1,,,
653.5,0.0,1648,502,1,,,
654.0,0.0,1649,502,1,,,
654.5,0.0,1651,504,1,,,
655.0,0.0,1652,504,1,,,
655.5,0.0,1654,505,1,,,
656.0,0.0,1655,505,1,,,
656.5,0.0,1657,507,1,,,
657.0,0.0,1658,507,1,,,
657.5,0.0,1660,505,1,,,
658.0,0.0,1661,505,1,,,
658.5,0.0,1663,505,1,,,
659.0,0.0,1664,505,1,,,
659.5,0.0,1666,504,1,,,
660.0,0.0,1667,504,1,,,
660.5,0.0,1669,502,1,,,
661.0,0.0,1671,502,1,,,
661.5,0.0,1672,502,1,,,
662.0,0.0,1674,502,1,,,
662.5,0.0,1675,503,1,,,
663.0,0.0,1677,503,1,,,
663.5,0.0,1678,503,1,,,
664.0,0.0,1680,503,1,,,
664.5,0.0,1681,504,1,,,
665.0,0.0,1683,504,1,,,
665.5,0.0,1684,507,1,,,
666.0,0.0,1686,507,1,,,
666.5,0.0,1687,505,1,,,
667.0,0.0,1689,505,1,,,
667.5,0.0,1690,504,1,,,
668.0,0.0,1692,504,1,,,
668.5,0.0,1693,504,1,,,
669.0,0.0,1695,504,1,,,
669.5,0.0,1696,502,1,,,
670.0,0.0,1698,502,1,,,
670.5,0.0,1699,501,1,,,
671.0,0.0,1701,501,1,,,
671.5,0.0,1702,502,1,,,
672.0,0.0,1704,502,1,,,
672.5,0.0,1705,502,1,,,
673.0,0.0,1707,502,1,,,
673.5,0.0,1708,502,1,,,
674.0,0.0,1710,502,1,,,
674.5,0.0,1712,504,1,,,
675.0,0.0,1713,504,1,,,
675.5,0.0,1715,504,1,,,
676.0,0.0,1716,504,1,,,
676.5,0.0,1718,502,1,,,
677.0,0.0,1719,502,1,,,
677.5,0.0,1721,502,1,,,
678.0,0.0,1722,502,1,,,
678.5,0.0,1724,501,1,,,
679.0,0.0,1725,501,1,,,
679.5,0.0,1727,498,1,,,
680.0,0.0,1728,498,1,,,
680.5,0.0,1730,499,1,,,
681.0,0.0,1731,499,1,,,
681.5,0.0,1733,499,1,,,
682.0,0.0,1734,499,1,,,
682.5,0.0,1736,499,1,,,
683.0,0.0,1737,499,1,,,
683.5,0.0,1739,501,1,,,
684.0,0.0,1740,501,1,,,
684.5,0.0,1742,503,1,,,
685.0,0.0,1743,503,1,,,
685.5,0.0,1745,501,1,,,
686.0,0.0,1746,501,1,,,
686.5,0.0,1748,501,1,,,
687.0,0.0,1749,501,1,,,
687.5,0.0,1751,499,1,,,
688.0,0.0,1752,499,1,,,
688.5,0.0,1754,497,1,,,
689.0,0.0,1755,497,1,,,
689.5,0.0,1757,496,1,,,
690.0,0.0,1758,496,1,,,
690.5,0.0,1760,496,1,,,
691.0,0.0,1761,496,1,,,
691.5,0.0,1763,497,1,,,
692.0,0.0,1764,497,1,,,
692.5,0.0,1766,497,1,,,
693.0,0.0,1767,497,1,,,
693.5,0.0,1769,499,1,,,
694.0,0.0,1770,499,1,,,
694.5,0.0,1772,498,1,,,
695.0,0.0,1773,498,1,,,
695.5,0.0,1775,498,1,,,
696.0,0.0,1776,498,1,,,
696.5,0.0,1778,496,1,,,
697.0,0.0,1779,496,1,,,
697.5,0.0,1781,495,1,,,
698.0,0.0,1782,495,1,,,
698.5,0.0,1784,492,1,,,
699.0,0.0,1785,492,1,,,
699.5,0.0,1787,492,1,,,
700.0,0.0,1788,492,1,,,
700.5,0.0,1790,492,1,,,
701.0,0.0,1791,492,1,,,
701.5,0.0,1792,493,1,,,
702.0,0.0,1794,493,1,,,
702.5,0.0,1795,495,1,,,
703.0,0.0,1797,495,1,,,
703.5,0.0,1798,496,1,,,
704.0,0.0,1800,496,1,,,
704.5,0.0,1801,495,1,,,
705.0,0.0,1803,495,1,,,
705.5,0.0,1804,493,1,,,
706.0,0.0,1806,493,1,,,
706.5,0.0,1807,492,1,,,
707.0,0.0,1809,492,1,,,
707.5,0.0,1810,491,1,,,
708.0,0.0,1812,491,1,,,
708.5,0.0,1813,490,1,,,
709.0,0.0,1815,490,1,,,
709.5,0.0,1816,490,1,,,
710.0,0.0,1818,490,1,,,
710.5,0.0,1819,491,1,,,
711.0,0.0,1821,491,1,,,
711.5,0.0,1822,492,1,,,
712.0,0.0,1824,492,1,,,
712.5,0.0,1825,493,1,,,
713.0,0.0,1827,493,1,,,
713.5,0.0,1828,495,1,,,
714.0,0.0,1830,495,1,,,
714.5,0.0,1831,495,1,,,
715.0,0.0,1833,495,1,,,
715.5,0.0,1834,493,1,,,
716.0,0.0,1835,493,1,,,
716.5,0.0,1837,492,1,,,
717.0,0.0,1839,492,1,,,
717.5,0.0,1840,491,1,,,
718.0,0.0,1842,491,1,,,
718.5,0.0,1843,491,1,,,
719.0,0.0,1844,491,1,,,
719.5,0.0,1846,491,1,,,
720.0,0.0,1847,491,1,,,
720.5,0.0,1849,492,1,,,
721.0,0.0,1850,492,1,,,
721.5,0.0,1852,495,1,,,
722.0,0.0,1853,495,1,,,
722.5,0.0,1855,496,1,,,
723.0,0.0,1856,496,1,,,
723.5,0.0,1858,496,1,,,
724.0,0.0,1859,496,1,,,
724.5,0.0,1861,497,1,,,
725.0,0.0,1862,497,1,,,
725.5,0.0,1864,497,1,,,
726.0,0.0,1865,497,1,,,
726.5,0.0,1867,495,1,,,
727.0,0.0,1868,495,1,,,
727.5,0.0,1870,495,1,,,
728.0,0.0,1871,495,1,,,
728.5,0.0,1873,495,1,,,
729.0,0.0,1874,495,1,,,
729.5,0.0,1876,496,1,,,
730.0,0.0,1877,496,1,,,
730.5,0.0,1879,497,1,,,
731.0,0.0,1880,497,1,,,
731.5,0.0,1882,499,1,,,
732.0,0.0,1883,499,1,,,
732.5,0.0,1885,501,1,,,
733.0,0.0,1886,501,1,,,
733.5,0.0,1888,501,1,,,
734.0,0.0,1889,501,1,,,
734.5,0.0,1891,501,1,,,
735.0,0.0,1892,501,1,,,
735.5,0.0,1894,499,1,,,
736.0,0.0,1895,499,1,,,
736.5,0.0,1897,498,1,,,
737.0,0.0,1898,498,1,,,
737.5,0.0,1900,498,1,,,
738.0,0.0,1901,498,1,,,
738.5,0.0,1903,499,1,,,
739.0,0.0,1905,499,1,,,
739.5,0.0,1906,501,1,,,
740.0,0.0,1908,501,1,,,
740.5,0.0,1909,502,1,,,
741.0,0.0,1911,502,1,,,
741.5,0.0,1912,504,1,,,
742.0,0.0,1914,504,1,,,
742.5,0.0,1915,504,1,,,
743.0,0.0,1917,504,1,,,
743.5,0.0,1918,504,1,,,
744.0,0.0,1920,504,1,,,
744.5,0.0,1921,504,1,,,
745.0,0.0,1923,504,1,,,
745.5,0.0,1924,503,1,,,
746.0,0.0,1926,503,1,,,
746.5,0.0,1927,503,1,,,
747.0,0.0,1929,503,1,,,
747.5,0.0,1930,504,1,,,
748.0,0.0,1932,504,1,,,
748.5,0.0,1933,504,1,,,
749.0,0.0,1935,504,1,,,
749.5,0.0,1937,505,1,,,
750.0,0.0,1938,505,1,,,
750.5,0.0,1940,508,1,,,
751.0,0.0,1941,508,1,,,
751.5,0.0,1943,508,1,,,
752.0,0.0,1944,508,1,,,
752.5,0.0,1946,508,1,,,
753.0,0.0,1947,508,1,,,
753.5,0.0,1949,508,1,,,
754.0,0.0,1950,508,1,,,
754.5,0.0,1952,505,1,,,
755.0,0.0,1953,505,1,,,
755.5,0.0,1955,505,1,,,
756.0,0.0,1956,505,1,,,
756.5,0.0,1958,505,1,,,
757.0,0.0,1959,505,1,,,
757.5,0.0,1961,507,1,,,
758.0,0.0,1963,507,1,,,
758.5,0.0,1964,508,1,,,
759.0,0.0,1966,508,1,,,
759.5,0.0,1967,510,1,,,
760.0,0.0,1969,510,1,,,
760.5,0.0,1970,510,1,,,
761.0,0.0,1972,510,1,,,
761.5,0.0,1973,510,1,,,
762.0,0.0,1975,510,1,,,
762.5,0.0,1976,509,1,,,
763.0,0.0,1978,509,1,,,
763.5,0.0,1979,509,1,,,
764.0,0.0,1981,509,1,,,
764.5,0.0,1982,507,1,,,
765.0,0.0,1984,507,1,,,
765.5,0.0,1985,508,1,,,
766.0,0.0,1987,508,1,,,
766.5,0.0,1989,508,1,,,
767.0,0.0,1990,508,1,,,
767.5,0.0,1992,509,1,,,
768.0,0.0,1993,509,1,,,
768.5,0.0,1995,510,1,,,
769.0,0.0,1996,510,1,,,
769.5,0.0,1998,512,1,,,
770.0,0.0,1999,512,1,,,
770.5,0.0,2001,511,1,,,
771.0,0.0,2003,511,1,,,
771.5,0.0,2004,512,1,,,
772.0,0.0,2006,512,1,,,
772.5,0.0,2007,510,1,,,
773.0,0.0,2009,510,1,,,
773.5,0.0,2010,509,1,,,
774.0,0.0,2012,509,1,,,
774.5,0.0,2013,509,1,,,
775.0,0.0,2015,509,1,,,
775.5,0.0,2016,510,1,,,
776.0,0.0,2018,510,1,,,
776.5,0.0,2019,510,1,,,
777.0,0.0,2021,510,1,,,
777.5,0.0,2023,512,1,,,
778.0,0.0,2024,512,1,,,
778.5,0.0,2026,514,1,,,
779.0,0.0,2027,514,1,,,
779.5,0.0,2029,512,1,,,
780.0,0.0,2030,512,1,,,
780.5,0.0,2032,511,1,,,
781.0,0.0,2033,511,1,,,
781.5,0.0,2035,510,1,,,
782.0,0.0,2036,510,1,,,
782.5,0.0,2038,509,1,,,
783.0,0.0,2039,509,1,,,
783.5,0.0,2041,509,1,,,
784.0,0.0,2042,509,1,,,
784.5,0.0,2044,509,1,,,
785.0,0.0,2046,509,1,,,
785.5,0.0,2047,510,1,,,
786.0,0.0,2049,510,1,,,
786.5,0.0,2050,511,1,,,
787.0,0.0,2052,511,1,,,
787.5,0.0,2053,512,1,,,
788.0,0.0,2055,512,1,,,
788.5,0.0,2056,512,1,,,
789.0,0.0,2058,512,1,,,
789.5,0.0,2059,512,1,,,
790.0,0.0,2061,512,1,,,
790.5,0.0,2063,511,1,,,
791.0,0.0,2064,511,1,,,
791.5,0.0,2066,510,1,,,
792.0,0.0,2067,510,1,,,
792.5,0.0,2069,509,1,,,
793.0,0.0,2070,509,1,,,
793.5,0.0,2072,508,1,,,
794.0,0.0,2073,508,1,,,
794.5,0.0,2075,509,1,,,
795.0,0.0,2076,509,1,,,
795.5,0.0,2078,510,1,,,
796.0,0.0,2079,510,1,,,
796.5,0.0,2081,511,1,,,
797.0,0.0,2083,511,1,,,
797.5,0.0,2084,511,1,,,
798.0,0.0,2086,511,1,,,
798.5,0.0,2087,512,1,,,
799.0,0.0,2089,512,1,,,
799.5,0.0,2090,511,1,,,
800.0,0.0,2092,511,1,,,
800.5,0.0,2093,509,1,,,
801.0,0.0,2095,509,1,,,
801.5,0.0,2096,508,1,,,
802.0,0.0,2098,508,1,,,
802.5,0.0,2099,508,1,,,
803.0,0.0,2101,508,1,,,
803.5,0.0,2102,508,1,,,
804.0,0.0,2104,508,1,,,
804.5,0.0,2106,508,1,,,
805.0,0.0,2107,508,1,,,
805.5,0.0,2109,510,1,,,
806.0,0.0,2110,510,1,,,
806.5,0.0,2112,511,1,,,
807.0,0.0,2113,511,1,,,
807.5,0.0,2115,510,1,,,
808.0,0.0,2116,510,1,,,
808.5,0.0,2118,509,1,,,
809.0,0.0,2119,509,1,,,
809.5,0.0,2121,508,1,,,
810.0,0.0,2122,508,1,,,
810.5,0.0,2124,505,1,,,
811.0,0.0,2125,505,1,,,
811.5,0.0,2127,505,1,,,
812.0,0.0,2128,505,1,,,
812.5,0.0,2130,505,1,,,
813.0,0.0,2132,505,1,,,
813.5,0.0,2133,507,1,,,
814.0,0.0,2135,507,1,,,
814.5,0.0,2136,508,1,,,
815.0,0.0,2138,508,1,,,
815.5,0.0,2139,509,1,,,
816.0,0.0,2141,509,1,,,
816.5,0.0,2142,508,1,,,
817.0,0.0,2144,508,1,,,
817.5,0.0,2145,508,1,,,
818.0,0.0,2147,508,1,,,
818.5,0.0,2148,505,1,,,
819.0,0.0,2150,505,1,,,
819.5,0.0,2151,503,1,,,
820.0,0.0,2153,503,1,,,
820.5,0.0,2154,502,1,,,
821.0,0.0,2156,502,1,,,
821.5,0.0,2157,502,1,,,
822.0,0.0,2159,502,1,,,
822.5,0.0,2160,502,1,,,
823.0,0.0,2162,502,1,,,
823.5,0.0,2163,502,1,,,
824.0,0.0,2165,502,1,,,
824.5,0.0,2167,504,1,,,
825.0,0.0,2168,504,1,,,
825.5,0.0,2170,504,1,,,
826.0,0.0,2171,504,1,,,
826.5,0.0,2173,503,1,,,
827.0,0.0,2174,503,1,,,
827.5,0.0,2176,502,1,,,
828.0,0.0,2177,502,1,,,
828.5,0.0,2179,501,1,,,
829.0,0.0,2180,501,1,,,
829.5,0.0,2182,498,1,,,
830.0,0.0,2183,498,1,,,
830.5,0.0,2185,498,1,,,
831.0,0.0,2186,498,1,,,
831.5,0.0,2188,497,1,,,
832.0,0.0,2189,497,1,,,
832.5,0.0,2191,498,1,,,
833.0,0.0,2192,498,1,,,
833.5,0.0,2194,499,1,,,
834.0,0.0,2195,499,1,,,
834.5,0.0,2197,499,1,,,
835.0,0.0,2198,499,1,,,
835.5,0.0,2200,499,1,,,
836.0,0.0,2201,499,1,,,
836.5,0.0,2203,498,1,,,
837.0,0.0,2204,498,1,,,
837.5,0.0,2206,497,1,,,
838.0,0.0,2207,497,1,,,
838.5,0.0,2209,495,1,,,
839.0,0.0,2210,495,1,,,
839.5,0.0,2211,495,1,,,
840.0,0.0,2213,495,1,,,
840.5,0.0,2214,493,1,,,
841.0,0.0,2216,493,1,,,
841.5,0.0,2217,495,1,,,
842.0,0.0,2219,495,1,,,
842.5,0.0,2220,495,1,,,
843.0,0.0,2222,495,1,,,
843.5,0.0,2223,497,1,,,
844.0,0.0,2225,497,1,,,
844.5,0.0,2226,497,1,,,
845.0,0.0,2228,497,1,,,
845.5,0.0,2229,497,1,,,
846.0,0.0,2231,497,1,,,
846.5,0.0,2232,496,1,,,
847.0,0.0,2234,496,1,,,
847.5,0.0,2235,496,1,,,
848.0,0.0,2237,496,1,,,
848.5,0.0,2238,493,1,,,
849.0,0.0,2240,493,1,,,
849.5,0.0,2241,493,1,,,
850.0,0.0,2243,493,1,,,
850.5,0.0,2244,493,1,,,
851.0,0.0,2246,493,1,,,
851.5,0.0,2247,495,1,,,
852.0,0.0,2249,495,1,,,
852.5,0.0,2250,495,1,,,
853.0,0.0,2252,495,1,,,
853.5,0.0,2253,497,1,,,
854.0,0.0,2255,497,1,,,
854.5,0.0,2256,497,1,,,
855.0,0.0,2258,497,1,,,
855.5,0.0,2259,497,1,,,
856.0,0.0,2261,497,1,,,
856.5,0.0,2262,497,1,,,
857.0,0.0,2264,497,1,,,
857.5,0.0,2265,497,1,,,
858.0,0.0,2267,497,1,,,
858.5,0.0,2268,496,1,,,
859.0,0.0,2270,496,1,,,
859.5,0.0,2271,496,1,,,
860.0,0.0,2273,496,1,,,
860.5,0.0,2274,497,1,,,
861.0,0.0,2276,497,1,,,
861.5,0.0,2277,498,1,,,
862.0,0.0,2279,498,1,,,
862.5,0.0,2280,501,1,,,
863.0,0.0,2282,501,1,,,
863.5,0.0,2283,502,1,,,
864.0,0.0,2285,502,1,,,
864.5,0.0,2286,503,1,,,
865.0,0.0,2288,503,1,,,
865.5,0.0,2289,502,1,,,
866.0,0.0,2291,502,1,,,
866.5,0.0,2292,502,1,,,
867.0,0.0,2294,502,1,,,
867.5,0.0,2295,499,1,,,
868.0,0.0,2297,499,1,,,
868.5,0.0,2299,501,1,,,
869.0,0.0,2300,501,1,,,
869.5,0.0,2302,501,1,,,
870.0,0.0,2303,501,1,,,
870.5,0.0,2305,502,1,,,
871.0,0.0,2306,502,1,,,
871.5,0.0,2308,503,1,,,
872.0,0.0,2309,503,1,,,
872.5,0.0,2311,504,1,,,
873.0,0.0,2312,504,1,,,
873.5,0.0,2314,504,1,,,
874.0,0.0,2315,504,1,,,
874.5,0.0,2317,504,1,,,
875.0,0.0,2318,504,1,,,
875.5,0.0,2320,503,1,,,
876.0,0.0,2321,503,1,,,
876.5,0.0,2323,502,1,,,
877.0,0.0,2324,502,1,,,
877.5,0.0,2326,502,1,,,
878.0,0.0,2327,502,1,,,
878.5,0.0,2329,502,1,,,
879.0,0.0,2330,502,1,,,
879.5,0.0,2332,502,1,,,
880.0,0.0,2333,502,1,,,
880.5,0.0,2335,504,1,,,
881.0,0.0,2337,504,1,,,
881.5,0.0,2338,505,1,,,
882.0,0.0,2340,505,1,,,
882.5,0.0,2341,507,1,,,
883.0,0.0,2343,507,1,,,
883.5,0.0,2344,505,1,,,
884.0,0.0,2346,505,1,,,
884.5,0.0,2347,505,1,,,
885.0,0.0,2349,505,1,,,
885.5,0.0,2350,504,1,,,
886.0,0.0,2352,504,1,,,
886.5,0.0,2353,503,1,,,
887.0,0.0,2355,503,1,,,
887.5,0.0,2356,503,1,,,
888.0,0.0,2358,503,1,,,
888.5,0.0,2359,504,1,,,
889.0,0.0,2361,504,1,,,
889.5,0.0,2362,505,1,,,
890.0,0.0,2364,505,1,,,
890.5,0.0,2365,507,1,,,
891.0,0.0,2367,507,1,,,
891.5,0.0,2368,508,1,,,
892.0,0.0,2370,508,1,,,
892.5,0.0,2372,508,1,,,
893.0,0.0,2373,508,1,,,
893.5,0.0,2375,507,1,,,
894.0,0.0,2376,507,1,,,
894.5,0.0,2378,507,1,,,
895.0,0.0,2379,507,1,,,
895.5,0.0,2381,505,1,,,
896.0,0.0,2382,505,1,,,
896.5,0.0,2384,505,1,,,
897.0,0.0,2385,505,1,,,
897.5,0.0,2387,504,1,,,
898.0,0.0,2388,504,1,,,
898.5,0.0,2390,505,1,,,
899.0,0.0,2391,505,1,,,
899.5,0.0,2393,507,1,,,
900.0,0.0,2394,507,1,,,
900.5,0.0,2396,508,1,,,
901.0,0.0,2398,508,1,,,
901.5,0.0,2399,508,1,,,
902.0,0.0,2401,508,1,,,
902.5,0.0,2402,508,1,,,
903.0,0.0,2404,508,1,,,
903.5,0.0,2405,507,1,,,
904.0,0.0,2407,507,1,,,
904.5,0.0,2408,504,1,,,
905.0,0.0,2410,504,1,,,
905.5,0.0,2411,504,1,,,
906.0,0.0,2413,504,1,,,
906.5,0.0,2414,504,1,,,
907.0,0.0,2416,504,1,,,
907.5,0.0,2417,505,1,,,
908.0,0.0,2419,505,1,,,
908.5,0.0,2420,507,1,,,
909.0,0.0,2422,507,1,,,
909.5,0.0,2423,508,1,,,
910.0,0.0,2425,508,1,,,
910.5,0.0,2426,508,1,,,
911.0,0.0,2428,508,1,,,
911.5,0.0,2430,508,1,,,
912.0,0.0,2431,508,1,,,
912.5,0.0,2433,505,1,,,
913.0,0.0,2434,505,1,,,
913.5,0.0,2436,504,1,,,
914.0,0.0,2437,504,1,,,
914.5,0.0,2439,503,1,,,
915.0,0.0,2440,503,1,,,
915.5,0.0,2442,503,1,,,
916.0,0.0,2443,503,1,,,
916.5,0.0,2445,502,1,,,
917.0,0.0,2446,502,1,,,
917.5,0.0,2448,504,1,,,
918.0,0.0,2449,504,1,,,
918.5,0.0,2451,505,1,,,
919.0,0.0,2452,505,1,,,
919.5,0.0,2454,507,1,,,
920.0,0.0,2455,507,1,,,
920.5,0.0,2457,505,1,,,
921.0,0.0,2458,505,1,,,
921.5,0.0,2460,505,1,,,
922.0,0.0,2461,505,1,,,
922.5,0.0,2463,503,1,,,
923.0,0.0,2464,503,1,,,
923.5,0.0,2466,501,1,,,
924.0,0.0,2467,501,1,,,
924.5,0.0,2469,499,1,,,
925.0,0.0,2470,499,1,,,
925.5,0.0,2472,499,1,,,
926.0,0.0,2473,499,1,,,
926.5,0.0,2475,499,1,,,
927.0,0.0,2477,499,1,,,
927.5,0.0,2478,501,1,,,
928.0,0.0,2480,501,1,,,
928.5,0.0,2481,503,1,,,
929.0,0.0,2483,503,1,,,
929.5,0.0,2484,503,1,,,
930.0,0.0,2486,503,1,,,
930.5,0.0,2487,502,1,,,
931.0,0.0,2489,502,1,,,
931.5,0.0,2490,499,1,,,
932.0,0.0,2492,499,1,,,
932.5,0.0,2493,498,1,,,
933.0,0.0,2495,498,1,,,
933.5,0.0,2496,496,1,,,
934.0,0.0,2498,496,1,,,
934.5,0.0,2499,495,1,,,
935.0,0.0,2500,495,1,,,
935.5,0.0,2502,495,1,,,
936.0,0.0,2504,495,1,,,
936.5,0.0,2505,497,1,,,
937.0,0.0,2507,497,1,,,
937.5,0.0,2508,497,1,,,
938.0,0.0,2509,497,1,,,
938.5,0.0,2511,497,1,,,
939.0,0.0,2512,497,1,,,
939.5,0.0,2514,497,1,,,
940.0,0.0,2515,497,1,,,
940.5,0.0,2517,497,1,,,
941.0,0.0,2518,497,1,,,
941.5,0.0,2520,495,1,,,
942.0,0.0,2521,495,1,,,
942.5,0.0,2523,492,1,,,
943.0,0.0,2524,492,1,,,
943.5,0.0,2526,492,1,,,
944.0,0.0,2527,492,1,,,
944.5,0.0,2529,492,1,,,
945.0,0.0,2530,492,1,,,
945.5,0.0,2532,492,1,,,
946.0,0.0,2533,492,1,,,
946.5,0.0,2535,493,1,,,
947.0,0.0,2536,493,1,,,
947.5,0.0,2538,496,1,,,
948.0,0.0,2539,496,1,,,
948.5,0.0,2541,496,1,,,
949.0,0.0,2542,496,1,,,
949.5,0.0,2544,496,1,,,
950.0,0.0,2545,496,1,,,
950.5,0.0,2547,495,1,,,
951.0,0.0,2548,495,1,,,
951.5,0.0,2550,493,1,,,
952.0,0.0,2551,493,1,,,
952.5,0.0,2553,492,1,,,
953.0,0.0,2554,492,1,,,
953.5,0.0,2556,492,1,,,
954.0,0.0,2557,492,1,,,
954.5,0.0,2559,492,1,,,
955.0,0.0,2560,492,1,,,
955.5,0.0,2562,493,1,,,
956.0,0.0,2563,493,1,,,
956.5,0.0,2565,496,1,,,
957.0,0.0,2566,496,1,,,
957.5,0.0,2568,498,1,,,
958.0,0.0,2569,498,1,,,
958.5,0.0,2571,497,1,,,
959.0,0.0,2572,497,1,,,
959.5,0.0,2574,497,1,,,
960.0,0.0,2575,497,1,,,
960.5,0.0,2577,497,1,,,
961.0,0.0,2578,497,1,,,
961.5,0.0,2580,495,1,,,
962.0,0.0,2581,495,1,,,
962.5,0.0,2583,493,1,,,
963.0,0.0,2584,493,1,,,
963.5,0.0,2586,496,1,,,
964.0,0.0,2587,496,1,,,
964.5,0.0,2589,496,1,,,
965.0,0.0,2590,496,1,,,
965.5,0.0,2592,497,1,,,
966.0,0.0,2593,497,1,,,
966.5,0.0,2595,499,1,,,
967.0,0.0,2596,499,1,,,
967.5,0.0,2598,501,1,,,
968.0,0.0,2599,501,1,,,
968.5,0.0,2601,499,1,,,
969.0,0.0,2602,499,1,,,
969.5,0.0,2604,501,1,,,
970.0,0.0,2605,501,1,,,
970.5,0.0,2607,498,1,,,
971.0,0.0,2608,498,1,,,
971.5,0.0,2610,498,1,,,
972.0,0.0,2611,498,1,,,
972.5,0.0,2613,497,1,,,
973.0,0.0,2614,497,1,,,
973.5,0.0,2616,498,1,,,
974.0,0.0,2617,498,1,,,
974.5,0.0,2619,498,1,,,
975.0,0.0,2620,498,1,,,
975.5,0.0,2622,502,1,,,
976.0,0.0,2623,502,1,,,
976.5,0.0,2625,502,1,,,
977.0,0.0,2626,502,1,,,
977.5,0.0,2628,503,1,,,
978.0,0.0,2629,503,1,,,
978.5,0.0,2631,503,1,,,
979.0,0.0,2632,503,1,,,
979.5,0.0,2634,502,1,,,
980.0,0.0,2635,502,1,,,
980.5,0.0,2637,499,1,,,
981.0,0.0,2638,499,1,,,
981.5,0.0,2640,499,1,,,
982.0,0.0,2641,499,1,,,
982.5,0.0,2643,499,1,,,
983.0,0.0,2644,499,1,,,
983.5,0.0,2646,501,1,,,
984.0,0.0,2648,501,1,,,
984.5,0.0,2649,503,1,,,
985.0,0.0,2651,503,1,,,
985.5,0.0,2652,505,1,,,
986.0,0.0,2654,505,1,,,
986.5,0.0,2655,505,1,,,
987.0,0.0,2657,505,1,,,
987.5,0.0,2658,505,1,,,
988.0,0.0,2660,505,1,,,
988.5,0.0,2661,504,1,,,
989.0,0.0,2663,504,1,,,
989.5,0.0,2664,503,1,,,
990.0,0.0,2666,503,1,,,
990.5,0.0,2667,503,1,,,
991.0,0.0,2669,503,1,,,
991.5,0.0,2670,504,1,,,
992.0,0.0,2672,504,1,,,
992.5,0.0,2673,505,1,,,
993.0,0.0,2675,505,1,,,
993.5,0.0,2676,507,1,,,
994.0,0.0,2678,507,1,,,
994.5,0.0,2680,508,1,,,
995.0,0.0,2681,508,1,,,
995.5,0.0,2683,508,1,,,
996.0,0.0,2684,508,1,,,
996.5,0.0,2686,508,1,,,
997.0,0.0,2687,508,1,,,
997.5,0.0,2689,508,1,,,
998.0,0.0,2690,508,1,,,
998.5,0.0,2692,507,1,,,
999.0,0.0,2693,507,1,,,
999.5,0.0,2695,505,1,,,
1000.0,0.0,2696,505,1,,,
1000.5,0.0,2698,505,1,,,
1001.0,0.0,2699,505,1,,,
1001.5,0.0,2701,505,1,,,
1002.0,0.0,2702,505,1,,,
1002.5,0.0,2704,507,1,,,
1003.0,0.0,2706,507,1,,,
1003.5,0.0,2707,508,1,,,
1004.0,0.0,2709,508,1,,,
1004.5,0.0,2710,510,1,,,
1005.0,0.0,2712,510,1,,,
1005.5,0.0,2713,510,1,,,
1006.0,0.0,2715,510,1,,,
1006.5,0.0,2716,510,1,,,
1007.0,0.0,2718,510,1,,,
1007.5,0.0,2719,508,1,,,
1008.0,0.0,2721,508,1,,,
1008.5,0.0,2722,507,1,,,
1009.0,0.0,2724,507,1,,,
1009.5,0.0,2725,505,1,,,
1010.0,0.0,2727,505,1,,,
1010.5,0.0,2728,507,1,,,
1011.0,0.0,2730,507,1,,,
1011.5,0.0,2732,505,1,,,
1012.0,0.0,2733,505,1,,,
1012.5,0.0,2735,508,1,,,
1013.0,0.0,2736,508,1,,,
1013.5,0.0,2738,510,1,,,
1014.0,0.0,2739,510,1,,,
1014.5,0.0,2741,510,1,,,
1015.0,0.0,2742,510,1,,,
1015.5,0.0,2744,508,1,,,
1016.0,0.0,2745,508,1,,,
1016.5,0.0,2747,508,1,,,
1017.0,0.0,2748,508,1,,,
1017.5,0.0,2750,505,1,,,
1018.0,0.0,2751,505,1,,,
1018.5,0.0,2753,504,1,,,
1019.0,0.0,2754,504,1,,,
1019.5,0.0,2756,504,1,,,
1020.0,0.0,2757,504,1,,,
1020.5,0.0,2759,504,1,,,
1021.0,0.0,2760,504,1,,,
1021.5,0.0,2762,507,1,,,
1022.0,0.0,2764,507,1,,,
1022.5,0.0,2765,508,1,,,
1023.0,0.0,2767,508,1,,,
1023.5,0.0,2768,508,1,,,
1024.0,0.0,2770,508,1,,,
1024.5,0.0,2771,507,1,,,
1025.0,0.0,2773,507,1,,,
1025.5,0.0,2774,507,1,,,
1026.0,0.0,2776,507,1,,,
1026.5,0.0,2777,503,1,,,
1027.0,0.0,2779,503,1,,,
1027.5,0.0,2780,502,1,,,
1028.0,0.0,2782,502,1,,,
1028.5,0.0,2783,502,1,,,
1029.0,0.0,2785,502,1,,,
1029.5,0.0,2786,502,1,,,
1030.0,0.0,2788,502,1,,,
1030.5,0.0,2789,503,1,,,
1031.0,0.0,2791,503,1,,,
1031.5,0.0,2792,505,1,,,
1032.0,0.0,2794,505,1,,,
1032.5,0.0,2796,507,1,,,
1033.0,0.0,2797,507,1,,,
1033.5,0.0,2799,505,1,,,
1034.0,0.0,2800,505,1,,,
1034.5,0.0,2802,505,1,,,
1035.0,0.0,2803,505,1,,,
1035.5,0.0,2805,504,1,,,
1036.0,0.0,2806,504,1,,,
1036.5,0.0,2808,502,1,,,
1037.0,0.0,2809,502,1,,,
1037.5,0.0,2811,502,1,,,
1038.0,0.0,2812,502,1,,,
1038.5,0.0,2814,502,1,,,
1039.0,0.0,2815,502,1,,,
1039.5,0.0,2817,502,1,,,
1040.0,0.0,2818,502,1,,,
1040.5,0.0,2820,503,1,,,
1041.0,0.0,2821,503,1,,,
1041.5,0.0,2823,504,1,,,
1042.0,0.0,2824,504,1,,,
1042.5,0.0,2826,503,1,,,
1043.0,0.0,2827,503,1,,,
1043.5,0.0,2829,503,1,,,
1044.0,0.0,2830,503,1,,,
1044.5,0.0,2832,502,1,,,
1045.0,0.0,2833,502,1,,,
1045.5,0.0,2835,499,1,,,
1046.0,0.0,2836,499,1,,,
1046.5,0.0,2838,498,1,,,
1047.0,0.0,2839,498,1,,,
1047.5,0.0,2841,498,1,,,
1048.0,0.0,2842,498,1,,,
1048.5,0.0,2844,498,1,,,
1049.0,0.0,2845,498,1,,,
1049.5,0.0,2847,499,1,,,
1050.0,0.0,2848,499,1,,,
1050.5,0.0,2850,501,1,,,
1051.0,0.0,2851,501,1,,,
1051.5,0.0,2853,502,1,,,
1052.0,0.0,2854,502,1,,,
1052.5,0.0,2856,501,1,,,
1053.0,0.0,2857,501,1,,,
1053.5,0.0,2859,499,1,,,
1054.0,0.0,2860,499,1,,,
1054.5,0.0,2862,498,1,,,
1055.0,0.0,2863,498,1,,,
1055.5,0.0,2865,497,1,,,
1056.0,0.0,2866,497,1,,,
1056.5,0.0,2868,496,1,,,
1057.0,0.0,2869,496,1,,,
1057.5,0.0,2871,496,1,,,
1058.0,0.0,2872,496,1,,,
1058.5,0.0,2874,497,1,,,
1059.0,0.0,2875,497,1,,,
1059.5,0.0,2877,498,1,,,
1060.0,0.0,2878,498,1,,,
1060.5,0.0,2880,499,1,,,
1061.0,0.0,2881,499,1,,,
1061.5,0.0,2883,499,1,,,
1062.0,0.0,2884,499,1,,,
1062.5,0.0,2886,498,1,,,
1063.0,0.0,2887,498,1,,,
1063.5,0.0,2889,497,1,,,
1064.0,0.0,2890,497,1,,,
1064.5,0.0,2892,495,1,,,
1065.0,0.0,2893,495,1,,,
1065.5,0.0,2895,493,1,,,
1066.0,0.0,2896,493,1,,,
1066.5,0.0,2898,493,1,,,
1067.0,0.0,2899,493,1,,,
1067.5,0.0,2901,496,1,,,
1068.0,0.0,2902,496,1,,,
1068.5,0.0,2904,496,1,,,
1069.0,0.0,2905,496,1,,,
1069.5,0.0,2907,498,1,,,
1070.0,0.0,2908,498,1,,,
1070.5,0.0,2910,498,1,,,
1071.0,0.0,2911,498,1,,,
1071.5,0.0,2913,498,1,,,
1072.0,0.0,2914,498,1,,,
1072.5,0.0,2916,497,1,,,
1073.0,0.0,2917,497,1,,,
1073.5,0.0,2919,496,1,,,
1074.0,0.0,2920,496,1,,,
1074.5,0.0,2922,493,1,,,
1075.0,0.0,2923,493,1,,,
1075.5,0.0,2925,493,1,,,
1076.0,0.0,2926,493,1,,,
1076.5,0.0,2928,493,1,,,
1077.0,0.0,2929,493,1,,,
1077.5,0.0,2931,495,1,,,
1078.0,0.0,2932,495,1,,,
1078.5,0.0,2934,496,1,,,
1079.0,0.0,2935,496,1,,,
1079.5,0.0,2937,498,1,,,
1080.0,0.0,2938,498,1,,,
1080.5,0.0,2940,498,1,,,
1081.0,0.0,2941,498,1,,,
1081.5,0.0,2943,498,1,,,
1082.0,0.0,2944,498,1,,,
1082.5,0.0,2946,497,1,,,
1083.0,0.0,2947,497,1,,,
1083.5,0.0,2949,497,1,,,
1084.0,0.0,2950,497,1,,,
1084.5,0.0,2952,496,1,,,
1085.0,0.0,2953,496,1,,,
1085.5,0.0,2955,496,1,,,
1086.0,0.0,2956,496,1,,,
1086.5,0.0,2958,497,1,,,
1087.0,0.0,2959,497,1,,,
1087.5,0.0,2961,498,1,,,
1088.0,0.0,2962,498,1,,,
1088.5,0.0,2964,501,1,,,
1089.0,0.0,2965,501,1,,,
1089.5,0.0,2967,502,1,,,
1090.0,0.0,2968,502,1,,,
1090.5,0.0,2970,503,1,,,
1091.0,0.0,2971,503,1,,,
1091.5,0.0,2973,502,1,,,
1092.0,0.0,2974,502,1,,,
1092.5,0.0,2976,501,1,,,
1093.0,0.0,2977,501,1,,,
1093.5,0.0,2979,498,1,,,
1094.0,0.0,2980,498,1,,,
1094.5,0.0,2982,499,1,,,
1095.0,0.0,2983,499,1,,,
1095.5,0.0,2985,499,1,,,
1096.0,0.0,2986,499,1,,,
1096.5,0.0,2988,501,1,,,
1097.0,0.0,2990,501,1,,,
1097.5,0.0,2991,503,1,,,
1098.0,0.0,2993,503,1,,,
1098.5,0.0,2994,505,1,,,
1099.0,0.0,2996,505,1,,,
1099.5,0.0,2997,505,1,,,
1100.0,0.0,2999,505,1,,,
1100.5,0.0,3000,505,1,,,
1101.0,0.0,3002,505,1,,,
1101.5,0.0,3003,505,1,,,
1102.0,0.0,3005,505,1,,,
1102.5,0.0,3006,504,1,,,
1103.0,0.0,3008,504,1,,,
1103.5,0.0,3009,504,1,,,
1104.0,0.0,3011,504,1,,,
1104.5,0.0,3012,503,1,,,
1105.0,0.0,3014,503,1,,,
1105.5,0.0,3015,504,1,,,
1106.0,0.0,3017,504,1,,,
1106.5,0.0,3018,505,1,,,
1107.0,0.0,3020,505,1,,,
1107.5,0.0,3022,507,1,,,
1108.0,0.0,3023,507,1,,,
1108.5,0.0,3025,507,1,,,
1109.0,0.0,3026,507,1,,,
1109.5,0.0,3028,507,1,,,
1110.0,0.0,3029,507,1,,,
1110.5,0.0,3031,505,1,,,
1111.0,0.0,3032,505,1,,,
1111.5,0.0,3034,504,1,,,
1112.0,0.0,3035,504,1,,,
1112.5,0.0,3037,503,1,,,
1113.0,0.0,3038,503,1,,,
1113.5,0.0,3040,503,1,,,
1114.0,0.0,3041,503,1,,,
1114.5,0.0,3043,503,1,,,
1115.0,0.0,3044,503,1,,,
1115.5,0.0,3046,504,1,,,
1116.0,0.0,3047,504,1,,,
1116.5,0.0,3049,507,1,,,
1117.0,0.0,3050,507,1,,,
1117.5,0.0,3052,508,1,,,
1118.0,0.0,3053,508,1,,,
1118.5,0.0,3055,507,1,,,
1119.0,0.0,3057,507,1,,,
1119.5,0.0,3058,507,1,,,
1120.0,0.0,3060,507,1,,,
1120.5,0.0,3061,505,1,,,
1121.0,0.0,3063,505,1,,,
1121.5,0.0,3064,503,1,,,
1122.0,0.0,3066,503,1,,,
1122.5,0.0,3067,503,1,,,
1123.0,0.0,3069,503,1,,,
1123.5,0.0,3070,504,1,,,
1124.0,0.0,3072,504,1,,,
1124.5,0.0,3073,505,1,,,
1125.0,0.0,3075,505,1,,,
1125.5,0.0,3076,507,1,,,
1126.0,0.0,3078,507,1,,,
1126.5,0.0,3079,509,1,,,
1127.0,0.0,3081,509,1,,,
1127.5,0.0,3082,508,1,,,
1128.0,0.0,3084,508,1,,,
1128.5,0.0,3085,508,1,,,
1129.0,0.0,3087,508,1,,,
1129.5,0.0,3089,507,1,,,
1130.0,0.0,3090,507,1,,,
1130.5,0.0,3092,505,1,,,
1131.0,0.0,3093,505,1,,,
1131.5,0.0,3095,504,1,,,
1132.0,0.0,3096,504,1,,,
1132.5,0.0,3098,504,1,,,
1133.0,0.0,3099,504,1,,,
1133.5,0.0,3101,504,1,,,
1134.0,0.0,3102,504,1,,,
1134.5,0.0,3104,505,1,,,
1135.0,0.0,3105,505,1,,,
1135.5,0.0,3107,508,1,,,
1136.0,0.0,3108,508,1,,,
1136.5,0.0,3110,508,1,,,
1137.0,0.0,3111,508,1,,,
1137.5,0.0,3113,508,1,,,
1138.0,0.0,3114,508,1,,,
1138.5,0.0,3116,507,1,,,
1139.0,0.0,3118,507,1,,,
1139.5,0.0,3119,505,1,,,
1140.0,0.0,3121,505,1,,,
1140.5,0.0,3122,504,1,,,
1141.0,0.0,3124,504,1,,,
1141.5,0.0,3125,503,1,,,
1142.0,0.0,3127,503,1,,,
1142.5,0.0,3128,504,1,,,
1143.0,0.0,3130,504,1,,,
1143.5,0.0,3131,505,1,,,
1144.0,0.0,3133,505,1,,,
1144.5,0.0,3134,507,1,,,
1145.0,0.0,3136,507,1,,,
1145.5,0.0,3137,507,1,,,
1146.0,0.0,3139,507,1,,,
1146.5,0.0,3140,507,1,,,
1147.0,0.0,3142,507,1,,,
1147.5,0.0,3143,505,1,,,
1148.0,0.0,3145,505,1,,,
1148.5,0.0,3146,504,1,,,
1149.0,0.0,3148,504,1,,,
1149.5,0.0,3149,502,1,,,
1150.0,0.0,3151,502,1,,,
1150.5,0.0,3153,502,1,,,
1151.0,0.0,3154,502,1,,,
1151.5,0.0,3156,502,1,,,
1152.0,0.0,3157,502,1,,,
1152.5,0.0,3159,502,1,,,
1153.0,0.0,3160,502,1,,,
1153.5,0.0,3162,503,1,,,
1154.0,0.0,3163,503,1,,,
1154.5,0.0,3165,505,1,,,
1155.0,0.0,3166,505,1,,,
1155.5,0.0,3168,504,1,,,
1156.0,0.0,3169,504,1,,,
1156.5,0.0,3171,504,1,,,
1157.0,0.0,3172,504,1,,,
1157.5,0.0,3174,503,1,,,
1158.0,0.0,3175,503,1,,,
1158.5,0.0,3177,501,1,,,
1159.0,0.0,3178,501,1,,,
1159.5,0.0,3180,499,1,,,
1160.0,0.0,3181,499,1,,,
1160.5,0.0,3183,499,1,,,
1161.0,0.0,3184,499,1,,,
1161.5,0.0,3186,499,1,,,
1162.0,0.0,3187,499,1,,,
1162.5,0.0,3189,499,1,,,
1163.0,0.0,3190,499,1,,,
1163.5,0.0,3192,502,1,,,
1164.0,0.0,3193,502,1,,,
1164.5,0.0,3195,502,1,,,
1165.0,0.0,3196,502,1,,,
1165.5,0.0,3198,501,1,,,
1166.0,0.0,3199,501,1,,,
1166.5,0.0,3201,499,1,,,
1167.0,0.0,3202,499,1,,,
1167.5,0.0,3204,498,1,,,
1168.0,0.0,3205,498,1,,,
1168.5,0.0,3207,496,1,,,
1169.0,0.0,3208,496,1,,,
1169.5,0.0,3210,495,1,,,
1170.0,0.0,3211,495,1,,,
1170.5,0.0,3213,495,1,,,
1171.0,0.0,3214,495,1,,,
1171.5,0.0,3216,495,1,,,
1172.0,0.0,3217,495,1,,,
1172.5,0.0,3219,497,1,,,
1173.0,0.0,3220,497,1,,,
1173.5,0.0,3222,497,1,,,
1174.0,0.0,3223,497,1,,,
1174.5,0.0,3225,497,1,,,
1175.0,0.0,3226,497,1,,,
1175.5,0.0,3228,497,1,,,
1176.0,0.0,3229,497,1,,,
1176.5,0.0,3231,496,1,,,
1177.0,0.0,3232,496,1,,,
1177.5,0.0,3234,493,1,,,
1178.0,0.0,3235,493,1,,,
1178.5,0.0,3237,493,1,,,
1179.0,0.0,3238,493,1,,,
1179.5,0.0,3240,493,1,,,
1180.0,0.0,3241,493,1,,,
1180.5,0.0,3243,493,1,,,
1181.0,0.0,3244,493,1,,,
1181.5,0.0,3246,495,1,,,
1182.0,0.0,3247,495,1,,,
1182.5,0.0,3249,496,1,,,
1183.0,0.0,3250,496,1,,,
1183.5,0.0,3252,496,1,,,
1184.0,0.0,3253,496,1,,,
1184.5,0.0,3255,496,1,,,
1185.0,0.0,3256,496,1,,,
1185.5,0.0,3257,495,1,,,
1186.0,0.0,3259,495,1,,,
1186.5,0.0,3260,493,1,,,
1187.0,0.0,3262,493,1,,,
1187.5,0.0,3263,492,1,,,
1188.0,0.0,3265,492,1,,,
1188.5,0.0,3266,493,1,,,
1189.0,0.0,3268,493,1,,,
1189.5,0.0,3269,493,1,,,
1190.0,0.0,3271,493,1,,,
1190.5,0.0,3272,495,1,,,
1191.0,0.0,3274,495,1,,,
1191.5,0.0,3275,496,1,,,
1192.0,0.0,3277,496,1,,,
1192.5,0.0,3278,497,1,,,
1193.0,0.0,3280,497,1,,,
1193.5,0.0,3281,496,1,,,
1194.0,0.0,3283,496,1,,,
1194.5,0.0,3284,496,1,,,
1195.0,0.0,3286,496,1,,,
1195.5,0.0,3287,495,1,,,
1196.0,0.0,3289,495,1,,,
1196.5,0.0,3290,493,1,,,
1197.0,0.0,3292,493,1,,,
1197.5,0.0,3293,493,1,,,
1198.0,0.0,3295,493,1,,,
1198.5,0.0,3296,493,1,,,
1199.0,0.0,3298,493,1,,,
1199.5,0.0,3299,493,1,,,
1200.0,0.0,3301,493,1,,,
1200.5,0.0,3302,495,1,,,
1201.0,0.0,3304,495,1,,,
1201.5,0.0,3305,497,1,,,
1202.0,0.0,3307,497,1,,,
1202.5,0.0,3308,497,1,,,
1203.0,0.0,3310,497,1,,,
1203.5,0.0,3311,497,1,,,
1204.0,0.0,3313,497,1,,,
1204.5,0.0,3314,497,1,,,
1205.0,0.0,3316,497,1,,,
1205.5,0.0,3317,496,1,,,
1206.0,0.0,3319,496,1,,,
1206.5,0.0,3320,493,1,,,
1207.0,0.0,3322,493,1,,,
1207.5,0.0,3323,493,1,,,
1208.0,0.0,3325,493,1,,,
1208.5,0.0,3326,495,1,,,
1209.0,0.0,3328,495,1,,,
1209.5,0.0,3329,495,1,,,
1210.0,0.0,3331,495,1,,,
1210.5,0.0,3332,497,1,,,
1211.0,0.0,3334,497,1,,,
1211.5,0.0,3335,499,1,,,
1212.0,0.0,3337,499,1,,,
1212.5,0.0,3338,499,1,,,
1213.0,0.0,3340,499,1,,,
1213.5,0.0,3341,498,1,,,
1214.0,0.0,3343,498,1,,,
1214.5,0.0,3344,498,1,,,
1215.0,0.0,3346,498,1,,,
1215.5,0.0,3347,497,1,,,
1216.0,0.0,3349,497,1,,,
1216.5,0.0,3350,496,1,,,
1217.0,0.0,3352,496,1,,,
1217.5,0.0,3353,497,1,,,
1218.0,0.0,3355,497,1,,,
1218.5,0.0,3356,498,1,,,
1219.0,0.0,3358,498,1,,,
1219.5,0.0,3359,499,1,,,
1220.0,0.0,3361,499,1,,,
1220.5,0.0,3362,502,1,,,
1221.0,0.0,3364,502,1,,,
1221.5,0.0,3365,503,1,,,
1222.0,0.0,3367,503,1,,,
1222.5,0.0,3368,504,1,,,
1223.0,0.0,3370,504,1,,,
1223.5,0.0,3371,503,1,,,
1224.0,0.0,3373,503,1,,,
1224.5,0.0,3375,503,1,,,
1225.0,0.0,3376,503,1,,,
1225.5,0.0,3378,502,1,,,
1226.0,0.0,3379,502,1,,,
1226.5,0.0,3381,503,1,,,
1227.0,0.0,3382,503,1,,,
1227.5,0.0,3384,502,1,,,
1228.0,0.0,3385,502,1,,,
1228.5,0.0,3387,504,1,,,
1229.0,0.0,3388,504,1,,,
1229.5,0.0,3390,505,1,,,
1230.0,0.0,3391,505,1,,,
1230.5,0.0,3393,508,1,,,
1231.0,0.0,3394,508,1,,,
1231.5,0.0,3396,508,1,,,
1232.0,0.0,3397,508,1,,,
1232.5,0.0,3399,508,1,,,
1233.0,0.0,3400,508,1,,,
1233.5,0.0,3402,508,1,,,
1234.0,0.0,3403,508,1,,,
1234.5,0.0,3405,507,1,,,
1235.0,0.0,3407,507,1,,,
1235.5,0.0,3408,505,1,,,
1236.0,0.0,3410,505,1,,,
1236.5,0.0,3411,505,1,,,
1237.0,0.0,3413,505,1,,,
1237.5,0.0,3414,507,1,,,
1238.0,0.0,3416,507,1,,,
1238.5,0.0,3417,508,1,,,
1239.0,0.0,3419,508,1,,,
1239.5,0.0,3420,509,1,,,
1240.0,0.0,3422,509,1,,,
1240.5,0.0,3423,510,1,,,
1241.0,0.0,3425,510,1,,,
1241.5,0.0,3426,510,1,,,
1242.0,0.0,3428,510,1,,,
1242.5,0.0,3430,510,1,,,
1243.0,0.0,3431,510,1,,,
1243.5,0.0,3433,508,1,,,
1244.0,0.0,3434,508,1,,,
1244.5,0.0,3436,508,1,,,
1245.0,0.0,3437,508,1,,,
1245.5,0.0,3439,507,1,,,
1246.0,0.0,3440,507,1,,,
1246.5,0.0,3442,507,1,,,
1247.0,0.0,3443,507,1,,,
1247.5,0.0,3445,508,1,,,
1248.0,0.0,3446,508,1,,,
1248.5,0.0,3448,510,1,,,
1249.0,0.0,3450,510,1,,,
1249.5,0.0,3451,511,1,,,
1250.0,0.0,3453,511,1,,,
1250.5,0.0,3454,512,1,,,
1251.0,0.0,3456,512,1,,,
1251.5,0.0,3457,511,1,,,
1252.0,0.0,3459,511,1,,,
1252.5,0.0,3460,510,1,,,
1253.0,0.0,3462,510,1,,,
1253.5,0.0,3463,509,1,,,
1254.0,0.0,3465,509,1,,,
1254.5,0.0,3466,509,1,,,
1255.0,0.0,3468,509,1,,,
1255.5,0.0,3470,508,1,,,
1256.0,0.0,3471,508,1,,,
1256.5,0.0,3473,510,1,,,
1257.0,0.0,3474,510,1,,,
1257.5,0.0,3476,511,1,,,
1258.0,0.0,3477,511,1,,,
1258.5,0.0,3479,512,1,,,
1259.0,0.0,3480,512,1,,,
1259.5,0.0,3482,512,1,,,
1260.0,0.0,3483,512,1,,,
1260.5,0.0,3485,512,1,,,
1261.0,0.0,3486,512,1,,,
1261.5,0.0,3488,511,1,,,
1262.0,0.0,3489,511,1,,,
1262.5,0.0,3491,510,1,,,
1263.0,0.0,3493,510,1,,,
1263.5,0.0,3494,510,1,,,
1264.0,0.0,3496,510,1,,,
1264.5,0.0,3497,510,1,,,
1265.0,0.0,3499,510,1,,,
1265.5,0.0,3500,511,1,,,
1266.0,0.0,3502,511,1,,,
1266.5,0.0,3503,512,1,,,
1267.0,0.0,3505,512,1,,,
1267.5,0.0,3507,515,1,,,
1268.0,0.0,3508,515,1,,,
1268.5,0.0,3510,514,1,,,
1269.0,0.0,3511,514,1,,,
1269.5,0.0,3513,514,1,,,
1270.0,0.0,3514,514,1,,,
1270.5,0.0,3516,512,1,,,
1271.0,0.0,3517,512,1,,,
1271.5,0.0,3519,511,1,,,
1272.0,0.0,3520,511,1,,,
1272.5,0.0,3522,510,1,,,
1273.0,0.0,3523,510,1,,,
1273.5,0.0,3525,510,1,,,
1274.0,0.0,3527,510,1,,,
1274.5,0.0,3528,510,1,,,
1275.0,0.0,3530,510,1,,,
1275.5,0.0,3531,511,1,,,
1276.0,0.0,3533,511,1,,,
1276.5,0.0,3534,512,1,,,
1277.0,0.0,3536,512,1,,,
1277.5,0.0,3537,512,1,,,
1278.0,0.0,3539,512,1,,,
1278.5,0.0,3540,514,1,,,
1279.0,0.0,3542,514,1,,,
1279.5,0.0,3544,511,1,,,
1280.0,0.0,3545,511,1,,,
1280.5,0.0,3547,510,1,,,
1281.0,0.0,3548,510,1,,,
1281.5,0.0,3550,509,1,,,
1282.0,0.0,3551,509,1,,,
1282.5,0.0,3553,509,1,,,
1283.0,0.0,3554,509,1,,,
1283.5,0.0,3556,508,1,,,
1284.0,0.0,3557,508,1,,,
1284.5,0.0,3559,510,1,,,
1285.0,0.0,3560,510,1,,,
1285.5,0.0,3562,511,1,,,
1286.0,0.0,3564,511,1,,,
1286.5,0.0,3565,511,1,,,
1287.0,0.0,3567,511,1,,,
1287.5,0.0,3568,510,1,,,
1288.0,0.0,3570,510,1,,,
1288.5,0.0,3571,509,1,,,
1289.0,0.0,3573,509,1,,,
1289.5,0.0,3574,508,1,,,
1290.0,0.0,3576,508,1,,,
1290.5,0.0,3577,505,1,,,
1291.0,0.0,3579,505,1,,,
1291.5,0.0,3580,505,1,,,
1292.0,0.0,3582,505,1,,,
1292.5,0.0,3583,505,1,,,
1293.0,0.0,3585,505,1,,,
1293.5,0.0,3586,505,1,,,
1294.0,0.0,3588,505,1,,,
1294.5,0.0,3589,505,1,,,
1295.0,0.0,3591,505,1,,,
1295.5,0.0,3592,507,1,,,
1296.0,0.0,3594,507,1,,,
1296.5,0.0,3595,505,1,,,
1297.0,0.0,3597,505,1,,,
1297.5,0.0,3598,504,1,,,
1298.0,0.0,3600,504,1,,,
1298.5,0.0,3601,503,1,,,
1299.0,0.0,3603,503,1,,,
1299.5,0.0,3604,501,1,,,
1300.0,0.0,3606,501,1,,,
1300.5,0.0,3608,499,1,,,
1301.0,0.0,3609,499,1,,,
1301.5,0.0,3610,499,1,,,
1302.0,0.0,3612,499,1,,,
1302.5,0.0,3614,499,1,,,
1303.0,0.0,3615,499,1,,,
1303.5,0.0,3617,501,1,,,
1304.0,0.0,3618,501,1,,,
1304.5,0.0,3620,502,1,,,
1305.0,0.0,3621,502,1,,,
1305.5,0.0,3623,501,1,,,
1306.0,0.0,3624,501,1,,,
1306.5,0.0,3626,501,1,,,
1307.0,0.0,3627,501,1,,,
1307.5,0.0,3629,499,1,,,
1308.0,0.0,3630,499,1,,,
1308.5,0.0,3632,497,1,,,
1309.0,0.0,3633,497,1,,,
1309.5,0.0,3635,497,1,,,
1310.0,0.0,3636,497,1,,,
1310.5,0.0,3638,497,1,,,
1311.0,0.0,3639,497,1,,,
1311.5,0.0,3641,496,1,,,
1312.0,0.0,3642,496,1,,,
1312.5,0.0,3644,497,1,,,
1313.0,0.0,3645,497,1,,,
1313.5,0.0,3647,499,1,,,
1314.0,0.0,3648,499,1,,,
1314.5,0.0,3650,498,1,,,
1315.0,0.0,3651,498,1,,,
1315.5,0.0,3653,499,1,,,
1316.0,0.0,3654,499,1,,,
1316.5,0.0,3656,498,1,,,
1317.0,0.0,3657,498,1,,,
1317.5,0.0,3659,497,1,,,
1318.0,0.0,3660,497,1,,,
1318.5,0.0,3662,496,1,,,
1319.0,0.0,3663,496,1,,,
1319.5,0.0,3665,496,1,,,
1320.0,0.0,3666,496,1,,,
1320.5,0.0,3668,495,1,,,
1321.0,0.0,3669,495,1,,,
1321.5,0.0,3671,497,1,,,
1322.0,0.0,3672,497,1,,,
1322.5,0.0,3674,498,1,,,
1323.0,0.0,3675,498,1,,,
1323.5,0.0,3677,498,1,,,
1324.0,0.0,3678,498,1,,,
1324.5,0.0,3680,499,1,,,
1325.0,0.0,3681,499,1,,,
1325.5,0.0,3683,499,1,,,
1326.0,0.0,3684,499,1,,,
1326.5,0.0,3686,499,1,,,
1327.0,0.0,3687,499,1,,,
1327.5,0.0,3689,497,1,,,
1328.0,0.0,3690,497,1,,,
1328.5,0.0,3692,498,1,,,
1329.0,0.0,3693,498,1,,,
1329.5,0.0,3695,497,1,,,
1330.0,0.0,3696,497,1,,,
1330.5,0.0,3698,498,1,,,
1331.0,0.0,3699,498,1,,,
1331.5,0.0,3701,498,1,,,
1332.0,0.0,3702,498,1,,,
1332.5,0.0,3704,502,1,,,
1333.0,0.0,3705,502,1,,,
1333.5,0.0,3707,502,1,,,
1334.0,0.0,3708,502,1,,,
1334.5,0.0,3710,502,1,,,
1335.0,0.0,3711,502,1,,,
1335.5,0.0,3713,501,1,,,
1336.0,0.0,3714,501,1,,,
1336.5,0.0,3716,499,1,,,
1337.0,0.0,3717,499,1,,,
1337.5,0.0,3719,497,1,,,
1338.0,0.0,3720,497,1,,,
1338.5,0.0,3722,497,1,,,
1339.0,0.0,3723,497,1,,,
1339.5,0.0,3725,497,1,,,
1340.0,0.0,3726,497,1,,,
1340.5,0.0,3728,498,1,,,
1341.0,0.0,3729,498,1,,,
1341.5,0.0,3731,499,1,,,
1342.0,0.0,3732,499,1,,,
1342.5,0.0,3734,501,1,,,
1343.0,0.0,3735,501,1,,,
1343.5,0.0,3737,501,1,,,
1344.0,0.0,3738,501,1,,,
1344.5,0.0,3740,501,1,,,
1345.0,0.0,3741,501,1,,,
1345.5,0.0,3743,499,1,,,
1346.0,0.0,3744,499,1,,,
1346.5,0.0,3746,498,1,,,
1347.0,0.0,3747,498,1,,,
1347.5,0.0,3749,498,1,,,
1348.0,0.0,3750,498,1,,,
1348.5,0.0,3752,497,1,,,
1349.0,0.0,3753,497,1,,,
1349.5,0.0,3755,498,1,,,
1350.0,0.0,3756,498,1,,,
1350.5,0.0,3758,499,1,,,
1351.0,0.0,3759,499,1,,,
1351.5,0.0,3761,502,1,,,
1352.0,0.0,3763,502,1,,,
1352.5,0.0,3764,502,1,,,
1353.0,0.0,3765,502,1,,,
1353.5,0.0,3767,503,1,,,
1354.0,0.0,3769,503,1,,,
1354.5,0.0,3770,503,1,,,
1355.0,0.0,3771,503,1,,,
1355.5,0.0,3773,502,1,,,
1356.0,0.0,3775,502,1,,,
1356.5,0.0,3776,499,1,,,
1357.0,0.0,3778,499,1,,,
1357.5,0.0,3779,501,1,,,
1358.0,0.0,3781,501,1,,,
1358.5,0.0,3782,501,1,,,
1359.0,0.0,3784,501,1,,,
1359.5,0.0,3785,501,1,,,
1360.0,0.0,3787,501,1,,,
1360.5,0.0,3788,502,1,,,
1361.0,0.0,3790,502,1,,,
1361.5,0.0,3791,504,1,,,
1362.0,0.0,3793,504,1,,,
1362.5,0.0,3794,503,1,,,
1363.0,0.0,3796,503,1,,,
1363.5,0.0,3797,503,1,,,
1364.0,0.0,3799,503,1,,,
1364.5,0.0,3800,503,1,,,
1365.0,0.0,3802,503,1,,,
1365.5,0.0,3803,503,1,,,
1366.0,0.0,3805,503,1,,,
1366.5,0.0,3806,502,1,,,
1367.0,0.0,3808,502,1,,,
1367.5,0.0,3809,502,1,,,
1368.0,0.0,3811,502,1,,,
1368.5,0.0,3812,503,1,,,
1369.0,0.0,3814,503,1,,,
1369.5,0.0,3815,503,1,,,
1370.0,0.0,3817,503,1,,,
1370.5,0.0,3819,504,1,,,
1371.0,0.0,3820,504,1,,,
1371.5,0.0,3822,505,1,,,
1372.0,0.0,3823,505,1,,,
1372.5,0.0,3825,505,1,,,
1373.0,0.0,3826,505,1,,,
1373.5,0.0,3828,504,1,,,
1374.0,0.0,3829,504,1,,,
1374.5,0.0,3831,504,1,,,
1375.0,0.0,3832,504,1,,,
1375.5,0.0,3834,503,1,,,
1376.0,0.0,3835,503,1,,,
1376.5,0.0,3837,502,1,,,
1377.0,0.0,3838,502,1,,,
1377.5,0.0,3840,502,1,,,
1378.0,0.0,3841,502,1,,,
1378.5,0.0,3843,503,1,,,
1379.0,0.0,3844,503,1,,,
1379.5,0.0,3846,503,1,,,
1380.0,0.0,3847,503,1,,,
1380.5,0.0,3849,504,1,,,
1381.0,0.0,3850,504,1,,,
1381.5,0.0,3852,504,1,,,
1382.0,0.0,3853,504,1,,,
1382.5,0.0,3855,504,1,,,
1383.0,0.0,3856,504,1,,,
1383.5,0.0,3858,503,1,,,
1384.0,0.0,3859,503,1,,,
1384.5,0.0,3861,502,1,,,
1385.0,0.0,3862,502,1,,,
1385.5,0.0,3864,501,1,,,
1386.0,0.0,3866,501,1,,,
1386.5,0.0,3867,502,1,,,
1387.0,0.0,3869,502,1,,,
1387.5,0.0,3870,502,1,,,
1388.0,0.0,3872,502,1,,,
1388.5,0.0,3873,502,1,,,
1389.0,0.0,3875,502,1,,,
1389.5,0.0,3876,504,1,,,
1390.0,0.0,3878,504,1,,,
1390.5,0.0,3879,505,1,,,
1391.0,0.0,3881,505,1,,,
1391.5,0.0,3882,503,1,,,
1392.0,0.0,3884,503,1,,,
1392.5,0.0,3885,503,1,,,
1393.0,0.0,3887,503,1,,,
1393.5,0.0,3888,502,1,,,
1394.0,0.0,3890,502,1,,,
1394.5,0.0,3891,501,1,,,
1395.0,0.0,3893,501,1,,,
1395.5,0.0,3894,499,1,,,
1396.0,0.0,3896,499,1,,,
1396.5,0.0,3897,501,1,,,
1397.0,0.0,3899,501,1,,,
1397.5,0.0,3900,502,1,,,
1398.0,0.0,3902,502,1,,,
1398.5,0.0,3903,503,1,,,
1399.0,0.0,3905,503,1,,,
1399.5,0.0,3906,503,1,,,
1400.0,0.0,3908,503,1,,,
1400.5,0.0,3909,503,1,,,
1401.0,0.0,3911,503,1,,,
1401.5,0.0,3912,502,1,,,
1402.0,0.0,3914,502,1,,,
1402.5,0.0,3915,499,1,,,
1403.0,0.0,3917,499,1,,,
1403.5,0.0,3918,498,1,,,
1404.0,0.0,3920,498,1,,,
1404.5,0.0,3921,498,1,,,
1405.0,0.0,3923,498,1,,,
1405.5,0.0,3925,497,1,,,
1406.0,0.0,3926,497,1,,,
1406.5,0.0,3927,498,1,,,
1407.0,0.0,3929,498,1,,,
1407.5,0.0,3931,499,1,,,
1408.0,0.0,3932,499,1,,,
1408.5,0.0,3934,499,1,,,
1409.0,0.0,3935,499,1,,,
1409.5,0.0,3937,498,1,,,
1410.0,0.0,3938,498,1,,,
1410.5,0.0,3939,499,1,,,
1411.0,0.0,3941,499,1,,,
1411.5,0.0,3942,497,1,,,
1412.0,0.0,3944,497,1,,,
1412.5,0.0,3945,495,1,,,
1413.0,0.0,3947,495,1,,,
1413.5,0.0,3948,495,1,,,
1414.0,0.0,3950,495,1,,,
1414.5,0.0,3951,496,1,,,
1415.0,0.0,3953,496,1,,,
1415.5,0.0,3954,493,1,,,
1416.0,0.0,3956,493,1,,,
1416.5,0.0,3957,496,1,,,
1417.0,0.0,3959,496,1,,,
1417.5,0.0,3960,497,1,,,
1418.0,0.0,3962,497,1,,,
1418.5,0.0,3963,498,1,,,
1419.0,0.0,3965,498,1,,,
1419.5,0.0,3966,496,1,,,
1420.0,0.0,3968,496,1,,,
1420.5,0.0,3969,497,1,,,
1421.0,0.0,3971,497,1,,,
1421.5,0.0,3972,496,1,,,
1422.0,0.0,3974,496,1,,,
1422.5,0.0,3975,495,1,,,
1423.0,0.0,3977,495,1,,,
1423.5,0.0,3978,493,1,,,
1424.0,0.0,3980,493,1,,,
1424.5,0.0,3981,495,1,,,
1425.0,0.0,3983,495,1,,,
1425.5,0.0,3984,495,1,,,
1426.0,0.0,3986,495,1,,,
1426.5,0.0,3987,496,1,,,
1427.0,0.0,3989,496,1,,,
1427.5,0.0,3990,497,1,,,
1428.0,0.0,3992,497,1,,,
1428.5,0.0,3993,497,1,,,
1429.0,0.0,3995,497,1,,,
1429.5,0.0,3996,497,1,,,
1430.0,0.0,3998,497,1,,,
1430.5,0.0,3999,497,1,,,
1431.0,0.0,4001,497,1,,,
1431.5,0.0,4002,495,1,,,
1432.0,0.0,4004,495,1,,,
1432.5,0.0,4005,495,1,,,
1433.0,0.0,4007,495,1,,,
1433.5,0.0,4008,495,1,,,
1434.0,0.0,4010,495,1,,,
1434.5,0.0,4011,495,1,,,
1435.0,0.0,4013,495,1,,,
1435.5,0.0,4014,495,1,,,
1436.0,0.0,4016,495,1,,,
1436.5,0.0,4017,497,1,,,
1437.0,0.0,4019,497,1,,,
1437.5,0.0,4020,497,1,,,
1438.0,0.0,4022,497,1,,,
1438.5,0.0,4023,497,1,,,
1439.0,0.0,4025,497,1,,,
1439.5,0.0,4026,497,1,,,
1440.0,0.0,4028,497,1,,,
1440.5,0.0,4029,496,1,,,
1441.0,0.0,4031,496,1,,,
1441.5,0.0,4032,493,1,,,
1442.0,0.0,4034,493,1,,,
1442.5,0.0,4035,495,1,,,
1443.0,0.0,4037,495,1,,,
1443.5,0.0,4038,495,1,,,
1444.0,0.0,4040,495,1,,,
1444.5,0.0,4041,495,1,,,
1445.0,0.0,4043,495,1,,,
1445.5,0.0,4044,497,1,,,
1446.0,0.0,4046,497,1,,,
1446.5,0.0,4047,499,1,,,
1447.0,0.0,4049,499,1,,,
1447.5,0.0,4050,498,1,,,
1448.0,0.0,4052,498,1,,,
1448.5,0.0,4053,498,1,,,
1449.0,0.0,4055,498,1,,,
1449.5,0.0,4056,498,1,,,
1450.0,0.0,4058,498,1,,,
1450.5,0.0,4059,497,1,,,
1451.0,0.0,4061,497,1,,,
1451.5,0.0,4062,496,1,,,
1452.0,0.0,4064,496,1,,,
1452.5,0.0,4065,497,1,,,
1453.0,0.0,4067,497,1,,,
1453.5,0.0,4068,498,1,,,
1454.0,0.0,4070,498,1,,,
1454.5,0.0,4071,499,1,,,
1455.0,0.0,4073,499,1,,,
1455.5,0.0,4074,501,1,,,
1456.0,0.0,4076,501,1,,,
1456.5,0.0,4077,503,1,,,
1457.0,0.0,4079,503,1,,,
1457.5,0.0,4080,503,1,,,
1458.0,0.0,4082,503,1,,,
1458.5,0.0,4083,503,1,,,
1459.0,0.0,4085,503,1,,,
1459.5,0.0,4086,503,1,,,
1460.0,0.0,4088,503,1,,,
1460.5,0.0,4089,503,1,,,
1461.0,0.0,4091,503,1,,,
1461.5,0.0,4092,503,1,,,
1462.0,0.0,4094,503,1,,,
1462.5,0.0,4096,504,1,,,
1463.0,0.0,4097,504,1,,,
1463.5,0.0,4099,505,1,,,
1464.0,0.0,4100,505,1,,,
1464.5,0.0,4102,508,1,,,
1465.0,0.0,4103,508,1,,,
1465.5,0.0,4105,510,1,,,
1466.0,0.0,4106,510,1,,,
1466.5,0.0,4108,510,1,,,
1467.0,0.0,4109,510,1,,,
1467.5,0.0,4111,510,1,,,
1468.0,0.0,4112,510,1,,,
1468.5,0.0,4114,510,1,,,
1469.0,0.0,4115,510,1,,,
1469.5,0.0,4117,509,1,,,
1470.0,0.0,4119,509,1,,,
1470.5,0.0,4120,508,1,,,
1471.0,0.0,4122,508,1,,,
1471.5,0.0,4123,509,1,,,
1472.0,0.0,4125,509,1,,,
1472.5,0.0,4126,510,1,,,
1473.0,0.0,4128,510,1,,,
1473.5,0.0,4129,512,1,,,
1474.0,0.0,4131,512,1,,,
1474.5,0.0,4133,514,1,,,
1475.0,0.0,4134,514,1,,,
1475.5,0.0,4136,515,1,,,
1476.0,0.0,4137,515,1,,,
1476.5,0.0,4139,515,1,,,
1477.0,0.0,4140,515,1,,,
1477.5,0.0,4142,514,1,,,
1478.0,0.0,4143,514,1,,,
1478.5,0.0,4145,511,1,,,
1479.0,0.0,4146,511,1,,,
1479.5,0.0,4148,511,1,,,
1480.0,0.0,4150,511,1,,,
1480.5,0.0,4151,510,1,,,
1481.0,0.0,4153,510,1,,,
1481.5,0.0,4154,510,1,,,
1482.0,0.0,4156,510,1,,,
1482.5,0.0,4157,512,1,,,
1483.0,0.0,4159,512,1,,,
1483.5,0.0,4160,514,1,,,
1484.0,0.0,4162,514,1,,,
1484.5,0.0,4163,515,1,,,
1485.0,0.0,4165,515,1,,,
1485.5,0.0,4167,515,1,,,
1486.0,0.0,4168,515,1,,,
1486.5,0.0,4170,515,1,,,
1487.0,0.0,4171,515,1,,,
1487.5,0.0,4173,512,1,,,
1488.0,0.0,4174,512,1,,,
1488.5,0.0,4176,512,1,,,
1489.0,0.0,4177,512,1,,,
1489.5,0.0,4179,511,1,,,
1490.0,0.0,4180,511,1,,,
1490.5,0.0,4182,512,1,,,
1491.0,0.0,4184,512,1,,,
1491.5,0.0,4185,514,1,,,
1492.0,0.0,4187,514,1,,,
1492.5,0.0,4188,515,1,,,
1493.0,0.0,4190,515,1,,,
1493.5,0.0,4191,516,1,,,
1494.0,0.0,4193,516,1,,,
1494.5,0.0,4194,516,1,,,
1495.0,0.0,4196,516,1,,,
1495.5,0.0,4198,516,1,,,
1496.0,0.0,4199,516,1,,,
1496.5,0.0,4201,515,1,,,
1497.0,0.0,4202,515,1,,,
1497.5,0.0,4204,514,1,,,
1498.0,0.0,4205,514,1,,,
1498.5,0.0,4207,514,1,,,
1499.0,0.0,4208,514,1,,,
1499.5,0.0,4210,514,1,,,
1500.0,0.0,4212,514,1,,,
1500.5,0.0,4213,515,1,,,
1501.0,0.0,4215,515,1,,,
1501.5,0.0,4216,516,1,,,
1502.0,0.0,4218,516,1,,,
1502.5,0.0,4219,517,1,,,
1503.0,0.0,4221,517,1,,,
1503.5,0.0,4222,517,1,,,
1504.0,0.0,4224,517,1,,,
1504.5,0.0,4226,517,1,,,
1505.0,0.0,4227,517,1,,,
1505.5,0.0,4229,515,1,,,
1506.0,0.0,4230,515,1,,,
1506.5,0.0,4232,514,1,,,
1507.0,0.0,4233,514,1,,,
1507.5,0.0,4235,514,1,,,
1508.0,0.0,4236,514,1,,,
1508.5,0.0,4238,514,1,,,
1509.0,0.0,4239,514,1,,,
1509.5,0.0,4241,514,1,,,
1510.0,0.0,4243,514,1,,,
1510.5,0.0,4244,516,1,,,
1511.0,0.0,4246,516,1,,,
1511.5,0.0,4247,517,1,,,
1512.0,0.0,4249,517,1,,,
1512.5,0.0,4250,517,1,,,
1513.0,0.0,4252,517,1,,,
1513.5,0.0,4253,516,1,,,
1514.0,0.0,4255,516,1,,,
1514.5,0.0,4257,515,1,,,
1515.0,0.0,4258,515,1,,,
1515.5,0.0,4260,512,1,,,
1516.0,0.0,4261,512,1,,,
1516.5,0.0,4263,511,1,,,
1517.0,0.0,4264,511,1,,,
1517.5,0.0,4266,512,1,,,
1518.0,0.0,4267,512,1,,,
1518.5,0.0,4269,511,1,,,
1519.0,0.0,4270,511,1,,,
1519.5,0.0,4272,514,1,,,
1520.0,0.0,4274,514,1,,,
1520.5,0.0,4275,515,1,,,
1521.0,0.0,4277,515,1,,,
1521.5,0.0,4278,514,1,,,
1522.0,0.0,4280,514,1,,,
1522.5,0.0,4281,512,1,,,
1523.0,0.0,4283,512,1,,,
1523.5,0.0,4284,511,1,,,
1524.0,0.0,4286,511,1,,,
1524.5,0.0,4287,509,1,,,
1525.0,0.0,4289,509,1,,,
1525.5,0.0,4290,509,1,,,
1526.0,0.0,4292,509,1,,,
1526.5,0.0,4293,509,1,,,
1527.0,0.0,4295,509,1,,,
1527.5,0.0,4297,508,1,,,
1528.0,0.0,4298,508,1,,,
1528.5,0.0,4300,509,1,,,
1529.0,0.0,4301,509,1,,,
1529.5,0.0,4303,510,1,,,
1530.0,0.0,4304,510,1,,,
1530.5,0.0,4306,509,1,,,
1531.0,0.0,4307,509,1,,,
1531.5,0.0,4309,508,1,,,
1532.0,0.0,4310,508,1,,,
1532.5,0.0,4312,508,1,,,
1533.0,0.0,4313,508,1,,,
1533.5,0.0,4315,505,1,,,
1534.0,0.0,4316,505,1,,,
1534.5,0.0,4318,503,1,,,
1535.0,0.0,4319,503,1,,,
1535.5,0.0,4321,502,1,,,
1536.0,0.0,4322,502,1,,,
1536.5,0.0,4324,503,1,,,
1537.0,0.0,4325,503,1,,,
1537.5,0.0,4327,502,1,,,
1538.0,0.0,4329,502,1,,,
1538.5,0.0,4330,503,1,,,
1539.0,0.0,4332,503,1,,,
1539.5,0.0,4333,504,1,,,
1540.0,0.0,4335,504,1,,,
1540.5,0.0,4336,503,1,,,
1541.0,0.0,4338,503,1,,,
1541.5,0.0,4339,502,1,,,
1542.0,0.0,4341,502,1,,,
1542.5,0.0,4342,501,1,,,
1543.0,0.0,4344,501,1,,,
1543.5,0.0,4345,498,1,,,
1544.0,0.0,4347,498,1,,,
1544.5,0.0,4348,497,1,,,
1545.0,0.0,4350,497,1,,,
1545.5,0.0,4351,497,1,,,
1546.0,0.0,4353,497,1,,,
1546.5,0.0,4354,497,1,,,
1547.0,0.0,4356,497,1,,,
1547.5,0.0,4357,498,1,,,
1548.0,0.0,4359,498,1,,,
1548.5,0.0,4360,502,1,,,
1549.0,0.0,4362,502,1,,,
1549.5,0.0,4363,499,1,,,
1550.0,0.0,4365,499,1,,,
1550.5,0.0,4366,499,1,,,
1551.0,0.0,4368,499,1,,,
1551.5,0.0,4369,498,1,,,
1552.0,0.0,4371,498,1,,,
1552.5,0.0,4372,496,1,,,
1553.0,0.0,4374,496,1,,,
1553.5,0.0,4375,493,1,,,
1554.0,0.0,4377,493,1,,,
1554.5,0.0,4378,495,1,,,
1555.0,0.0,4379,495,1,,,
1555.5,0.0,4381,495,1,,,
1556.0,0.0,4382,495,1,,,
1556.5,0.0,4384,495,1,,,
1557.0,0.0,4386,495,1,,,
1557.5,0.0,4387,497,1,,,
1558.0,0.0,4389,497,1,,,
1558.5,0.0,4390,497,1,,,
1559.0,0.0,4392,497,1,,,
1559.5,0.0,4393,497,1,,,
1560.0,0.0,4395,497,1,,,
1560.5,0.0,4396,496,1,,,
1561.0,0.0,4397,496,1,,,
1561.5,0.0,4399,496,1,,,
1562.0,0.0,4400,496,1,,,
1562.5,0.0,4402,493,1,,,
1563.0,0.0,4403,493,1,,,
1563.5,0.0,4405,493,1,,,
1564.0,0.0,4406,493,1,,,
1564.5,0.0,4408,493,1,,,
1565.0,0.0,4409,493,1,,,
1565.5,0.0,4411,495,1,,,
1566.0,0.0,4412,495,1,,,
1566.5,0.0,4414,496,1,,,
1567.0,0.0,4415,496,1,,,
1567.5,0.0,4417,497,1,,,
1568.0,0.0,4418,497,1,,,
1568.5,0.0,4420,497,1,,,
1569.0,0.0,4421,497,1,,,
1569.5,0.0,4423,497,1,,,
1570.0,0.0,4424,497,1,,,
1570.5,0.0,4426,496,1,,,
1571.0,0.0,4427,496,1,,,
1571.5,0.0,4429,493,1,,,
1572.0,0.0,4430,493,1,,,
1572.5,0.0,4432,493,1,,,
1573.0,0.0,4433,493,1,,,
1573.5,0.0,4435,493,1,,,
1574.0,0.0,4436,493,1,,,
1574.5,0.0,4438,493,1,,,
1575.0,0.0,4439,493,1,,,
1575.5,0.0,4441,495,1,,,
1576.0,0.0,4442,495,1,,,
1576.5,0.0,4444,497,1,,,
1577.0,0.0,4445,497,1,,,
1577.5,0.0,4447,498,1,,,
1578.0,0.0,4448,498,1,,,
1578.5,0.0,4450,498,1,,,
1579.0,0.0,4451,498,1,,,
1579.5,0.0,4453,498,1,,,
1580.0,0.0,4454,498,1,,,
1580.5,0.0,4456,498,1,,,
1581.0,0.0,4457,498,1,,,
1581.5,0.0,4459,496,1,,,
1582.0,0.0,4460,496,1,,,
1582.5,0.0,4462,495,1,,,
1583.0,0.0,4463,495,1,,,
1583.5,0.0,4465,496,1,,,
1584.0,0.0,4466,496,1,,,
1584.5,0.0,4468,496,1,,,
1585.0,0.0,4469,496,1,,,
1585.5,0.0,4471,497,1,,,
1586.0,0.0,4472,497,1,,,
1586.5,0.0,4474,499,1,,,
1587.0,0.0,4475,499,1,,,
1587.5,0.0,4477,501,1,,,
1588.0,0.0,4478,501,1,,,
1588.5,0.0,4480,499,1,,,
1589.0,0.0,4481,499,1,,,
1589.5,0.0,4483,499,1,,,
1590.0,0.0,4484,499,1,,,
1590.5,0.0,4486,498,1,,,
1591.0,0.0,4487,498,1,,,
1591.5,0.0,4489,497,1,,,
1592.0,0.0,4490,497,1,,,
1592.5,0.0,4492,497,1,,,
1593.0,0.0,4493,497,1,,,
1593.5,0.0,4495,498,1,,,
1594.0,0.0,4496,498,1,,,
1594.5,0.0,4498,499,1,,,
1595.0,0.0,4499,499,1,,,
1595.5,0.0,4501,501,1,,,
1596.0,0.0,4502,501,1,,,
1596.5,0.0,4504,503,1,,,
1597.0,0.0,4505,503,1,,,
1597.5,0.0,4507,502,1,,,
1598.0,0.0,4508,502,1,,,
1598.5,0.0,4510,502,1,,,
1599.0,0.0,4512,502,1,,,
1599.5,0.0,4513,502,1,,,
1600.0,0.0,4514,502,1,,,
1600.5,0.0,4516,501,1,,,
1601.0,0.0,4518,501,1,,,
1601.5,0.0,4519,499,1,,,
1602.0,0.0,4521,499,1,,,
1602.5,0.0,4522,502,1,,,
1603.0,0.0,4524,502,1,,,
1603.5,0.0,4525,502,1,,,
1604.0,0.0,4527,502,1,,,
1604.5,0.0,4528,503,1,,,
1605.0,0.0,4530,503,1,,,
1605.5,0.0,4531,505,1,,,
1606.0,0.0,4533,505,1,,,
1606.5,0.0,4534,507,1,,,
1607.0,0.0,4536,507,1,,,
1607.5,0.0,4537,505,1,,,
1608.0,0.0,4539,505,1,,,
1608.5,0.0,4540,505,1,,,
1609.0,0.0,4542,505,1,,,
1609.5,0.0,4543,504,1,,,
1610.0,0.0,4545,504,1,,,
1610.5,0.0,4546,504,1,,,
1611.0,0.0,4548,504,1,,,
1611.5,0.0,4550,504,1,,,
1612.0,0.0,4551,504,1,,,
1612.5,0.0,4553,504,1,,,
1613.0,0.0,4554,504,1,,,
1613.5,0.0,4556,507,1,,,
1614.0,0.0,4557,507,1,,,
1614.5,0.0,4559,508,1,,,
1615.0,0.0,4560,508,1,,,
1615.5,0.0,4562,508,1,,,
1616.0,0.0,4563,508,1,,,
1616.5,0.0,4565,508,1,,,
1617.0,0.0,4566,508,1,,,
1617.5,0.0,4568,509,1,,,
1618.0,0.0,4569,509,1,,,
1618.5,0.0,4571,507,1,,,
1619.0,0.0,4572,507,1,,,
1619.5,0.0,4574,505,1,,,
1620.0,0.0,4576,505,1,,,
1620.5,0.0,4577,507,1,,,
1621.0,0.0,4579,507,1,,,
1621.5,0.0,4580,507,1,,,
1622.0,0.0,4582,507,1,,,
1622.5,0.0,4583,507,1,,,
1623.0,0.0,4585,507,1,,,
1623.5,0.0,4586,509,1,,,
1624.0,0.0,4588,509,1,,,
1624.5,0.0,4589,511,1,,,
1625.0,0.0,4591,511,1,,,
1625.5,0.0,4592,510,1,,,
1626.0,0.0,4594,510,1,,,
1626.5,0.0,4595,509,1,,,
1627.0,0.0,4597,509,1,,,
1627.5,0.0,4598,509,1,,,
1628.0,0.0,4600,509,1,,,
1628.5,0.0,4602,507,1,,,
1629.0,0.0,4603,507,1,,,
1629.5,0.0,4605,505,1,,,
1630.0,0.0,4606,505,1,,,
1630.5,0.0,4608,505,1,,,
1631.0,0.0,4609,505,1,,,
1631.5,0.0,4611,507,1,,,
1632.0,0.0,4612,507,1,,,
1632.5,0.0,4614,508,1,,,
1633.0,0.0,4615,508,1,,,
1633.5,0.0,4617,509,1,,,
1634.0,0.0,4618,509,1,,,
1634.5,0.0,4620,509,1,,,
1635.0,0.0,4621,509,1,,,
1635.5,0.0,4623,509,1,,,
1636.0,0.0,4625,509,1,,,
1636.5,0.0,4626,508,1,,,
1637.0,0.0,4628,508,1,,,
1637.5,0.0,4629,505,1,,,
1638.0,0.0,4631,505,1,,,
1638.5,0.0,4632,504,1,,,
1639.0,0.0,4634,504,1,,,
1639.5,0.0,4635,504,1,,,
1640.0,0.0,4637,504,1,,,
1640.5,0.0,4638,504,1,,,
1641.0,0.0,4640,504,1,,,
1641.5,0.0,4641,505,1,,,
1642.0,0.0,4643,505,1,,,
1642.5,0.0,4644,507,1,,,
1643.0,0.0,4646,507,1,,,
1643.5,0.0,4647,508,1,,,
1644.0,0.0,4649,508,1,,,
1644.5,0.0,4650,507,1,,,
1645.0,0.0,4652,507,1,,,
1645.5,0.0,4653,507,1,,,
1646.0,0.0,4655,507,1,,,
1646.5,0.0,4656,504,1,,,
1647.0,0.0,4658,504,1,,,
1647.5,0.0,4659,503,1,,,
1648.0,0.0,4661,503,1,,,
1648.5,0.0,4663,502,1,,,
1649.0,0.0,4664,502,1,,,
1649.5,0.0,4666,503,1,,,
1650.0,0.0,4667,503,1,,,
1650.5,0.0,4669,502,1,,,
1651.0,0.0,4670,502,1,,,
1651.5,0.0,4672,504,1,,,
1652.0,0.0,4673,504,1,,,
1652.5,0.0,4675,504,1,,,
1653.0,0.0,4676,504,1,,,
1653.5,0.0,4678,504,1,,,
1654.0,0.0,4679,504,1,,,
1654.5,0.0,4681,503,1,,,
1655.0,0.0,4682,503,1,,,
1655.5,0.0,4684,502,1,,,
1656.0,0.0,4685,502,1,,,
1656.5,0.0,4687,499,1,,,
1657.0,0.0,4688,499,1,,,
1657.5,0.0,4690,499,1,,,
1658.0,0.0,4691,499,1,,,
1658.5,0.0,4693,499,1,,,
1659.0,0.0,4694,499,1,,,
1659.5,0.0,4696,499,1,,,
1660.0,0.0,4697,499,1,,,
1660.5,0.0,4699,499,1,,,
1661.0,0.0,4700,499,1,,,
1661.5,0.0,4702,501,1,,,
1662.0,0.0,4703,501,1,,,
1662.5,0.0,4705,501,1,,,
1663.0,0.0,4706,501,1,,,
1663.5,0.0,4708,499,1,,,
1664.0,0.0,4709,499,1,,,
1664.5,0.0,4711,498,1,,,
1665.0,0.0,4712,498,1,,,
1665.5,0.0,4714,497,1,,,
1666.0,0.0,4715,497,1,,,
1666.5,0.0,4717,495,1,,,
1667.0,0.0,4718,495,1,,,
1667.5,0.0,4720,493,1,,,
1668.0,0.0,4721,493,1,,,
1668.5,0.0,4723,493,1,,,
1669.0,0.0,4724,493,1,,,
1669.5,0.0,4726,493,1,,,
1670.0,0.0,4727,493,1,,,
1670.5,0.0,4729,496,1,,,
1671.0,0.0,4730,496,1,,,
1671.5,0.0,4732,497,1,,,
1672.0,0.0,4733,497,1,,,
1672.5,0.0,4735,496,1,,,
1673.0,0.0,4736,496,1,,,
1673.5,0.0,4738,496,1,,,
1674.0,0.0,4739,496,1,,,
1674.5,0.0,4741,495,1,,,
1675.0,0.0,4742,495,1,,,
1675.5,0.0,4744,491,1,,,
1676.0,0.0,4745,491,1,,,
1676.5,0.0,4746,491,1,,,
1677.0,0.0,4748,491,1,,,
1677.5,0.0,4750,492,1,,,
1678.0,0.0,4751,492,1,,,
1678.5,0.0,4753,491,1,,,
1679.0,0.0,4754,491,1,,,
1679.5,0.0,4755,493,1,,,
1680.0,0.0,4757,493,1,,,
1680.5,0.0,4758,496,1,,,
1681.0,0.0,4760,496,1,,,
1681.5,0.0,4761,496,1,,,
1682.0,0.0,4763,496,1,,,
1682.5,0.0,4764,495,1,,,
1683.0,0.0,4766,495,1,,,
1683.5,0.0,4767,496,1,,,
1684.0,0.0,4769,496,1,,,
1684.5,0.0,4770,493,1,,,
1685.0,0.0,4772,493,1,,,
1685.5,0.0,4773,492,1,,,
1686.0,0.0,4775,492,1,,,
1686.5,0.0,4776,492,1,,,
1687.0,0.0,4778,492,1,,,
1687.5,0.0,4779,493,1,,,
1688.0,0.0,4781,493,1,,,
1688.5,0.0,4782,495,1,,,
1689.0,0.0,4784,495,1,,,
1689.5,0.0,4785,496,1,,,
1690.0,0.0,4787,496,1,,,
1690.5,0.0,4788,498,1,,,
1691.0,0.0,4790,498,1,,,
1691.5,0.0,4791,498,1,,,
1692.0,0.0,4793,498,1,,,
1692.5,0.0,4794,498,1,,,
1693.0,0.0,4796,498,1,,,
1693.5,0.0,4797,497,1,,,
1694.0,0.0,4799,497,1,,,
1694.5,0.0,4800,496,1,,,
1695.0,0.0,4802,496,1,,,
1695.5,0.0,4803,496,1,,,
1696.0,0.0,4805,496,1,,,
1696.5,0.0,4806,496,1,,,
1697.0,0.0,4808,496,1,,,
1697.5,0.0,4809,497,1,,,
1698.0,0.0,4811,497,1,,,
1698.5,0.0,4812,498,1,,,
1699.0,0.0,4814,498,1,,,
1699.5,0.0,4815,502,1,,,
1700.0,0.0,4817,502,1,,,
1700.5,0.0,4818,501,1,,,
1701.0,0.0,4820,501,1,,,
1701.5,0.0,4821,502,1,,,
1702.0,0.0,4823,502,1,,,
1702.5,0.0,4824,502,1,,,
1703.0,0.0,4826,502,1,,,
1703.5,0.0,4827,501,1,,,
1704.0,0.0,4829,501,1,,,
1704.5,0.0,4830,498,1,,,
1705.0,0.0,4832,498,1,,,
1705.5,0.0,4833,501,1,,,
1706.0,0.0,4835,501,1,,,
1706.5,0.0,4837,499,1,,,
1707.0,0.0,4838,499,1,,,
1707.5,0.0,4840,501,1,,,
1708.0,0.0,4841,501,1,,,
1708.5,0.0,4843,503,1,,,
1709.0,0.0,4844,503,1,,,
1709.5,0.0,4846,504,1,,,
1710.0,0.0,4847,504,1,,,
1710.5,0.0,4849,503,1,,,
1711.0,0.0,4850,503,1,,,
1711.5,0.0,4852,504,1,,,
1712.0,0.0,4853,504,1,,,
1712.5,0.0,4855,503,1,,,
1713.0,0.0,4856,503,1,,,
1713.5,0.0,4858,501,1,,,
1714.0,0.0,4859,501,1,,,
1714.5,0.0,4861,501,1,,,
1715.0,0.0,4862,501,1,,,
1715.5,0.0,4864,502,1,,,
1716.0,0.0,4865,502,1,,,
1716.5,0.0,4867,502,1,,,
1717.0,0.0,4868,502,1,,,
1717.5,0.0,4870,503,1,,,
1718.0,0.0,4871,503,1,,,
1718.5,0.0,4873,505,1,,,
1719.0,0.0,4875,505,1,,,
1719.5,0.0,4876,505,1,,,
1720.0,0.0,4878,505,1,,,
1720.5,0.0,4879,505,1,,,
1721.0,0.0,4881,505,1,,,
1721.5,0.0,4882,505,1,,,
1722.0,0.0,4884,505,1,,,
1722.5,0.0,4885,504,1,,,
1723.0,0.0,4887,504,1,,,
1723.5,0.0,4888,503,1,,,
1724.0,0.0,4890,503,1,,,
1724.5,0.0,4891,504,1,,,
1725.0,0.0,4893,504,1,,,
1725.5,0.0,4894,504,1,,,
1726.0,0.0,4896,504,1,,,
1726.5,0.0,4897,505,1,,,
1727.0,0.0,4899,505,1,,,
1727.5,0.0,4900,507,1,,,
1728.0,0.0,4902,507,1,,,
1728.5,0.0,4903,508,1,,,
1729.0,0.0,4905,508,1,,,
1729.5,0.0,4906,508,1,,,
1730.0,0.0,4908,508,1,,,
1730.5,0.0,4910,508,1,,,
1731.0,0.0,4911,508,1,,,
1731.5,0.0,4913,507,1,,,
1732.0,0.0,4914,507,1,,,
1732.5,0.0,4916,505,1,,,
1733.0,0.0,4917,505,1,,,
1733.5,0.0,4919,505,1,,,
1734.0,0.0,4920,505,1,,,
1734.5,0.0,4922,504,1,,,
1735.0,0.0,4923,504,1,,,
1735.5,0.0,4925,504,1,,,
1736.0,0.0,4926,504,1,,,
1736.5,0.0,4928,507,1,,,
1737.0,0.0,4929,507,1,,,
1737.5,0.0,4931,508,1,,,
1738.0,0.0,4932,508,1,,,
1738.5,0.0,4934,508,1,,,
1739.0,0.0,4935,508,1,,,
1739.5,0.0,4937,508,1,,,
1740.0,0.0,4939,508,1,,,
1740.5,0.0,4940,508,1,,,
1741.0,0.0,4942,508,1,,,
1741.5,0.0,4943,504,1,,,
1742.0,0.0,4945,504,1,,,
1742.5,0.0,4946,504,1,,,
1743.0,0.0,4948,504,1,,,
1743.5,0.0,4949,503,1,,,
1744.0,0.0,4951,503,1,,,
1744.5,0.0,4952,504,1,,,
1745.0,0.0,4954,504,1,,,
1745.5,0.0,4955,504,1,,,
1746.0,0.0,4957,504,1,,,
1746.5,0.0,4958,508,1,,,
1747.0,0.0,4960,508,1,,,
1747.5,0.0,4961,507,1,,,
1748.0,0.0,4963,507,1,,,
1748.5,0.0,4964,508,1,,,
1749.0,0.0,4966,508,1,,,
1749.5,0.0,4967,507,1,,,
1750.0,0.0,4969,507,1,,,
1750.5,0.0,4970,505,1,,,
1751.0,0.0,4972,505,1,,,
1751.5,0.0,4974,503,1,,,
1752.0,0.0,4975,503,1,,,
1752.5,0.0,4977,504,1,,,
1753.0,0.0,4978,504,1,,,
1753.5,0.0,4980,503,1,,,
1754.0,0.0,4981,503,1,,,
1754.5,0.0,4983,504,1,,,
1755.0,0.0,4984,504,1,,,
1755.5,0.0,4986,505,1,,,
1756.0,0.0,4987,505,1,,,
1756.5,0.0,4989,507,1,,,
1757.0,0.0,4990,507,1,,,
1757.5,0.0,4992,505,1,,,
1758.0,0.0,4993,505,1,,,
1758.5,0.0,4995,505,1,,,
1759.0,0.0,4996,505,1,,,
1759.5,0.0,4998,503,1,,,
1760.0,0.0,4999,503,1,,,
1760.5,0.0,5001,501,1,,,
1761.0,0.0,5002,501,1,,,
1761.5,0.0,5004,499,1,,,
1762.0,0.0,5005,499,1,,,
1762.5,0.0,5007,499,1,,,
1763.0,0.0,5008,499,1,,,
1763.5,0.0,5010,498,1,,,
1764.0,0.0,5011,498,1,,,
1764.5,0.0,5013,501,1,,,
1765.0,0.0,5014,501,1,,,
1765.5,0.0,5016,501,1,,,
1766.0,0.0,5017,501,1,,,
1766.5,0.0,5019,499,1,,,
1767.0,0.0,5020,499,1,,,
1767.5,0.0,5022,498,1,,,
1768.0,0.0,5023,498,1,,,
1768.5,0.0,5025,498,1,,,
1769.0,0.0,5026,498,1,,,
1769.5,0.0,5028,495,1,,,
1770.0,0.0,5029,495,1,,,
1770.5,0.0,5031,493,1,,,
1771.0,0.0,5032,493,1,,,
1771.5,0.0,5034,493,1,,,
1772.0,0.0,5035,493,1,,,
1772.5,0.0,5037,493,1,,,
1773.0,0.0,5038,493,1,,,
1773.5,0.0,5040,492,1,,,
1774.0,0.0,5041,492,1,,,
1774.5,0.0,5043,493,1,,,
1775.0,0.0,5044,493,1,,,
1775.5,0.0,5046,495,1,,,
1776.0,0.0,5047,495,1,,,
1776.5,0.0,5049,493,1,,,
1777.0,0.0,5050,493,1,,,
1777.5,0.0,5052,493,1,,,
1778.0,0.0,5053,493,1,,,
1778.5,0.0,5054,492,1,,,
1779.0,0.0,5056,492,1,,,
1779.5,0.0,5057,491,1,,,
1780.0,0.0,5059,491,1,,,
1780.5,0.0,5060,490,1,,,
1781.0,0.0,5062,490,1,,,
1781.5,0.0,5063,491,1,,,
1782.0,0.0,5065,491,1,,,
1782.5,0.0,5066,490,1,,,
1783.0,0.0,5068,490,1,,,
1783.5,0.0,5069,492,1,,,
1784.0,0.0,5071,492,1,,,
1784.5,0.0,5072,493,1,,,
1785.0,0.0,5074,493,1,,,
1785.5,0.0,5075,495,1,,,
1786.0,0.0,5077,495,1,,,
1786.5,0.0,5078,493,1,,,
1787.0,0.0,5080,493,1,,,
1787.5,0.0,5081,493,1,,,
1788.0,0.0,5083,493,1,,,
1788.5,0.0,5084,492,1,,,
1789.0,0.0,5086,492,1,,,
1789.5,0.0,5087,492,1,,,
1790.0,0.0,5089,492,1,,,
1790.5,0.0,5090,491,1,,,
1791.0,0.0,5092,491,1,,,
1791.5,0.0,5093,493,1,,,
1792.0,0.0,5095,493,1,,,
1792.5,0.0,5096,495,1,,,
1793.0,0.0,5098,495,1,,,
1793.5,0.0,5099,496,1,,,
1794.0,0.0,5101,496,1,,,
1794.5,0.0,5102,497,1,,,
1795.0,0.0,5104,497,1,,,
1795.5,0.0,5105,497,1,,,
1796.0,0.0,5107,497,1,,,
1796.5,0.0,5108,496,1,,,
1797.0,0.0,5110,496,1,,,
1797.5,0.0,5111,496,1,,,
1798.0,0.0,5113,496,1,,,
1798.5,0.0,5114,495,1,,,
1799.0,0.0,5116,495,1,,,
1799.5,0.0,5117,495,1,,,
1800.0,0.0,5119,495,1,,,
1800.5,0.0,5120,496,1,,,
1801.0,0.0,5122,496,1,,,
1801.5,0.0,5123,496,1,,,
1802.0,0.0,5125,496,1,,,
1802.5,0.0,5126,497,1,,,
1803.0,0.0,5128,497,1,,,
1803.5,0.0,5129,499,1,,,
1804.0,0.0,5131,499,1,,,
1804.5,0.0,5132,499,1,,,
1805.0,0.0,5134,499,1,,,
1805.5,0.0,5135,499,1,,,
1806.0,0.0,5137,499,1,,,
1806.5,0.0,5138,499,1,,,
1807.0,0.0,5140,499,1,,,
1807.5,0.0,5141,497,1,,,
1808.0,0.0,5143,497,1,,,
1808.5,0.0,5144,496,1,,,
1809.0,0.0,5146,496,1,,,
1809.5,0.0,5147,496,1,,,
1810.0,0.0,5149,496,1,,,
1810.5,0.0,5150,497,1,,,
1811.0,0.0,5152,497,1,,,
1811.5,0.0,5153,497,1,,,
1812.0,0.0,5155,497,1,,,
1812.5,0.0,5156,501,1,,,
1813.0,0.0,5158,501,1,,,
1813.5,0.0,5159,502,1,,,
1814.0,0.0,5161,502,1,,,
1814.5,0.0,5162,501,1,,,
1815.0,0.0,5164,501,1,,,
1815.5,0.0,5165,501,1,,,
1816.0,0.0,5167,501,1,,,
1816.5,0.0,5168,501,1,,,
1817.0,0.0,5170,501,1,,,
1817.5,0.0,5171,498,1,,,
1818.0,0.0,5173,498,1,,,
1818.5,0.0,5174,498,1,,,
1819.0,0.0,5176,498,1,,,
1819.5,0.0,5177,499,1,,,
1820.0,0.0,5179,499,1,,,
1820.5,0.0,5180,499,1,,,
1821.0,0.0,5182,499,1,,,
1821.5,0.0,5183,502,1,,,
1822.0,0.0,5185,502,1,,,
1822.5,0.0,5187,504,1,,,
1823.0,0.0,5188,504,1,,,
1823.5,0.0,5190,505,1,,,
1824.0,0.0,5191,505,1,,,
1824.5,0.0,5193,505,1,,,
1825.0,0.0,5194,505,1,,,
1825.5,0.0,5196,505,1,,,
1826.0,0.0,5197,505,1,,,
1826.5,0.0,5199,504,1,,,
1827.0,0.0,5200,504,1,,,
1827.5,0.0,5202,504,1,,,
1828.0,0.0,5203,504,1,,,
1828.5,0.0,5205,504,1,,,
1829.0,0.0,5206,504,1,,,
1829.5,0.0,5208,505,1,,,
1830.0,0.0,5209,505,1,,,
1830.5,0.0,5211,508,1,,,
1831.0,0.0,5212,508,1,,,
1831.5,0.0,5214,510,1,,,
1832.0,0.0,5216,510,1,,,
1832.5,0.0,5217,510,1,,,
1833.0,0.0,5219,510,1,,,
1833.5,0.0,5220,510,1,,,
1834.0,0.0,5222,510,1,,,
1834.5,0.0,5223,510,1,,,
1835.0,0.0,5225,510,1,,,
1835.5,0.0,5226,509,1,,,
1836.0,0.0,5228,509,1,,,
1836.5,0.0,5229,507,1,,,
1837.0,0.0,5231,507,1,,,
1837.5,0.0,5232,508,1,,,
1838.0,0.0,5234,508,1,,,
1838.5,0.0,5235,509,1,,,
1839.0,0.0,5237,509,1,,,
1839.5,0.0,5239,509,1,,,
1840.0,0.0,5240,509,1,,,
1840.5,0.0,5242,511,1,,,
1841.0,0.0,5243,511,1,,,
1841.5,0.0,5245,514,1,,,
1842.0,0.0,5246,514,1,,,
1842.5,0.0,5248,512,1,,,
1843.0,0.0,5249,512,1,,,
1843.5,0.0,5251,512,1,,,
1844.0,0.0,5252,512,1,,,
1844.5,0.0,5254,512,1,,,
1845.0,0.0,5256,512,1,,,
1845.5,0.0,5257,510,1,,,
1846.0,0.0,5259,510,1,,,
1846.5,0.0,5260,510,1,,,
1847.0,0.0,5262,510,1,,,
1847.5,0.0,5263,510,1,,,
1848.0,0.0,5265,510,1,,,
1848.5,0.0,5266,510,1,,,
1849.0,0.0,5268,510,1,,,
1849.5,0.0,5269,511,1,,,
1850.0,0.0,5271,511,1,,,
1850.5,0.0,5273,514,1,,,
1851.0,0.0,5274,514,1,,,
1851.5,0.0,5276,514,1,,,
1852.0,0.0,5277,514,1,,,
1852.5,0.0,5279,514,1,,,
1853.0,0.0,5280,514,1,,,
1853.5,0.0,5282,514,1,,,
1854.0,0.0,5283,514,1,,,
1854.5,0.0,5285,512,1,,,
1855.0,0.0,5286,512,1,,,
1855.5,0.0,5288,511,1,,,
1856.0,0.0,5290,511,1,,,
1856.5,0.0,5291,511,1,,,
1857.0,0.0,5293,511,1,,,
1857.5,0.0,5294,512,1,,,
1858.0,0.0,5296,512,1,,,
1858.5,0.0,5297,514,1,,,
1859.0,0.0,5299,514,1,,,
1859.5,0.0,5300,516,1,,,
1860.0,0.0,5302,516,1,,,
1860.5,0.0,5304,516,1,,,
1861.0,0.0,5305,516,1,,,
1861.5,0.0,5307,516,1,,,
1862.0,0.0,5308,516,1,,,
1862.5,0.0,5310,516,1,,,
1863.0,0.0,5311,516,1,,,
1863.5,0.0,5313,514,1,,,
1864.0,0.0,5314,514,1,,,
1864.5,0.0,5316,514,1,,,
1865.0,0.0,5317,514,1,,,
1865.5,0.0,5319,514,1,,,
1866.0,0.0,5321,514,1,,,
1866.5,0.0,5322,514,1,,,
1867.0,0.0,5324,514,1,,,
1867.5,0.0,5325,515,1,,,
1868.0,0.0,5327,515,1,,,
1868.5,0.0,5328,516,1,,,
1869.0,0.0,5330,516,1,,,
1869.5,0.0,5331,516,1,,,
1870.0,0.0,5333,516,1,,,
1870.5,0.0,5335,515,1,,,
1871.0,0.0,5336,515,1,,,
1871.5,0.0,5338,515,1,,,
1872.0,0.0,5339,515,1,,,
1872.5,0.0,5341,512,1,,,
1873.0,0.0,5342,512,1,,,
1873.5,0.0,5344,512,1,,,
1874.0,0.0,5345,512,1,,,
1874.5,0.0,5347,510,1,,,
1875.0,0.0,5348,510,1,,,
1875.5,0.0,5350,511,1,,,
1876.0,0.0,5351,511,1,,,
1876.5,0.0,5353,511,1,,,
1877.0,0.0,5355,511,1,,,
1877.5,0.0,5356,512,1,,,
1878.0,0.0,5358,512,1,,,
1878.5,0.0,5359,512,1,,,
1879.0,0.0,5361,512,1,,,
1879.5,0.0,5362,512,1,,,
1880.0,0.0,5364,512,1,,,
1880.5,0.0,5365,511,1,,,
1881.0,0.0,5367,511,1,,,
1881.5,0.0,5368,509,1,,,
1882.0,0.0,5370,509,1,,,
1882.5,0.0,5371,508,1,,,
1883.0,0.0,5373,508,1,,,
1883.5,0.0,5375,507,1,,,
1884.0,0.0,5376,507,1,,,
1884.5,0.0,5378,507,1,,,
1885.0,0.0,5379,507,1,,,
1885.5,0.0,5381,507,1,,,
1886.0,0.0,5382,507,1,,,
1886.5,0.0,5384,509,1,,,
1887.0,0.0,5385,509,1,,,
1887.5,0.0,5387,508,1,,,
1888.0,0.0,5388,508,1,,,
1888.5,0.0,5390,508,1,,,
1889.0,0.0,5391,508,1,,,
1889.5,0.0,5393,507,1,,,
1890.0,0.0,5394,507,1,,,
1890.5,0.0,5396,507,1,,,
1891.0,0.0,5397,507,1,,,
1891.5,0.0,5399,503,1,,,
1892.0,0.0,5400,503,1,,,
1892.5,0.0,5402,503,1,,,
1893.0,0.0,5403,503,1,,,
1893.5,0.0,5405,503,1,,,
1894.0,0.0,5406,503,1,,,
1894.5,0.0,5408,503,1,,,
1895.0,0.0,5409,503,1,,,
1895.5,0.0,5411,502,1,,,
1896.0,0.0,5413,502,1,,,
1896.5,0.0,5414,504,1,,,
1897.0,0.0,5416,504,1,,,
1897.5,0.0,5417,503,1,,,
1898.0,0.0,5419,503,1,,,
1898.5,0.0,5420,502,1,,,
1899.0,0.0,5422,502,1,,,
1899.5,0.0,5423,501,1,,,
1900.0,0.0,5425,501,1,,,
1900.5,0.0,5426,498,1,,,
1901.0,0.0,5428,498,1,,,
1901.5,0.0,5429,497,1,,,
1902.0,0.0,5431,497,1,,,
1902.5,0.0,5432,497,1,,,
1903.0,0.0,5434,497,1,,,
1903.5,0.0,5435,495,1,,,
1904.0,0.0,5437,495,1,,,
1904.5,0.0,5438,496,1,,,
1905.0,0.0,5440,496,1,,,
1905.5,0.0,5441,497,1,,,
1906.0,0.0,5443,497,1,,,
1906.5,0.0,5444,496,1,,,
1907.0,0.0,5445,496,1,,,
1907.5,0.0,5447,495,1,,,
1908.0,0.0,5448,495,1,,,
1908.5,0.0,5450,496,1,,,
1909.0,0.0,5451,496,1,,,
1909.5,0.0,5453,493,1,,,
1910.0,0.0,5454,493,1,,,
1910.5,0.0,5456,491,1,,,
1911.0,0.0,5457,491,1,,,
1911.5,0.0,5459,490,1,,,
1912.0,0.0,5460,490,1,,,
1912.5,0.0,5462,490,1,,,
1913.0,0.0,5463,490,1,,,
1913.5,0.0,5465,490,1,,,
1914.0,0.0,5466,490,1,,,
1914.5,0.0,5468,490,1,,,
1915.0,0.0,5469,490,1,,,
1915.5,0.0,5471,492,1,,,
1916.0,0.0,5472,492,1,,,
1916.5,0.0,5474,492,1,,,
1917.0,0.0,5475,492,1,,,
1917.5,0.0,5477,492,1,,,
1918.0,0.0,5478,492,1,,,
1918.5,0.0,5479,490,1,,,
1919.0,0.0,5481,490,1,,,
1919.5,0.0,5482,489,1,,,
1920.0,0.0,5484,489,1,,,
1920.5,0.0,5485,488,1,,,
1921.0,0.0,5487,488,1,,,
1921.5,0.0,5488,488,1,,,
1922.0,0.0,5490,488,1,,,
1922.5,0.0,5491,488,1,,,
1923.0,0.0,5493,488,1,,,
1923.5,0.0,5494,489,1,,,
1924.0,0.0,5496,489,1,,,
1924.5,0.0,5497,491,1,,,
1925.0,0.0,5499,491,1,,,
1925.5,0.0,5500,492,1,,,
1926.0,0.0,5502,492,1,,,
1926.5,0.0,5503,493,1,,,
1927.0,0.0,5505,493,1,,,
1927.5,0.0,5506,493,1,,,
1928.0,0.0,5508,493,1,,,
1928.5,0.0,5509,493,1,,,
1929.0,0.0,5511,493,1,,,
1929.5,0.0,5512,492,1,,,
1930.0,0.0,5514,492,1,,,
1930.5,0.0,5515,492,1,,,
1931.0,0.0,5517,492,1,,,
1931.5,0.0,5518,492,1,,,
1932.0,0.0,5520,492,1,,,
1932.5,0.0,5521,495,1,,,
1933.0,0.0,5523,495,1,,,
1933.5,0.0,5524,496,1,,,
1934.0,0.0,5526,496,1,,,
1934.5,0.0,5527,499,1,,,
1935.0,0.0,5529,499,1,,,
1935.5,0.0,5530,499,1,,,
1936.0,0.0,5532,499,1,,,
1936.5,0.0,5533,501,1,,,
1937.0,0.0,5535,501,1,,,
1937.5,0.0,5536,499,1,,,
1938.0,0.0,5538,499,1,,,
1938.5,0.0,5539,499,1,,,
1939.0,0.0,5541,499,1,,,
1939.5,0.0,5542,497,1,,,
1940.0,0.0,5544,497,1,,,
1940.5,0.0,5545,499,1,,,
1941.0,0.0,5547,499,1,,,
1941.5,0.0,5548,499,1,,,
1942.0,0.0,5550,499,1,,,
1942.5,0.0,5551,501,1,,,
1943.0,0.0,5553,501,1,,,
1943.5,0.0,5554,503,1,,,
1944.0,0.0,5556,503,1,,,
1944.5,0.0,5557,504,1,,,
1945.0,0.0,5559,504,1,,,
1945.5,0.0,5560,504,1,,,
1946.0,0.0,5562,504,1,,,
1946.5,0.0,5563,504,1,,,
1947.0,0.0,5565,504,1,,,
1947.5,0.0,5566,503,1,,,
1948.0,0.0,5568,503,1,,,
1948.5,0.0,5569,502,1,,,
1949.0,0.0,5571,502,1,,,
1949.5,0.0,5573,502,1,,,
1950.0,0.0,5574,502,1,,,
1950.5,0.0,5576,502,1,,,
1951.0,0.0,5577,502,1,,,
1951.5,0.0,5579,503,1,,,
1952.0,0.0,5580,503,1,,,
1952.5,0.0,5582,505,1,,,
1953.0,0.0,5583,505,1,,,
1953.5,0.0,5585,507,1,,,
1954.0,0.0,5586,507,1,,,
1954.5,0.0,5588,508,1,,,
1955.0,0.0,5589,508,1,,,
1955.5,0.0,5591,507,1,,,
1956.0,0.0,5592,507,1,,,
1956.5,0.0,5594,507,1,,,
1957.0,0.0,5595,507,1,,,
1957.5,0.0,5597,505,1,,,
1958.0,0.0,5598,505,1,,,
1958.5,0.0,5600,504,1,,,
1959.0,0.0,5601,504,1,,,
1959.5,0.0,5603,504,1,,,
1960.0,0.0,5605,504,1,,,
1960.5,0.0,5606,505,1,,,
1961.0,0.0,5608,505,1,,,
1961.5,0.0,5609,507,1,,,
1962.0,0.0,5611,507,1,,,
1962.5,0.0,5612,508,1,,,
1963.0,0.0,5614,508,1,,,
1963.5,0.0,5615,510,1,,,
1964.0,0.0,5617,510,1,,,
1964.5,0.0,5618,510,1,,,
1965.0,0.0,5620,510,1,,,
1965.5,0.0,5621,510,1,,,
1966.0,0.0,5623,510,1,,,
1966.5,0.0,5625,508,1,,,
1967.0,0.0,5626,508,1,,,
1967.5,0.0,5628,507,1,,,
1968.0,0.0,5629,507,1,,,
1968.5,0.0,5631,507,1,,,
1969.0,0.0,5632,507,1,,,
1969.5,0.0,5634,507,1,,,
1970.0,0.0,5635,507,1,,,
1970.5,0.0,5637,507,1,,,
1971.0,0.0,5638,507,1,,,
1971.5,0.0,5640,510,1,,,
1972.0,0.0,5641,510,1,,,
1972.5,0.0,5643,511,1,,,
1973.0,0.0,5644,511,1,,,
1973.5,0.0,5646,511,1,,,
1974.0,0.0,5648,511,1,,,
1974.5,0.0,5649,511,1,,,
1975.0,0.0,5651,511,1,,,
1975.5,0.0,5652,510,1,,,
1976.0,0.0,5654,510,1,,,
1976.5,0.0,5655,508,1,,,
1977.0,0.0,5657,508,1,,,
1977.5,0.0,5658,508,1,,,
1978.0,0.0,5660,508,1,,,
1978.5,0.0,5661,507,1,,,
1979.0,0.0,5663,507,1,,,
1979.5,0.0,5664,508,1,,,
1980.0,0.0,5666,508,1,,,
1980.5,0.0,5667,509,1,,,
1981.0,0.0,5669,509,1,,,
1981.5,0.0,5671,510,1,,,
1982.0,0.0,5672,510,1,,,
1982.5,0.0,5674,510,1,,,
1983.0,0.0,5675,510,1,,,
1983.5,0.0,5677,511,1,,,
1984.0,0.0,5678,511,1,,,
1984.5,0.0,5680,509,1,,,
1985.0,0.0,5681,509,1,,,
1985.5,0.0,5683,509,1,,,
1986.0,0.0,5684,509,1,,,
1986.5,0.0,5686,508,1,,,
1987.0,0.0,5687,508,1,,,
1987.5,0.0,5689,508,1,,,
1988.0,0.0,5690,508,1,,,
1988.5,0.0,5692,507,1,,,
1989.0,0.0,5694,507,1,,,
1989.5,0.0,5695,508,1,,,
1990.0,0.0,5697,508,1,,,
1990.5,0.0,5698,508,1,,,
1991.0,0.0,5700,508,1,,,
1991.5,0.0,5701,509,1,,,
1992.0,0.0,5703,509,1,,,
1992.5,0.0,5704,509,1,,,
1993.0,0.0,5706,509,1,,,
1993.5,0.0,5707,508,1,,,
1994.0,0.0,5709,508,1,,,
1994.5,0.0,5710,507,1,,,
1995.0,0.0,5712,507,1,,,
1995.5,0.0,5713,505,1,,,
1996.0,0.0,5715,505,1,,,
1996.5,0.0,5716,504,1,,,
1997.0,0.0,5718,504,1,,,
1997.5,0.0,5719,504,1,,,
1998.0,0.0,5721,504,1,,,
1998.5,0.0,5722,504,1,,,
1999.0,0.0,5724,504,1,,,
1999.5,0.0,5726,505,1,,,
2000.0,0.0,5727,505,1,,,
2000.5,0.0,5729,507,1,,,
2001.0,0.0,5730,507,1,,,
2001.5,0.0,5732,505,1,,,
2002.0,0.0,5733,505,1,,,
2002.5,0.0,5735,504,1,,,
2003.0,0.0,5736,504,1,,,
2003.5,0.0,5738,504,1,,,
2004.0,0.0,5739,504,1,,,
2004.5,0.0,5741,501,1,,,
2005.0,0.0,5742,501,1,,,
2005.5,0.0,5744,501,1,,,
2006.0,0.0,5745,501,1,,,
2006.5,0.0,5747,499,1,,,
2007.0,0.0,5748,499,1,,,
2007.5,0.0,5750,499,1,,,
2008.0,0.0,5751,499,1,,,
2008.5,0.0,5753,499,1,,,
2009.0,0.0,5754,499,1,,,
2009.5,0.0,5756,502,1,,,
2010.0,0.0,5757,502,1,,,
2010.5,0.0,5759,499,1,,,
2011.0,0.0,5760,499,1,,,
2011.5,0.0,5762,499,1,,,
2012.0,0.0,5763,499,1,,,
2012.5,0.0,5765,498,1,,,
2013.0,0.0,5766,498,1,,,
2013.5,0.0,5768,496,1,,,
2014.0,0.0,5769,496,1,,,
2014.5,0.0,5771,495,1,,,
2015.0,0.0,5772,495,1,,,
2015.5,0.0,5774,493,1,,,
2016.0,0.0,5775,493,1,,,
2016.5,0.0,5777,493,1,,,
2017.0,0.0,5778,493,1,,,
2017.5,0.0,5780,493,1,,,
2018.0,0.0,5781,493,1,,,
2018.5,0.0,5783,495,1,,,
2019.0,0.0,5784,495,1,,,
2019.5,0.0,5786,496,1,,,
2020.0,0.0,5787,496,1,,,
2020.5,0.0,5789,496,1,,,
2021.0,0.0,5790,496,1,,,
2021.5,0.0,5792,496,1,,,
2022.0,0.0,5793,496,1,,,
2022.5,0.0,5794,493,1,,,
2023.0,0.0,5796,493,1,,,
2023.5,0.0,5797,492,1,,,
2024.0,0.0,5799,492,1,,,
2024.5,0.0,5800,491,1,,,
2025.0,0.0,5802,491,1,,,
2025.5,0.0,5803,491,1,,,
2026.0,0.0,5805,491,1,,,
2026.5,0.0,5806,491,1,,,
2027.0,0.0,5808,491,1,,,
2027.5,0.0,5809,493,1,,,
2028.0,0.0,5811,493,1,,,
2028.5,0.0,5812,495,1,,,
2029.0,0.0,5814,495,1,,,
2029.5,0.0,5815,493,1,,,
2030.0,0.0,5817,493,1,,,
2030.5,0.0,5818,495,1,,,
2031.0,0.0,5820,495,1,,,
2031.5,0.0,5821,493,1,,,
2032.0,0.0,5823,493,1,,,
2032.5,0.0,5824,492,1,,,
2033.0,0.0,5826,492,1,,,
2033.5,0.0,5827,491,1,,,
2034.0,0.0,5829,491,1,,,
2034.5,0.0,5830,492,1,,,
2035.0,0.0,5832,492,1,,,
2035.5,0.0,5833,491,1,,,
2036.0,0.0,5835,491,1,,,
2036.5,0.0,5836,492,1,,,
2037.0,0.0,5838,492,1,,,
2037.5,0.0,5839,493,1,,,
2038.0,0.0,5841,493,1,,,
2038.5,0.0,5842,496,1,,,
2039.0,0.0,5844,496,1,,,
2039.5,0.0,5845,495,1,,,
2040.0,0.0,5847,495,1,,,
2040.5,0.0,5848,496,1,,,
2041.0,0.0,5850,496,1,,,
2041.5,0.0,5851,495,1,,,
2042.0,0.0,5852,495,1,,,
2042.5,0.0,5854,493,1,,,
2043.0,0.0,5855,493,1,,,
2043.5,0.0,5857,492,1,,,
2044.0,0.0,5858,492,1,,,
2044.5,0.0,5860,493,1,,,
2045.0,0.0,5861,493,1,,,
2045.5,0.0,5863,493,1,,,
2046.0,0.0,5864,493,1,,,
2046.5,0.0,5866,495,1,,,
2047.0,0.0,5867,495,1,,,
2047.5,0.0,5869,497,1,,,
2048.0,0.0,5870,497,1,,,
2048.5,0.0,5872,498,1,,,
2049.0,0.0,5873,498,1,,,
2049.5,0.0,5875,498,1,,,
2050.0,0.0,5876,498,1,,,
2050.5,0.0,5878,498,1,,,
2051.0,0.0,5879,498,1,,,
2051.5,0.0,5881,498,1,,,
2052.0,0.0,5882,498,1,,,
2052.5,0.0,5884,496,1,,,
2053.0,0.0,5885,496,1,,,
2053.5,0.0,5887,497,1,,,
2054.0,0.0,5888,497,1,,,
2054.5,0.0,5890,497,1,,,
2055.0,0.0,5892,497,1,,,
2055.5,0.0,5893,498,1,,,
2056.0,0.0,5895,498,1,,,
2056.5,0.0,5896,501,1,,,
2057.0,0.0,5898,501,1,,,
2057.5,0.0,5899,504,1,,,
2058.0,0.0,5901,504,1,,,
2058.5,0.0,5902,503,1,,,
2059.0,0.0,5904,503,1,,,
2059.5,0.0,5905,504,1,,,
2060.0,0.0,5907,504,1,,,
2060.5,0.0,5908,504,1,,,
2061.0,0.0,5910,504,1,,,
2061.5,0.0,5911,502,1,,,
2062.0,0.0,5913,502,1,,,
2062.5,0.0,5914,501,1,,,
2063.0,0.0,5916,501,1,,,
2063.5,0.0,5917,502,1,,,
2064.0,0.0,5919,502,1,,,
2064.5,0.0,5920,503,1,,,
2065.0,0.0,5922,503,1,,,
2065.5,0.0,5923,504,1,,,
2066.0,0.0,5925,504,1,,,
2066.5,0.0,5926,507,1,,,
2067.0,0.0,5928,507,1,,,
2067.5,0.0,5930,508,1,,,
2068.0,0.0,5931,508,1,,,
2068.5,0.0,5933,508,1,,,
2069.0,0.0,5934,508,1,,,
2069.5,0.0,5936,507,1,,,
2070.0,0.0,5937,507,1,,,
2070.5,0.0,5939,507,1,,,
2071.0,0.0,5940,507,1,,,
2071.5,0.0,5942,505,1,,,
2072.0,0.0,5943,505,1,,,
2072.5,0.0,5945,507,1,,,
2073.0,0.0,5946,507,1,,,
2073.5,0.0,5948,507,1,,,
2074.0,0.0,5949,507,1,,,
2074.5,0.0,5951,509,1,,,
2075.0,0.0,5953,509,1,,,
2075.5,0.0,5954,510,1,,,
2076.0,0.0,5956,510,1,,,
2076.5,0.0,5957,512,1,,,
2077.0,0.0,5959,512,1,,,
2077.5,0.0,5960,512,1,,,
2078.0,0.0,5962,512,1,,,
2078.5,0.0,5963,512,1,,,
2079.0,0.0,5965,512,1,,,
2079.5,0.0,5966,511,1,,,
2080.0,0.0,5968,511,1,,,
2080.5,0.0,5969,510,1,,,
2081.0,0.0,5971,510,1,,,
2081.5,0.0,5973,510,1,,,
2082.0,0.0,5974,510,1,,,
2082.5,0.0,5976,510,1,,,
2083.0,0.0,5977,510,1,,,
2083.5,0.0,5979,511,1,,,
2084.0,0.0,5980,511,1,,,
2084.5,0.0,5982,512,1,,,
2085.0,0.0,5983,512,1,,,
2085.5,0.0,5985,515,1,,,
2086.0,0.0,5987,515,1,,,
2086.5,0.0,5988,515,1,,,
2087.0,0.0,5990,515,1,,,
2087.5,0.0,5991,514,1,,,
2088.0,0.0,5993,514,1,,,
2088.5,0.0,5994,512,1,,,
2089.0,0.0,5996,512,1,,,
2089.5,0.0,5997,511,1,,,
2090.0,0.0,5999,511,1,,,
2090.5,0.0,6000,511,1,,,
2091.0,0.0,6002,511,1,,,
2091.5,0.0,6004,511,1,,,
2092.0,0.0,6005,511,1,,,
2092.5,0.0,6007,512,1,,,
2093.0,0.0,6008,512,1,,,
2093.5,0.0,6010,515,1,,,
2094.0,0.0,6011,515,1,,,
2094.5,0.0,6013,516,1,,,
2095.0,0.0,6014,516,1,,,
2095.5,0.0,6016,516,1,,,
2096.0,0.0,6018,516,1,,,
2096.5,0.0,6019,516,1,,,
2097.0,0.0,6021,516,1,,,
2097.5,0.0,6022,515,1,,,
2098.0,0.0,6024,515,1,,,
2098.5,0.0,6025,512,1,,,
2099.0,0.0,6027,512,1,,,
2099.5,0.0,6028,514,1,,,
2100.0,0.0,6030,514,1,,,
2100.5,0.0,6031,512,1,,,
2101.0,0.0,6033,512,1,,,
2101.5,0.0,6035,512,1,,,
2102.0,0.0,6036,512,1,,,
2102.5,0.0,6038,514,1,,,
2103.0,0.0,6039,514,1,,,
2103.5,0.0,6041,516,1,,,
2104.0,0.0,6042,516,1,,,
2104.5,0.0,6044,516,1,,,
2105.0,0.0,6045,516,1,,,
2105.5,0.0,6047,516,1,,,
2106.0,0.0,6048,516,1,,,
2106.5,0.0,6050,515,1,,,
2107.0,0.0,6052,515,1,,,
2107.5,0.0,6053,514,1,,,
2108.0,0.0,6055,514,1,,,
2108.5,0.0,6056,514,1,,,
2109.0,0.0,6058,514,1,,,
2109.5,0.0,6059,512,1,,,
2110.0,0.0,6061,512,1,,,
2110.5,0.0,6062,512,1,,,
2111.0,0.0,6064,512,1,,,
2111.5,0.0,6066,515,1,,,
2112.0,0.0,6067,515,1,,,
2112.5,0.0,6069,516,1,,,
2113.0,0.0,6070,516,1,,,
2113.5,0.0,6072,515,1,,,
2114.0,0.0,6073,515,1,,,
2114.5,0.0,6075,516,1,,,
2115.0,0.0,6076,516,1,,,
2115.5,0.0,6078,515,1,,,
2116.0,0.0,6079,515,1,,,
2116.5,0.0,6081,512,1,,,
2117.0,0.0,6083,512,1,,,
2117.5,0.0,6084,512,1,,,
2118.0,0.0,6086,512,1,,,
2118.5,0.0,6087,512,1,,,
2119.0,0.0,6089,512,1,,,
2119.5,0.0,6090,510,1,,,
2120.0,0.0,6092,510,1,,,
2120.5,0.0,6093,512,1,,,
2121.0,0.0,6095,512,1,,,
2121.5,0.0,6096,514,1,,,
2122.0,0.0,6098,514,1,,,
2122.5,0.0,6100,514,1,,,
2123.0,0.0,6101,514,1,,,
2123.5,0.0,6103,512,1,,,
2124.0,0.0,6104,512,1,,,
2124.5,0.0,6106,512,1,,,
2125.0,0.0,6107,512,1,,,
2125.5,0.0,6109,509,1,,,
2126.0,0.0,6110,509,1,,,
2126.5,0.0,6112,507,1,,,
2127.0,0.0,6113,507,1,,,
2127.5,0.0,6115,507,1,,,
2128.0,0.0,6116,507,1,,,
2128.5,0.0,6118,507,1,,,
2129.0,0.0,6119,507,1,,,
2129.5,0.0,6121,507,1,,,
2130.0,0.0,6123,507,1,,,
2130.5,0.0,6124,508,1,,,
2131.0,0.0,6126,508,1,,,
2131.5,0.0,6127,509,1,,,
2132.0,0.0,6129,509,1,,,
2132.5,0.0,6130,507,1,,,
2133.0,0.0,6132,507,1,,,
2133.5,0.0,6133,505,1,,,
2134.0,0.0,6135,505,1,,,
2134.5,0.0,6136,503,1,,,
2135.0,0.0,6138,503,1,,,
2135.5,0.0,6139,501,1,,,
2136.0,0.0,6141,501,1,,,
2136.5,0.0,6142,501,1,,,
2137.0,0.0,6144,501,1,,,
2137.5,0.0,6145,499,1,,,
2138.0,0.0,6147,499,1,,,
2138.5,0.0,6148,499,1,,,
2139.0,0.0,6150,499,1,,,
2139.5,0.0,6151,501,1,,,
2140.0,0.0,6153,501,1,,,
2140.5,0.0,6154,502,1,,,
2141.0,0.0,6156,502,1,,,
2141.5,0.0,6157,501,1,,,
2142.0,0.0,6159,501,1,,,
2142.5,0.0,6160,501,1,,,
2143.0,0.0,6162,501,1,,,
2143.5,0.0,6163,499,1,,,
2144.0,0.0,6165,499,1,,,
2144.5,0.0,6166,498,1,,,
2145.0,0.0,6168,498,1,,,
2145.5,0.0,6169,496,1,,,
2146.0,0.0,6171,496,1,,,
2146.5,0.0,6172,495,1,,,
2147.0,0.0,6174,495,1,,,
2147.5,0.0,6175,496,1,,,
2148.0,0.0,6177,496,1,,,
2148.5,0.0,6178,496,1,,,
2149.0,0.0,6180,496,1,,,
2149.5,0.0,6181,497,1,,,
2150.0,0.0,6183,497,1,,,
2150.5,0.0,6184,498,1,,,
2151.0,0.0,6186,498,1,,,
2151.5,0.0,6187,498,1,,,
2152.0,0.0,6189,498,1,,,
2152.5,0.0,6190,497,1,,,
2153.0,0.0,6192,497,1,,,
2153.5,0.0,6193,496,1,,,
2154.0,0.0,6195,496,1,,,
2154.5,0.0,6196,495,1,,,
2155.0,0.0,6198,495,1,,,
2155.5,0.0,6199,495,1,,,
2156.0,0.0,6201,495,1,,,
2156.5,0.0,6202,495,1,,,
2157.0,0.0,6204,495,1,,,
2157.5,0.0,6205,495,1,,,
2158.0,0.0,6207,495,1,,,
2158.5,0.0,6208,497,1,,,
2159.0,0.0,6210,497,1,,,
2159.5,0.0,6211,497,1,,,
2160.0,0.0,6213,497,1,,,
2160.5,0.0,6214,498,1,,,
2161.0,0.0,6216,498,1,,,
2161.5,0.0,6217,498,1,,,
2162.0,0.0,6219,498,1,,,
2162.5,0.0,6220,498,1,,,
2163.0,0.0,6222,498,1,,,
2163.5,0.0,6223,496,1,,,
2164.0,0.0,6225,496,1,,,
2164.5,0.0,6226,496,1,,,
2165.0,0.0,6228,496,1,,,
2165.5,0.0,6229,496,1,,,
2166.0,0.0,6231,496,1,,,
2166.5,0.0,6232,496,1,,,
2167.0,0.0,6234,496,1,,,
2167.5,0.0,6235,496,1,,,
2168.0,0.0,6237,496,1,,,
2168.5,0.0,6238,499,1,,,
2169.0,0.0,6240,499,1,,,
2169.5,0.0,6241,501,1,,,
2170.0,0.0,6243,501,1,,,
2170.5,0.0,6244,499,1,,,
2171.0,0.0,6246,499,1,,,
2171.5,0.0,6247,499,1,,,
2172.0,0.0,6249,499,1,,,
2172.5,0.0,6250,501,1,,,
2173.0,0.0,6252,501,1,,,
2173.5,0.0,6253,497,1,,,
2174.0,0.0,6255,497,1,,,
2174.5,0.0,6256,497,1,,,
2175.0,0.0,6258,497,1,,,
2175.5,0.0,6259,498,1,,,
2176.0,0.0,6261,498,1,,,
2176.5,0.0,6262,499,1,,,
2177.0,0.0,6264,499,1,,,
2177.5,0.0,6265,499,1,,,
2178.0,0.0,6267,499,1,,,
2178.5,0.0,6268,502,1,,,
2179.0,0.0,6270,502,1,,,
2179.5,0.0,6271,502,1,,,
2180.0,0.0,6273,502,1,,,
2180.5,0.0,6274,502,1,,,
2181.0,0.0,6276,502,1,,,
2181.5,0.0,6277,502,1,,,
2182.0,0.0,6279,502,1,,,
2182.5,0.0,6280,501,1,,,
2183.0,0.0,6282,501,1,,,
2183.5,0.0,6283,501,1,,,
2184.0,0.0,6285,501,1,,,
2184.5,0.0,6286,501,1,,,
2185.0,0.0,6288,501,1,,,
2185.5,0.0,6289,501,1,,,
2186.0,0.0,6291,501,1,,,
2186.5,0.0,6292,502,1,,,
2187.0,0.0,6294,502,1,,,
2187.5,0.0,6296,504,1,,,
2188.0,0.0,6297,504,1,,,
2188.5,0.0,6299,504,1,,,
2189.0,0.0,6300,504,1,,,
2189.5,0.0,6302,504,1,,,
2190.0,0.0,6303,504,1,,,
2190.5,0.0,6305,504,1,,,
2191.0,0.0,6306,504,1,,,
2191.5,0.0,6308,503,1,,,
2192.0,0.0,6309,503,1,,,
2192.5,0.0,6311,502,1,,,
2193.0,0.0,6312,502,1,,,
2193.5,0.0,6314,502,1,,,
2194.0,0.0,6315,502,1,,,
2194.5,0.0,6317,503,1,,,
2195.0,0.0,6318,503,1,,,
2195.5,0.0,6320,504,1,,,
2196.0,0.0,6321,504,1,,,
2196.5,0.0,6323,505,1,,,
2197.0,0.0,6324,505,1,,,
2197.5,0.0,6326,507,1,,,
2198.0,0.0,6328,507,1,,,
2198.5,0.0,6329,508,1,,,
2199.0,0.0,6331,508,1,,,
2199.5,0.0,6332,507,1,,,
2200.0,0.0,6334,507,1,,,
2200.5,0.0,6335,505,1,,,
2201.0,0.0,6337,505,1,,,
2201.5,0.0,6338,504,1,,,
2202.0,0.0,6340,504,1,,,
2202.5,0.0,6341,504,1,,,
2203.0,0.0,6343,504,1,,,
2203.5,0.0,6344,503,1,,,
2204.0,0.0,6346,503,1,,,
2204.5,0.0,6347,505,1,,,
2205.0,0.0,6349,505,1,,,
2205.5,0.0,6350,507,1,,,
2206.0,0.0,6352,507,1,,,
2206.5,0.0,6353,508,1,,,
2207.0,0.0,6355,508,1,,,
2207.5,0.0,6356,508,1,,,
2208.0,0.0,6358,508,1,,,
2208.5,0.0,6360,509,1,,,
2209.0,0.0,6361,509,1,,,
2209.5,0.0,6363,507,1,,,
2210.0,0.0,6364,507,1,,,
2210.5,0.0,6366,507,1,,,
2211.0,0.0,6367,507,1,,,
2211.5,0.0,6369,505,1,,,
2212.0,0.0,6370,505,1,,,
2212.5,0.0,6372,505,1,,,
2213.0,0.0,6373,505,1,,,
2213.5,0.0,6375,505,1,,,
2214.0,0.0,6376,505,1,,,
2214.5,0.0,6378,507,1,,,
2215.0,0.0,6379,507,1,,,
2215.5,0.0,6381,507,1,,,
2216.0,0.0,6382,507,1,,,
2216.5,0.0,6384,509,1,,,
2217.0,0.0,6385,509,1,,,
2217.5,0.0,6387,509,1,,,
2218.0,0.0,6389,509,1,,,
2218.5,0.0,6390,509,1,,,
2219.0,0.0,6392,509,1,,,
2219.5,0.0,6393,508,1,,,
2220.0,0.0,6395,508,1,,,
2220.5,0.0,6396,507,1,,,
2221.0,0.0,6398,507,1,,,
2221.5,0.0,6399,505,1,,,
2222.0,0.0,6401,505,1,,,
2222.5,0.0,6402,505,1,,,
2223.0,0.0,6404,505,1,,,
2223.5,0.0,6405,505,1,,,
2224.0,0.0,6407,505,1,,,
2224.5,0.0,6408,507,1,,,
2225.0,0.0,6410,507,1,,,
2225.5,0.0,6412,509,1,,,
2226.0,0.0,6413,509,1,,,
2226.5,0.0,6415,508,1,,,
2227.0,0.0,6416,508,1,,,
2227.5,0.0,6418,508,1,,,
2228.0,0.0,6419,508,1,,,
2228.5,0.0,6421,507,1,,,
2229.0,0.0,6422,507,1,,,
2229.5,0.0,6424,505,1,,,
2230.0,0.0,6425,505,1,,,
2230.5,0.0,6427,503,1,,,
2231.0,0.0,6428,503,1,,,
2231.5,0.0,6430,504,1,,,
2232.0,0.0,6431,504,1,,,
2232.5,0.0,6433,503,1,,,
2233.0,0.0,6434,503,1,,,
2233.5,0.0,6436,504,1,,,
2234.0,0.0,6437,504,1,,,
2234.5,0.0,6439,504,1,,,
2235.0,0.0,6440,504,1,,,
2235.5,0.0,6442,505,1,,,
2236.0,0.0,6443,505,1,,,
2236.5,0.0,6445,503,1,,,
2237.0,0.0,6446,503,1,,,
2237.5,0.0,6448,503,1,,,
2238.0,0.0,6449,503,1,,,
2238.5,0.0,6451,501,1,,,
2239.0,0.0,6452,501,1,,,
2239.5,0.0,6454,499,1,,,
2240.0,0.0,6455,499,1,,,
2240.5,0.0,6457,498,1,,,
2241.0,0.0,6458,498,1,,,
2241.5,0.0,6460,498,1,,,
2242.0,0.0,6461,498,1,,,
2242.5,0.0,6463,497,1,,,
2243.0,0.0,6464,497,1,,,
2243.5,0.0,6466,498,1,,,
2244.0,0.0,6467,498,1,,,
2244.5,0.0,6469,499,1,,,
2245.0,0.0,6470,499,1,,,
2245.5,0.0,6472,498,1,,,
2246.0,0.0,6473,498,1,,,
2246.5,0.0,6475,498,1,,,
2247.0,0.0,6476,498,1,,,
2247.5,0.0,6478,497,1,,,
2248.0,0.0,6479,497,1,,,
2248.5,0.0,6481,495,1,,,
2249.0,0.0,6482,495,1,,,
2249.5,0.0,6484,493,1,,,
2250.0,0.0,6485,493,1,,,
2250.5,0.0,6487,493,1,,,
2251.0,0.0,6488,493,1,,,
2251.5,0.0,6490,493,1,,,
2252.0,0.0,6491,493,1,,,
2252.5,0.0,6493,496,1,,,
2253.0,0.0,6494,496,1,,,
2253.5,0.0,6496,497,1,,,
2254.0,0.0,6497,497,1,,,
2254.5,0.0,6499,498,1,,,
2255.0,0.0,6500,498,1,,,
2255.5,0.0,6502,498,1,,,
2256.0,0.0,6503,498,1,,,
2256.5,0.0,6505,497,1,,,
2257.0,0.0,6506,497,1,,,
2257.5,0.0,6508,495,1,,,
2258.0,0.0,6509,495,1,,,
2258.5,0.0,6511,495,1,,,
2259.0,0.0,6512,495,1,,,
2259.5,0.0,6514,493,1,,,
2260.0,0.0,6515,493,1,,,
2260.5,0.0,6517,493,1,,,
2261.0,0.0,6518,493,1,,,
2261.5,0.0,6520,495,1,,,
2262.0,0.0,6521,495,1,,,
2262.5,0.0,6523,497,1,,,
2263.0,0.0,6524,497,1,,,
2263.5,0.0,6526,497,1,,,
2264.0,0.0,6527,497,1,,,
2264.5,0.0,6529,497,1,,,
2265.0,0.0,6530,497,1,,,
2265.5,0.0,6532,497,1,,,
2266.0,0.0,6533,497,1,,,
2266.5,0.0,6535,497,1,,,
2267.0,0.0,6536,497,1,,,
2267.5,0.0,6538,495,1,,,
2268.0,0.0,6539,495,1,,,
2268.5,0.0,6541,495,1,,,
2269.0,0.0,6542,495,1,,,
2269.5,0.0,6544,493,1,,,
2270.0,0.0,6545,493,1,,,
2270.5,0.0,6547,493,1,,,
2271.0,0.0,6548,493,1,,,
2271.5,0.0,6550,495,1,,,
2272.0,0.0,6551,495,1,,,
2272.5,0.0,6553,496,1,,,
2273.0,0.0,6554,496,1,,,
2273.5,0.0,6556,496,1,,,
2274.0,0.0,6557,496,1,,,
2274.5,0.0,6559,497,1,,,
2275.0,0.0,6560,497,1,,,
2275.5,0.0,6562,496,1,,,
2276.0,0.0,6563,496,1,,,
2276.5,0.0,6564,493,1,,,
2277.0,0.0,6566,493,1,,,
2277.5,0.0,6567,492,1,,,
2278.0,0.0,6569,492,1,,,
2278.5,0.0,6570,492,1,,,
2279.0,0.0,6572,492,1,,,
2279.5,0.0,6573,491,1,,,
2280.0,0.0,6575,491,1,,,
2280.5,0.0,6576,492,1,,,
2281.0,0.0,6578,492,1,,,
2281.5,0.0,6579,495,1,,,
2282.0,0.0,6581,495,1,,,
2282.5,0.0,6582,497,1,,,
2283.0,0.0,6584,497,1,,,
2283.5,0.0,6585,497,1,,,
2284.0,0.0,6587,497,1,,,
2284.5,0.0,6588,498,1,,,
2285.0,0.0,6590,498,1,,,
2285.5,0.0,6591,497,1,,,
2286.0,0.0,6593,497,1,,,
2286.5,0.0,6594,496,1,,,
2287.0,0.0,6596,496,1,,,
2287.5,0.0,6597,495,1,,,
2288.0,0.0,6599,495,1,,,
2288.5,0.0,6600,496,1,,,
2289.0,0.0,6602,496,1,,,
2289.5,0.0,6603,497,1,,,
2290.0,0.0,6605,497,1,,,
2290.5,0.0,6606,499,1,,,
2291.0,0.0,6608,499,1,,,
2291.5,0.0,6610,502,1,,,
2292.0,0.0,6611,502,1,,,
2292.5,0.0,6613,504,1,,,
2293.0,0.0,6614,504,1,,,
2293.5,0.0,6616,504,1,,,
2294.0,0.0,6617,504,1,,,
2294.5,0.0,6619,504,1,,,
2295.0,0.0,6620,504,1,,,
2295.5,0.0,6622,504,1,,,
2296.0,0.0,6623,504,1,,,
2296.5,0.0,6625,503,1,,,
2297.0,0.0,6626,503,1,,,
2297.5,0.0,6628,503,1,,,
2298.0,0.0,6629,503,1,,,
2298.5,0.0,6631,503,1,,,
2299.0,0.0,6632,503,1,,,
2299.5,0.0,6634,505,1,,,
2300.0,0.0,6635,505,1,,,
2300.5,0.0,6637,507,1,,,
2301.0,0.0,6639,507,1,,,
2301.5,0.0,6640,509,1,,,
2302.0,0.0,6642,509,1,,,
2302.5,0.0,6643,509,1,,,
2303.0,0.0,6645,509,1,,,
2303.5,0.0,6646,510,1,,,
2304.0,0.0,6648,510,1,,,
2304.5,0.0,6649,508,1,,,
2305.0,0.0,6651,508,1,,,
2305.5,0.0,6652,507,1,,,
2306.0,0.0,6654,507,1,,,
2306.5,0.0,6655,505,1,,,
2307.0,0.0,6657,505,1,,,
2307.5,0.0,6658,507,1,,,
2308.0,0.0,6660,507,1,,,
2308.5,0.0,6661,507,1,,,
2309.0,0.0,6663,507,1,,,
2309.5,0.0,6665,509,1,,,
2310.0,0.0,6666,509,1,,,
2310.5,0.0,6668,511,1,,,
2311.0,0.0,6669,511,1,,,
2311.5,0.0,6671,511,1,,,
2312.0,0.0,6672,511,1,,,
2312.5,0.0,6674,511,1,,,
2313.0,0.0,6675,511,1,,,
2313.5,0.0,6677,510,1,,,
2314.0,0.0,6678,510,1,,,
2314.5,0.0,6680,509,1,,,
2315.0,0.0,6681,509,1,,,
2315.5,0.0,6683,509,1,,,
2316.0,0.0,6684,509,1,,,
2316.5,0.0,6686,509,1,,,
2317.0,0.0,6688,509,1,,,
2317.5,0.0,6689,509,1,,,
2318.0,0.0,6691,509,1,,,
2318.5,0.0,6692,511,1,,,
2319.0,0.0,6694,511,1,,,
2319.5,0.0,6695,512,1,,,
2320.0,0.0,6697,512,1,,,
2320.5,0.0,6698,512,1,,,
2321.0,0.0,6700,512,1,,,
2321.5,0.0,6701,512,1,,,
2322.0,0.0,6703,512,1,,,
2322.5,0.0,6705,512,1,,,
2323.0,0.0,6706,512,1,,,
2323.5,0.0,6708,510,1,,,
2324.0,0.0,6709,510,1,,,
2324.5,0.0,6711,510,1,,,
2325.0,0.0,6712,510,1,,,
2325.5,0.0,6714,510,1,,,
2326.0,0.0,6715,510,1,,,
2326.5,0.0,6717,510,1,,,
2327.0,0.0,6718,510,1,,,
2327.5,0.0,6720,510,1,,,
2328.0,0.0,6722,510,1,,,
2328.5,0.0,6723,514,1,,,
2329.0,0.0,6725,514,1,,,
2329.5,0.0,6726,515,1,,,
2330.0,0.0,6728,515,1,,,
2330.5,0.0,6729,514,1,,,
2331.0,0.0,6731,514,1,,,
2331.5,0.0,6732,515,1,,,
2332.0,0.0,6734,515,1,,,
2332.5,0.0,6735,514,1,,,
2333.0,0.0,6737,514,1,,,
2333.5,0.0,6739,511,1,,,
2334.0,0.0,6740,511,1,,,
2334.5,0.0,6742,511,1,,,
2335.0,0.0,6743,511,1,,,
2335.5,0.0,6745,512,1,,,
2336.0,0.0,6746,512,1,,,
2336.5,0.0,6748,512,1,,,
2337.0,0.0,6749,512,1,,,
2337.5,0.0,6751,515,1,,,
2338.0,0.0,6753,515,1,,,
2338.5,0.0,6754,516,1,,,
2339.0,0.0,6756,516,1,,,
2339.5,0.0,6757,515,1,,,
2340.0,0.0,6759,515,1,,,
2340.5,0.0,6760,515,1,,,
2341.0,0.0,6762,515,1,,,
2341.5,0.0,6763,514,1,,,
2342.0,0.0,6765,514,1,,,
2342.5,0.0,6766,511,1,,,
2343.0,0.0,6768,511,1,,,
2343.5,0.0,6770,511,1,,,
2344.0,0.0,6771,511,1,,,
2344.5,0.0,6773,511,1,,,
2345.0,0.0,6774,511,1,,,
2345.5,0.0,6776,511,1,,,
2346.0,0.0,6777,511,1,,,
2346.5,0.0,6779,512,1,,,
2347.0,0.0,6780,512,1,,,
2347.5,0.0,6782,515,1,,,
2348.0,0.0,6783,515,1,,,
2348.5,0.0,6785,515,1,,,
2349.0,0.0,6787,515,1,,,
2349.5,0.0,6788,514,1,,,
2350.0,0.0,6790,514,1,,,
2350.5,0.0,6791,512,1,,,
2351.0,0.0,6793,512,1,,,
2351.5,0.0,6794,511,1,,,
2352.0,0.0,6796,511,1,,,
2352.5,0.0,6797,510,1,,,
2353.0,0.0,6799,510,1,,,
2353.5,0.0,6800,509,1,,,
2354.0,0.0,6802,509,1,,,
2354.5,0.0,6803,510,1,,,
2355.0,0.0,6805,510,1,,,
2355.5,0.0,6807,511,1,,,
2356.0,0.0,6808,511,1,,,
2356.5,0.0,6810,512,1,,,
2357.0,0.0,6811,512,1,,,
2357.5,0.0,6813,511,1,,,
2358.0,0.0,6814,511,1,,,
2358.5,0.0,6816,511,1,,,
2359.0,0.0,6817,511,1,,,
2359.5,0.0,6819,510,1,,,
2360.0,0.0,6820,510,1,,,
2360.5,0.0,6822,508,1,,,
2361.0,0.0,6823,508,1,,,
2361.5,0.0,6825,507,1,,,
2362.0,0.0,6826,507,1,,,
2362.5,0.0,6828,505,1,,,
2363.0,0.0,6829,505,1,,,
2363.5,0.0,6831,505,1,,,
2364.0,0.0,6832,505,1,,,
2364.5,0.0,6834,505,1,,,
2365.0,0.0,6836,505,1,,,
2365.5,0.0,6837,505,1,,,
2366.0,0.0,6839,505,1,,,
2366.5,0.0,6840,505,1,,,
2367.0,0.0,6842,505,1,,,
2367.5,0.0,6843,505,1,,,
2368.0,0.0,6845,505,1,,,
2368.5,0.0,6846,503,1,,,
2369.0,0.0,6848,503,1,,,
2369.5,0.0,6849,501,1,,,
2370.0,0.0,6851,501,1,,,
2370.5,0.0,6852,499,1,,,
2371.0,0.0,6854,499,1,,,
2371.5,0.0,6855,498,1,,,
2372.0,0.0,6857,498,1,,,
2372.5,0.0,6858,497,1,,,
2373.0,0.0,6860,497,1,,,
2373.5,0.0,6861,498,1,,,
2374.0,0.0,6863,498,1,,,
2374.5,0.0,6864,499,1,,,
2375.0,0.0,6866,499,1,,,
2375.5,0.0,6867,499,1,,,
2376.0,0.0,6869,499,1,,,
2376.5,0.0,6870,499,1,,,
2377.0,0.0,6872,499,1,,,
2377.5,0.0,6873,498,1,,,
2378.0,0.0,6875,498,1,,,
2378.5,0.0,6876,497,1,,,
2379.0,0.0,6878,497,1,,,
2379.5,0.0,6879,495,1,,,
2380.0,0.0,6881,495,1,,,
2380.5,0.0,6882,495,1,,,
2381.0,0.0,6884,495,1,,,
2381.5,0.0,6885,493,1,,,
2382.0,0.0,6887,493,1,,,
2382.5,0.0,6888,493,1,,,
2383.0,0.0,6890,493,1,,,
2383.5,0.0,6891,495,1,,,
2384.0,0.0,6893,495,1,,,
2384.5,0.0,6894,496,1,,,
2385.0,0.0,6896,496,1,,,
2385.5,0.0,6897,496,1,,,
2386.0,0.0,6898,496,1,,,
2386.5,0.0,6900,495,1,,,
2387.0,0.0,6901,495,1,,,
2387.5,0.0,6903,495,1,,,
2388.0,0.0,6904,495,1,,,
2388.5,0.0,6906,492,1,,,
2389.0,0.0,6907,492,1,,,
2389.5,0.0,6909,491,1,,,
2390.0,0.0,6910,491,1,,,
2390.5,0.0,6912,491,1,,,
2391.0,0.0,6913,491,1,,,
2391.5,0.0,6915,492,1,,,
2392.0,0.0,6916,492,1,,,
2392.5,0.0,6918,492,1,,,
2393.0,0.0,6919,492,1,,,
2393.5,0.0,6921,495,1,,,
2394.0,0.0,6922,495,1,,,
2394.5,0.0,6924,496,1,,,
2395.0,0.0,6925,496,1,,,
2395.5,0.0,6927,496,1,,,
2396.0,0.0,6928,496,1,,,
2396.5,0.0,6930,496,1,,,
2397.0,0.0,6931,496,1,,,
2397.5,0.0,6933,497,1,,,
2398.0,0.0,6934,497,1,,,
2398.5,0.0,6936,495,1,,,
2399.0,0.0,6937,495,1,,,
2399.5,0.0,6939,495,1,,,
2400.0,0.0,6940,495,1,,,
2400.5,0.0,6942,496,1,,,
2401.0,0.0,6943,496,1,,,
2401.5,0.0,6945,496,1,,,
2402.0,0.0,6946,496,1,,,
2402.5,0.0,6948,496,1,,,
2403.0,0.0,6949,496,1,,,
2403.5,0.0,6951,498,1,,,
2404.0,0.0,6952,498,1,,,
2404.5,0.0,6954,499,1,,,
2405.0,0.0,6955,499,1,,,
2405.5,0.0,6957,499,1,,,
2406.0,0.0,6958,499,1,,,
2406.5,0.0,6960,499,1,,,
2407.0,0.0,6961,499,1,,,
2407.5,0.0,6963,499,1,,,
2408.0,0.0,6964,499,1,,,
2408.5,0.0,6966,498,1,,,
2409.0,0.0,6967,498,1,,,
2409.5,0.0,6969,498,1,,,
2410.0,0.0,6970,498,1,,,
2410.5,0.0,6972,497,1,,,
2411.0,0.0,6973,497,1,,,
2411.5,0.0,6975,498,1,,,
2412.0,0.0,6976,498,1,,,
2412.5,0.0,6978,501,1,,,
2413.0,0.0,6979,501,1,,,
2413.5,0.0,6981,502,1,,,
2414.0,0.0,6982,502,1,,,
2414.5,0.0,6984,502,1,,,
2415.0,0.0,6985,502,1,,,
2415.5,0.0,6987,503,1,,,
2416.0,0.0,6989,503,1,,,
2416.5,0.0,6990,503,1,,,
2417.0,0.0,6992,503,1,,,
2417.5,0.0,6993,501,1,,,
2418.0,0.0,6995,501,1,,,
2418.5,0.0,6996,501,1,,,
2419.0,0.0,6998,501,1,,,
2419.5,0.0,6999,501,1,,,
2420.0,0.0,7001,501,1,,,
2420.5,0.0,7002,501,1,,,
2421.0,0.0,7004,501,1,,,
2421.5,0.0,7005,502,1,,,
2422.0,0.0,7007,502,1,,,
2422.5,0.0,7008,504,1,,,
2423.0,0.0,7010,504,1,,,
2423.5,0.0,7011,505,1,,,
2424.0,0.0,7013,505,1,,,
2424.5,0.0,7014,505,1,,,
2425.0,0.0,7016,505,1,,,
2425.5,0.0,7017,505,1,,,
2426.0,0.0,7019,505,1,,,
2426.5,0.0,7020,504,1,,,
2427.0,0.0,7022,504,1,,,
2427.5,0.0,7023,502,1,,,
2428.0,0.0,7025,502,1,,,
2428.5,0.0,7026,502,1,,,
2429.0,0.0,7028,502,1,,,
2429.5,0.0,7029,503,1,,,
2430.0,0.0,7031,503,1,,,
2430.5,0.0,7032,504,1,,,
2431.0,0.0,7034,504,1,,,
2431.5,0.0,7036,505,1,,,
2432.0,0.0,7037,505,1,,,
2432.5,0.0,7039,508,1,,,
2433.0,0.0,7040,508,1,,,
2433.5,0.0,7042,508,1,,,
2434.0,0.0,7043,508,1,,,
2434.5,0.0,7045,507,1,,,
2435.0,0.0,7046,507,1,,,
2435.5,0.0,7048,505,1,,,
2436.0,0.0,7049,505,1,,,
2436.5,0.0,7051,504,1,,,
2437.0,0.0,7052,504,1,,,
2437.5,0.0,7054,504,1,,,
2438.0,0.0,7055,504,1,,,
2438.5,0.0,7057,504,1,,,
2439.0,0.0,7058,504,1,,,
2439.5,0.0,7060,505,1,,,
2440.0,0.0,7062,505,1,,,
2440.5,0.0,7063,507,1,,,
2441.0,0.0,7065,507,1,,,
2441.5,0.0,7066,509,1,,,
2442.0,0.0,7068,509,1,,,
2442.5,0.0,7069,509,1,,,
2443.0,0.0,7071,509,1,,,
2443.5,0.0,7072,509,1,,,
2444.0,0.0,7074,509,1,,,
2444.5,0.0,7075,508,1,,,
2445.0,0.0,7077,508,1,,,
2445.5,0.0,7078,507,1,,,
2446.0,0.0,7080,507,1,,,
2446.5,0.0,7081,505,1,,,
2447.0,0.0,7083,505,1,,,
2447.5,0.0,7084,504,1,,,
2448.0,0.0,7086,504,1,,,
2448.5,0.0,7087,504,1,,,
2449.0,0.0,7089,504,1,,,
2449.5,0.0,7091,507,1,,,
2450.0,0.0,7092,507,1,,,
2450.5,0.0,7094,508,1,,,
2451.0,0.0,7095,508,1,,,
2451.5,0.0,7097,508,1,,,
2452.0,0.0,7098,508,1,,,
2452.5,0.0,7100,509,1,,,
2453.0,0.0,7101,509,1,,,
2453.5,0.0,7103,508,1,,,
2454.0,0.0,7104,508,1,,,
2454.5,0.0,7106,507,1,,,
2455.0,0.0,7107,507,1,,,
2455.5,0.0,7109,505,1,,,
2456.0,0.0,7110,505,1,,,
2456.5,0.0,7112,505,1,,,
2457.0,0.0,7113,505,1,,,
2457.5,0.0,7115,505,1,,,
2458.0,0.0,7117,505,1,,,
2458.5,0.0,7118,505,1,,,
2459.0,0.0,7120,505,1,,,
2459.5,0.0,7121,507,1,,,
2460.0,0.0,7123,507,1,,,
2460.5,0.0,7124,508,1,,,
2461.0,0.0,7126,508,1,,,
2461.5,0.0,7127,508,1,,,
2462.0,0.0,7129,508,1,,,
2462.5,0.0,7130,507,1,,,
2463.0,0.0,7132,507,1,,,
2463.5,0.0,7133,507,1,,,
2464.0,0.0,7135,507,1,,,
2464.5,0.0,7136,504,1,,,
2465.0,0.0,7138,504,1,,,
2465.5,0.0,7139,504,1,,,
2466.0,0.0,7141,504,1,,,
2466.5,0.0,7142,503,1,,,
2467.0,0.0,7144,503,1,,,
2467.5,0.0,7145,504,1,,,
2468.0,0.0,7147,504,1,,,
2468.5,0.0,7149,504,1,,,
2469.0,0.0,7150,504,1,,,
2469.5,0.0,7152,507,1,,,
2470.0,0.0,7153,507,1,,,
2470.5,0.0,7155,505,1,,,
2471.0,0.0,7156,505,1,,,
2471.5,0.0,7158,505,1,,,
2472.0,0.0,7159,505,1,,,
2472.5,0.0,7161,504,1,,,
2473.0,0.0,7162,504,1,,,
2473.5,0.0,7164,503,1,,,
2474.0,0.0,7165,503,1,,,
2474.5,0.0,7167,501,1,,,
2475.0,0.0,7168,501,1,,,
2475.5,0.0,7170,499,1,,,
2476.0,0.0,7171,499,1,,,
2476.5,0.0,7173,499,1,,,
2477.0,0.0,7174,499,1,,,
2477.5,0.0,7176,501,1,,,
2478.0,0.0,7177,501,1,,,
2478.5,0.0,7179,502,1,,,
2479.0,0.0,7180,502,1,,,
2479.5,0.0,7182,502,1,,,
2480.0,0.0,7183,502,1,,,
2480.5,0.0,7185,502,1,,,
2481.0,0.0,7186,502,1,,,
2481.5,0.0,7188,501,1,,,
2482.0,0.0,7189,501,1,,,
2482.5,0.0,7191,498,1,,,
2483.0,0.0,7192,498,1,,,
2483.5,0.0,7194,496,1,,,
2484.0,0.0,7195,496,1,,,
2484.5,0.0,7197,496,1,,,
2485.0,0.0,7198,496,1,,,
2485.5,0.0,7200,496,1,,,
2486.0,0.0,7201,496,1,,,
2486.5,0.0,7203,496,1,,,
2487.0,0.0,7204,496,1,,,
2487.5,0.0,7206,497,1,,,
2488.0,0.0,7207,497,1,,,
2488.5,0.0,7209,498,1,,,
2489.0,0.0,7210,498,1,,,
2489.5,0.0,7212,497,1,,,
2490.0,0.0,7213,497,1,,,
2490.5,0.0,7215,497,1,,,
2491.0,0.0,7216,497,1,,,
2491.5,0.0,7218,497,1,,,
2492.0,0.0,7219,497,1,,,
2492.5,0.0,7221,495,1,,,
2493.0,0.0,7222,495,1,,,
2493.5,0.0,7224,493,1,,,
2494.0,0.0,7225,493,1,,,
2494.5,0.0,7227,493,1,,,
2495.0,0.0,7228,493,1,,,
2495.5,0.0,7230,493,1,,,
2496.0,0.0,7231,493,1,,,
2496.5,0.0,7233,493,1,,,
2497.0,0.0,7234,493,1,,,
2497.5,0.0,7236,496,1,,,
2498.0,0.0,7237,496,1,,,
2498.5,0.0,7239,496,1,,,
2499.0,0.0,7240,496,1,,,
2499.5,0.0,7242,496,1,,,
2500.0,0.0,7243,496,1,,,
2500.5,0.0,7244,495,1,,,
2501.0,0.0,7246,495,1,,,
2501.5,0.0,7247,493,1,,,
2502.0,0.0,7249,493,1,,,
2502.5,0.0,7250,491,1,,,
2503.0,0.0,7252,491,1,,,
2503.5,0.0,7253,491,1,,,
2504.0,0.0,7255,491,1,,,
2504.5,0.0,7256,491,1,,,
2505.0,0.0,7258,491,1,,,
2505.5,0.0,7259,491,1,,,
2506.0,0.0,7261,491,1,,,
2506.5,0.0,7262,492,1,,,
2507.0,0.0,7264,492,1,,,
2507.5,0.0,7265,493,1,,,
2508.0,0.0,7267,493,1,,,
2508.5,0.0,7268,493,1,,,
2509.0,0.0,7270,493,1,,,
2509.5,0.0,7271,492,1,,,
2510.0,0.0,7273,492,1,,,
2510.5,0.0,7274,492,1,,,
2511.0,0.0,7276,492,1,,,
2511.5,0.0,7277,490,1,,,
2512.0,0.0,7279,490,1,,,
2512.5,0.0,7280,489,1,,,
2513.0,0.0,7281,489,1,,,
2513.5,0.0,7283,489,1,,,
2514.0,0.0,7284,489,1,,,
2514.5,0.0,7286,490,1,,,
2515.0,0.0,7287,490,1,,,
2515.5,0.0,7289,491,1,,,
2516.0,0.0,7290,491,1,,,
2516.5,0.0,7292,493,1,,,
2517.0,0.0,7293,493,1,,,
2517.5,0.0,7295,495,1,,,
2518.0,0.0,7296,495,1,,,
2518.5,0.0,7298,495,1,,,
2519.0,0.0,7299,495,1,,,
2519.5,0.0,7301,495,1,,,
2520.0,0.0,7302,495,1,,,
2520.5,0.0,7304,493,1,,,
2521.0,0.0,7305,493,1,,,
2521.5,0.0,7307,492,1,,,
2522.0,0.0,7308,492,1,,,
2522.5,0.0,7310,492,1,,,
2523.0,0.0,7311,492,1,,,
2523.5,0.0,7313,493,1,,,
2524.0,0.0,7314,493,1,,,
2524.5,0.0,7316,495,1,,,
2525.0,0.0,7317,495,1,,,
2525.5,0.0,7319,497,1,,,
2526.0,0.0,7320,497,1,,,
2526.5,0.0,7322,499,1,,,
2527.0,0.0,7323,499,1,,,
2527.5,0.0,7325,499,1,,,
2528.0,0.0,7326,499,1,,,
2528.5,0.0,7328,501,1,,,
2529.0,0.0,7329,501,1,,,
2529.5,0.0,7331,499,1,,,
2530.0,0.0,7332,499,1,,,
2530.5,0.0,7334,499,1,,,
2531.0,0.0,7335,499,1,,,
2531.5,0.0,7337,498,1,,,
2532.0,0.0,7338,498,1,,,
2532.5,0.0,7340,501,1,,,
2533.0,0.0,7342,501,1,,,
2533.5,0.0,7343,501,1,,,
2534.0,0.0,7345,501,1,,,
2534.5,0.0,7346,503,1,,,
2535.0,0.0,7348,503,1,,,
2535.5,0.0,7349,504,1,,,
2536.0,0.0,7351,504,1,,,
2536.5,0.0,7352,507,1,,,
2537.0,0.0,7354,507,1,,,
2537.5,0.0,7355,505,1,,,
2538.0,0.0,7357,505,1,,,
2538.5,0.0,7358,507,1,,,
2539.0,0.0,7360,507,1,,,
2539.5,0.0,7361,505,1,,,
2540.0,0.0,7363,505,1,,,
2540.5,0.0,7364,504,1,,,
2541.0,0.0,7366,504,1,,,
2541.5,0.0,7367,505,1,,,
2542.0,0.0,7369,505,1,,,
2542.5,0.0,7370,507,1,,,
2543.0,0.0,7372,507,1,,,
2543.5,0.0,7374,507,1,,,
2544.0,0.0,7375,507,1,,,
2544.5,0.0,7377,509,1,,,
2545.0,0.0,7378,509,1,,,
2545.5,0.0,7380,511,1,,,
2546.0,0.0,7381,511,1,,,
2546.5,0.0,7383,510,1,,,
2547.0,0.0,7384,510,1,,,
2547.5,0.0,7386,510,1,,,
2548.0,0.0,7387,510,1,,,
2548.5,0.0,7389,510,1,,,
2549.0,0.0,7390,510,1,,,
2549.5,0.0,7392,509,1,,,
2550.0,0.0,7394,509,1,,,
2550.5,0.0,7395,509,1,,,
2551.0,0.0,7397,509,1,,,
2551.5,0.0,7398,509,1,,,
2552.0,0.0,7400,509,1,,,
2552.5,0.0,7401,510,1,,,
2553.0,0.0,7403,510,1,,,
2553.5,0.0,7404,511,1,,,
2554.0,0.0,7406,511,1,,,
2554.5,0.0,7407,514,1,,,
2555.0,0.0,7409,514,1,,,
2555.5,0.0,7411,514,1,,,
2556.0,0.0,7412,514,1,,,
2556.5,0.0,7414,515,1,,,
2557.0,0.0,7415,515,1,,,
2557.5,0.0,7417,515,1,,,
2558.0,0.0,7418,515,1,,,
2558.5,0.0,7420,514,1,,,
2559.0,0.0,7421,514,1,,,
2559.5,0.0,7423,512,1,,,
2560.0,0.0,7425,512,1,,,
2560.5,0.0,7426,512,1,,,
2561.0,0.0,7428,512,1,,,
2561.5,0.0,7429,512,1,,,
2562.0,0.0,7431,512,1,,,
2562.5,0.0,7432,515,1,,,
2563.0,0.0,7434,515,1,,,
2563.5,0.0,7435,516,1,,,
2564.0,0.0,7437,516,1,,,
2564.5,0.0,7439,517,1,,,
2565.0,0.0,7440,517,1,,,
2565.5,0.0,7442,517,1,,,
2566.0,0.0,7443,517,1,,,
2566.5,0.0,7445,517,1,,,
2567.0,0.0,7446,517,1,,,
2567.5,0.0,7448,515,1,,,
2568.0,0.0,7449,515,1,,,
2568.5,0.0,7451,515,1,,,
2569.0,0.0,7453,515,1,,,
2569.5,0.0,7454,515,1,,,
2570.0,0.0,7456,515,1,,,
2570.5,0.0,7457,515,1,,,
2571.0,0.0,7459,515,1,,,
2571.5,0.0,7460,516,1,,,
2572.0,0.0,7462,516,1,,,
2572.5,0.0,7463,517,1,,,
2573.0,0.0,7465,517,1,,,
2573.5,0.0,7467,518,1,,,
2574.0,0.0,7468,518,1,,,
2574.5,0.0,7470,518,1,,,
2575.0,0.0,7471,518,1,,,
2575.5,0.0,7473,518,1,,,
2576.0,0.0,7474,518,1,,,
2576.5,0.0,7476,517,1,,,
2577.0,0.0,7477,517,1,,,
2577.5,0.0,7479,516,1,,,
2578.0,0.0,7481,516,1,,,
2578.5,0.0,7482,516,1,,,
2579.0,0.0,7484,516,1,,,
2579.5,0.0,7485,516,1,,,
2580.0,0.0,7487,516,1,,,
2580.5,0.0,7488,517,1,,,
2581.0,0.0,7490,517,1,,,
2581.5,0.0,7492,518,1,,,
2582.0,0.0,7493,518,1,,,
2582.5,0.0,7495,521,1,,,
2583.0,0.0,7496,521,1,,,
2583.5,0.0,7498,520,1,,,
2584.0,0.0,7499,520,1,,,
2584.5,0.0,7501,520,1,,,
2585.0,0.0,7502,520,1,,,
2585.5,0.0,7504,518,1,,,
2586.0,0.0,7506,518,1,,,
2586.5,0.0,7507,516,1,,,
2587.0,0.0,7509,516,1,,,
2587.5,0.0,7510,515,1,,,
2588.0,0.0,7512,515,1,,,
2588.5,0.0,7513,516,1,,,
2589.0,0.0,7515,516,1,,,
2589.5,0.0,7517,516,1,,,
2590.0,0.0,7518,516,1,,,
2590.5,0.0,7520,517,1,,,
2591.0,0.0,7521,517,1,,,
2591.5,0.0,7523,520,1,,,
2592.0,0.0,7524,520,1,,,
2592.5,0.0,7526,520,1,,,
2593.0,0.0,7527,520,1,,,
2593.5,0.0,7529,518,1,,,
2594.0,0.0,7531,518,1,,,
2594.5,0.0,7532,517,1,,,
2595.0,0.0,7534,517,1,,,
2595.5,0.0,7535,515,1,,,
2596.0,0.0,7537,515,1,,,
2596.5,0.0,7538,514,1,,,
2597.0,0.0,7540,514,1,,,
2597.5,0.0,7541,512,1,,,
2598.0,0.0,7543,512,1,,,
2598.5,0.0,7544,512,1,,,
2599.0,0.0,7546,512,1,,,
2599.5,0.0,7548,512,1,,,
2600.0,0.0,7549,512,1,,,
2600.5,0.0,7551,515,1,,,
2601.0,0.0,7552,515,1,,,
2601.5,0.0,7554,514,1,,,
2602.0,0.0,7555,514,1,,,
2602.5,0.0,7557,512,1,,,
2603.0,0.0,7558,512,1,,,
2603.5,0.0,7560,511,1,,,
2604.0,0.0,7561,511,1,,,
2604.5,0.0,7563,510,1,,,
2605.0,0.0,7564,510,1,,,
2605.5,0.0,7566,508,1,,,
2606.0,0.0,7567,508,1,,,
2606.5,0.0,7569,508,1,,,
2607.0,0.0,7571,508,1,,,
2607.5,0.0,7572,508,1,,,
2608.0,0.0,7574,508,1,,,
2608.5,0.0,7575,509,1,,,
2609.0,0.0,7577,509,1,,,
2609.5,0.0,7578,509,1,,,
2610.0,0.0,7580,509,1,,,
2610.5,0.0,7581,509,1,,,
2611.0,0.0,7583,509,1,,,
2611.5,0.0,7584,509,1,,,
2612.0,0.0,7586,509,1,,,
2612.5,0.0,7587,508,1,,,
2613.0,0.0,7589,508,1,,,
2613.5,0.0,7590,505,1,,,
2614.0,0.0,7592,505,1,,,
2614.5,0.0,7593,505,1,,,
2615.0,0.0,7595,505,1,,,
2615.5,0.0,7596,504,1,,,
2616.0,0.0,7598,504,1,,,
2616.5,0.0,7600,504,1,,,
2617.0,0.0,7601,504,1,,,
2617.5,0.0,7603,505,1,,,
2618.0,0.0,7604,505,1,,,
2618.5,0.0,7606,507,1,,,
2619.0,0.0,7607,507,1,,,
2619.5,0.0,7609,507,1,,,
2620.0,0.0,7610,507,1,,,
2620.5,0.0,7612,507,1,,,
2621.0,0.0,7613,507,1,,,
2621.5,0.0,7615,505,1,,,
2622.0,0.0,7616,505,1,,,
2622.5,0.0,7618,504,1,,,
2623.0,0.0,7619,504,1,,,
2623.5,0.0,7621,502,1,,,
2624.0,0.0,7622,502,1,,,
2624.5,0.0,7624,502,1,,,
2625.0,0.0,7625,502,1,,,
2625.5,0.0,7627,502,1,,,
2626.0,0.0,7628,502,1,,,
2626.5,0.0,7630,502,1,,,
2627.0,0.0,7631,502,1,,,
2627.5,0.0,7633,503,1,,,
2628.0,0.0,7635,503,1,,,
2628.5,0.0,7636,505,1,,,
2629.0,0.0,7638,505,1,,,
2629.5,0.0,7639,504,1,,,
2630.0,0.0,7641,504,1,,,
2630.5,0.0,7642,504,1,,,
2631.0,0.0,7644,504,1,,,
2631.5,0.0,7645,504,1,,,
2632.0,0.0,7647,504,1,,,
2632.5,0.0,7648,502,1,,,
2633.0,0.0,7650,502,1,,,
2633.5,0.0,7651,501,1,,,
2634.0,0.0,7653,501,1,,,
2634.5,0.0,7654,501,1,,,
2635.0,0.0,7656,501,1,,,
2635.5,0.0,7657,501,1,,,
2636.0,0.0,7659,501,1,,,
2636.5,0.0,7660,501,1,,,
2637.0,0.0,7662,501,1,,,
2637.5,0.0,7663,502,1,,,
2638.0,0.0,7665,502,1,,,
2638.5,0.0,7666,502,1,,,
2639.0,0.0,7668,502,1,,,
2639.5,0.0,7669,501,1,,,
2640.0,0.0,7671,501,1,,,
2640.5,0.0,7672,499,1,,,
2641.0,0.0,7674,499,1,,,
2641.5,0.0,7675,497,1,,,
2642.0,0.0,7677,497,1,,,
2642.5,0.0,7678,496,1,,,
2643.0,0.0,7680,496,1,,,
2643.5,0.0,7681,496,1,,,
2644.0,0.0,7683,496,1,,,
2644.5,0.0,7684,496,1,,,
2645.0,0.0,7686,496,1,,,
2645.5,0.0,7687,496,1,,,
2646.0,0.0,7689,496,1,,,
2646.5,0.0,7690,498,1,,,
2647.0,0.0,7692,498,1,,,
2647.5,0.0,7693,499,1,,,
2648.0,0.0,7695,499,1,,,
2648.5,0.0,7696,498,1,,,
2649.0,0.0,7698,498,1,,,
2649.5,0.0,7699,498,1,,,
2650.0,0.0,7701,498,1,,,
2650.5,0.0,7702,497,1,,,
2651.0,0.0,7704,497,1,,,
2651.5,0.0,7705,495,1,,,
2652.0,0.0,7707,495,1,,,
2652.5,0.0,7708,493,1,,,
2653.0,0.0,7710,493,1,,,
2653.5,0.0,7711,493,1,,,
2654.0,0.0,7713,493,1,,,
2654.5,0.0,7714,495,1,,,
2655.0,0.0,7716,495,1,,,
2655.5,0.0,7717,496,1,,,
2656.0,0.0,7719,496,1,,,
2656.5,0.0,7720,498,1,,,
2657.0,0.0,7722,498,1,,,
2657.5,0.0,7723,499,1,,,
2658.0,0.0,7725,499,1,,,
2658.5,0.0,7726,498,1,,,
2659.0,0.0,7728,498,1,,,
2659.5,0.0,7729,497,1,,,
2660.0,0.0,7731,497,1,,,
2660.5,0.0,7732,497,1,,,
2661.0,0.0,7734,497,1,,,
2661.5,0.0,7735,495,1,,,
2662.0,0.0,7737,495,1,,,
2662.5,0.0,7738,495,1,,,
2663.0,0.0,7740,495,1,,,
2663.5,0.0,7741,496,1,,,
2664.0,0.0,7743,496,1,,,
2664.5,0.0,7744,497,1,,,
2665.0,0.0,7746,497,1,,,
2665.5,0.0,7747,498,1,,,
2666.0,0.0,7749,498,1,,,
2666.5,0.0,7750,502,1,,,
2667.0,0.0,7752,502,1,,,
2667.5,0.0,7753,501,1,,,
2668.0,0.0,7755,501,1,,,
2668.5,0.0,7756,501,1,,,
2669.0,0.0,7758,501,1,,,
2669.5,0.0,7759,499,1,,,
2670.0,0.0,7761,499,1,,,
2670.5,0.0,7762,498,1,,,
2671.0,0.0,7764,498,1,,,
2671.5,0.0,7765,497,1,,,
2672.0,0.0,7767,497,1,,,
2672.5,0.0,7768,498,1,,,
2673.0,0.0,7770,498,1,,,
2673.5,0.0,7771,499,1,,,
2674.0,0.0,7773,499,1,,,
2674.5,0.0,7774,501,1,,,
2675.0,0.0,7776,501,1,,,
2675.5,0.0,7777,503,1,,,
2676.0,0.0,7779,503,1,,,
2676.5,0.0,7780,503,1,,,
2677.0,0.0,7782,503,1,,,
2677.5,0.0,7783,503,1,,,
2678.0,0.0,7785,503,1,,,
2678.5,0.0,7786,503,1,,,
2679.0,0.0,7788,503,1,,,
2679.5,0.0,7789,502,1,,,
2680.0,0.0,7791,502,1,,,
2680.5,0.0,7792,501,1,,,
2681.0,0.0,7794,501,1,,,
2681.5,0.0,7795,501,1,,,
2682.0,0.0,7797,501,1,,,
2682.5,0.0,7799,502,1,,,
2683.0,0.0,7800,502,1,,,
2683.5,0.0,7802,502,1,,,
2684.0,0.0,7803,502,1,,,
2684.5,0.0,7805,505,1,,,
2685.0,0.0,7806,505,1,,,
2685.5,0.0,7808,505,1,,,
2686.0,0.0,7809,505,1,,,
2686.5,0.0,7811,507,1,,,
2687.0,0.0,7812,507,1,,,
2687.5,0.0,7814,505,1,,,
2688.0,0.0,7815,505,1,,,
2688.5,0.0,7817,505,1,,,
2689.0,0.0,7818,505,1,,,
2689.5,0.0,7820,503,1,,,
2690.0,0.0,7821,503,1,,,
2690.5,0.0,7823,504,1,,,
2691.0,0.0,7824,504,1,,,
2691.5,0.0,7826,503,1,,,
2692.0,0.0,7827,503,1,,,
2692.5,0.0,7829,504,1,,,
2693.0,0.0,7831,504,1,,,
2693.5,0.0,7832,505,1,,,
2694.0,0.0,7834,505,1,,,
2694.5,0.0,7835,508,1,,,
2695.0,0.0,7837,508,1,,,
2695.5,0.0,7838,508,1,,,
2696.0,0.0,7840,508,1,,,
2696.5,0.0,7841,508,1,,,
2697.0,0.0,7843,508,1,,,
2697.5,0.0,7844,507,1,,,
2698.0,0.0,7846,507,1,,,
2698.5,0.0,7847,505,1,,,
2699.0,0.0,7849,505,1,,,
2699.5,0.0,7850,504,1,,,
2700.0,0.0,7852,504,1,,,
2700.5,0.0,7853,503,1,,,
2701.0,0.0,7855,503,1,,,
2701.5,0.0,7856,504,1,,,
2702.0,0.0,7858,504,1,,,
2702.5,0.0,7859,505,1,,,
2703.0,0.0,7861,505,1,,,
2703.5,0.0,7863,507,1,,,
2704.0,0.0,7864,507,1,,,
2704.5,0.0,7866,507,1,,,
2705.0,0.0,7867,507,1,,,
2705.5,0.0,7869,507,1,,,
2706.0,0.0,7870,507,1,,,
2706.5,0.0,7872,505,1,,,
2707.0,0.0,7873,505,1,,,
2707.5,0.0,7875,503,1,,,
2708.0,0.0,7876,503,1,,,
2708.5,0.0,7878,502,1,,,
2709.0,0.0,7879,502,1,,,
2709.5,0.0,7881,501,1,,,
2710.0,0.0,7882,501,1,,,
2710.5,0.0,7884,501,1,,,
2711.0,0.0,7885,501,1,,,
2711.5,0.0,7887,502,1,,,
2712.0,0.0,7888,502,1,,,
2712.5,0.0,7890,503,1,,,
2713.0,0.0,7891,503,1,,,
2713.5,0.0,7893,503,1,,,
2714.0,0.0,7894,503,1,,,
2714.5,0.0,7896,503,1,,,
2715.0,0.0,7897,503,1,,,
2715.5,0.0,7899,503,1,,,
2716.0,0.0,7900,503,1,,,
2716.5,0.0,7902,501,1,,,
2717.0,0.0,7903,501,1,,,
2717.5,0.0,7905,499,1,,,
2718.0,0.0,7906,499,1,,,
2718.5,0.0,7908,499,1,,,
2719.0,0.0,7909,499,1,,,
2719.5,0.0,7911,498,1,,,
2720.0,0.0,7912,498,1,,,
2720.5,0.0,7914,498,1,,,
2721.0,0.0,7915,498,1,,,
2721.5,0.0,7917,499,1,,,
2722.0,0.0,7918,499,1,,,
2722.5,0.0,7920,501,1,,,
2723.0,0.0,7921,501,1,,,
2723.5,0.0,7923,501,1,,,
2724.0,0.0,7924,501,1,,,
2724.5,0.0,7926,501,1,,,
2725.0,0.0,7927,501,1,,,
2725.5,0.0,7929,499,1,,,
2726.0,0.0,7930,499,1,,,
2726.5,0.0,7932,498,1,,,
2727.0,0.0,7933,498,1,,,
2727.5,0.0,7935,497,1,,,
2728.0,0.0,7936,497,1,,,
2728.5,0.0,7938,496,1,,,
2729.0,0.0,7939,496,1,,,
2729.5,0.0,7941,496,1,,,
2730.0,0.0,7942,496,1,,,
2730.5,0.0,7944,496,1,,,
2731.0,0.0,7945,496,1,,,
2731.5,0.0,7947,497,1,,,
2732.0,0.0,7948,497,1,,,
2732.5,0.0,7950,497,1,,,
2733.0,0.0,7951,497,1,,,
2733.5,0.0,7953,497,1,,,
2734.0,0.0,7954,497,1,,,
2734.5,0.0,7956,496,1,,,
2735.0,0.0,7957,496,1,,,
2735.5,0.0,7959,495,1,,,
2736.0,0.0,7960,495,1,,,
2736.5,0.0,7962,492,1,,,
2737.0,0.0,7963,492,1,,,
2737.5,0.0,7965,491,1,,,
2738.0,0.0,7966,491,1,,,
2738.5,0.0,7968,491,1,,,
2739.0,0.0,7969,491,1,,,
2739.5,0.0,7971,491,1,,,
2740.0,0.0,7972,491,1,,,
2740.5,0.0,7974,492,1,,,
2741.0,0.0,7975,492,1,,,
2741.5,0.0,7977,493,1,,,
2742.0,0.0,7978,493,1,,,
2742.5,0.0,7980,495,1,,,
2743.0,0.0,7981,495,1,,,
2743.5,0.0,7983,493,1,,,
2744.0,0.0,7984,493,1,,,
2744.5,0.0,7985,492,1,,,
2745.0,0.0,7987,492,1,,,
2745.5,0.0,7988,490,1,,,
2746.0,0.0,7990,490,1,,,
2746.5,0.0,7991,488,1,,,
2747.0,0.0,7993,488,1,,,
2747.5,0.0,7994,488,1,,,
2748.0,0.0,7996,488,1,,,
2748.5,0.0,7997,488,1,,,
2749.0,0.0,7999,488,1,,,
2749.5,0.0,8000,489,1,,,
2750.0,0.0,8002,489,1,,,
2750.5,0.0,8003,490,1,,,
2751.0,0.0,8005,490,1,,,
2751.5,0.0,8006,492,1,,,
2752.0,0.0,8008,492,1,,,
2752.5,0.0,8009,491,1,,,
2753.0,0.0,8011,491,1,,,
2753.5,0.0,8012,491,1,,,
2754.0,0.0,8014,491,1,,,
2754.5,0.0,8015,491,1,,,
2755.0,0.0,8017,491,1,,,
2755.5,0.0,8018,490,1,,,
2756.0,0.0,8019,490,1,,,
2756.5,0.0,8021,490,1,,,
2757.0,0.0,8022,490,1,,,
2757.5,0.0,8024,491,1,,,
2758.0,0.0,8025,491,1,,,
2758.5,0.0,8027,491,1,,,
2759.0,0.0,8028,491,1,,,
2759.5,0.0,8030,493,1,,,
2760.0,0.0,8031,493,1,,,
2760.5,0.0,8033,497,1,,,
2761.0,0.0,8034,497,1,,,
2761.5,0.0,8036,498,1,,,
2762.0,0.0,8037,498,1,,,
2762.5,0.0,8039,498,1,,,
2763.0,0.0,8040,498,1,,,
2763.5,0.0,8042,499,1,,,
2764.0,0.0,8043,499,1,,,
2764.5,0.0,8045,498,1,,,
2765.0,0.0,8046,498,1,,,
2765.5,0.0,8048,497,1,,,
2766.0,0.0,8050,497,1,,,
2766.5,0.0,8051,497,1,,,
2767.0,0.0,8053,497,1,,,
2767.5,0.0,8054,498,1,,,
2768.0,0.0,8056,498,1,,,
2768.5,0.0,8057,499,1,,,
2769.0,0.0,8059,499,1,,,
2769.5,0.0,8060,502,1,,,
2770.0,0.0,8062,502,1,,,
2770.5,0.0,8063,503,1,,,
2771.0,0.0,8065,503,1,,,
2771.5,0.0,8066,504,1,,,
2772.0,0.0,8068,504,1,,,
2772.5,0.0,8069,504,1,,,
2773.0,0.0,8071,504,1,,,
2773.5,0.0,8072,504,1,,,
2774.0,0.0,8074,504,1,,,
2774.5,0.0,8075,502,1,,,
2775.0,0.0,8077,502,1,,,
2775.5,0.0,8078,503,1,,,
2776.0,0.0,8080,503,1,,,
2776.5,0.0,8081,503,1,,,
2777.0,0.0,8083,503,1,,,
2777.5,0.0,8084,503,1,,,
2778.0,0.0,8086,503,1,,,
2778.5,0.0,8087,504,1,,,
2779.0,0.0,8089,504,1,,,
2779.5,0.0,8091,508,1,,,
2780.0,0.0,8092,508,1,,,
2780.5,0.0,8094,508,1,,,
2781.0,0.0,8095,508,1,,,
2781.5,0.0,8097,508,1,,,
2782.0,0.0,8098,508,1,,,
2782.5,0.0,8100,508,1,,,
2783.0,0.0,8101,508,1,,,
2783.5,0.0,8103,507,1,,,
2784.0,0.0,8104,507,1,,,
2784.5,0.0,8106,505,1,,,
2785.0,0.0,8107,505,1,,,
2785.5,0.0,8109,505,1,,,
2786.0,0.0,8110,505,1,,,
2786.5,0.0,8112,505,1,,,
2787.0,0.0,8113,505,1,,,
2787.5,0.0,8115,507,1,,,
2788.0,0.0,8117,507,1,,,
2788.5,0.0,8118,509,1,,,
2789.0,0.0,8120,509,1,,,
2789.5,0.0,8121,509,1,,,
2790.0,0.0,8123,509,1,,,
2790.5,0.0,8124,509,1,,,
2791.0,0.0,8126,509,1,,,
2791.5,0.0,8127,509,1,,,
2792.0,0.0,8129,509,1,,,
2792.5,0.0,8130,509,1,,,
2793.0,0.0,8132,509,1,,,
2793.5,0.0,8133,507,1,,,
2794.0,0.0,8135,507,1,,,
2794.5,0.0,8137,508,1,,,
2795.0,0.0,8138,508,1,,,
2795.5,0.0,8140,509,1,,,
2796.0,0.0,8141,509,1,,,
2796.5,0.0,8143,510,1,,,
2797.0,0.0,8144,510,1,,,
2797.5,0.0,8146,511,1,,,
2798.0,0.0,8147,511,1,,,
2798.5,0.0,8149,514,1,,,
2799.0,0.0,8150,514,1,,,
2799.5,0.0,8152,514,1,,,
2800.0,0.0,8154,514,1,,,
2800.5,0.0,8155,514,1,,,
2801.0,0.0,8157,514,1,,,
2801.5,0.0,8158,512,1,,,
2802.0,0.0,8160,512,1,,,
2802.5,0.0,8161,511,1,,,
2803.0,0.0,8163,511,1,,,
2803.5,0.0,8164,511,1,,,
2804.0,0.0,8166,511,1,,,
2804.5,0.0,8167,511,1,,,
2805.0,0.0,8169,511,1,,,
2805.5,0.0,8171,512,1,,,
2806.0,0.0,8172,512,1,,,
2806.5,0.0,8174,515,1,,,
2807.0,0.0,8175,515,1,,,
2807.5,0.0,8177,516,1,,,
2808.0,0.0,8178,516,1,,,
2808.5,0.0,8180,516,1,,,
2809.0,0.0,8181,516,1,,,
2809.5,0.0,8183,516,1,,,
2810.0,0.0,8184,516,1,,,
2810.5,0.0,8186,515,1,,,
2811.0,0.0,8188,515,1,,,
2811.5,0.0,8189,512,1,,,
2812.0,0.0,8191,512,1,,,
2812.5,0.0,8192,512,1,,,
2813.0,0.0,8194,512,1,,,
2813.5,0.0,8195,514,1,,,
2814.0,0.0,8197,514,1,,,
2814.5,0.0,8198,514,1,,,
2815.0,0.0,8200,514,1,,,
2815.5,0.0,8202,515,1,,,
2816.0,0.0,8203,515,1,,,
2816.5,0.0,8205,517,1,,,
2817.0,0.0,8206,517,1,,,
2817.5,0.0,8208,517,1,,,
2818.0,0.0,8209,517,1,,,
2818.5,0.0,8211,516,1,,,
2819.0,0.0,8212,516,1,,,
2819.5,0.0,8214,516,1,,,
2820.0,0.0,8216,516,1,,,
2820.5,0.0,8217,515,1,,,
2821.0,0.0,8219,515,1,,,
2821.5,0.0,8220,514,1,,,
2822.0,0.0,8222,514,1,,,
2822.5,0.0,8223,514,1,,,
2823.0,0.0,8225,514,1,,,
2823.5,0.0,8226,514,1,,,
2824.0,0.0,8228,514,1,,,
2824.5,0.0,8229,515,1,,,
2825.0,0.0,8231,515,1,,,
2825.5,0.0,8233,516,1,,,
2826.0,0.0,8234,516,1,,,
2826.5,0.0,8236,516,1,,,
2827.0,0.0,8237,516,1,,,
2827.5,0.0,8239,517,1,,,
2828.0,0.0,8240,517,1,,,
2828.5,0.0,8242,516,1,,,
2829.0,0.0,8243,516,1,,,
2829.5,0.0,8245,515,1,,,
2830.0,0.0,8246,515,1,,,
2830.5,0.0,8248,512,1,,,
2831.0,0.0,8250,512,1,,,
2831.5,0.0,8251,512,1,,,
2832.0,0.0,8253,512,1,,,
2832.5,0.0,8254,511,1,,,
2833.0,0.0,8256,511,1,,,
2833.5,0.0,8257,512,1,,,
2834.0,0.0,8259,512,1,,,
2834.5,0.0,8260,512,1,,,
2835.0,0.0,8262,512,1,,,
2835.5,0.0,8264,515,1,,,
2836.0,0.0,8265,515,1,,,
2836.5,0.0,8267,514,1,,,
2837.0,0.0,8268,514,1,,,
2837.5,0.0,8270,514,1,,,
2838.0,0.0,8271,514,1,,,
2838.5,0.0,8273,511,1,,,
2839.0,0.0,8274,511,1,,,
2839.5,0.0,8276,509,1,,,
2840.0,0.0,8277,509,1,,,
2840.5,0.0,8279,507,1,,,
2841.0,0.0,8280,507,1,,,
2841.5,0.0,8282,508,1,,,
2842.0,0.0,8284,508,1,,,
2842.5,0.0,8285,507,1,,,
2843.0,0.0,8287,507,1,,,
2843.5,0.0,8288,509,1,,,
2844.0,0.0,8290,509,1,,,
2844.5,0.0,8291,510,1,,,
2845.0,0.0,8293,510,1,,,
2845.5,0.0,8294,510,1,,,
2846.0,0.0,8296,510,1,,,
2846.5,0.0,8297,509,1,,,
2847.0,0.0,8299,509,1,,,
2847.5,0.0,8300,508,1,,,
2848.0,0.0,8302,508,1,,,
2848.5,0.0,8303,504,1,,,
2849.0,0.0,8305,504,1,,,
2849.5,0.0,8306,504,1,,,
2850.0,0.0,8308,504,1,,,
2850.5,0.0,8309,503,1,,,
2851.0,0.0,8311,503,1,,,
2851.5,0.0,8312,503,1,,,
2852.0,0.0,8314,503,1,,,
2852.5,0.0,8315,503,1,,,
2853.0,0.0,8317,503,1,,,
2853.5,0.0,8319,505,1,,,
2854.0,0.0,8320,505,1,,,
2854.5,0.0,8322,505,1,,,
2855.0,0.0,8323,505,1,,,
2855.5,0.0,8325,504,1,,,
2856.0,0.0,8326,504,1,,,
2856.5,0.0,8328,503,1,,,
2857.0,0.0,8329,503,1,,,
2857.5,0.0,8331,503,1,,,
2858.0,0.0,8332,503,1,,,
2858.5,0.0,8334,501,1,,,
2859.0,0.0,8335,501,1,,,
2859.5,0.0,8337,499,1,,,
2860.0,0.0,8338,499,1,,,
2860.5,0.0,8340,501,1,,,
2861.0,0.0,8341,501,1,,,
2861.5,0.0,8343,501,1,,,
2862.0,0.0,8344,501,1,,,
2862.5,0.0,8346,502,1,,,
2863.0,0.0,8347,502,1,,,
2863.5,0.0,8349,503,1,,,
2864.0,0.0,8350,503,1,,,
2864.5,0.0,8352,503,1,,,
2865.0,0.0,8353,503,1,,,
2865.5,0.0,8355,503,1,,,
2866.0,0.0,8356,503,1,,,
2866.5,0.0,8358,502,1,,,
2867.0,0.0,8359,502,1,,,
2867.5,0.0,8361,499,1,,,
2868.0,0.0,8362,499,1,,,
2868.5,0.0,8364,499,1,,,
2869.0,0.0,8365,499,1,,,
2869.5,0.0,8367,498,1,,,
2870.0,0.0,8368,498,1,,,
2870.5,0.0,8370,498,1,,,
2871.0,0.0,8371,498,1,,,
2871.5,0.0,8373,499,1,,,
2872.0,0.0,8374,499,1,,,
2872.5,0.0,8376,501,1,,,
2873.0,0.0,8377,501,1,,,
2873.5,0.0,8379,499,1,,,
2874.0,0.0,8380,499,1,,,
2874.5,0.0,8382,499,1,,,
2875.0,0.0,8383,499,1,,,
2875.5,0.0,8385,498,1,,,
2876.0,0.0,8386,498,1,,,
2876.5,0.0,8388,497,1,,,
2877.0,0.0,8389,497,1,,,
2877.5,0.0,8391,496,1,,,
2878.0,0.0,8392,496,1,,,
2878.5,0.0,8394,496,1,,,
2879.0,0.0,8395,496,1,,,
2879.5,0.0,8397,496,1,,,
2880.0,0.0,8398,496,1,,,
2880.5,0.0,8400,497,1,,,
2881.0,0.0,8401,497,1,,,
2881.5,0.0,8403,497,1,,,
2882.0,0.0,8404,497,1,,,
2882.5,0.0,8406,498,1,,,
2883.0,0.0,8407,498,1,,,
2883.5,0.0,8409,498,1,,,
2884.0,0.0,8410,498,1,,,
2884.5,0.0,8412,497,1,,,
2885.0,0.0,8413,497,1,,,
2885.5,0.0,8415,496,1,,,
2886.0,0.0,8416,496,1,,,
2886.5,0.0,8418,495,1,,,
2887.0,0.0,8419,495,1,,,
2887.5,0.0,8421,495,1,,,
2888.0,0.0,8422,495,1,,,
2888.5,0.0,8424,495,1,,,
2889.0,0.0,8425,495,1,,,
2889.5,0.0,8427,496,1,,,
2890.0,0.0,8428,496,1,,,
2890.5,0.0,8430,497,1,,,
2891.0,0.0,8431,497,1,,,
2891.5,0.0,8433,498,1,,,
2892.0,0.0,8434,498,1,,,
2892.5,0.0,8436,498,1,,,
2893.0,0.0,8437,498,1,,,
2893.5,0.0,8439,498,1,,,
2894.0,0.0,8440,498,1,,,
2894.5,0.0,8442,498,1,,,
2895.0,0.0,8443,498,1,,,
2895.5,0.0,8445,496,1,,,
2896.0,0.0,8446,496,1,,,
2896.5,0.0,8448,496,1,,,
2897.0,0.0,8449,496,1,,,
2897.5,0.0,8451,496,1,,,
2898.0,0.0,8452,496,1,,,
2898.5,0.0,8454,497,1,,,
2899.0,0.0,8455,497,1,,,
2899.5,0.0,8457,498,1,,,
2900.0,0.0,8458,498,1,,,
2900.5,0.0,8460,501,1,,,
2901.0,0.0,8461,501,1,,,
2901.5,0.0,8463,503,1,,,
2902.0,0.0,8464,503,1,,,
2902.5,0.0,8466,503,1,,,
2903.0,0.0,8467,503,1,,,
2903.5,0.0,8469,502,1,,,
2904.0,0.0,8470,502,1,,,
2904.5,0.0,8472,502,1,,,
2905.0,0.0,8473,502,1,,,
2905.5,0.0,8475,501,1,,,
2906.0,0.0,8476,501,1,,,
2906.5,0.0,8478,501,1,,,
2907.0,0.0,8480,501,1,,,
2907.5,0.0,8481,501,1,,,
2908.0,0.0,8483,501,1,,,
2908.5,0.0,8484,503,1,,,
2909.0,0.0,8486,503,1,,,
2909.5,0.0,8487,504,1,,,
2910.0,0.0,8489,504,1,,,
2910.5,0.0,8490,505,1,,,
2911.0,0.0,8492,505,1,,,
2911.5,0.0,8493,505,1,,,
2912.0,0.0,8495,505,1,,,
2912.5,0.0,8496,505,1,,,
2913.0,0.0,8498,505,1,,,
2913.5,0.0,8499,504,1,,,
2914.0,0.0,8501,504,1,,,
2914.5,0.0,8502,502,1,,,
2915.0,0.0,8504,502,1,,,
2915.5,0.0,8505,503,1,,,
2916.0,0.0,8507,503,1,,,
2916.5,0.0,8508,503,1,,,
2917.0,0.0,8510,503,1,,,
2917.5,0.0,8512,503,1,,,
2918.0,0.0,8513,503,1,,,
2918.5,0.0,8515,505,1,,,
2919.0,0.0,8516,505,1,,,
2919.5,0.0,8518,508,1,,,
2920.0,0.0,8519,508,1,,,
2920.5,0.0,8521,508,1,,,
2921.0,0.0,8522,508,1,,,
2921.5,0.0,8524,508,1,,,
2922.0,0.0,8525,508,1,,,
2922.5,0.0,8527,508,1,,,
2923.0,0.0,8528,508,1,,,
2923.5,0.0,8530,507,1,,,
2924.0,0.0,8531,507,1,,,
2924.5,0.0,8533,505,1,,,
2925.0,0.0,8534,505,1,,,
2925.5,0.0,8536,505,1,,,
2926.0,0.0,8537,505,1,,,
2926.5,0.0,8539,505,1,,,
2927.0,0.0,8541,505,1,,,
2927.5,0.0,8542,508,1,,,
2928.0,0.0,8544,508,1,,,
2928.5,0.0,8545,509,1,,,
2929.0,0.0,8547,509,1,,,
2929.5,0.0,8548,510,1,,,
2930.0,0.0,8550,510,1,,,
2930.5,0.0,8551,510,1,,,
2931.0,0.0,8553,510,1,,,
2931.5,0.0,8554,511,1,,,
2932.0,0.0,8556,511,1,,,
2932.5,0.0,8557,509,1,,,
2933.0,0.0,8559,509,1,,,
2933.5,0.0,8560,508,1,,,
2934.0,0.0,8562,508,1,,,
2934.5,0.0,8564,508,1,,,
2935.0,0.0,8565,508,1,,,
2935.5,0.0,8567,508,1,,,
2936.0,0.0,8568,508,1,,,
2936.5,0.0,8570,508,1,,,
2937.0,0.0,8571,508,1,,,
2937.5,0.0,8573,510,1,,,
2938.0,0.0,8574,510,1,,,
2938.5,0.0,8576,511,1,,,
2939.0,0.0,8578,511,1,,,
2939.5,0.0,8579,512,1,,,
2940.0,0.0,8581,512,1,,,
2940.5,0.0,8582,512,1,,,
2941.0,0.0,8584,512,1,,,
2941.5,0.0,8585,510,1,,,
2942.0,0.0,8587,510,1,,,
2942.5,0.0,8588,509,1,,,
2943.0,0.0,8590,509,1,,,
2943.5,0.0,8591,508,1,,,
2944.0,0.0,8593,508,1,,,
2944.5,0.0,8594,507,1,,,
2945.0,0.0,8596,507,1,,,
2945.5,0.0,8597,508,1,,,
2946.0,0.0,8599,508,1,,,
2946.5,0.0,8600,510,1,,,
2947.0,0.0,8602,510,1,,,
2947.5,0.0,8604,511,1,,,
2948.0,0.0,8605,511,1,,,
2948.5,0.0,8607,511,1,,,
2949.0,0.0,8608,511,1,,,
2949.5,0.0,8610,511,1,,,
2950.0,0.0,8611,511,1,,,
2950.5,0.0,8613,510,1,,,
2951.0,0.0,8614,510,1,,,
2951.5,0.0,8616,508,1,,,
2952.0,0.0,8617,508,1,,,
2952.5,0.0,8619,507,1,,,
2953.0,0.0,8620,507,1,,,
2953.5,0.0,8622,507,1,,,
2954.0,0.0,8623,507,1,,,
2954.5,0.0,8625,507,1,,,
2955.0,0.0,8626,507,1,,,
2955.5,0.0,8628,507,1,,,
2956.0,0.0,8630,507,1,,,
2956.5,0.0,8631,508,1,,,
2957.0,0.0,8633,508,1,,,
2957.5,0.0,8634,508,1,,,
2958.0,0.0,8636,508,1,,,
2958.5,0.0,8637,508,1,,,
2959.0,0.0,8639,508,1,,,
2959.5,0.0,8640,507,1,,,
2960.0,0.0,8642,507,1,,,
2960.5,0.0,8643,505,1,,,
2961.0,0.0,8645,505,1,,,
2961.5,0.0,8646,503,1,,,
2962.0,0.0,8648,503,1,,,
2962.5,0.0,8649,502,1,,,
2963.0,0.0,8651,502,1,,,
2963.5,0.0,8652,502,1,,,
2964.0,0.0,8654,502,1,,,
2964.5,0.0,8655,502,1,,,
2965.0,0.0,8657,502,1,,,
2965.5,0.0,8658,502,1,,,
2966.0,0.0,8660,502,1,,,
2966.5,0.0,8661,503,1,,,
2967.0,0.0,8663,503,1,,,
2967.5,0.0,8664,503,1,,,
2968.0,0.0,8666,503,1,,,
2968.5,0.0,8667,502,1,,,
2969.0,0.0,8669,502,1,,,
2969.5,0.0,8670,501,1,,,
2970.0,0.0,8672,501,1,,,
2970.5,0.0,8673,498,1,,,
2971.0,0.0,8675,498,1,,,
2971.5,0.0,8676,497,1,,,
2972.0,0.0,8678,497,1,,,
2972.5,0.0,8679,496,1,,,
2973.0,0.0,8681,496,1,,,
2973.5,0.0,8682,495,1,,,
2974.0,0.0,8684,495,1,,,
2974.5,0.0,8685,496,1,,,
2975.0,0.0,8687,496,1,,,
2975.5,0.0,8688,497,1,,,
2976.0,0.0,8690,497,1,,,
2976.5,0.0,8691,497,1,,,
2977.0,0.0,8693,497,1,,,
2977.5,0.0,8694,497,1,,,
2978.0,0.0,8696,497,1,,,
2978.5,0.0,8697,497,1,,,
2979.0,0.0,8699,497,1,,,
2979.5,0.0,8700,495,1,,,
2980.0,0.0,8702,495,1,,,
2980.5,0.0,8703,493,1,,,
2981.0,0.0,8705,493,1,,,
2981.5,0.0,8706,493,1,,,
2982.0,0.0,8708,493,1,,,
2982.5,0.0,8709,492,1,,,
2983.0,0.0,8711,492,1,,,
2983.5,0.0,8712,492,1,,,
2984.0,0.0,8714,492,1,,,
2984.5,0.0,8715,495,1,,,
2985.0,0.0,8717,495,1,,,
2985.5,0.0,8718,495,1,,,
2986.0,0.0,8720,495,1,,,
2986.5,0.0,8721,495,1,,,
2987.0,0.0,8723,495,1,,,
2987.5,0.0,8724,495,1,,,
2988.0,0.0,8726,495,1,,,
2988.5,0.0,8727,495,1,,,
2989.0,0.0,8729,495,1,,,
2989.5,0.0,8730,491,1,,,
2990.0,0.0,8732,491,1,,,
2990.5,0.0,8733,492,1,,,
2991.0,0.0,8734,492,1,,,
2991.5,0.0,8736,491,1,,,
2992.0,0.0,8737,491,1,,,
2992.5,0.0,8739,492,1,,,
2993.0,0.0,8740,492,1,,,
2993.5,0.0,8742,492,1,,,
2994.0,0.0,8743,492,1,,,
2994.5,0.0,8745,495,1,,,
2995.0,0.0,8746,495,1,,,
2995.5,0.0,8748,496,1,,,
2996.0,0.0,8749,496,1,,,
2996.5,0.0,8751,496,1,,,
2997.0,0.0,8752,496,1,,,
2997.5,0.0,8754,496,1,,,
2998.0,0.0,8755,496,1,,,
2998.5,0.0,8757,495,1,,,
2999.0,0.0,8758,495,1,,,
2999.5,0.0,8760,493,1,,,
3000.0,0.0,8761,493,1,,,
3000.5,0.0,8763,493,1,,,
3001.0,0.0,8764,493,1,,,
3001.5,0.0,8766,495,1,,,
3002.0,0.0,8767,495,1,,,
3002.5,0.0,8769,495,1,,,
3003.0,0.0,8770,495,1,,,
3003.5,0.0,8772,497,1,,,
3004.0,0.0,8773,497,1,,,
3004.5,0.0,8775,499,1,,,
3005.0,0.0,8776,499,1,,,
3005.5,0.0,8778,499,1,,,
3006.0,0.0,8779,499,1,,,
3006.5,0.0,8781,499,1,,,
3007.0,0.0,8782,499,1,,,
3007.5,0.0,8784,501,1,,,
3008.0,0.0,8785,501,1,,,
3008.5,0.0,8787,498,1,,,
3009.0,0.0,8788,498,1,,,
3009.5,0.0,8790,498,1,,,
3010.0,0.0,8791,498,1,,,
3010.5,0.0,8793,498,1,,,
3011.0,0.0,8794,498,1,,,
3011.5,0.0,8796,498,1,,,
3012.0,0.0,8798,498,1,,,
3012.5,0.0,8799,499,1,,,
3013.0,0.0,8801,499,1,,,
3013.5,0.0,8802,502,1,,,
3014.0,0.0,8804,502,1,,,
3014.5,0.0,8805,503,1,,,
3015.0,0.0,8807,503,1,,,
3015.5,0.0,8808,502,1,,,
3016.0,0.0,8810,502,1,,,
3016.5,0.0,8811,503,1,,,
3017.0,0.0,8813,503,1,,,
3017.5,0.0,8814,502,1,,,
3018.0,0.0,8816,502,1,,,
3018.5,0.0,8817,501,1,,,
3019.0,0.0,8819,501,1,,,
3019.5,0.0,8820,499,1,,,
3020.0,0.0,8822,499,1,,,
3020.5,0.0,8823,502,1,,,
3021.0,0.0,8825,502,1,,,
3021.5,0.0,8826,502,1,,,
3022.0,0.0,8828,502,1,,,
3022.5,0.0,8829,503,1,,,
3023.0,0.0,8831,503,1,,,
3023.5,0.0,8832,505,1,,,
3024.0,0.0,8834,505,1,,,
3024.5,0.0,8835,505,1,,,
3025.0,0.0,8837,505,1,,,
3025.5,0.0,8838,504,1,,,
3026.0,0.0,8840,504,1,,,
3026.5,0.0,8841,504,1,,,
3027.0,0.0,8843,504,1,,,
3027.5,0.0,8844,503,1,,,
3028.0,0.0,8846,503,1,,,
3028.5,0.0,8848,502,1,,,
3029.0,0.0,8849,502,1,,,
3029.5,0.0,8851,503,1,,,
3030.0,0.0,8852,503,1,,,
3030.5,0.0,8854,503,1,,,
3031.0,0.0,8855,503,1,,,
3031.5,0.0,8857,504,1,,,
3032.0,0.0,8858,504,1,,,
3032.5,0.0,8860,505,1,,,
3033.0,0.0,8861,505,1,,,
3033.5,0.0,8863,508,1,,,
3034.0,0.0,8864,508,1,,,
3034.5,0.0,8866,507,1,,,
3035.0,0.0,8867,507,1,,,
3035.5,0.0,8869,507,1,,,
3036.0,0.0,8870,507,1,,,
3036.5,0.0,8872,505,1,,,
3037.0,0.0,8873,505,1,,,
3037.5,0.0,8875,505,1,,,
3038.0,0.0,8876,505,1,,,
3038.5,0.0,8878,503,1,,,
3039.0,0.0,8880,503,1,,,
3039.5,0.0,8881,505,1,,,
3040.0,0.0,8883,505,1,,,
3040.5,0.0,8884,507,1,,,
3041.0,0.0,8886,507,1,,,
3041.5,0.0,8887,508,1,,,
3042.0,0.0,8889,508,1,,,
3042.5,0.0,8890,509,1,,,
3043.0,0.0,8892,509,1,,,
3043.5,0.0,8893,510,1,,,
3044.0,0.0,8895,510,1,,,
3044.5,0.0,8896,508,1,,,
3045.0,0.0,8898,508,1,,,
3045.5,0.0,8899,508,1,,,
3046.0,0.0,8901,508,1,,,
3046.5,0.0,8903,507,1,,,
3047.0,0.0,8904,507,1,,,
3047.5,0.0,8906,505,1,,,
3048.0,0.0,8907,505,1,,,
3048.5,0.0,8909,505,1,,,
3049.0,0.0,8910,505,1,,,
3049.5,0.0,8912,508,1,,,
3050.0,0.0,8913,508,1,,,
3050.5,0.0,8915,508,1,,,
3051.0,0.0,8916,508,1,,,
3051.5,0.0,8918,509,1,,,
3052.0,0.0,8919,509,1,,,
3052.5,0.0,8921,509,1,,,
3053.0,0.0,8922,509,1,,,
3053.5,0.0,8924,509,1,,,
3054.0,0.0,8925,509,1,,,
3054.5,0.0,8927,507,1,,,
3055.0,0.0,8928,507,1,,,
3055.5,0.0,8930,505,1,,,
3056.0,0.0,8932,505,1,,,
3056.5,0.0,8933,505,1,,,
3057.0,0.0,8935,505,1,,,
3057.5,0.0,8936,505,1,,,
3058.0,0.0,8938,505,1,,,
3058.5,0.0,8939,505,1,,,
3059.0,0.0,8941,505,1,,,
3059.5,0.0,8942,508,1,,,
3060.0,0.0,8944,508,1,,,
3060.5,0.0,8945,509,1,,,
3061.0,0.0,8947,509,1,,,
3061.5,0.0,8948,509,1,,,
3062.0,0.0,8950,509,1,,,
3062.5,0.0,8951,508,1,,,
3063.0,0.0,8953,508,1,,,
3063.5,0.0,8954,507,1,,,
3064.0,0.0,8956,507,1,,,
3064.5,0.0,8957,504,1,,,
3065.0,0.0,8959,504,1,,,
3065.5,0.0,8960,504,1,,,
3066.0,0.0,8962,504,1,,,
3066.5,0.0,8964,503,1,,,
3067.0,0.0,8965,503,1,,,
3067.5,0.0,8967,503,1,,,
3068.0,0.0,8968,503,1,,,
3068.5,0.0,8970,504,1,,,
3069.0,0.0,8971,504,1,,,
3069.5,0.0,8973,505,1,,,
3070.0,0.0,8974,505,1,,,
3070.5,0.0,8976,504,1,,,
3071.0,0.0,8977,504,1,,,
3071.5,0.0,8979,504,1,,,
3072.0,0.0,8980,504,1,,,
3072.5,0.0,8982,504,1,,,
3073.0,0.0,8983,504,1,,,
3073.5,0.0,8985,502,1,,,
3074.0,0.0,8986,502,1,,,
3074.5,0.0,8988,499,1,,,
3075.0,0.0,8989,499,1,,,
3075.5,0.0,8991,499,1,,,
3076.0,0.0,8992,499,1,,,
3076.5,0.0,8994,499,1,,,
3077.0,0.0,8995,499,1,,,
3077.5,0.0,8997,498,1,,,
3078.0,0.0,8998,498,1,,,
3078.5,0.0,9000,501,1,,,
3079.0,0.0,9001,501,1,,,
3079.5,0.0,9003,502,1,,,
3080.0,0.0,9004,502,1,,,
3080.5,0.0,9006,501,1,,,
3081.0,0.0,9007,501,1,,,
3081.5,0.0,9009,501,1,,,
3082.0,0.0,9010,501,1,,,
3082.5,0.0,9012,501,1,,,
3083.0,0.0,9013,501,1,,,
3083.5,0.0,9015,497,1,,,
3084.0,0.0,9016,497,1,,,
3084.5,0.0,9018,497,1,,,
3085.0,0.0,9019,497,1,,,
3085.5,0.0,9021,497,1,,,
3086.0,0.0,9022,497,1,,,
3086.5,0.0,9024,497,1,,,
3087.0,0.0,9025,497,1,,,
3087.5,0.0,9027,497,1,,,
3088.0,0.0,9028,497,1,,,
3088.5,0.0,9030,499,1,,,
3089.0,0.0,9031,499,1,,,
3089.5,0.0,9033,499,1,,,
3090.0,0.0,9034,499,1,,,
3090.5,0.0,9036,499,1,,,
3091.0,0.0,9037,499,1,,,
3091.5,0.0,9039,498,1,,,
3092.0,0.0,9040,498,1,,,
3092.5,0.0,9042,498,1,,,
3093.0,0.0,9043,498,1,,,
3093.5,0.0,9045,496,1,,,
3094.0,0.0,9046,496,1,,,
3094.5,0.0,9048,495,1,,,
3095.0,0.0,9049,495,1,,,
3095.5,0.0,9051,495,1,,,
3096.0,0.0,9052,495,1,,,
3096.5,0.0,9054,495,1,,,
3097.0,0.0,9055,495,1,,,
3097.5,0.0,9057,496,1,,,
3098.0,0.0,9058,496,1,,,
3098.5,0.0,9060,498,1,,,
3099.0,0.0,9061,498,1,,,
3099.5,0.0,9063,498,1,,,
3100.0,0.0,9064,498,1,,,
3100.5,0.0,9066,497,1,,,
3101.0,0.0,9067,497,1,,,
3101.5,0.0,9069,497,1,,,
3102.0,0.0,9070,497,1,,,
3102.5,0.0,9072,495,1,,,
3103.0,0.0,9073,495,1,,,
3103.5,0.0,9075,492,1,,,
3104.0,0.0,9076,492,1,,,
3104.5,0.0,9078,492,1,,,
3105.0,0.0,9079,492,1,,,
3105.5,0.0,9081,493,1,,,
3106.0,0.0,9082,493,1,,,
3106.5,0.0,9084,493,1,,,
3107.0,0.0,9085,493,1,,,
3107.5,0.0,9087,495,1,,,
3108.0,0.0,9088,495,1,,,
3108.5,0.0,9090,496,1,,,
3109.0,0.0,9091,496,1,,,
3109.5,0.0,9093,496,1,,,
3110.0,0.0,9094,496,1,,,
3110.5,0.0,9096,495,1,,,
3111.0,0.0,9097,495,1,,,
3111.5,0.0,9099,493,1,,,
3112.0,0.0,9100,493,1,,,
3112.5,0.0,9102,492,1,,,
3113.0,0.0,9103,492,1,,,
3113.5,0.0,9104,492,1,,,
3114.0,0.0,9106,492,1,,,
3114.5,0.0,9107,492,1,,,
3115.0,0.0,9109,492,1,,,
3115.5,0.0,9110,492,1,,,
3116.0,0.0,9112,492,1,,,
3116.5,0.0,9114,495,1,,,
3117.0,0.0,9115,495,1,,,
3117.5,0.0,9117,496,1,,,
3118.0,0.0,9118,496,1,,,
3118.5,0.0,9120,496,1,,,
3119.0,0.0,9121,496,1,,,
3119.5,0.0,9123,497,1,,,
3120.0,0.0,9124,497,1,,,
3120.5,0.0,9125,497,1,,,
3121.0,0.0,9127,497,1,,,
3121.5,0.0,9128,496,1,,,
3122.0,0.0,9130,496,1,,,
3122.5,0.0,9131,496,1,,,
3123.0,0.0,9133,496,1,,,
3123.5,0.0,9134,497,1,,,
3124.0,0.0,9136,497,1,,,
3124.5,0.0,9137,497,1,,,
3125.0,0.0,9139,497,1,,,
3125.5,0.0,9140,498,1,,,
3126.0,0.0,9142,498,1,,,
3126.5,0.0,9144,501,1,,,
3127.0,0.0,9145,501,1,,,
3127.5,0.0,9147,502,1,,,
3128.0,0.0,9148,502,1,,,
3128.5,0.0,9150,502,1,,,
3129.0,0.0,9151,502,1,,,
3129.5,0.0,9153,502,1,,,
3130.0,0.0,9154,502,1,,,
3130.5,0.0,9156,503,1,,,
3131.0,0.0,9157,503,1,,,
3131.5,0.0,9159,501,1,,,
3132.0,0.0,9160,501,1,,,
3132.5,0.0,9162,502,1,,,
3133.0,0.0,9163,502,1,,,
3133.5,0.0,9165,502,1,,,
3134.0,0.0,9166,502,1,,,
3134.5,0.0,9168,503,1,,,
3135.0,0.0,9169,503,1,,,
3135.5,0.0,9171,504,1,,,
3136.0,0.0,9172,504,1,,,
3136.5,0.0,9174,508,1,,,
3137.0,0.0,9175,508,1,,,
3137.5,0.0,9177,507,1,,,
3138.0,0.0,9179,507,1,,,
3138.5,0.0,9180,507,1,,,
3139.0,0.0,9182,507,1,,,
3139.5,0.0,9183,507,1,,,
3140.0,0.0,9185,507,1,,,
3140.5,0.0,9186,505,1,,,
3141.0,0.0,9188,505,1,,,
3141.5,0.0,9189,504,1,,,
3142.0,0.0,9191,504,1,,,
3142.5,0.0,9192,505,1,,,
3143.0,0.0,9194,505,1,,,
3143.5,0.0,9195,505,1,,,
3144.0,0.0,9197,505,1,,,
3144.5,0.0,9198,507,1,,,
3145.0,0.0,9200,507,1,,,
3145.5,0.0,9201,508,1,,,
3146.0,0.0,9203,508,1,,,
3146.5,0.0,9205,509,1,,,
3147.0,0.0,9206,509,1,,,
3147.5,0.0,9207,508,1,,,
3148.0,0.0,9209,508,1,,,
3148.5,0.0,9211,509,1,,,
3149.0,0.0,9212,509,1,,,
3149.5,0.0,9214,507,1,,,
3150.0,0.0,9215,507,1,,,
3150.5,0.0,9217,507,1,,,
3151.0,0.0,9218,507,1,,,
3151.5,0.0,9220,505,1,,,
3152.0,0.0,9221,505,1,,,
3152.5,0.0,9223,507,1,,,
3153.0,0.0,9224,507,1,,,
3153.5,0.0,9226,507,1,,,
3154.0,0.0,9227,507,1,,,
3154.5,0.0,9229,509,1,,,
3155.0,0.0,9231,509,1,,,
3155.5,0.0,9232,510,1,,,
3156.0,0.0,9234,510,1,,,
3156.5,0.0,9235,510,1,,,
3157.0,0.0,9237,510,1,,,
3157.5,0.0,9238,510,1,,,
3158.0,0.0,9240,510,1,,,
3158.5,0.0,9241,509,1,,,
3159.0,0.0,9243,509,1,,,
3159.5,0.0,9244,507,1,,,
3160.0,0.0,9246,507,1,,,
3160.5,0.0,9247,507,1,,,
3161.0,0.0,9249,507,1,,,
3161.5,0.0,9250,507,1,,,
3162.0,0.0,9252,507,1,,,
3162.5,0.0,9254,508,1,,,
3163.0,0.0,9255,508,1,,,
3163.5,0.0,9257,510,1,,,
3164.0,0.0,9258,510,1,,,
3164.5,0.0,9260,512,1,,,
3165.0,0.0,9261,512,1,,,
3165.5,0.0,9263,511,1,,,
3166.0,0.0,9264,511,1,,,
3166.5,0.0,9266,511,1,,,
3167.0,0.0,9267,511,1,,,
3167.5,0.0,9269,509,1,,,
3168.0,0.0,9270,509,1,,,
3168.5,0.0,9272,508,1,,,
3169.0,0.0,9273,508,1,,,
3169.5,0.0,9275,507,1,,,
3170.0,0.0,9277,507,1,,,
3170.5,0.0,9278,508,1,,,
3171.0,0.0,9280,508,1,,,
3171.5,0.0,9281,508,1,,,
3172.0,0.0,9283,508,1,,,
3172.5,0.0,9284,510,1,,,
3173.0,0.0,9286,510,1,,,
3173.5,0.0,9287,511,1,,,
3174.0,0.0,9289,511,1,,,
3174.5,0.0,9290,511,1,,,
3175.0,0.0,9292,511,1,,,
3175.5,0.0,9293,510,1,,,
3176.0,0.0,9295,510,1,,,
3176.5,0.0,9296,509,1,,,
3177.0,0.0,9298,509,1,,,
3177.5,0.0,9300,507,1,,,
3178.0,0.0,9301,507,1,,,
3178.5,0.0,9303,505,1,,,
3179.0,0.0,9304,505,1,,,
3179.5,0.0,9306,505,1,,,
3180.0,0.0,9307,505,1,,,
3180.5,0.0,9309,505,1,,,
3181.0,0.0,9310,505,1,,,
3181.5,0.0,9312,507,1,,,
3182.0,0.0,9313,507,1,,,
3182.5,0.0,9315,509,1,,,
3183.0,0.0,9316,509,1,,,
3183.5,0.0,9318,510,1,,,
3184.0,0.0,9319,510,1,,,
3184.5,0.0,9321,509,1,,,
3185.0,0.0,9322,509,1,,,
3185.5,0.0,9324,508,1,,,
3186.0,0.0,9326,508,1,,,
3186.5,0.0,9327,507,1,,,
3187.0,0.0,9329,507,1,,,
3187.5,0.0,9330,504,1,,,
3188.0,0.0,9332,504,1,,,
3188.5,0.0,9333,503,1,,,
3189.0,0.0,9335,503,1,,,
3189.5,0.0,9336,504,1,,,
3190.0,0.0,9338,504,1,,,
3190.5,0.0,9339,504,1,,,
3191.0,0.0,9341,504,1,,,
3191.5,0.0,9342,505,1,,,
3192.0,0.0,9344,505,1,,,
3192.5,0.0,9345,507,1,,,
3193.0,0.0,9347,507,1,,,
3193.5,0.0,9348,505,1,,,
3194.0,0.0,9350,505,1,,,
3194.5,0.0,9351,504,1,,,
3195.0,0.0,9353,504,1,,,
3195.5,0.0,9354,504,1,,,
3196.0,0.0,9356,504,1,,,
3196.5,0.0,9357,502,1,,,
3197.0,0.0,9359,502,1,,,
3197.5,0.0,9360,501,1,,,
3198.0,0.0,9362,501,1,,,
3198.5,0.0,9363,501,1,,,
3199.0,0.0,9365,501,1,,,
3199.5,0.0,9366,499,1,,,
3200.0,0.0,9368,499,1,,,
3200.5,0.0,9369,499,1,,,
3201.0,0.0,9371,499,1,,,
3201.5,0.0,9373,502,1,,,
3202.0,0.0,9374,502,1,,,
3202.5,0.0,9375,501,1,,,
3203.0,0.0,9377,501,1,,,
3203.5,0.0,9378,499,1,,,
3204.0,0.0,9380,499,1,,,
3204.5,0.0,9381,499,1,,,
3205.0,0.0,9383,499,1,,,
3205.5,0.0,9384,497,1,,,
3206.0,0.0,9386,497,1,,,
3206.5,0.0,9387,493,1,,,
3207.0,0.0,9389,493,1,,,
3207.5,0.0,9390,493,1,,,
3208.0,0.0,9392,493,1,,,
3208.5,0.0,9393,492,1,,,
3209.0,0.0,9395,492,1,,,
3209.5,0.0,9396,492,1,,,
3210.0,0.0,9398,492,1,,,
3210.5,0.0,9399,493,1,,,
3211.0,0.0,9401,493,1,,,
3211.5,0.0,9402,495,1,,,
3212.0,0.0,9404,495,1,,,
3212.5,0.0,9405,493,1,,,
3213.0,0.0,9407,493,1,,,
3213.5,0.0,9408,493,1,,,
3214.0,0.0,9410,493,1,,,
3214.5,0.0,9411,491,1,,,
3215.0,0.0,9413,491,1,,,
3215.5,0.0,9414,490,1,,,
3216.0,0.0,9416,490,1,,,
3216.5,0.0,9417,489,1,,,
3217.0,0.0,9418,489,1,,,
3217.5,0.0,9420,488,1,,,
3218.0,0.0,9421,488,1,,,
3218.5,0.0,9423,488,1,,,
3219.0,0.0,9424,488,1,,,
3219.5,0.0,9426,490,1,,,
3220.0,0.0,9427,490,1,,,
3220.5,0.0,9429,490,1,,,
3221.0,0.0,9430,490,1,,,
3221.5,0.0,9432,491,1,,,
3222.0,0.0,9433,491,1,,,
3222.5,0.0,9435,491,1,,,
3223.0,0.0,9436,491,1,,,
3223.5,0.0,9438,491,1,,,
3224.0,0.0,9439,491,1,,,
3224.5,0.0,9441,490,1,,,
3225.0,0.0,9442,490,1,,,
3225.5,0.0,9444,489,1,,,
3226.0,0.0,9445,489,1,,,
3226.5,0.0,9447,489,1,,,
3227.0,0.0,9448,489,1,,,
3227.5,0.0,9450,490,1,,,
3228.0,0.0,9451,490,1,,,
3228.5,0.0,9453,491,1,,,
3229.0,0.0,9454,491,1,,,
3229.5,0.0,9456,492,1,,,
3230.0,0.0,9457,492,1,,,
3230.5,0.0,9459,496,1,,,
3231.0,0.0,9460,496,1,,,
3231.5,0.0,9462,496,1,,,
3232.0,0.0,9463,496,1,,,
3232.5,0.0,9465,496,1,,,
3233.0,0.0,9466,496,1,,,
3233.5,0.0,9467,496,1,,,
3234.0,0.0,9469,496,1,,,
3234.5,0.0,9470,496,1,,,
3235.0,0.0,9472,496,1,,,
3235.5,0.0,9473,495,1,,,
3236.0,0.0,9475,495,1,,,
3236.5,0.0,9476,495,1,,,
3237.0,0.0,9478,495,1,,,
3237.5,0.0,9479,496,1,,,
3238.0,0.0,9481,496,1,,,
3238.5,0.0,9482,497,1,,,
3239.0,0.0,9484,497,1,,,
3239.5,0.0,9485,499,1,,,
3240.0,0.0,9487,499,1,,,
3240.5,0.0,9489,501,1,,,
3241.0,0.0,9490,501,1,,,
3241.5,0.0,9492,501,1,,,
3242.0,0.0,9493,501,1,,,
3242.5,0.0,9495,502,1,,,
3243.0,0.0,9496,502,1,,,
3243.5,0.0,9498,501,1,,,
3244.0,0.0,9499,501,1,,,
3244.5,0.0,9501,498,1,,,
3245.0,0.0,9502,498,1,,,
3245.5,0.0,9504,498,1,,,
3246.0,0.0,9505,498,1,,,
3246.5,0.0,9507,499,1,,,
3247.0,0.0,9508,499,1,,,
3247.5,0.0,9510,499,1,,,
3248.0,0.0,9511,499,1,,,
3248.5,0.0,9513,502,1,,,
3249.0,0.0,9514,502,1,,,
3249.5,0.0,9516,504,1,,,
3250.0,0.0,9517,504,1,,,
3250.5,0.0,9519,504,1,,,
3251.0,0.0,9520,504,1,,,
3251.5,0.0,9522,505,1,,,
3252.0,0.0,9523,505,1,,,
3252.5,0.0,9525,504,1,,,
3253.0,0.0,9526,504,1,,,
3253.5,0.0,9528,503,1,,,
3254.0,0.0,9529,503,1,,,
3254.5,0.0,9531,503,1,,,
3255.0,0.0,9532,503,1,,,
3255.5,0.0,9534,503,1,,,
3256.0,0.0,9535,503,1,,,
3256.5,0.0,9537,503,1,,,
3257.0,0.0,9539,503,1,,,
3257.5,0.0,9540,507,1,,,
3258.0,0.0,9542,507,1,,,
3258.5,0.0,9543,508,1,,,
3259.0,0.0,9545,508,1,,,
3259.5,0.0,9546,508,1,,,
3260.0,0.0,9548,508,1,,,
3260.5,0.0,9549,508,1,,,
3261.0,0.0,9551,508,1,,,
3261.5,0.0,9552,508,1,,,
3262.0,0.0,9554,508,1,,,
3262.5,0.0,9555,505,1,,,
3263.0,0.0,9557,505,1,,,
3263.5,0.0,9558,505,1,,,
3264.0,0.0,9560,505,1,,,
3264.5,0.0,9562,507,1,,,
3265.0,0.0,9563,507,1,,,
3265.5,0.0,9565,508,1,,,
3266.0,0.0,9566,508,1,,,
3266.5,0.0,9568,509,1,,,
3267.0,0.0,9569,509,1,,,
3267.5,0.0,9571,510,1,,,
3268.0,0.0,9572,510,1,,,
3268.5,0.0,9574,512,1,,,
3269.0,0.0,9575,512,1,,,
3269.5,0.0,9577,511,1,,,
3270.0,0.0,9578,511,1,,,
3270.5,0.0,9580,511,1,,,
3271.0,0.0,9582,511,1,,,
3271.5,0.0,9583,510,1,,,
3272.0,0.0,9585,510,1,,,
3272.5,0.0,9586,509,1,,,
3273.0,0.0,9588,509,1,,,
3273.5,0.0,9589,508,1,,,
3274.0,0.0,9591,508,1,,,
3274.5,0.0,9592,508,1,,,
3275.0,0.0,9594,508,1,,,
3275.5,0.0,9595,509,1,,,
3276.0,0.0,9597,509,1,,,
3276.5,0.0,9598,510,1,,,
3277.0,0.0,9600,510,1,,,
3277.5,0.0,9602,512,1,,,
3278.0,0.0,9603,512,1,,,
3278.5,0.0,9605,512,1,,,
3279.0,0.0,9606,512,1,,,
3279.5,0.0,9608,512,1,,,
3280.0,0.0,9609,512,1,,,
3280.5,0.0,9611,511,1,,,
3281.0,0.0,9612,511,1,,,
3281.5,0.0,9614,509,1,,,
3282.0,0.0,9615,509,1,,,
3282.5,0.0,9617,509,1,,,
3283.0,0.0,9618,509,1,,,
3283.5,0.0,9620,508,1,,,
3284.0,0.0,9621,508,1,,,
3284.5,0.0,9623,509,1,,,
3285.0,0.0,9625,509,1,,,
3285.5,0.0,9626,510,1,,,
3286.0,0.0,9628,510,1,,,
3286.5,0.0,9629,512,1,,,
3287.0,0.0,9631,512,1,,,
3287.5,0.0,9632,511,1,,,
3288.0,0.0,9634,511,1,,,
3288.5,0.0,9635,511,1,,,
3289.0,0.0,9637,511,1,,,
3289.5,0.0,9638,510,1,,,
3290.0,0.0,9640,510,1,,,
3290.5,0.0,9642,509,1,,,
3291.0,0.0,9643,509,1,,,
3291.5,0.0,9645,508,1,,,
3292.0,0.0,9646,508,1,,,
3292.5,0.0,9648,508,1,,,
3293.0,0.0,9649,508,1,,,
3293.5,0.0,9651,509,1,,,
3294.0,0.0,9652,509,1,,,
3294.5,0.0,9654,510,1,,,
3295.0,0.0,9655,510,1,,,
3295.5,0.0,9657,510,1,,,
3296.0,0.0,9658,510,1,,,
3296.5,0.0,9660,511,1,,,
3297.0,0.0,9662,511,1,,,
3297.5,0.0,9663,511,1,,,
3298.0,0.0,9665,511,1,,,
3298.5,0.0,9666,509,1,,,
3299.0,0.0,9668,509,1,,,
3299.5,0.0,9669,508,1,,,
3300.0,0.0,9671,508,1,,,
3300.5,0.0,9672,507,1,,,
3301.0,0.0,9674,507,1,,,
3301.5,0.0,9675,507,1,,,
3302.0,0.0,9677,507,1,,,
3302.5,0.0,9678,505,1,,,
3303.0,0.0,9680,505,1,,,
3303.5,0.0,9681,508,1,,,
3304.0,0.0,9683,508,1,,,
3304.5,0.0,9684,508,1,,,
3305.0,0.0,9686,508,1,,,
3305.5,0.0,9687,509,1,,,
3306.0,0.0,9689,509,1,,,
3306.5,0.0,9691,508,1,,,
3307.0,0.0,9692,508,1,,,
3307.5,0.0,9694,508,1,,,
3308.0,0.0,9695,508,1,,,
3308.5,0.0,9697,505,1,,,
3309.0,0.0,9698,505,1,,,
3309.5,0.0,9700,503,1,,,
3310.0,0.0,9701,503,1,,,
3310.5,0.0,9703,502,1,,,
3311.0,0.0,9704,502,1,,,
3311.5,0.0,9706,502,1,,,
3312.0,0.0,9707,502,1,,,
3312.5,0.0,9709,501,1,,,
3313.0,0.0,9710,501,1,,,
3313.5,0.0,9712,502,1,,,
3314.0,0.0,9713,502,1,,,
3314.5,0.0,9715,503,1,,,
3315.0,0.0,9716,503,1,,,
3315.5,0.0,9718,503,1,,,
3316.0,0.0,9719,503,1,,,
3316.5,0.0,9721,501,1,,,
3317.0,0.0,9722,501,1,,,
3317.5,0.0,9724,501,1,,,
3318.0,0.0,9725,501,1,,,
3318.5,0.0,9727,498,1,,,
3319.0,0.0,9728,498,1,,,
3319.5,0.0,9730,497,1,,,
3320.0,0.0,9731,497,1,,,
3320.5,0.0,9733,496,1,,,
3321.0,0.0,9734,496,1,,,
3321.5,0.0,9736,497,1,,,
3322.0,0.0,9737,497,1,,,
3322.5,0.0,9739,497,1,,,
3323.0,0.0,9740,497,1,,,
3323.5,0.0,9742,498,1,,,
3324.0,0.0,9743,498,1,,,
3324.5,0.0,9745,498,1,,,
3325.0,0.0,9746,498,1,,,
3325.5,0.0,9748,498,1,,,
3326.0,0.0,9749,498,1,,,
3326.5,0.0,9751,497,1,,,
3327.0,0.0,9752,497,1,,,
3327.5,0.0,9754,497,1,,,
3328.0,0.0,9755,497,1,,,
3328.5,0.0,9757,495,1,,,
3329.0,0.0,9758,495,1,,,
3329.5,0.0,9760,495,1,,,
3330.0,0.0,9761,495,1,,,
3330.5,0.0,9763,495,1,,,
3331.0,0.0,9764,495,1,,,
3331.5,0.0,9766,495,1,,,
3332.0,0.0,9767,495,1,,,
3332.5,0.0,9769,495,1,,,
3333.0,0.0,9770,495,1,,,
3333.5,0.0,9772,497,1,,,
3334.0,0.0,9773,497,1,,,
3334.5,0.0,9775,497,1,,,
3335.0,0.0,9776,497,1,,,
3335.5,0.0,9778,497,1,,,
3336.0,0.0,9779,497,1,,,
3336.5,0.0,9781,496,1,,,
3337.0,0.0,9782,496,1,,,
3337.5,0.0,9784,493,1,,,
3338.0,0.0,9785,493,1,,,
3338.5,0.0,9787,492,1,,,
3339.0,0.0,9788,492,1,,,
3339.5,0.0,9789,492,1,,,
3340.0,0.0,9791,492,1,,,
3340.5,0.0,9792,492,1,,,
3341.0,0.0,9794,492,1,,,
3341.5,0.0,9795,493,1,,,
3342.0,0.0,9797,493,1,,,
3342.5,0.0,9798,496,1,,,
3343.0,0.0,9800,496,1,,,
3343.5,0.0,9801,497,1,,,
3344.0,0.0,9803,497,1,,,
3344.5,0.0,9804,496,1,,,
3345.0,0.0,9806,496,1,,,
3345.5,0.0,9807,496,1,,,
3346.0,0.0,9809,496,1,,,
3346.5,0.0,9810,495,1,,,
3347.0,0.0,9812,495,1,,,
3347.5,0.0,9813,493,1,,,
3348.0,0.0,9815,493,1,,,
3348.5,0.0,9816,492,1,,,
3349.0,0.0,9818,492,1,,,
3349.5,0.0,9819,493,1,,,
3350.0,0.0,9821,493,1,,,
3350.5,0.0,9822,493,1,,,
3351.0,0.0,9824,493,1,,,
3351.5,0.0,9825,495,1,,,
3352.0,0.0,9827,495,1,,,
3352.5,0.0,9828,497,1,,,
3353.0,0.0,9830,497,1,,,
3353.5,0.0,9831,498,1,,,
3354.0,0.0,9833,498,1,,,
3354.5,0.0,9834,497,1,,,
3355.0,0.0,9836,497,1,,,
3355.5,0.0,9837,497,1,,,
3356.0,0.0,9839,497,1,,,
3356.5,0.0,9840,497,1,,,
3357.0,0.0,9842,497,1,,,
3357.5,0.0,9843,497,1,,,
3358.0,0.0,9845,497,1,,,
3358.5,0.0,9846,496,1,,,
3359.0,0.0,9848,496,1,,,
3359.5,0.0,9849,498,1,,,
3360.0,0.0,9851,498,1,,,
3360.5,0.0,9852,498,1,,,
3361.0,0.0,9854,498,1,,,
3361.5,0.0,9855,501,1,,,
3362.0,0.0,9857,501,1,,,
3362.5,0.0,9858,501,1,,,
3363.0,0.0,9860,501,1,,,
3363.5,0.0,9861,502,1,,,
3364.0,0.0,9863,502,1,,,
3364.5,0.0,9865,503,1,,,
3365.0,0.0,9866,503,1,,,
3365.5,0.0,9868,503,1,,,
3366.0,0.0,9869,503,1,,,
3366.5,0.0,9871,502,1,,,
3367.0,0.0,9872,502,1,,,
3367.5,0.0,9874,503,1,,,
3368.0,0.0,9875,503,1,,,
3368.5,0.0,9877,503,1,,,
3369.0,0.0,9878,503,1,,,
3369.5,0.0,9880,503,1,,,
3370.0,0.0,9881,503,1,,,
3370.5,0.0,9883,505,1,,,
3371.0,0.0,9884,505,1,,,
3371.5,0.0,9886,508,1,,,
3372.0,0.0,9887,508,1,,,
3372.5,0.0,9889,507,1,,,
3373.0,0.0,9890,507,1,,,
3373.5,0.0,9892,508,1,,,
3374.0,0.0,9893,508,1,,,
3374.5,0.0,9895,508,1,,,
3375.0,0.0,9896,508,1,,,
3375.5,0.0,9898,507,1,,,
3376.0,0.0,9900,507,1,,,
3376.5,0.0,9901,505,1,,,
3377.0,0.0,9903,505,1,,,
3377.5,0.0,9904,507,1,,,
3378.0,0.0,9906,507,1,,,
3378.5,0.0,9907,507,1,,,
3379.0,0.0,9909,507,1,,,
3379.5,0.0,9910,508,1,,,
3380.0,0.0,9912,508,1,,,
3380.5,0.0,9913,509,1,,,
3381.0,0.0,9915,509,1,,,
3381.5,0.0,9917,510,1,,,
3382.0,0.0,9918,510,1,,,
3382.5,0.0,9920,510,1,,,
3383.0,0.0,9921,510,1,,,
3383.5,0.0,9923,511,1,,,
3384.0,0.0,9924,511,1,,,
3384.5,0.0,9926,509,1,,,
3385.0,0.0,9927,509,1,,,
3385.5,0.0,9929,509,1,,,
3386.0,0.0,9930,509,1,,,
3386.5,0.0,9932,509,1,,,
3387.0,0.0,9933,509,1,,,
3387.5,0.0,9935,510,1,,,
3388.0,0.0,9937,510,1,,,
3388.5,0.0,9938,510,1,,,
3389.0,0.0,9940,510,1,,,
3389.5,0.0,9941,514,1,,,
3390.0,0.0,9943,514,1,,,
3390.5,0.0,9944,515,1,,,
3391.0,0.0,9946,515,1,,,
3391.5,0.0,9947,515,1,,,
3392.0,0.0,9949,515,1,,,
3392.5,0.0,9950,514,1,,,
3393.0,0.0,9952,514,1,,,
3393.5,0.0,9953,512,1,,,
3394.0,0.0,9955,512,1,,,
3394.5,0.0,9957,510,1,,,
3395.0,0.0,9958,510,1,,,
3395.5,0.0,9960,511,1,,,
3396.0,0.0,9961,511,1,,,
3396.5,0.0,9963,511,1,,,
3397.0,0.0,9964,511,1,,,
3397.5,0.0,9966,512,1,,,
3398.0,0.0,9967,512,1,,,
3398.5,0.0,9969,515,1,,,
3399.0,0.0,9971,515,1,,,
3399.5,0.0,9972,517,1,,,
3400.0,0.0,9974,517,1,,,
3400.5,0.0,9975,516,1,,,
3401.0,0.0,9977,516,1,,,
3401.5,0.0,9978,516,1,,,
3402.0,0.0,9980,516,1,,,
3402.5,0.0,9981,516,1,,,
3403.0,0.0,9983,516,1,,,
3403.5,0.0,9985,514,1,,,
3404.0,0.0,9986,514,1,,,
3404.5,0.0,9988,514,1,,,
3405.0,0.0,9989,514,1,,,
3405.5,0.0,9991,514,1,,,
3406.0,0.0,9992,514,1,,,
3406.5,0.0,9994,515,1,,,
3407.0,0.0,9995,515,1,,,
3407.5,0.0,9997,515,1,,,
3408.0,0.0,9999,515,1,,,
3408.5,0.0,10000,517,1,,,
3409.0,0.0,10002,517,1,,,
3409.5,0.0,10003,517,1,,,
3410.0,0.0,10005,517,1,,,
3410.5,0.0,10006,516,1,,,
3411.0,0.0,10008,516,1,,,
3411.5,0.0,10009,515,1,,,
3412.0,0.0,10011,515,1,,,
3412.5,0.0,10012,515,1,,,
3413.0,0.0,10014,515,1,,,
3413.5,0.0,10016,514,1,,,
3414.0,0.0,10017,514,1,,,
3414.5,0.0,10019,512,1,,,
3415.0,0.0,10020,512,1,,,
3415.5,0.0,10022,514,1,,,
3416.0,0.0,10023,514,1,,,
3416.5,0.0,10025,515,1,,,
3417.0,0.0,10026,515,1,,,
3417.5,0.0,10028,516,1,,,
3418.0,0.0,10030,516,1,,,
3418.5,0.0,10031,516,1,,,
3419.0,0.0,10033,516,1,,,
3419.5,0.0,10034,516,1,,,
3420.0,0.0,10036,516,1,,,
3420.5,0.0,10037,515,1,,,
3421.0,0.0,10039,515,1,,,
3421.5,0.0,10040,512,1,,,
3422.0,0.0,10042,512,1,,,
3422.5,0.0,10043,511,1,,,
3423.0,0.0,10045,511,1,,,
3423.5,0.0,10046,511,1,,,
3424.0,0.0,10048,511,1,,,
3424.5,0.0,10050,510,1,,,
3425.0,0.0,10051,510,1,,,
3425.5,0.0,10053,512,1,,,
3426.0,0.0,10054,512,1,,,
3426.5,0.0,10056,514,1,,,
3427.0,0.0,10057,514,1,,,
3427.5,0.0,10059,512,1,,,
3428.0,0.0,10060,512,1,,,
3428.5,0.0,10062,511,1,,,
3429.0,0.0,10064,511,1,,,
3429.5,0.0,10065,511,1,,,
3430.0,0.0,10067,511,1,,,
3430.5,0.0,10068,508,1,,,
3431.0,0.0,10070,508,1,,,
3431.5,0.0,10071,507,1,,,
3432.0,0.0,10073,507,1,,,
3432.5,0.0,10074,507,1,,,
3433.0,0.0,10076,507,1,,,
3433.5,0.0,10077,507,1,,,
3434.0,0.0,10079,507,1,,,
3434.5,0.0,10080,507,1,,,
3435.0,0.0,10082,507,1,,,
3435.5,0.0,10083,508,1,,,
3436.0,0.0,10085,508,1,,,
3436.5,0.0,10086,508,1,,,
3437.0,0.0,10088,508,1,,,
3437.5,0.0,10089,507,1,,,
3438.0,0.0,10091,507,1,,,
3438.5,0.0,10092,505,1,,,
3439.0,0.0,10094,505,1,,,
3439.5,0.0,10095,503,1,,,
3440.0,0.0,10097,503,1,,,
3440.5,0.0,10098,502,1,,,
3441.0,0.0,10100,502,1,,,
3441.5,0.0,10101,501,1,,,
3442.0,0.0,10103,501,1,,,
3442.5,0.0,10104,501,1,,,
3443.0,0.0,10106,501,1,,,
3443.5,0.0,10107,499,1,,,
3444.0,0.0,10109,499,1,,,
3444.5,0.0,10111,501,1,,,
3445.0,0.0,10112,501,1,,,
3445.5,0.0,10114,502,1,,,
3446.0,0.0,10115,502,1,,,
3446.5,0.0,10117,502,1,,,
3447.0,0.0,10118,502,1,,,
3447.5,0.0,10120,501,1,,,
3448.0,0.0,10121,501,1,,,
3448.5,0.0,10123,501,1,,,
3449.0,0.0,10124,501,1,,,
3449.5,0.0,10126,498,1,,,
3450.0,0.0,10127,498,1,,,
3450.5,0.0,10129,497,1,,,
3451.0,0.0,10130,497,1,,,
3451.5,0.0,10132,496,1,,,
3452.0,0.0,10133,496,1,,,
3452.5,0.0,10135,496,1,,,
3453.0,0.0,10136,496,1,,,
3453.5,0.0,10138,497,1,,,
3454.0,0.0,10139,497,1,,,
3454.5,0.0,10141,499,1,,,
3455.0,0.0,10142,499,1,,,
3455.5,0.0,10144,499,1,,,
3456.0,0.0,10145,499,1,,,
3456.5,0.0,10147,499,1,,,
3457.0,0.0,10148,499,1,,,
3457.5,0.0,10150,499,1,,,
3458.0,0.0,10151,499,1,,,
3458.5,0.0,10153,498,1,,,
3459.0,0.0,10154,498,1,,,
3459.5,0.0,10156,496,1,,,
3460.0,0.0,10157,496,1,,,
3460.5,0.0,10159,496,1,,,
3461.0,0.0,10160,496,1,,,
3461.5,0.0,10162,496,1,,,
3462.0,0.0,10163,496,1,,,
3462.5,0.0,10165,496,1,,,
3463.0,0.0,10166,496,1,,,
3463.5,0.0,10168,498,1,,,
3464.0,0.0,10169,498,1,,,
3464.5,0.0,10171,501,1,,,
3465.0,0.0,10172,501,1,,,
3465.5,0.0,10174,499,1,,,
3466.0,0.0,10175,499,1,,,
3466.5,0.0,10177,501,1,,,
3467.0,0.0,10178,501,1,,,
3467.5,0.0,10180,499,1,,,
3468.0,0.0,10181,499,1,,,
3468.5,0.0,10183,497,1,,,
3469.0,0.0,10184,497,1,,,
3469.5,0.0,10186,496,1,,,
3470.0,0.0,10187,496,1,,,
3470.5,0.0,10189,497,1,,,
3471.0,0.0,10190,497,1,,,
3471.5,0.0,10192,496,1,,,
3472.0,0.0,10193,496,1,,,
3472.5,0.0,10195,498,1,,,
3473.0,0.0,10196,498,1,,,
3473.5,0.0,10198,499,1,,,
3474.0,0.0,10199,499,1,,,
3474.5,0.0,10201,501,1,,,
3475.0,0.0,10202,501,1,,,
3475.5,0.0,10204,501,1,,,
3476.0,0.0,10205,501,1,,,
3476.5,0.0,10207,501,1,,,
3477.0,0.0,10208,501,1,,,
3477.5,0.0,10210,499,1,,,
3478.0,0.0,10211,499,1,,,
3478.5,0.0,10213,497,1,,,
3479.0,0.0,10214,497,1,,,
3479.5,0.0,10216,497,1,,,
3480.0,0.0,10217,497,1,,,
3480.5,0.0,10219,497,1,,,
3481.0,0.0,10220,497,1,,,
3481.5,0.0,10222,497,1,,,
3482.0,0.0,10223,497,1,,,
3482.5,0.0,10225,499,1,,,
3483.0,0.0,10226,499,1,,,
3483.5,0.0,10228,502,1,,,
3484.0,0.0,10229,502,1,,,
3484.5,0.0,10231,502,1,,,
3485.0,0.0,10232,502,1,,,
3485.5,0.0,10234,502,1,,,
3486.0,0.0,10235,502,1,,,
3486.5,0.0,10237,502,1,,,
3487.0,0.0,10238,502,1,,,
3487.5,0.0,10240,499,1,,,
3488.0,0.0,10241,499,1,,,
3488.5,0.0,10243,499,1,,,
3489.0,0.0,10244,499,1,,,
3489.5,0.0,10246,499,1,,,
3490.0,0.0,10247,499,1,,,
3490.5,0.0,10249,499,1,,,
3491.0,0.0,10250,499,1,,,
3491.5,0.0,10252,502,1,,,
3492.0,0.0,10253,502,1,,,
3492.5,0.0,10255,503,1,,,
3493.0,0.0,10257,503,1,,,
3493.5,0.0,10258,503,1,,,
3494.0,0.0,10260,503,1,,,
3494.5,0.0,10261,503,1,,,
3495.0,0.0,10263,503,1,,,
3495.5,0.0,10264,503,1,,,
3496.0,0.0,10266,503,1,,,
3496.5,0.0,10267,502,1,,,
3497.0,0.0,10269,502,1,,,
3497.5,0.0,10270,502,1,,,
3498.0,0.0,10272,502,1,,,
3498.5,0.0,10273,502,1,,,
3499.0,0.0,10275,502,1,,,
3499.5,0.0,10276,503,1,,,
3500.0,0.0,10278,503,1,,,
3500.5,0.0,10279,503,1,,,
3501.0,0.0,10281,503,1,,,
3501.5,0.0,10282,504,1,,,
3502.0,0.0,10284,504,1,,,
3502.5,0.0,10285,505,1,,,
3503.0,0.0,10287,505,1,,,
3503.5,0.0,10288,507,1,,,
3504.0,0.0,10290,507,1,,,
3504.5,0.0,10291,505,1,,,
3505.0,0.0,10293,505,1,,,
3505.5,0.0,10295,505,1,,,
3506.0,0.0,10296,505,1,,,
3506.5,0.0,10298,504,1,,,
3507.0,0.0,10299,504,1,,,
3507.5,0.0,10301,504,1,,,
3508.0,0.0,10302,504,1,,,
3508.5,0.0,10304,503,1,,,
3509.0,0.0,10305,503,1,,,
3509.5,0.0,10307,504,1,,,
3510.0,0.0,10308,504,1,,,
3510.5,0.0,10310,504,1,,,
3511.0,0.0,10311,504,1,,,
3511.5,0.0,10313,507,1,,,
3512.0,0.0,10314,507,1,,,
3512.5,0.0,10316,505,1,,,
3513.0,0.0,10317,505,1,,,
3513.5,0.0,10319,505,1,,,
3514.0,0.0,10320,505,1,,,
3514.5,0.0,10322,504,1,,,
3515.0,0.0,10323,504,1,,,
3515.5,0.0,10325,504,1,,,
3516.0,0.0,10326,504,1,,,
3516.5,0.0,10328,502,1,,,
3517.0,0.0,10329,502,1,,,
3517.5,0.0,10331,503,1,,,
3518.0,0.0,10332,503,1,,,
3518.5,0.0,10334,503,1,,,
3519.0,0.0,10336,503,1,,,
3519.5,0.0,10337,504,1,,,
3520.0,0.0,10339,504,1,,,
3520.5,0.0,10340,505,1,,,
3521.0,0.0,10342,505,1,,,
3521.5,0.0,10343,507,1,,,
3522.0,0.0,10345,507,1,,,
3522.5,0.0,10346,507,1,,,
3523.0,0.0,10348,507,1,,,
3523.5,0.0,10349,507,1,,,
3524.0,0.0,10351,507,1,,,
3524.5,0.0,10352,505,1,,,
3525.0,0.0,10354,505,1,,,
3525.5,0.0,10355,503,1,,,
3526.0,0.0,10357,503,1,,,
3526.5,0.0,10358,503,1,,,
3527.0,0.0,10360,503,1,,,
3527.5,0.0,10361,503,1,,,
3528.0,0.0,10363,503,1,,,
3528.5,0.0,10364,504,1,,,
3529.0,0.0,10366,504,1,,,
3529.5,0.0,10368,505,1,,,
3530.0,0.0,10369,505,1,,,
3530.5,0.0,10371,508,1,,,
3531.0,0.0,10372,508,1,,,
3531.5,0.0,10374,508,1,,,
3532.0,0.0,10375,508,1,,,
3532.5,0.0,10377,507,1,,,
3533.0,0.0,10378,507,1,,,
3533.5,0.0,10380,505,1,,,
3534.0,0.0,10381,505,1,,,
3534.5,0.0,10383,504,1,,,
3535.0,0.0,10384,504,1,,,
3535.5,0.0,10386,503,1,,,
3536.0,0.0,10387,503,1,,,
3536.5,0.0,10389,503,1,,,
3537.0,0.0,10390,503,1,,,
3537.5,0.0,10392,503,1,,,
3538.0,0.0,10393,503,1,,,
3538.5,0.0,10395,505,1,,,
3539.0,0.0,10396,505,1,,,
3539.5,0.0,10398,505,1,,,
3540.0,0.0,10400,505,1,,,
3540.5,0.0,10401,505,1,,,
3541.0,0.0,10403,505,1,,,
3541.5,0.0,10404,505,1,,,
3542.0,0.0,10406,505,1,,,
3542.5,0.0,10407,504,1,,,
3543.0,0.0,10409,504,1,,,
3543.5,0.0,10410,502,1,,,
3544.0,0.0,10412,502,1,,,
3544.5,0.0,10413,501,1,,,
3545.0,0.0,10415,501,1,,,
3545.5,0.0,10416,501,1,,,
3546.0,0.0,10418,501,1,,,
3546.5,0.0,10419,499,1,,,
3547.0,0.0,10421,499,1,,,
3547.5,0.0,10422,501,1,,,
3548.0,0.0,10424,501,1,,,
3548.5,0.0,10425,501,1,,,
3549.0,0.0,10427,501,1,,,
3549.5,0.0,10428,502,1,,,
3550.0,0.0,10430,502,1,,,
3550.5,0.0,10431,502,1,,,
3551.0,0.0,10433,502,1,,,
3551.5,0.0,10434,501,1,,,
3552.0,0.0,10436,501,1,,,
3552.5,0.0,10437,499,1,,,
3553.0,0.0,10439,499,1,,,
3553.5,0.0,10440,497,1,,,
3554.0,0.0,10442,497,1,,,
3554.5,0.0,10443,497,1,,,
3555.0,0.0,10445,497,1,,,
3555.5,0.0,10446,497,1,,,
3556.0,0.0,10448,497,1,,,
3556.5,0.0,10449,497,1,,,
3557.0,0.0,10451,497,1,,,
3557.5,0.0,10452,497,1,,,
3558.0,0.0,10454,497,1,,,
3558.5,0.0,10455,499,1,,,
3559.0,0.0,10457,499,1,,,
3559.5,0.0,10458,499,1,,,
3560.0,0.0,10460,499,1,,,
3560.5,0.0,10461,497,1,,,
3561.0,0.0,10463,497,1,,,
3561.5,0.0,10464,497,1,,,
3562.0,0.0,10466,497,1,,,
3562.5,0.0,10467,496,1,,,
3563.0,0.0,10469,496,1,,,
3563.5,0.0,10470,495,1,,,
3564.0,0.0,10472,495,1,,,
3564.5,0.0,10473,493,1,,,
3565.0,0.0,10475,493,1,,,
3565.5,0.0,10476,493,1,,,
3566.0,0.0,10478,493,1,,,
3566.5,0.0,10479,495,1,,,
3567.0,0.0,10481,495,1,,,
3567.5,0.0,10482,496,1,,,
3568.0,0.0,10484,496,1,,,
3568.5,0.0,10485,496,1,,,
3569.0,0.0,10487,496,1,,,
3569.5,0.0,10488,495,1,,,
3570.0,0.0,10490,495,1,,,
3570.5,0.0,10491,495,1,,,
3571.0,0.0,10492,495,1,,,
3571.5,0.0,10494,493,1,,,
3572.0,0.0,10495,493,1,,,
3572.5,0.0,10497,491,1,,,
3573.0,0.0,10498,491,1,,,
3573.5,0.0,10500,490,1,,,
3574.0,0.0,10501,490,1,,,
3574.5,0.0,10503,490,1,,,
3575.0,0.0,10504,490,1,,,
3575.5,0.0,10506,490,1,,,
3576.0,0.0,10507,490,1,,,
3576.5,0.0,10509,490,1,,,
3577.0,0.0,10510,490,1,,,
3577.5,0.0,10512,492,1,,,
3578.0,0.0,10513,492,1,,,
3578.5,0.0,10515,492,1,,,
3579.0,0.0,10516,492,1,,,
3579.5,0.0,10518,492,1,,,
3580.0,0.0,10519,492,1,,,
3580.5,0.0,10521,492,1,,,
3581.0,0.0,10522,492,1,,,
3581.5,0.0,10523,490,1,,,
3582.0,0.0,10525,490,1,,,
3582.5,0.0,10526,489,1,,,
3583.0,0.0,10528,489,1,,,
3583.5,0.0,10529,489,1,,,
3584.0,0.0,10531,489,1,,,
3584.5,0.0,10532,489,1,,,
3585.0,0.0,10534,489,1,,,
3585.5,0.0,10535,489,1,,,
3586.0,0.0,10537,489,1,,,
3586.5,0.0,10538,491,1,,,
3587.0,0.0,10540,491,1,,,
3587.5,0.0,10541,492,1,,,
3588.0,0.0,10543,492,1,,,
3588.5,0.0,10544,493,1,,,
3589.0,0.0,10546,493,1,,,
3589.5,0.0,10547,493,1,,,
3590.0,0.0,10549,493,1,,,
3590.5,0.0,10550,493,1,,,
3591.0,0.0,10552,493,1,,,
3591.5,0.0,10553,492,1,,,
3592.0,0.0,10555,492,1,,,
3592.5,0.0,10556,492,1,,,
3593.0,0.0,10558,492,1,,,
3593.5,0.0,10559,492,1,,,
3594.0,0.0,10561,492,1,,,
3594.5,0.0,10562,495,1,,,
3595.0,0.0,10564,495,1,,,
3595.5,0.0,10565,497,1,,,
3596.0,0.0,10567,497,1,,,
3596.5,0.0,10568,499,1,,,
3597.0,0.0,10570,499,1,,,
3597.5,0.0,10571,501,1,,,
3598.0,0.0,10573,501,1,,,
3598.5,0.0,10574,502,1,,,
3599.0,0.0,10576,502,1,,,
3599.5,0.0,10577,501,1,,,
3600.0,0.0,10579,501,1,,,
3600.5,0.0,10580,501,1,,,
3601.0,0.0,10582,501,1,,,
3601.5,0.0,10583,499,1,,,
3602.0,0.0,10585,499,1,,,
3602.5,0.0,10586,501,1,,,
3603.0,0.0,10588,501,1,,,
3603.5,0.0,10589,502,1,,,
3604.0,0.0,10591,502,1,,,
3604.5,0.0,10592,503,1,,,
3605.0,0.0,10594,503,1,,,
3605.5,0.0,10596,505,1,,,
3606.0,0.0,10597,505,1,,,
3606.5,0.0,10599,508,1,,,
3607.0,0.0,10600,508,1,,,
3607.5,0.0,10602,508,1,,,
3608.0,0.0,10603,508,1,,,
3608.5,0.0,10605,507,1,,,
3609.0,0.0,10606,507,1,,,
3609.5,0.0,10608,507,1,,,
3610.0,0.0,10609,507,1,,,
3610.5,0.0,10611,504,1,,,
3611.0,0.0,10612,504,1,,,
3611.5,0.0,10614,504,1,,,
3612.0,0.0,10615,504,1,,,
3612.5,0.0,10617,504,1,,,
3613.0,0.0,10618,504,1,,,
3613.5,0.0,10620,505,1,,,
3614.0,0.0,10621,505,1,,,
3614.5,0.0,10623,508,1,,,
3615.0,0.0,10625,508,1,,,
3615.5,0.0,10626,509,1,,,
3616.0,0.0,10628,509,1,,,
3616.5,0.0,10629,509,1,,,
3617.0,0.0,10631,509,1,,,
3617.5,0.0,10632,509,1,,,
3618.0,0.0,10634,509,1,,,
3618.5,0.0,10635,508,1,,,
3619.0,0.0,10637,508,1,,,
3619.5,0.0,10638,505,1,,,
3620.0,0.0,10640,505,1,,,
3620.5,0.0,10641,505,1,,,
3621.0,0.0,10643,505,1,,,
3621.5,0.0,10644,505,1,,,
3622.0,0.0,10646,505,1,,,
3622.5,0.0,10647,505,1,,,
3623.0,0.0,10649,505,1,,,
3623.5,0.0,10651,508,1,,,
3624.0,0.0,10652,508,1,,,
3624.5,0.0,10654,509,1,,,
3625.0,0.0,10655,509,1,,,
3625.5,0.0,10657,510,1,,,
3626.0,0.0,10658,510,1,,,
3626.5,0.0,10660,509,1,,,
3627.0,0.0,10661,509,1,,,
3627.5,0.0,10663,509,1,,,
3628.0,0.0,10664,509,1,,,
3628.5,0.0,10666,507,1,,,
3629.0,0.0,10667,507,1,,,
3629.5,0.0,10669,507,1,,,
3630.0,0.0,10670,507,1,,,
3630.5,0.0,10672,505,1,,,
3631.0,0.0,10674,505,1,,,
3631.5,0.0,10675,508,1,,,
3632.0,0.0,10677,508,1,,,
3632.5,0.0,10678,508,1,,,
3633.0,0.0,10680,508,1,,,
3633.5,0.0,10681,510,1,,,
3634.0,0.0,10683,510,1,,,
3634.5,0.0,10684,511,1,,,
3635.0,0.0,10686,511,1,,,
3635.5,0.0,10687,512,1,,,
3636.0,0.0,10689,512,1,,,
3636.5,0.0,10690,511,1,,,
3637.0,0.0,10692,511,1,,,
3637.5,0.0,10694,511,1,,,
3638.0,0.0,10695,511,1,,,
3638.5,0.0,10697,510,1,,,
3639.0,0.0,10698,510,1,,,
3639.5,0.0,10700,509,1,,,
3640.0,0.0,10701,509,1,,,
3640.5,0.0,10703,509,1,,,
3641.0,0.0,10704,509,1,,,
3641.5,0.0,10706,510,1,,,
3642.0,0.0,10707,510,1,,,
3642.5,0.0,10709,511,1,,,
3643.0,0.0,10711,511,1,,,
3643.5,0.0,10712,512,1,,,
3644.0,0.0,10714,512,1,,,
3644.5,0.0,10715,514,1,,,
3645.0,0.0,10717,514,1,,,
3645.5,0.0,10718,512,1,,,
3646.0,0.0,10720,512,1,,,
3646.5,0.0,10721,511,1,,,
3647.0,0.0,10723,511,1,,,
3647.5,0.0,10724,511,1,,,
3648.0,0.0,10726,511,1,,,
3648.5,0.0,10728,510,1,,,
3649.0,0.0,10729,510,1,,,
3649.5,0.0,10731,510,1,,,
3650.0,0.0,10732,510,1,,,
3650.5,0.0,10734,511,1,,,
3651.0,0.0,10735,511,1,,,
3651.5,0.0,10737,512,1,,,
3652.0,0.0,10738,512,1,,,
3652.5,0.0,10740,512,1,,,
3653.0,0.0,10741,512,1,,,
3653.5,0.0,10743,514,1,,,
3654.0,0.0,10745,514,1,,,
3654.5,0.0,10746,514,1,,,
3655.0,0.0,10748,514,1,,,
3655.5,0.0,10749,512,1,,,
3656.0,0.0,10751,512,1,,,
3656.5,0.0,10752,511,1,,,
3657.0,0.0,10754,511,1,,,
3657.5,0.0,10755,510,1,,,
3658.0,0.0,10757,510,1,,,
3658.5,0.0,10758,510,1,,,
3659.0,0.0,10760,510,1,,,
3659.5,0.0,10761,509,1,,,
3660.0,0.0,10763,509,1,,,
3660.5,0.0,10765,511,1,,,
3661.0,0.0,10766,511,1,,,
3661.5,0.0,10768,511,1,,,
3662.0,0.0,10769,511,1,,,
3662.5,0.0,10771,512,1,,,
3663.0,0.0,10772,512,1,,,
3663.5,0.0,10774,511,1,,,
3664.0,0.0,10775,511,1,,,
3664.5,0.0,10777,511,1,,,
3665.0,0.0,10778,511,1,,,
3665.5,0.0,10780,508,1,,,
3666.0,0.0,10781,508,1,,,
3666.5,0.0,10783,508,1,,,
3667.0,0.0,10784,508,1,,,
3667.5,0.0,10786,507,1,,,
3668.0,0.0,10787,507,1,,,
3668.5,0.0,10789,507,1,,,
3669.0,0.0,10791,507,1,,,
3669.5,0.0,10792,507,1,,,
3670.0,0.0,10794,507,1,,,
3670.5,0.0,10795,508,1,,,
3671.0,0.0,10797,508,1,,,
3671.5,0.0,10798,508,1,,,
3672.0,0.0,10800,508,1,,,
3672.5,0.0,10801,507,1,,,
3673.0,0.0,10803,507,1,,,
3673.5,0.0,10804,507,1,,,
3674.0,0.0,10806,507,1,,,
3674.5,0.0,10807,504,1,,,
3675.0,0.0,10809,504,1,,,
3675.5,0.0,10810,502,1,,,
3676.0,0.0,10812,502,1,,,
3676.5,0.0,10813,502,1,,,
3677.0,0.0,10815,502,1,,,
3677.5,0.0,10816,502,1,,,
3678.0,0.0,10818,502,1,,,
3678.5,0.0,10819,501,1,,,
3679.0,0.0,10821,501,1,,,
3679.5,0.0,10822,503,1,,,
3680.0,0.0,10824,503,1,,,
3680.5,0.0,10825,505,1,,,
3681.0,0.0,10827,505,1,,,
3681.5,0.0,10828,504,1,,,
3682.0,0.0,10830,504,1,,,
3682.5,0.0,10832,503,1,,,
3683.0,0.0,10833,503,1,,,
3683.5,0.0,10834,503,1,,,
3684.0,0.0,10836,503,1,,,
3684.5,0.0,10837,501,1,,,
3685.0,0.0,10839,501,1,,,
3685.5,0.0,10840,498,1,,,
3686.0,0.0,10842,498,1,,,
3686.5,0.0,10843,498,1,,,
3687.0,0.0,10845,498,1,,,
3687.5,0.0,10846,498,1,,,
3688.0,0.0,10848,498,1,,,
3688.5,0.0,10850,498,1,,,
3689.0,0.0,10851,498,1,,,
3689.5,0.0,10853,499,1,,,
3690.0,0.0,10854,499,1,,,
3690.5,0.0,10856,502,1,,,
3691.0,0.0,10857,502,1,,,
3691.5,0.0,10859,501,1,,,
3692.0,0.0,10860,501,1,,,
3692.5,0.0,10862,501,1,,,
3693.0,0.0,10863,501,1,,,
3693.5,0.0,10865,499,1,,,
3694.0,0.0,10866,499,1,,,
3694.5,0.0,10868,497,1,,,
3695.0,0.0,10869,497,1,,,
3695.5,0.0,10871,496,1,,,
3696.0,0.0,10872,496,1,,,
3696.5,0.0,10874,496,1,,,
3697.0,0.0,10875,496,1,,,
3697.5,0.0,10877,497,1,,,
3698.0,0.0,10878,497,1,,,
3698.5,0.0,10880,497,1,,,
3699.0,0.0,10881,497,1,,,
3699.5,0.0,10883,499,1,,,
3700.0,0.0,10884,499,1,,,
3700.5,0.0,10886,499,1,,,
3701.0,0.0,10887,499,1,,,
3701.5,0.0,10889,499,1,,,
3702.0,0.0,10890,499,1,,,
3702.5,0.0,10892,498,1,,,
3703.0,0.0,10893,498,1,,,
3703.5,0.0,10895,497,1,,,
3704.0,0.0,10896,497,1,,,
3704.5,0.0,10898,496,1,,,
3705.0,0.0,10899,496,1,,,
3705.5,0.0,10901,496,1,,,
3706.0,0.0,10902,496,1,,,
3706.5,0.0,10904,496,1,,,
3707.0,0.0,10905,496,1,,,
3707.5,0.0,10907,497,1,,,
3708.0,0.0,10908,497,1,,,
3708.5,0.0,10910,499,1,,,
3709.0,0.0,10911,499,1,,,
3709.5,0.0,10913,501,1,,,
3710.0,0.0,10914,501,1,,,
3710.5,0.0,10916,499,1,,,
3711.0,0.0,10917,499,1,,,
3711.5,0.0,10919,499,1,,,
3712.0,0.0,10920,499,1,,,
3712.5,0.0,10922,497,1,,,
3713.0,0.0,10923,497,1,,,
3713.5,0.0,10925,496,1,,,
3714.0,0.0,10926,496,1,,,
3714.5,0.0,10928,495,1,,,
3715.0,0.0,10929,495,1,,,
3715.5,0.0,10931,496,1,,,
3716.0,0.0,10932,496,1,,,
3716.5,0.0,10934,496,1,,,
3717.0,0.0,10935,496,1,,,
3717.5,0.0,10937,499,1,,,
3718.0,0.0,10938,499,1,,,
3718.5,0.0,10940,501,1,,,
3719.0,0.0,10941,501,1,,,
3719.5,0.0,10943,501,1,,,
3720.0,0.0,10944,501,1,,,
3720.5,0.0,10946,499,1,,,
3721.0,0.0,10947,499,1,,,
3721.5,0.0,10949,499,1,,,
3722.0,0.0,10950,499,1,,,
3722.5,0.0,10952,497,1,,,
3723.0,0.0,10953,497,1,,,
3723.5,0.0,10955,496,1,,,
3724.0,0.0,10956,496,1,,,
3724.5,0.0,10958,497,1,,,
3725.0,0.0,10959,497,1,,,
3725.5,0.0,10961,498,1,,,
3726.0,0.0,10962,498,1,,,
3726.5,0.0,10964,499,1,,,
3727.0,0.0,10965,499,1,,,
3727.5,0.0,10967,501,1,,,
3728.0,0.0,10968,501,1,,,
3728.5,0.0,10970,502,1,,,
3729.0,0.0,10971,502,1,,,
3729.5,0.0,10973,502,1,,,
3730.0,0.0,10974,502,1,,,
3730.5,0.0,10976,501,1,,,
3731.0,0.0,10977,501,1,,,
3731.5,0.0,10979,501,1,,,
3732.0,0.0,10980,501,1,,,
3732.5,0.0,10982,499,1,,,
3733.0,0.0,10983,499,1,,,
3733.5,0.0,10985,499,1,,,
3734.0,0.0,10986,499,1,,,
3734.5,0.0,10988,499,1,,,
3735.0,0.0,10989,499,1,,,
3735.5,0.0,10991,501,1,,,
3736.0,0.0,10992,501,1,,,
3736.5,0.0,10994,502,1,,,
3737.0,0.0,10995,502,1,,,
3737.5,0.0,10997,504,1,,,
3738.0,0.0,10998,504,1,,,
3738.5,0.0,11000,504,1,,,
3739.0,0.0,11002,504,1,,,
3739.5,0.0,11003,504,1,,,
3740.0,0.0,11005,504,1,,,
3740.5,0.0,11006,504,1,,,
3741.0,0.0,11008,504,1,,,
3741.5,0.0,11009,503,1,,,
3742.0,0.0,11011,503,1,,,
3742.5,0.0,11012,502,1,,,
3743.0,0.0,11014,502,1,,,
3743.5,0.0,11015,503,1,,,
3744.0,0.0,11017,503,1,,,
3744.5,0.0,11018,503,1,,,
3745.0,0.0,11020,503,1,,,
3745.5,0.0,11021,504,1,,,
3746.0,0.0,11023,504,1,,,
3746.5,0.0,11024,505,1,,,
3747.0,0.0,11026,505,1,,,
3747.5,0.0,11027,507,1,,,
3748.0,0.0,11029,507,1,,,
3748.5,0.0,11030,507,1,,,
3749.0,0.0,11032,507,1,,,
3749.5,0.0,11033,507,1,,,
3750.0,0.0,11035,507,1,,,
3750.5,0.0,11037,505,1,,,
3751.0,0.0,11038,505,1,,,
3751.5,0.0,11040,504,1,,,
3752.0,0.0,11041,504,1,,,
3752.5,0.0,11043,504,1,,,
3753.0,0.0,11044,504,1,,,
3753.5,0.0,11046,503,1,,,
3754.0,0.0,11047,503,1,,,
3754.5,0.0,11049,504,1,,,
3755.0,0.0,11050,504,1,,,
3755.5,0.0,11052,505,1,,,
3756.0,0.0,11053,505,1,,,
3756.5,0.0,11055,508,1,,,
3757.0,0.0,11056,508,1,,,
3757.5,0.0,11058,507,1,,,
3758.0,0.0,11059,507,1,,,
3758.5,0.0,11061,507,1,,,
3759.0,0.0,11062,507,1,,,
3759.5,0.0,11064,505,1,,,
3760.0,0.0,11065,505,1,,,
3760.5,0.0,11067,503,1,,,
3761.0,0.0,11068,503,1,,,
3761.5,0.0,11070,502,1,,,
3762.0,0.0,11071,502,1,,,
3762.5,0.0,11073,503,1,,,
3763.0,0.0,11075,503,1,,,
3763.5,0.0,11076,503,1,,,
3764.0,0.0,11078,503,1,,,
3764.5,0.0,11079,504,1,,,
3765.0,0.0,11081,504,1,,,
3765.5,0.0,11082,507,1,,,
3766.0,0.0,11084,507,1,,,
3766.5,0.0,11085,505,1,,,
3767.0,0.0,11087,505,1,,,
3767.5,0.0,11088,504,1,,,
3768.0,0.0,11090,504,1,,,
3768.5,0.0,11091,504,1,,,
3769.0,0.0,11093,504,1,,,
3769.5,0.0,11094,502,1,,,
3770.0,0.0,11096,502,1,,,
3770.5,0.0,11097,502,1,,,
3771.0,0.0,11099,502,1,,,
3771.5,0.0,11100,502,1,,,
3772.0,0.0,11102,502,1,,,
3772.5,0.0,11103,502,1,,,
3773.0,0.0,11105,502,1,,,
3773.5,0.0,11106,503,1,,,
3774.0,0.0,11108,503,1,,,
3774.5,0.0,11110,504,1,,,
3775.0,0.0,11111,504,1,,,
3775.5,0.0,11113,504,1,,,
3776.0,0.0,11114,504,1,,,
3776.5,0.0,11116,504,1,,,
3777.0,0.0,11117,504,1,,,
3777.5,0.0,11119,504,1,,,
3778.0,0.0,11120,504,1,,,
3778.5,0.0,11122,502,1,,,
3779.0,0.0,11123,502,1,,,
3779.5,0.0,11125,502,1,,,
3780.0,0.0,11126,502,1,,,
3780.5,0.0,11128,501,1,,,
3781.0,0.0,11129,501,1,,,
3781.5,0.0,11131,501,1,,,
3782.0,0.0,11132,501,1,,,
3782.5,0.0,11134,501,1,,,
3783.0,0.0,11135,501,1,,,
3783.5,0.0,11137,503,1,,,
3784.0,0.0,11138,503,1,,,
3784.5,0.0,11140,503,1,,,
3785.0,0.0,11141,503,1,,,
3785.5,0.0,11143,503,1,,,
3786.0,0.0,11144,503,1,,,
3786.5,0.0,11146,502,1,,,
3787.0,0.0,11147,502,1,,,
3787.5,0.0,11149,501,1,,,
3788.0,0.0,11150,501,1,,,
3788.5,0.0,11152,498,1,,,
3789.0,0.0,11153,498,1,,,
3789.5,0.0,11155,498,1,,,
3790.0,0.0,11156,498,1,,,
3790.5,0.0,11158,497,1,,,
3791.0,0.0,11159,497,1,,,
3791.5,0.0,11161,497,1,,,
3792.0,0.0,11162,497,1,,,
3792.5,0.0,11164,499,1,,,
3793.0,0.0,11165,499,1,,,
3793.5,0.0,11167,499,1,,,
3794.0,0.0,11168,499,1,,,
3794.5,0.0,11170,498,1,,,
3795.0,0.0,11171,498,1,,,
3795.5,0.0,11173,498,1,,,
3796.0,0.0,11174,498,1,,,
3796.5,0.0,11176,498,1,,,
3797.0,0.0,11177,498,1,,,
3797.5,0.0,11179,495,1,,,
3798.0,0.0,11180,495,1,,,
3798.5,0.0,11182,495,1,,,
3799.0,0.0,11183,495,1,,,
3799.5,0.0,11185,495,1,,,
3800.0,0.0,11186,495,1,,,
3800.5,0.0,11188,493,1,,,
3801.0,0.0,11189,493,1,,,
3801.5,0.0,11191,493,1,,,
3802.0,0.0,11192,493,1,,,
3802.5,0.0,11194,495,1,,,
3803.0,0.0,11195,495,1,,,
3803.5,0.0,11197,495,1,,,
3804.0,0.0,11198,495,1,,,
3804.5,0.0,11200,495,1,,,
3805.0,0.0,11201,495,1,,,
3805.5,0.0,11203,495,1,,,
3806.0,0.0,11204,495,1,,,
3806.5,0.0,11206,493,1,,,
3807.0,0.0,11207,493,1,,,
3807.5,0.0,11208,492,1,,,
3808.0,0.0,11210,492,1,,,
3808.5,0.0,11211,491,1,,,
3809.0,0.0,11213,491,1,,,
3809.5,0.0,11214,490,1,,,
3810.0,0.0,11216,490,1,,,
3810.5,0.0,11217,491,1,,,
3811.0,0.0,11219,491,1,,,
3811.5,0.0,11220,492,1,,,
3812.0,0.0,11222,492,1,,,
3812.5,0.0,11223,493,1,,,
3813.0,0.0,11225,493,1,,,
3813.5,0.0,11226,495,1,,,
3814.0,0.0,11228,495,1,,,
3814.5,0.0,11229,495,1,,,
3815.0,0.0,11231,495,1,,,
3815.5,0.0,11232,493,1,,,
3816.0,0.0,11234,493,1,,,
3816.5,0.0,11235,492,1,,,
3817.0,0.0,11237,492,1,,,
3817.5,0.0,11238,491,1,,,
3818.0,0.0,11240,491,1,,,
3818.5,0.0,11241,491,1,,,
3819.0,0.0,11243,491,1,,,
3819.5,0.0,11244,492,1,,,
3820.0,0.0,11246,492,1,,,
3820.5,0.0,11247,493,1,,,
3821.0,0.0,11249,493,1,,,
3821.5,0.0,11250,495,1,,,
3822.0,0.0,11252,495,1,,,
3822.5,0.0,11253,496,1,,,
3823.0,0.0,11255,496,1,,,
3823.5,0.0,11256,496,1,,,
3824.0,0.0,11258,496,1,,,
3824.5,0.0,11259,497,1,,,
3825.0,0.0,11261,497,1,,,
3825.5,0.0,11262,496,1,,,
3826.0,0.0,11264,496,1,,,
3826.5,0.0,11265,495,1,,,
3827.0,0.0,11267,495,1,,,
3827.5,0.0,11268,495,1,,,
3828.0,0.0,11270,495,1,,,
3828.5,0.0,11271,496,1,,,
3829.0,0.0,11273,496,1,,,
3829.5,0.0,11274,495,1,,,
3830.0,0.0,11276,495,1,,,
3830.5,0.0,11277,497,1,,,
3831.0,0.0,11279,497,1,,,
3831.5,0.0,11280,499,1,,,
3832.0,0.0,11282,499,1,,,
3832.5,0.0,11283,501,1,,,
3833.0,0.0,11285,501,1,,,
3833.5,0.0,11286,501,1,,,
3834.0,0.0,11288,501,1,,,
3834.5,0.0,11289,501,1,,,
3835.0,0.0,11291,501,1,,,
3835.5,0.0,11292,499,1,,,
3836.0,0.0,11294,499,1,,,
3836.5,0.0,11295,498,1,,,
3837.0,0.0,11297,498,1,,,
3837.5,0.0,11298,498,1,,,
3838.0,0.0,11300,498,1,,,
3838.5,0.0,11301,498,1,,,
3839.0,0.0,11303,498,1,,,
3839.5,0.0,11304,499,1,,,
3840.0,0.0,11306,499,1,,,
3840.5,0.0,11307,501,1,,,
3841.0,0.0,11309,501,1,,,
3841.5,0.0,11310,504,1,,,
3842.0,0.0,11312,504,1,,,
3842.5,0.0,11313,503,1,,,
3843.0,0.0,11315,503,1,,,
3843.5,0.0,11316,503,1,,,
3844.0,0.0,11318,503,1,,,
3844.5,0.0,11319,503,1,,,
3845.0,0.0,11321,503,1,,,
3845.5,0.0,11322,502,1,,,
3846.0,0.0,11324,502,1,,,
3846.5,0.0,11325,501,1,,,
3847.0,0.0,11327,501,1,,,
3847.5,0.0,11329,502,1,,,
3848.0,0.0,11330,502,1,,,
3848.5,0.0,11332,502,1,,,
3849.0,0.0,11333,502,1,,,
3849.5,0.0,11335,503,1,,,
3850.0,0.0,11336,503,1,,,
3850.5,0.0,11338,505,1,,,
3851.0,0.0,11339,505,1,,,
3851.5,0.0,11341,505,1,,,
3852.0,0.0,11342,505,1,,,
3852.5,0.0,11344,505,1,,,
3853.0,0.0,11345,505,1,,,
3853.5,0.0,11347,507,1,,,
3854.0,0.0,11348,507,1,,,
3854.5,0.0,11350,505,1,,,
3855.0,0.0,11351,505,1,,,
3855.5,0.0,11353,504,1,,,
3856.0,0.0,11354,504,1,,,
3856.5,0.0,11356,504,1,,,
3857.0,0.0,11357,504,1,,,
3857.5,0.0,11359,504,1,,,
3858.0,0.0,11360,504,1,,,
3858.5,0.0,11362,505,1,,,
3859.0,0.0,11364,505,1,,,
3859.5,0.0,11365,507,1,,,
3860.0,0.0,11367,507,1,,,
3860.5,0.0,11368,509,1,,,
3861.0,0.0,11370,509,1,,,
3861.5,0.0,11371,509,1,,,
3862.0,0.0,11373,509,1,,,
3862.5,0.0,11374,510,1,,,
3863.0,0.0,11376,510,1,,,
3863.5,0.0,11377,508,1,,,
3864.0,0.0,11379,508,1,,,
3864.5,0.0,11380,507,1,,,
3865.0,0.0,11382,507,1,,,
3865.5,0.0,11383,505,1,,,
3866.0,0.0,11385,505,1,,,
3866.5,0.0,11387,505,1,,,
3867.0,0.0,11388,505,1,,,
3867.5,0.0,11390,507,1,,,
3868.0,0.0,11391,507,1,,,
3868.5,0.0,11393,509,1,,,
3869.0,0.0,11394,509,1,,,
3869.5,0.0,11396,511,1,,,
3870.0,0.0,11397,511,1,,,
3870.5,0.0,11399,511,1,,,
3871.0,0.0,11400,511,1,,,
3871.5,0.0,11402,511,1,,,
3872.0,0.0,11403,511,1,,,
3872.5,0.0,11405,509,1,,,
3873.0,0.0,11406,509,1,,,
3873.5,0.0,11408,508,1,,,
3874.0,0.0,11410,508,1,,,
3874.5,0.0,11411,507,1,,,
3875.0,0.0,11413,507,1,,,
3875.5,0.0,11414,508,1,,,
3876.0,0.0,11416,508,1,,,
3876.5,0.0,11417,508,1,,,
3877.0,0.0,11419,508,1,,,
3877.5,0.0,11420,510,1,,,
3878.0,0.0,11422,510,1,,,
3878.5,0.0,11423,511,1,,,
3879.0,0.0,11425,511,1,,,
3879.5,0.0,11426,512,1,,,
3880.0,0.0,11428,512,1,,,
3880.5,0.0,11430,511,1,,,
3881.0,0.0,11431,511,1,,,
3881.5,0.0,11433,511,1,,,
3882.0,0.0,11434,511,1,,,
3882.5,0.0,11436,510,1,,,
3883.0,0.0,11437,510,1,,,
3883.5,0.0,11439,509,1,,,
3884.0,0.0,11440,509,1,,,
3884.5,0.0,11442,508,1,,,
3885.0,0.0,11443,508,1,,,
3885.5,0.0,11445,508,1,,,
3886.0,0.0,11446,508,1,,,
3886.5,0.0,11448,509,1,,,
3887.0,0.0,11450,509,1,,,
3887.5,0.0,11451,510,1,,,
3888.0,0.0,11453,510,1,,,
3888.5,0.0,11454,511,1,,,
3889.0,0.0,11456,511,1,,,
3889.5,0.0,11457,510,1,,,
3890.0,0.0,11459,510,1,,,
3890.5,0.0,11460,510,1,,,
3891.0,0.0,11462,510,1,,,
3891.5,0.0,11463,509,1,,,
3892.0,0.0,11465,509,1,,,
3892.5,0.0,11466,507,1,,,
3893.0,0.0,11468,507,1,,,
3893.5,0.0,11469,507,1,,,
3894.0,0.0,11471,507,1,,,
3894.5,0.0,11473,507,1,,,
3895.0,0.0,11474,507,1,,,
3895.5,0.0,11476,508,1,,,
3896.0,0.0,11477,508,1,,,
3896.5,0.0,11479,508,1,,,
3897.0,0.0,11480,508,1,,,
3897.5,0.0,11482,509,1,,,
3898.0,0.0,11483,509,1,,,
3898.5,0.0,11485,507,1,,,
3899.0,0.0,11486,507,1,,,
3899.5,0.0,11488,508,1,,,
3900.0,0.0,11489,508,1,,,
3900.5,0.0,11491,504,1,,,
3901.0,0.0,11492,504,1,,,
3901.5,0.0,11494,502,1,,,
3902.0,0.0,11495,502,1,,,
3902.5,0.0,11497,501,1,,,
3903.0,0.0,11498,501,1,,,
3903.5,0.0,11500,501,1,,,
3904.0,0.0,11501,501,1,,,
3904.5,0.0,11503,499,1,,,
3905.0,0.0,11504,499,1,,,
3905.5,0.0,11506,501,1,,,
3906.0,0.0,11507,501,1,,,
3906.5,0.0,11509,502,1,,,
3907.0,0.0,11510,502,1,,,
3907.5,0.0,11512,501,1,,,
3908.0,0.0,11513,501,1,,,
3908.5,0.0,11515,499,1,,,
3909.0,0.0,11516,499,1,,,
3909.5,0.0,11518,498,1,,,
3910.0,0.0,11519,498,1,,,
3910.5,0.0,11521,496,1,,,
3911.0,0.0,11522,496,1,,,
3911.5,0.0,11524,495,1,,,
3912.0,0.0,11525,495,1,,,
3912.5,0.0,11527,495,1,,,
3913.0,0.0,11528,495,1,,,
3913.5,0.0,11530,493,1,,,
3914.0,0.0,11531,493,1,,,
3914.5,0.0,11533,493,1,,,
3915.0,0.0,11534,493,1,,,
3915.5,0.0,11536,496,1,,,
3916.0,0.0,11537,496,1,,,
3916.5,0.0,11539,496,1,,,
3917.0,0.0,11540,496,1,,,
3917.5,0.0,11542,496,1,,,
3918.0,0.0,11543,496,1,,,
3918.5,0.0,11545,496,1,,,
3919.0,0.0,11546,496,1,,,
3919.5,0.0,11548,495,1,,,
3920.0,0.0,11549,495,1,,,
3920.5,0.0,11551,492,1,,,
3921.0,0.0,11552,492,1,,,
3921.5,0.0,11554,491,1,,,
3922.0,0.0,11555,491,1,,,
3922.5,0.0,11557,491,1,,,
3923.0,0.0,11558,491,1,,,
3923.5,0.0,11560,492,1,,,
3924.0,0.0,11561,492,1,,,
3924.5,0.0,11562,493,1,,,
3925.0,0.0,11564,493,1,,,
3925.5,0.0,11565,495,1,,,
3926.0,0.0,11567,495,1,,,
3926.5,0.0,11568,496,1,,,
3927.0,0.0,11570,496,1,,,
3927.5,0.0,11571,495,1,,,
3928.0,0.0,11573,495,1,,,
3928.5,0.0,11574,493,1,,,
3929.0,0.0,11576,493,1,,,
3929.5,0.0,11577,492,1,,,
3930.0,0.0,11579,492,1,,,
3930.5,0.0,11580,492,1,,,
3931.0,0.0,11582,492,1,,,
3931.5,0.0,11583,491,1,,,
3932.0,0.0,11585,491,1,,,
3932.5,0.0,11586,492,1,,,
3933.0,0.0,11588,492,1,,,
3933.5,0.0,11589,493,1,,,
3934.0,0.0,11591,493,1,,,
3934.5,0.0,11592,495,1,,,
3935.0,0.0,11594,495,1,,,
3935.5,0.0,11595,495,1,,,
3936.0,0.0,11597,495,1,,,
3936.5,0.0,11598,496,1,,,
3937.0,0.0,11600,496,1,,,
3937.5,0.0,11601,496,1,,,
3938.0,0.0,11603,496,1,,,
3938.5,0.0,11604,493,1,,,
3939.0,0.0,11606,493,1,,,
3939.5,0.0,11607,492,1,,,
3940.0,0.0,11609,492,1,,,
3940.5,0.0,11610,492,1,,,
3941.0,0.0,11612,492,1,,,
3941.5,0.0,11613,491,1,,,
3942.0,0.0,11615,491,1,,,
3942.5,0.0,11616,491,1,,,
3943.0,0.0,11618,491,1,,,
3943.5,0.0,11619,493,1,,,
3944.0,0.0,11621,493,1,,,
3944.5,0.0,11622,495,1,,,
3945.0,0.0,11624,495,1,,,
3945.5,0.0,11625,495,1,,,
3946.0,0.0,11626,495,1,,,
3946.5,0.0,11628,496,1,,,
3947.0,0.0,11629,496,1,,,
3947.5,0.0,11631,495,1,,,
3948.0,0.0,11632,495,1,,,
3948.5,0.0,11634,493,1,,,
3949.0,0.0,11635,493,1,,,
3949.5,0.0,11637,492,1,,,
3950.0,0.0,11638,492,1,,,
3950.5,0.0,11640,492,1,,,
3951.0,0.0,11641,492,1,,,
3951.5,0.0,11643,492,1,,,
3952.0,0.0,11644,492,1,,,
3952.5,0.0,11646,493,1,,,
3953.0,0.0,11647,493,1,,,
3953.5,0.0,11649,496,1,,,
3954.0,0.0,11650,496,1,,,
3954.5,0.0,11652,498,1,,,
3955.0,0.0,11653,498,1,,,
3955.5,0.0,11655,498,1,,,
3956.0,0.0,11656,498,1,,,
3956.5,0.0,11658,498,1,,,
3957.0,0.0,11659,498,1,,,
3957.5,0.0,11661,499,1,,,
3958.0,0.0,11662,499,1,,,
3958.5,0.0,11664,498,1,,,
3959.0,0.0,11665,498,1,,,
3959.5,0.0,11667,498,1,,,
3960.0,0.0,11668,498,1,,,
3960.5,0.0,11670,498,1,,,
3961.0,0.0,11671,498,1,,,
3961.5,0.0,11673,499,1,,,
3962.0,0.0,11675,499,1,,,
3962.5,0.0,11676,501,1,,,
3963.0,0.0,11678,501,1,,,
3963.5,0.0,11679,503,1,,,
3964.0,0.0,11681,503,1,,,
3964.5,0.0,11682,504,1,,,
3965.0,0.0,11684,504,1,,,
3965.5,0.0,11685,505,1,,,
3966.0,0.0,11687,505,1,,,
3966.5,0.0,11688,507,1,,,
3967.0,0.0,11690,507,1,,,
3967.5,0.0,11691,505,1,,,
3968.0,0.0,11693,505,1,,,
3968.5,0.0,11694,504,1,,,
3969.0,0.0,11696,504,1,,,
3969.5,0.0,11697,504,1,,,
3970.0,0.0,11699,504,1,,,
3970.5,0.0,11700,505,1,,,
3971.0,0.0,11702,505,1,,,
3971.5,0.0,11704,505,1,,,
3972.0,0.0,11705,505,1,,,
3972.5,0.0,11707,508,1,,,
3973.0,0.0,11708,508,1,,,
3973.5,0.0,11710,510,1,,,
3974.0,0.0,11711,510,1,,,
3974.5,0.0,11713,510,1,,,
3975.0,0.0,11714,510,1,,,
3975.5,0.0,11716,510,1,,,
3976.0,0.0,11717,510,1,,,
3976.5,0.0,11719,509,1,,,
3977.0,0.0,11720,509,1,,,
3977.5,0.0,11722,508,1,,,
3978.0,0.0,11723,508,1,,,
3978.5,0.0,11725,507,1,,,
3979.0,0.0,11727,507,1,,,
3979.5,0.0,11728,508,1,,,
3980.0,0.0,11730,508,1,,,
3980.5,0.0,11731,508,1,,,
3981.0,0.0,11733,508,1,,,
3981.5,0.0,11734,510,1,,,
3982.0,0.0,11736,510,1,,,
3982.5,0.0,11737,511,1,,,
3983.0,0.0,11739,511,1,,,
3983.5,0.0,11740,511,1,,,
3984.0,0.0,11742,511,1,,,
3984.5,0.0,11743,511,1,,,
3985.0,0.0,11745,511,1,,,
3985.5,0.0,11746,510,1,,,
3986.0,0.0,11748,510,1,,,
3986.5,0.0,11750,509,1,,,
3987.0,0.0,11751,509,1,,,
3987.5,0.0,11753,508,1,,,
3988.0,0.0,11754,508,1,,,
3988.5,0.0,11756,509,1,,,
3989.0,0.0,11757,509,1,,,
3989.5,0.0,11759,509,1,,,
3990.0,0.0,11760,509,1,,,
3990.5,0.0,11762,511,1,,,
3991.0,0.0,11764,511,1,,,
3991.5,0.0,11765,512,1,,,
3992.0,0.0,11767,512,1,,,
3992.5,0.0,11768,514,1,,,
3993.0,0.0,11770,514,1,,,
3993.5,0.0,11771,512,1,,,
3994.0,0.0,11773,512,1,,,
3994.5,0.0,11774,512,1,,,
3995.0,0.0,11776,512,1,,,
3995.5,0.0,11777,511,1,,,
3996.0,0.0,11779,511,1,,,
3996.5,0.0,11780,511,1,,,
3997.0,0.0,11782,511,1,,,
3997.5,0.0,11784,510,1,,,
3998.0,0.0,11785,510,1,,,
3998.5,0.0,11787,511,1,,,
3999.0,0.0,11788,511,1,,,
3999.5,0.0,11790,512,1,,,
4000.0,0.0,11791,512,1,,,
4000.5,0.0,11793,514,1,,,
4001.0,0.0,11794,514,1,,,
4001.5,0.0,11796,515,1,,,
4002.0,0.0,11798,515,1,,,
4002.5,0.0,11799,516,1,,,
4003.0,0.0,11801,516,1,,,
4003.5,0.0,11802,515,1,,,
4004.0,0.0,11804,515,1,,,
4004.5,0.0,11805,514,1,,,
4005.0,0.0,11807,514,1,,,
4005.5,0.0,11808,512,1,,,
4006.0,0.0,11810,512,1,,,
4006.5,0.0,11811,512,1,,,
4007.0,0.0,11813,512,1,,,
4007.5,0.0,11815,512,1,,,
4008.0,0.0,11816,512,1,,,
4008.5,0.0,11818,514,1,,,
4009.0,0.0,11819,514,1,,,
4009.5,0.0,11821,515,1,,,
4010.0,0.0,11822,515,1,,,
4010.5,0.0,11824,516,1,,,
4011.0,0.0,11825,516,1,,,
4011.5,0.0,11827,515,1,,,
4012.0,0.0,11828,515,1,,,
4012.5,0.0,11830,514,1,,,
4013.0,0.0,11832,514,1,,,
4013.5,0.0,11833,514,1,,,
4014.0,0.0,11835,514,1,,,
4014.5,0.0,11836,511,1,,,
4015.0,0.0,11838,511,1,,,
4015.5,0.0,11839,511,1,,,
4016.0,0.0,11841,511,1,,,
4016.5,0.0,11842,511,1,,,
4017.0,0.0,11844,511,1,,,
4017.5,0.0,11845,512,1,,,
4018.0,0.0,11847,512,1,,,
4018.5,0.0,11849,512,1,,,
4019.0,0.0,11850,512,1,,,
4019.5,0.0,11852,514,1,,,
4020.0,0.0,11853,514,1,,,
4020.5,0.0,11855,514,1,,,
4021.0,0.0,11856,514,1,,,
4021.5,0.0,11858,512,1,,,
4022.0,0.0,11859,512,1,,,
4022.5,0.0,11861,511,1,,,
4023.0,0.0,11862,511,1,,,
4023.5,0.0,11864,510,1,,,
4024.0,0.0,11865,510,1,,,
4024.5,0.0,11867,510,1,,,
4025.0,0.0,11869,510,1,,,
4025.5,0.0,11870,509,1,,,
4026.0,0.0,11872,509,1,,,
4026.5,0.0,11873,510,1,,,
4027.0,0.0,11875,510,1,,,
4027.5,0.0,11876,511,1,,,
4028.0,0.0,11878,511,1,,,
4028.5,0.0,11879,511,1,,,
4029.0,0.0,11881,511,1,,,
4029.5,0.0,11882,511,1,,,
4030.0,0.0,11884,511,1,,,
4030.5,0.0,11885,511,1,,,
4031.0,0.0,11887,511,1,,,
4031.5,0.0,11889,509,1,,,
4032.0,0.0,11890,509,1,,,
4032.5,0.0,11892,507,1,,,
4033.0,0.0,11893,507,1,,,
4033.5,0.0,11895,507,1,,,
4034.0,0.0,11896,507,1,,,
4034.5,0.0,11898,505,1,,,
4035.0,0.0,11899,505,1,,,
4035.5,0.0,11901,505,1,,,
4036.0,0.0,11902,505,1,,,
4036.5,0.0,11904,507,1,,,
4037.0,0.0,11905,507,1,,,
4037.5,0.0,11907,508,1,,,
4038.0,0.0,11908,508,1,,,
4038.5,0.0,11910,508,1,,,
4039.0,0.0,11911,508,1,,,
4039.5,0.0,11913,507,1,,,
4040.0,0.0,11914,507,1,,,
4040.5,0.0,11916,505,1,,,
4041.0,0.0,11917,505,1,,,
4041.5,0.0,11919,504,1,,,
4042.0,0.0,11920,504,1,,,
4042.5,0.0,11922,502,1,,,
4043.0,0.0,11923,502,1,,,
4043.5,0.0,11925,501,1,,,
4044.0,0.0,11926,501,1,,,
4044.5,0.0,11928,499,1,,,
4045.0,0.0,11929,499,1,,,
4045.5,0.0,11931,499,1,,,
4046.0,0.0,11933,499,1,,,
4046.5,0.0,11934,501,1,,,
4047.0,0.0,11936,501,1,,,
4047.5,0.0,11937,502,1,,,
4048.0,0.0,11939,502,1,,,
4048.5,0.0,11940,501,1,,,
4049.0,0.0,11942,501,1,,,
4049.5,0.0,11943,501,1,,,
4050.0,0.0,11945,501,1,,,
4050.5,0.0,11946,498,1,,,
4051.0,0.0,11948,498,1,,,
4051.5,0.0,11949,496,1,,,
4052.0,0.0,11950,496,1,,,
4052.5,0.0,11952,495,1,,,
4053.0,0.0,11953,495,1,,,
4053.5,0.0,11955,495,1,,,
4054.0,0.0,11956,495,1,,,
4054.5,0.0,11958,495,1,,,
4055.0,0.0,11959,495,1,,,
4055.5,0.0,11961,496,1,,,
4056.0,0.0,11962,496,1,,,
4056.5,0.0,11964,497,1,,,
4057.0,0.0,11965,497,1,,,
4057.5,0.0,11967,497,1,,,
4058.0,0.0,11968,497,1,,,
4058.5,0.0,11970,497,1,,,
4059.0,0.0,11971,497,1,,,
4059.5,0.0,11973,497,1,,,
4060.0,0.0,11974,497,1,,,
4060.5,0.0,11976,496,1,,,
4061.0,0.0,11977,496,1,,,
4061.5,0.0,11979,495,1,,,
4062.0,0.0,11980,495,1,,,
4062.5,0.0,11982,496,1,,,
4063.0,0.0,11983,496,1,,,
4063.5,0.0,11985,496,1,,,
4064.0,0.0,11986,496,1,,,
4064.5,0.0,11988,496,1,,,
4065.0,0.0,11989,496,1,,,
4065.5,0.0,11991,498,1,,,
4066.0,0.0,11992,498,1,,,
4066.5,0.0,11994,499,1,,,
4067.0,0.0,11995,499,1,,,
4067.5,0.0,11997,499,1,,,
4068.0,0.0,11999,499,1,,,
4068.5,0.0,12000,499,1,,,
4069.0,0.0,12001,499,1,,,
4069.5,0.0,12003,499,1,,,
4070.0,0.0,12004,499,1,,,
4070.5,0.0,12006,498,1,,,
4071.0,0.0,12007,498,1,,,
4071.5,0.0,12009,498,1,,,
4072.0,0.0,12010,498,1,,,
4072.5,0.0,12012,497,1,,,
4073.0,0.0,12014,497,1,,,
4073.5,0.0,12015,498,1,,,
4074.0,0.0,12017,498,1,,,
4074.5,0.0,12018,499,1,,,
4075.0,0.0,12020,499,1,,,
4075.5,0.0,12021,501,1,,,
4076.0,0.0,12023,501,1,,,
4076.5,0.0,12024,501,1,,,
4077.0,0.0,12026,501,1,,,
4077.5,0.0,12027,502,1,,,
4078.0,0.0,12029,502,1,,,
4078.5,0.0,12030,501,1,,,
4079.0,0.0,12032,501,1,,,
4079.5,0.0,12033,499,1,,,
4080.0,0.0,12035,499,1,,,
4080.5,0.0,12036,498,1,,,
4081.0,0.0,12038,498,1,,,
4081.5,0.0,12039,498,1,,,
4082.0,0.0,12041,498,1,,,
4082.5,0.0,12042,497,1,,,
4083.0,0.0,12044,497,1,,,
4083.5,0.0,12045,498,1,,,
4084.0,0.0,12047,498,1,,,
4084.5,0.0,12048,501,1,,,
4085.0,0.0,12050,501,1,,,
4085.5,0.0,12051,502,1,,,
4086.0,0.0,12053,502,1,,,
4086.5,0.0,12054,502,1,,,
4087.0,0.0,12056,502,1,,,
4087.5,0.0,12057,502,1,,,
4088.0,0.0,12059,502,1,,,
4088.5,0.0,12060,501,1,,,
4089.0,0.0,12062,501,1,,,
4089.5,0.0,12063,498,1,,,
4090.0,0.0,12065,498,1,,,
4090.5,0.0,12066,498,1,,,
4091.0,0.0,12068,498,1,,,
4091.5,0.0,12069,498,1,,,
4092.0,0.0,12071,498,1,,,
4092.5,0.0,12072,499,1,,,
4093.0,0.0,12074,499,1,,,
4093.5,0.0,12075,502,1,,,
4094.0,0.0,12077,502,1,,,
4094.5,0.0,12078,503,1,,,
4095.0,0.0,12080,503,1,,,
4095.5,0.0,12081,503,1,,,
4096.0,0.0,12083,503,1,,,
4096.5,0.0,12084,503,1,,,
4097.0,0.0,12086,503,1,,,
4097.5,0.0,12087,503,1,,,
4098.0,0.0,12089,503,1,,,
4098.5,0.0,12090,501,1,,,
4099.0,0.0,12092,501,1,,,
4099.5,0.0,12093,501,1,,,
4100.0,0.0,12095,501,1,,,
4100.5,0.0,12097,502,1,,,
4101.0,0.0,12098,502,1,,,
4101.5,0.0,12100,502,1,,,
4102.0,0.0,12101,502,1,,,
4102.5,0.0,12103,503,1,,,
4103.0,0.0,12104,503,1,,,
4103.5,0.0,12106,505,1,,,
4104.0,0.0,12107,505,1,,,
4104.5,0.0,12109,507,1,,,
4105.0,0.0,12110,507,1,,,
4105.5,0.0,12112,507,1,,,
4106.0,0.0,12113,507,1,,,
4106.5,0.0,12115,507,1,,,
4107.0,0.0,12116,507,1,,,
4107.5,0.0,12118,505,1,,,
4108.0,0.0,12119,505,1,,,
4108.5,0.0,12121,504,1,,,
4109.0,0.0,12122,504,1,,,
4109.5,0.0,12124,504,1,,,
4110.0,0.0,12126,504,1,,,
4110.5,0.0,12127,504,1,,,
4111.0,0.0,12129,504,1,,,
4111.5,0.0,12130,505,1,,,
4112.0,0.0,12132,505,1,,,
4112.5,0.0,12133,507,1,,,
4113.0,0.0,12135,507,1,,,
4113.5,0.0,12136,509,1,,,
4114.0,0.0,12138,509,1,,,
4114.5,0.0,12139,509,1,,,
4115.0,0.0,12141,509,1,,,
4115.5,0.0,12142,508,1,,,
4116.0,0.0,12144,508,1,,,
4116.5,0.0,12145,508,1,,,
4117.0,0.0,12147,508,1,,,
4117.5,0.0,12148,507,1,,,
4118.0,0.0,12150,507,1,,,
4118.5,0.0,12151,505,1,,,
4119.0,0.0,12153,505,1,,,
4119.5,0.0,12155,505,1,,,
4120.0,0.0,12156,505,1,,,
4120.5,0.0,12158,507,1,,,
4121.0,0.0,12159,507,1,,,
4121.5,0.0,12161,508,1,,,
4122.0,0.0,12162,508,1,,,
4122.5,0.0,12164,509,1,,,
4123.0,0.0,12165,509,1,,,
4123.5,0.0,12167,509,1,,,
4124.0,0.0,12168,509,1,,,
4124.5,0.0,12170,509,1,,,
4125.0,0.0,12171,509,1,,,
4125.5,0.0,12173,509,1,,,
4126.0,0.0,12174,509,1,,,
4126.5,0.0,12176,507,1,,,
4127.0,0.0,12178,507,1,,,
4127.5,0.0,12179,507,1,,,
4128.0,0.0,12181,507,1,,,
4128.5,0.0,12182,507,1,,,
4129.0,0.0,12184,507,1,,,
4129.5,0.0,12185,507,1,,,
4130.0,0.0,12187,507,1,,,
4130.5,0.0,12188,508,1,,,
4131.0,0.0,12190,508,1,,,
4131.5,0.0,12191,510,1,,,
4132.0,0.0,12193,510,1,,,
4132.5,0.0,12194,510,1,,,
4133.0,0.0,12196,510,1,,,
4133.5,0.0,12198,510,1,,,
4134.0,0.0,12199,510,1,,,
4134.5,0.0,12201,510,1,,,
4135.0,0.0,12202,510,1,,,
4135.5,0.0,12204,508,1,,,
4136.0,0.0,12205,508,1,,,
4136.5,0.0,12207,505,1,,,
4137.0,0.0,12208,505,1,,,
4137.5,0.0,12210,505,1,,,
4138.0,0.0,12211,505,1,,,
4138.5,0.0,12213,505,1,,,
4139.0,0.0,12214,505,1,,,
4139.5,0.0,12216,505,1,,,
4140.0,0.0,12217,505,1,,,
4140.5,0.0,12219,507,1,,,
4141.0,0.0,12220,507,1,,,
4141.5,0.0,12222,508,1,,,
4142.0,0.0,12223,508,1,,,
4142.5,0.0,12225,505,1,,,
4143.0,0.0,12226,505,1,,,
4143.5,0.0,12228,504,1,,,
4144.0,0.0,12229,504,1,,,
4144.5,0.0,12231,503,1,,,
4145.0,0.0,12232,503,1,,,
4145.5,0.0,12234,499,1,,,
4146.0,0.0,12235,499,1,,,
4146.5,0.0,12237,498,1,,,
4147.0,0.0,12238,498,1,,,
4147.5,0.0,12240,499,1,,,
4148.0,0.0,12241,499,1,,,
4148.5,0.0,12243,499,1,,,
4149.0,0.0,12245,499,1,,,
4149.5,0.0,12246,499,1,,,
4150.0,0.0,12248,499,1,,,
4150.5,0.0,12249,502,1,,,
4151.0,0.0,12251,502,1,,,
4151.5,0.0,12252,502,1,,,
4152.0,0.0,12254,502,1,,,
4152.5,0.0,12255,499,1,,,
4153.0,0.0,12256,499,1,,,
4153.5,0.0,12258,498,1,,,
4154.0,0.0,12259,498,1,,,
4154.5,0.0,12261,497,1,,,
4155.0,0.0,12262,497,1,,,
4155.5,0.0,12264,495,1,,,
4156.0,0.0,12265,495,1,,,
4156.5,0.0,12267,493,1,,,
4157.0,0.0,12268,493,1,,,
4157.5,0.0,12270,495,1,,,
4158.0,0.0,12271,495,1,,,
4158.5,0.0,12273,495,1,,,
4159.0,0.0,12274,495,1,,,
4159.5,0.0,12276,496,1,,,
4160.0,0.0,12277,496,1,,,
4160.5,0.0,12279,497,1,,,
4161.0,0.0,12280,497,1,,,
4161.5,0.0,12282,497,1,,,
4162.0,0.0,12283,497,1,,,
4162.5,0.0,12285,496,1,,,
4163.0,0.0,12286,496,1,,,
4163.5,0.0,12288,496,1,,,
4164.0,0.0,12289,496,1,,,
4164.5,0.0,12291,493,1,,,
4165.0,0.0,12292,493,1,,,
4165.5,0.0,12294,493,1,,,
4166.0,0.0,12295,493,1,,,
4166.5,0.0,12297,492,1,,,
4167.0,0.0,12298,492,1,,,
4167.5,0.0,12300,495,1,,,
4168.0,0.0,12301,495,1,,,
4168.5,0.0,12303,495,1,,,
4169.0,0.0,12304,495,1,,,
4169.5,0.0,12306,496,1,,,
4170.0,0.0,12307,496,1,,,
4170.5,0.0,12309,496,1,,,
4171.0,0.0,12310,496,1,,,
4171.5,0.0,12312,497,1,,,
4172.0,0.0,12313,497,1,,,
4172.5,0.0,12315,496,1,,,
4173.0,0.0,12316,496,1,,,
4173.5,0.0,12318,495,1,,,
4174.0,0.0,12319,495,1,,,
4174.5,0.0,12321,493,1,,,
4175.0,0.0,12322,493,1,,,
4175.5,0.0,12324,493,1,,,
4176.0,0.0,12325,493,1,,,
4176.5,0.0,12327,493,1,,,
4177.0,0.0,12328,493,1,,,
4177.5,0.0,12330,495,1,,,
4178.0,0.0,12331,495,1,,,
4178.5,0.0,12333,496,1,,,
4179.0,0.0,12334,496,1,,,
4179.5,0.0,12336,498,1,,,
4180.0,0.0,12337,498,1,,,
4180.5,0.0,12339,498,1,,,
4181.0,0.0,12340,498,1,,,
4181.5,0.0,12342,497,1,,,
4182.0,0.0,12343,497,1,,,
4182.5,0.0,12345,496,1,,,
4183.0,0.0,12346,496,1,,,
4183.5,0.0,12348,495,1,,,
4184.0,0.0,12349,495,1,,,
4184.5,0.0,12351,493,1,,,
4185.0,0.0,12352,493,1,,,
4185.5,0.0,12354,493,1,,,
4186.0,0.0,12355,493,1,,,
4186.5,0.0,12357,495,1,,,
4187.0,0.0,12358,495,1,,,
4187.5,0.0,12360,496,1,,,
4188.0,0.0,12361,496,1,,,
4188.5,0.0,12363,498,1,,,
4189.0,0.0,12364,498,1,,,
4189.5,0.0,12366,499,1,,,
4190.0,0.0,12367,499,1,,,
4190.5,0.0,12369,499,1,,,
4191.0,0.0,12370,499,1,,,
4191.5,0.0,12372,499,1,,,
4192.0,0.0,12373,499,1,,,
4192.5,0.0,12375,498,1,,,
4193.0,0.0,12376,498,1,,,
4193.5,0.0,12378,497,1,,,
4194.0,0.0,12379,497,1,,,
4194.5,0.0,12381,497,1,,,
4195.0,0.0,12382,497,1,,,
4195.5,0.0,12384,497,1,,,
4196.0,0.0,12385,497,1,,,
4196.5,0.0,12387,498,1,,,
4197.0,0.0,12388,498,1,,,
4197.5,0.0,12390,501,1,,,
4198.0,0.0,12391,501,1,,,
4198.5,0.0,12393,502,1,,,
4199.0,0.0,12394,502,1,,,
4199.5,0.0,12396,502,1,,,
4200.0,0.0,12397,502,1,,,
4200.5,0.0,12399,503,1,,,
4201.0,0.0,12400,503,1,,,
4201.5,0.0,12402,503,1,,,
4202.0,0.0,12403,503,1,,,
4202.5,0.0,12405,501,1,,,
4203.0,0.0,12406,501,1,,,
4203.5,0.0,12408,502,1,,,
4204.0,0.0,12409,502,1,,,
4204.5,0.0,12411,502,1,,,
4205.0,0.0,12412,502,1,,,
4205.5,0.0,12414,503,1,,,
4206.0,0.0,12415,503,1,,,
4206.5,0.0,12417,504,1,,,
4207.0,0.0,12419,504,1,,,
4207.5,0.0,12420,508,1,,,
4208.0,0.0,12422,508,1,,,
4208.5,0.0,12423,508,1,,,
4209.0,0.0,12425,508,1,,,
4209.5,0.0,12426,509,1,,,
4210.0,0.0,12428,509,1,,,
4210.5,0.0,12429,508,1,,,
4211.0,0.0,12431,508,1,,,
4211.5,0.0,12432,507,1,,,
4212.0,0.0,12434,507,1,,,
4212.5,0.0,12435,505,1,,,
4213.0,0.0,12437,505,1,,,
4213.5,0.0,12438,505,1,,,
4214.0,0.0,12440,505,1,,,
4214.5,0.0,12441,505,1,,,
4215.0,0.0,12443,505,1,,,
4215.5,0.0,12445,507,1,,,
4216.0,0.0,12446,507,1,,,
4216.5,0.0,12448,509,1,,,
4217.0,0.0,12449,509,1,,,
4217.5,0.0,12451,510,1,,,
4218.0,0.0,12452,510,1,,,
4218.5,0.0,12454,509,1,,,
4219.0,0.0,12455,509,1,,,
4219.5,0.0,12457,510,1,,,
4220.0,0.0,12458,510,1,,,
4220.5,0.0,12460,509,1,,,
4221.0,0.0,12461,509,1,,,
4221.5,0.0,12463,507,1,,,
4222.0,0.0,12464,507,1,,,
4222.5,0.0,12466,507,1,,,
4223.0,0.0,12468,507,1,,,
4223.5,0.0,12469,508,1,,,
4224.0,0.0,12471,508,1,,,
4224.5,0.0,12472,508,1,,,
4225.0,0.0,12474,508,1,,,
4225.5,0.0,12475,510,1,,,
4226.0,0.0,12477,510,1,,,
4226.5,0.0,12478,512,1,,,
4227.0,0.0,12480,512,1,,,
4227.5,0.0,12481,511,1,,,
4228.0,0.0,12483,511,1,,,
4228.5,0.0,12484,511,1,,,
4229.0,0.0,12486,511,1,,,
4229.5,0.0,12488,510,1,,,
4230.0,0.0,12489,510,1,,,
4230.5,0.0,12491,509,1,,,
4231.0,0.0,12492,509,1,,,
4231.5,0.0,12494,508,1,,,
4232.0,0.0,12495,508,1,,,
4232.5,0.0,12497,509,1,,,
4233.0,0.0,12498,509,1,,,
4233.5,0.0,12500,510,1,,,
4234.0,0.0,12501,510,1,,,
4234.5,0.0,12503,511,1,,,
4235.0,0.0,12504,511,1,,,
4235.5,0.0,12506,512,1,,,
4236.0,0.0,12508,512,1,,,
4236.5,0.0,12509,514,1,,,
4237.0,0.0,12511,514,1,,,
4237.5,0.0,12512,514,1,,,
4238.0,0.0,12514,514,1,,,
4238.5,0.0,12515,512,1,,,
4239.0,0.0,12517,512,1,,,
4239.5,0.0,12518,511,1,,,
4240.0,0.0,12520,511,1,,,
4240.5,0.0,12521,511,1,,,
4241.0,0.0,12523,511,1,,,
4241.5,0.0,12525,511,1,,,
4242.0,0.0,12526,511,1,,,
4242.5,0.0,12528,511,1,,,
4243.0,0.0,12529,511,1,,,
4243.5,0.0,12531,514,1,,,
4244.0,0.0,12532,514,1,,,
4244.5,0.0,12534,515,1,,,
4245.0,0.0,12535,515,1,,,
4245.5,0.0,12537,516,1,,,
4246.0,0.0,12539,516,1,,,
4246.5,0.0,12540,515,1,,,
4247.0,0.0,12542,515,1,,,
4247.5,0.0,12543,515,1,,,
4248.0,0.0,12545,515,1,,,
4248.5,0.0,12546,512,1,,,
4249.0,0.0,12548,512,1,,,
4249.5,0.0,12549,512,1,,,
4250.0,0.0,12551,512,1,,,
4250.5,0.0,12553,511,1,,,
4251.0,0.0,12554,511,1,,,
4251.5,0.0,12556,512,1,,,
4252.0,0.0,12557,512,1,,,
4252.5,0.0,12559,512,1,,,
4253.0,0.0,12560,512,1,,,
4253.5,0.0,12562,514,1,,,
4254.0,0.0,12563,514,1,,,
4254.5,0.0,12565,514,1,,,
4255.0,0.0,12566,514,1,,,
4255.5,0.0,12568,514,1,,,
4256.0,0.0,12569,514,1,,,
4256.5,0.0,12571,511,1,,,
4257.0,0.0,12572,511,1,,,
4257.5,0.0,12574,510,1,,,
4258.0,0.0,12576,510,1,,,
4258.5,0.0,12577,509,1,,,
4259.0,0.0,12579,509,1,,,
4259.5,0.0,12580,508,1,,,
4260.0,0.0,12582,508,1,,,
4260.5,0.0,12583,507,1,,,
4261.0,0.0,12585,507,1,,,
4261.5,0.0,12586,509,1,,,
4262.0,0.0,12588,509,1,,,
4262.5,0.0,12589,509,1,,,
4263.0,0.0,12591,509,1,,,
4263.5,0.0,12592,509,1,,,
4264.0,0.0,12594,509,1,,,
4264.5,0.0,12595,508,1,,,
4265.0,0.0,12597,508,1,,,
4265.5,0.0,12598,508,1,,,
4266.0,0.0,12600,508,1,,,
4266.5,0.0,12601,505,1,,,
4267.0,0.0,12603,505,1,,,
4267.5,0.0,12604,503,1,,,
4268.0,0.0,12606,503,1,,,
4268.5,0.0,12608,502,1,,,
4269.0,0.0,12609,502,1,,,
4269.5,0.0,12611,503,1,,,
4270.0,0.0,12612,503,1,,,
4270.5,0.0,12614,502,1,,,
4271.0,0.0,12615,502,1,,,
4271.5,0.0,12617,502,1,,,
4272.0,0.0,12618,502,1,,,
4272.5,0.0,12620,504,1,,,
4273.0,0.0,12621,504,1,,,
4273.5,0.0,12623,504,1,,,
4274.0,0.0,12624,504,1,,,
4274.5,0.0,12626,502,1,,,
4275.0,0.0,12627,502,1,,,
4275.5,0.0,12629,501,1,,,
4276.0,0.0,12630,501,1,,,
4276.5,0.0,12632,499,1,,,
4277.0,0.0,12633,499,1,,,
4277.5,0.0,12635,497,1,,,
4278.0,0.0,12636,497,1,,,
4278.5,0.0,12638,496,1,,,
4279.0,0.0,12639,496,1,,,
4279.5,0.0,12641,497,1,,,
4280.0,0.0,12642,497,1,,,
4280.5,0.0,12644,497,1,,,
4281.0,0.0,12645,497,1,,,
4281.5,0.0,12647,498,1,,,
4282.0,0.0,12648,498,1,,,
4282.5,0.0,12650,498,1,,,
4283.0,0.0,12651,498,1,,,
4283.5,0.0,12653,498,1,,,
4284.0,0.0,12654,498,1,,,
4284.5,0.0,12656,497,1,,,
4285.0,0.0,12657,497,1,,,
4285.5,0.0,12659,496,1,,,
4286.0,0.0,12660,496,1,,,
4286.5,0.0,12662,493,1,,,
4287.0,0.0,12663,493,1,,,
4287.5,0.0,12665,493,1,,,
4288.0,0.0,12666,493,1,,,
4288.5,0.0,12668,495,1,,,
4289.0,0.0,12669,495,1,,,
4289.5,0.0,12671,493,1,,,
4290.0,0.0,12672,493,1,,,
4290.5,0.0,12674,496,1,,,
4291.0,0.0,12675,496,1,,,
4291.5,0.0,12677,497,1,,,
4292.0,0.0,12678,497,1,,,
4292.5,0.0,12680,497,1,,,
4293.0,0.0,12681,497,1,,,
4293.5,0.0,12683,496,1,,,
4294.0,0.0,12684,496,1,,,
4294.5,0.0,12685,496,1,,,
4295.0,0.0,12687,496,1,,,
4295.5,0.0,12689,493,1,,,
4296.0,0.0,12690,493,1,,,
4296.5,0.0,12691,493,1,,,
4297.0,0.0,12693,493,1,,,
4297.5,0.0,12694,493,1,,,
4298.0,0.0,12696,493,1,,,
4298.5,0.0,12697,493,1,,,
4299.0,0.0,12699,493,1,,,
4299.5,0.0,12700,495,1,,,
4300.0,0.0,12702,495,1,,,
4300.5,0.0,12703,497,1,,,
4301.0,0.0,12705,497,1,,,
4301.5,0.0,12706,498,1,,,
4302.0,0.0,12708,498,1,,,
4302.5,0.0,12709,498,1,,,
4303.0,0.0,12711,498,1,,,
4303.5,0.0,12712,498,1,,,
4304.0,0.0,12714,498,1,,,
4304.5,0.0,12715,498,1,,,
4305.0,0.0,12717,498,1,,,
4305.5,0.0,12718,496,1,,,
4306.0,0.0,12720,496,1,,,
4306.5,0.0,12721,496,1,,,
4307.0,0.0,12723,496,1,,,
4307.5,0.0,12724,496,1,,,
4308.0,0.0,12726,496,1,,,
4308.5,0.0,12727,497,1,,,
4309.0,0.0,12729,497,1,,,
4309.5,0.0,12731,498,1,,,
4310.0,0.0,12732,498,1,,,
4310.5,0.0,12734,501,1,,,
4311.0,0.0,12735,501,1,,,
4311.5,0.0,12737,501,1,,,
4312.0,0.0,12738,501,1,,,
4312.5,0.0,12740,501,1,,,
4313.0,0.0,12741,501,1,,,
4313.5,0.0,12743,501,1,,,
4314.0,0.0,12744,501,1,,,
4314.5,0.0,12746,499,1,,,
4315.0,0.0,12747,499,1,,,
4315.5,0.0,12749,499,1,,,
4316.0,0.0,12750,499,1,,,
4316.5,0.0,12752,498,1,,,
4317.0,0.0,12753,498,1,,,
4317.5,0.0,12755,499,1,,,
4318.0,0.0,12756,499,1,,,
4318.5,0.0,12758,499,1,,,
4319.0,0.0,12759,499,1,,,
4319.5,0.0,12761,502,1,,,
4320.0,0.0,12762,502,1,,,
4320.5,0.0,12764,503,1,,,
4321.0,0.0,12765,503,1,,,
4321.5,0.0,12767,504,1,,,
4322.0,0.0,12768,504,1,,,
4322.5,0.0,12770,504,1,,,
4323.0,0.0,12771,504,1,,,
4323.5,0.0,12773,503,1,,,
4324.0,0.0,12774,503,1,,,
4324.5,0.0,12776,502,1,,,
4325.0,0.0,12777,502,1,,,
4325.5,0.0,12779,501,1,,,
4326.0,0.0,12780,501,1,,,
4326.5,0.0,12782,501,1,,,
4327.0,0.0,12783,501,1,,,
4327.5,0.0,12785,502,1,,,
4328.0,0.0,12786,502,1,,,
4328.5,0.0,12788,504,1,,,
4329.0,0.0,12790,504,1,,,
4329.5,0.0,12791,505,1,,,
4330.0,0.0,12793,505,1,,,
4330.5,0.0,12794,505,1,,,
4331.0,0.0,12796,505,1,,,
4331.5,0.0,12797,507,1,,,
4332.0,0.0,12799,507,1,,,
4332.5,0.0,12800,505,1,,,
4333.0,0.0,12802,505,1,,,
4333.5,0.0,12803,503,1,,,
4334.0,0.0,12805,503,1,,,
4334.5,0.0,12806,503,1,,,
4335.0,0.0,12808,503,1,,,
4335.5,0.0,12809,503,1,,,
4336.0,0.0,12811,503,1,,,
4336.5,0.0,12812,503,1,,,
4337.0,0.0,12814,503,1,,,
4337.5,0.0,12815,504,1,,,
4338.0,0.0,12817,504,1,,,
4338.5,0.0,12818,507,1,,,
4339.0,0.0,12820,507,1,,,
4339.5,0.0,12821,508,1,,,
4340.0,0.0,12823,508,1,,,
4340.5,0.0,12825,508,1,,,
4341.0,0.0,12826,508,1,,,
4341.5,0.0,12828,507,1,,,
4342.0,0.0,12829,507,1,,,
4342.5,0.0,12831,507,1,,,
4343.0,0.0,12832,507,1,,,
4343.5,0.0,12834,505,1,,,
4344.0,0.0,12835,505,1,,,
4344.5,0.0,12837,504,1,,,
4345.0,0.0,12838,504,1,,,
4345.5,0.0,12840,505,1,,,
4346.0,0.0,12841,505,1,,,
4346.5,0.0,12843,507,1,,,
4347.0,0.0,12844,507,1,,,
4347.5,0.0,12846,508,1,,,
4348.0,0.0,12848,508,1,,,
4348.5,0.0,12849,509,1,,,
4349.0,0.0,12851,509,1,,,
4349.5,0.0,12852,509,1,,,
4350.0,0.0,12854,509,1,,,
4350.5,0.0,12855,509,1,,,
4351.0,0.0,12857,509,1,,,
4351.5,0.0,12858,508,1,,,
4352.0,0.0,12860,508,1,,,
4352.5,0.0,12861,505,1,,,
4353.0,0.0,12863,505,1,,,
4353.5,0.0,12864,507,1,,,
4354.0,0.0,12866,507,1,,,
4354.5,0.0,12867,507,1,,,
4355.0,0.0,12869,507,1,,,
4355.5,0.0,12870,507,1,,,
4356.0,0.0,12872,507,1,,,
4356.5,0.0,12873,508,1,,,
4357.0,0.0,12875,508,1,,,
4357.5,0.0,12877,510,1,,,
4358.0,0.0,12878,510,1,,,
4358.5,0.0,12880,509,1,,,
4359.0,0.0,12881,509,1,,,
4359.5,0.0,12883,509,1,,,
4360.0,0.0,12884,509,1,,,
4360.5,0.0,12886,508,1,,,
4361.0,0.0,12887,508,1,,,
4361.5,0.0,12889,508,1,,,
4362.0,0.0,12890,508,1,,,
4362.5,0.0,12892,505,1,,,
4363.0,0.0,12893,505,1,,,
4363.5,0.0,12895,505,1,,,
4364.0,0.0,12896,505,1,,,
4364.5,0.0,12898,505,1,,,
4365.0,0.0,12900,505,1,,,
4365.5,0.0,12901,508,1,,,
4366.0,0.0,12903,508,1,,,
4366.5,0.0,12904,508,1,,,
4367.0,0.0,12906,508,1,,,
4367.5,0.0,12907,509,1,,,
4368.0,0.0,12909,509,1,,,
4368.5,0.0,12910,508,1,,,
4369.0,0.0,12912,508,1,,,
4369.5,0.0,12913,507,1,,,
4370.0,0.0,12915,507,1,,,
4370.5,0.0,12916,504,1,,,
4371.0,0.0,12918,504,1,,,
4371.5,0.0,12919,503,1,,,
4372.0,0.0,12921,503,1,,,
4372.5,0.0,12922,502,1,,,
4373.0,0.0,12924,502,1,,,
4373.5,0.0,12925,503,1,,,
4374.0,0.0,12927,503,1,,,
4374.5,0.0,12928,503,1,,,
4375.0,0.0,12930,503,1,,,
4375.5,0.0,12931,504,1,,,
4376.0,0.0,12933,504,1,,,
4376.5,0.0,12934,505,1,,,
4377.0,0.0,12936,505,1,,,
4377.5,0.0,12937,505,1,,,
4378.0,0.0,12939,505,1,,,
4378.5,0.0,12941,504,1,,,
4379.0,0.0,12942,504,1,,,
4379.5,0.0,12943,503,1,,,
4380.0,0.0,12945,503,1,,,
4380.5,0.0,12946,501,1,,,
4381.0,0.0,12948,501,1,,,
4381.5,0.0,12950,499,1,,,
4382.0,0.0,12951,499,1,,,
4382.5,0.0,12953,499,1,,,
4383.0,0.0,12954,499,1,,,
4383.5,0.0,12956,498,1,,,
4384.0,0.0,12957,498,1,,,
4384.5,0.0,12959,501,1,,,
4385.0,0.0,12960,501,1,,,
4385.5,0.0,12962,502,1,,,
4386.0,0.0,12963,502,1,,,
4386.5,0.0,12965,502,1,,,
4387.0,0.0,12966,502,1,,,
4387.5,0.0,12968,501,1,,,
4388.0,0.0,12969,501,1,,,
4388.5,0.0,12971,501,1,,,
4389.0,0.0,12972,501,1,,,
4389.5,0.0,12974,498,1,,,
4390.0,0.0,12975,498,1,,,
4390.5,0.0,12977,497,1,,,
4391.0,0.0,12978,497,1,,,
4391.5,0.0,12980,497,1,,,
4392.0,0.0,12981,497,1,,,
4392.5,0.0,12983,497,1,,,
4393.0,0.0,12984,497,1,,,
4393.5,0.0,12986,498,1,,,
4394.0,0.0,12987,498,1,,,
4394.5,0.0,12989,499,1,,,
4395.0,0.0,12990,499,1,,,
4395.5,0.0,12992,501,1,,,
4396.0,0.0,12993,501,1,,,
4396.5,0.0,12995,499,1,,,
4397.0,0.0,12996,499,1,,,
4397.5,0.0,12998,498,1,,,
4398.0,0.0,12999,498,1,,,
4398.5,0.0,13001,497,1,,,
4399.0,0.0,13002,497,1,,,
4399.5,0.0,13004,495,1,,,
4400.0,0.0,13005,495,1,,,
4400.5,0.0,13007,493,1,,,
4401.0,0.0,13008,493,1,,,
4401.5,0.0,13010,492,1,,,
4402.0,0.0,13011,492,1,,,
4402.5,0.0,13013,495,1,,,
4403.0,0.0,13014,495,1,,,
4403.5,0.0,13016,495,1,,,
4404.0,0.0,13017,495,1,,,
4404.5,0.0,13019,496,1,,,
4405.0,0.0,13020,496,1,,,
4405.5,0.0,13021,496,1,,,
4406.0,0.0,13023,496,1,,,
4406.5,0.0,13025,496,1,,,
4407.0,0.0,13026,496,1,,,
4407.5,0.0,13027,493,1,,,
4408.0,0.0,13029,493,1,,,
4408.5,0.0,13030,491,1,,,
4409.0,0.0,13032,491,1,,,
4409.5,0.0,13033,490,1,,,
4410.0,0.0,13035,490,1,,,
4410.5,0.0,13036,490,1,,,
4411.0,0.0,13038,490,1,,,
4411.5,0.0,13039,490,1,,,
4412.0,0.0,13041,490,1,,,
4412.5,0.0,13042,490,1,,,
4413.0,0.0,13044,490,1,,,
4413.5,0.0,13045,492,1,,,
4414.0,0.0,13047,492,1,,,
4414.5,0.0,13048,493,1,,,
4415.0,0.0,13050,493,1,,,
4415.5,0.0,13051,492,1,,,
4416.0,0.0,13053,492,1,,,
4416.5,0.0,13054,492,1,,,
4417.0,0.0,13056,492,1,,,
4417.5,0.0,13057,491,1,,,
4418.0,0.0,13058,491,1,,,
4418.5,0.0,13060,489,1,,,
4419.0,0.0,13061,489,1,,,
4419.5,0.0,13063,489,1,,,
4420.0,0.0,13064,489,1,,,
4420.5,0.0,13066,489,1,,,
4421.0,0.0,13067,489,1,,,
4421.5,0.0,13069,490,1,,,
4422.0,0.0,13070,490,1,,,
4422.5,0.0,13072,492,1,,,
4423.0,0.0,13073,492,1,,,
4423.5,0.0,13075,495,1,,,
4424.0,0.0,13076,495,1,,,
4424.5,0.0,13078,495,1,,,
4425.0,0.0,13079,495,1,,,
4425.5,0.0,13081,495,1,,,
4426.0,0.0,13082,495,1,,,
4426.5,0.0,13084,495,1,,,
4427.0,0.0,13085,495,1,,,
4427.5,0.0,13087,493,1,,,
4428.0,0.0,13088,493,1,,,
4428.5,0.0,13090,492,1,,,
4429.0,0.0,13091,492,1,,,
4429.5,0.0,13093,493,1,,,
4430.0,0.0,13094,493,1,,,
4430.5,0.0,13096,495,1,,,
4431.0,0.0,13097,495,1,,,
4431.5,0.0,13099,496,1,,,
4432.0,0.0,13100,496,1,,,
4432.5,0.0,13102,498,1,,,
4433.0,0.0,13103,498,1,,,
4433.5,0.0,13105,501,1,,,
4434.0,0.0,13106,501,1,,,
4434.5,0.0,13108,501,1,,,
4435.0,0.0,13109,501,1,,,
4435.5,0.0,13111,502,1,,,
4436.0,0.0,13112,502,1,,,
4436.5,0.0,13114,501,1,,,
4437.0,0.0,13115,501,1,,,
4437.5,0.0,13117,499,1,,,
4438.0,0.0,13118,499,1,,,
4438.5,0.0,13120,499,1,,,
4439.0,0.0,13121,499,1,,,
4439.5,0.0,13123,499,1,,,
4440.0,0.0,13125,499,1,,,
4440.5,0.0,13126,499,1,,,
4441.0,0.0,13128,499,1,,,
4441.5,0.0,13129,502,1,,,
4442.0,0.0,13131,502,1,,,
4442.5,0.0,13132,504,1,,,
4443.0,0.0,13134,504,1,,,
4443.5,0.0,13135,505,1,,,
4444.0,0.0,13137,505,1,,,
4444.5,0.0,13138,505,1,,,
4445.0,0.0,13140,505,1,,,
4445.5,0.0,13141,505,1,,,
4446.0,0.0,13143,505,1,,,
4446.5,0.0,13144,504,1,,,
4447.0,0.0,13146,504,1,,,
4447.5,0.0,13147,503,1,,,
4448.0,0.0,13149,503,1,,,
4448.5,0.0,13150,502,1,,,
4449.0,0.0,13152,502,1,,,
4449.5,0.0,13153,502,1,,,
4450.0,0.0,13155,502,1,,,
4450.5,0.0,13156,503,1,,,
4451.0,0.0,13158,503,1,,,
4451.5,0.0,13159,504,1,,,
4452.0,0.0,13161,504,1,,,
4452.5,0.0,13162,505,1,,,
4453.0,0.0,13164,505,1,,,
4453.5,0.0,13166,507,1,,,
4454.0,0.0,13167,507,1,,,
4454.5,0.0,13169,508,1,,,
4455.0,0.0,13170,508,1,,,
4455.5,0.0,13172,505,1,,,
4456.0,0.0,13173,505,1,,,
4456.5,0.0,13175,504,1,,,
4457.0,0.0,13176,504,1,,,
4457.5,0.0,13178,504,1,,,
4458.0,0.0,13179,504,1,,,
4458.5,0.0,13181,504,1,,,
4459.0,0.0,13182,504,1,,,
4459.5,0.0,13184,504,1,,,
4460.0,0.0,13185,504,1,,,
4460.5,0.0,13187,507,1,,,
4461.0,0.0,13188,507,1,,,
4461.5,0.0,13190,509,1,,,
4462.0,0.0,13192,509,1,,,
4462.5,0.0,13193,508,1,,,
4463.0,0.0,13195,508,1,,,
4463.5,0.0,13196,508,1,,,
4464.0,0.0,13198,508,1,,,
4464.5,0.0,13199,507,1,,,
4465.0,0.0,13201,507,1,,,
4465.5,0.0,13202,505,1,,,
4466.0,0.0,13204,505,1,,,
4466.5,0.0,13205,505,1,,,
4467.0,0.0,13207,505,1,,,
4467.5,0.0,13208,505,1,,,
4468.0,0.0,13210,505,1,,,
4468.5,0.0,13211,505,1,,,
4469.0,0.0,13213,505,1,,,
4469.5,0.0,13214,508,1,,,
4470.0,0.0,13216,508,1,,,
4470.5,0.0,13218,509,1,,,
4471.0,0.0,13219,509,1,,,
4471.5,0.0,13221,509,1,,,
4472.0,0.0,13222,509,1,,,
4472.5,0.0,13224,509,1,,,
4473.0,0.0,13225,509,1,,,
4473.5,0.0,13227,509,1,,,
4474.0,0.0,13228,509,1,,,
4474.5,0.0,13230,507,1,,,
4475.0,0.0,13231,507,1,,,
4475.5,0.0,13233,508,1,,,
4476.0,0.0,13234,508,1,,,
4476.5,0.0,13236,505,1,,,
4477.0,0.0,13237,505,1,,,
4477.5,0.0,13239,507,1,,,
4478.0,0.0,13240,507,1,,,
4478.5,0.0,13242,508,1,,,
4479.0,0.0,13243,508,1,,,
4479.5,0.0,13245,509,1,,,
4480.0,0.0,13247,509,1,,,
4480.5,0.0,13248,509,1,,,
4481.0,0.0,13250,509,1,,,
4481.5,0.0,13251,510,1,,,
4482.0,0.0,13253,510,1,,,
4482.5,0.0,13254,510,1,,,
4483.0,0.0,13256,510,1,,,
4483.5,0.0,13257,508,1,,,
4484.0,0.0,13259,508,1,,,
4484.5,0.0,13260,507,1,,,
4485.0,0.0,13262,507,1,,,
4485.5,0.0,13263,505,1,,,
4486.0,0.0,13265,505,1,,,
4486.5,0.0,13266,505,1,,,
4487.0,0.0,13268,505,1,,,
4487.5,0.0,13270,505,1,,,
4488.0,0.0,13271,505,1,,,
4488.5,0.0,13273,508,1,,,
4489.0,0.0,13274,508,1,,,
4489.5,0.0,13276,509,1,,,
4490.0,0.0,13277,509,1,,,
4490.5,0.0,13279,509,1,,,
4491.0,0.0,13280,509,1,,,
4491.5,0.0,13282,508,1,,,
4492.0,0.0,13283,508,1,,,
4492.5,0.0,13285,507,1,,,
4493.0,0.0,13286,507,1,,,
4493.5,0.0,13288,504,1,,,
4494.0,0.0,13289,504,1,,,
4494.5,0.0,13291,503,1,,,
4495.0,0.0,13292,503,1,,,
4495.5,0.0,13294,503,1,,,
4496.0,0.0,13295,503,1,,,
4496.5,0.0,13297,503,1,,,
4497.0,0.0,13298,503,1,,,
4497.5,0.0,13300,504,1,,,
4498.0,0.0,13301,504,1,,,
4498.5,0.0,13303,505,1,,,
4499.0,0.0,13304,505,1,,,
4499.5,0.0,13306,505,1,,,
4500.0,0.0,13308,505,1,,,
4500.5,0.0,13309,504,1,,,
4501.0,0.0,13310,504,1,,,
4501.5,0.0,13312,503,1,,,
4502.0,0.0,13314,503,1,,,
4502.5,0.0,13315,501,1,,,
4503.0,0.0,13317,501,1,,,
4503.5,0.0,13318,497,1,,,
4504.0,0.0,13320,497,1,,,
4504.5,0.0,13321,497,1,,,
4505.0,0.0,13323,497,1,,,
4505.5,0.0,13324,496,1,,,
4506.0,0.0,13325,496,1,,,
4506.5,0.0,13327,496,1,,,
4507.0,0.0,13329,496,1,,,
4507.5,0.0,13330,497,1,,,
4508.0,0.0,13331,497,1,,,
4508.5,0.0,13333,498,1,,,
4509.0,0.0,13334,498,1,,,
4509.5,0.0,13336,497,1,,,
4510.0,0.0,13337,497,1,,,
4510.5,0.0,13339,496,1,,,
4511.0,0.0,13340,496,1,,,
4511.5,0.0,13342,495,1,,,
4512.0,0.0,13343,495,1,,,
4512.5,0.0,13345,491,1,,,
4513.0,0.0,13346,491,1,,,
4513.5,0.0,13348,490,1,,,
4514.0,0.0,13349,490,1,,,
4514.5,0.0,13351,490,1,,,
4515.0,0.0,13352,490,1,,,
4515.5,0.0,13354,490,1,,,
4516.0,0.0,13355,490,1,,,
4516.5,0.0,13357,491,1,,,
4517.0,0.0,13358,491,1,,,
4517.5,0.0,13360,492,1,,,
4518.0,0.0,13361,492,1,,,
4518.5,0.0,13363,493,1,,,
4519.0,0.0,13364,493,1,,,
4519.5,0.0,13366,492,1,,,
4520.0,0.0,13367,492,1,,,
4520.5,0.0,13368,491,1,,,
4521.0,0.0,13370,491,1,,,
4521.5,0.0,13371,489,1,,,
4522.0,0.0,13373,489,1,,,
4522.5,0.0,13374,488,1,,,
4523.0,0.0,13376,488,1,,,
4523.5,0.0,13377,488,1,,,
4524.0,0.0,13379,488,1,,,
4524.5,0.0,13380,488,1,,,
4525.0,0.0,13382,488,1,,,
4525.5,0.0,13383,489,1,,,
4526.0,0.0,13385,489,1,,,
4526.5,0.0,13386,491,1,,,
4527.0,0.0,13388,491,1,,,
4527.5,0.0,13389,492,1,,,
4528.0,0.0,13391,492,1,,,
4528.5,0.0,13392,492,1,,,
4529.0,0.0,13394,492,1,,,
4529.5,0.0,13395,492,1,,,
4530.0,0.0,13397,492,1,,,
4530.5,0.0,13398,492,1,,,
4531.0,0.0,13400,492,1,,,
4531.5,0.0,13401,491,1,,,
4532.0,0.0,13403,491,1,,,
4532.5,0.0,13404,492,1,,,
4533.0,0.0,13406,492,1,,,
4533.5,0.0,13407,492,1,,,
4534.0,0.0,13409,492,1,,,
4534.5,0.0,13410,493,1,,,
4535.0,0.0,13412,493,1,,,
4535.5,0.0,13413,496,1,,,
4536.0,0.0,13415,496,1,,,
4536.5,0.0,13416,498,1,,,
4537.0,0.0,13418,498,1,,,
4537.5,0.0,13419,498,1,,,
4538.0,0.0,13421,498,1,,,
4538.5,0.0,13422,499,1,,,
4539.0,0.0,13424,499,1,,,
4539.5,0.0,13425,499,1,,,
4540.0,0.0,13427,499,1,,,
4540.5,0.0,13428,498,1,,,
4541.0,0.0,13430,498,1,,,
4541.5,0.0,13431,496,1,,,
4542.0,0.0,13433,496,1,,,
4542.5,0.0,13434,497,1,,,
4543.0,0.0,13436,497,1,,,
4543.5,0.0,13437,497,1,,,
4544.0,0.0,13439,497,1,,,
4544.5,0.0,13440,498,1,,,
4545.0,0.0,13442,498,1,,,
4545.5,0.0,13443,501,1,,,
4546.0,0.0,13445,501,1,,,
4546.5,0.0,13446,503,1,,,
4547.0,0.0,13448,503,1,,,
4547.5,0.0,13449,503,1,,,
4548.0,0.0,13451,503,1,,,
4548.5,0.0,13452,503,1,,,
4549.0,0.0,13454,503,1,,,
4549.5,0.0,13455,502,1,,,
4550.0,0.0,13457,502,1,,,
4550.5,0.0,13458,501,1,,,
4551.0,0.0,13460,501,1,,,
4551.5,0.0,13461,501,1,,,
4552.0,0.0,13463,501,1,,,
4552.5,0.0,13464,501,1,,,
4553.0,0.0,13466,501,1,,,
4553.5,0.0,13467,502,1,,,
4554.0,0.0,13469,502,1,,,
4554.5,0.0,13470,504,1,,,
4555.0,0.0,13472,504,1,,,
4555.5,0.0,13474,505,1,,,
4556.0,0.0,13475,505,1,,,
4556.5,0.0,13477,507,1,,,
4557.0,0.0,13478,507,1,,,
4557.5,0.0,13480,507,1,,,
4558.0,0.0,13481,507,1,,,
4558.5,0.0,13483,505,1,,,
4559.0,0.0,13484,505,1,,,
4559.5,0.0,13486,505,1,,,
4560.0,0.0,13487,505,1,,,
4560.5,0.0,13489,504,1,,,
4561.0,0.0,13490,504,1,,,
4561.5,0.0,13492,504,1,,,
4562.0,0.0,13493,504,1,,,
4562.5,0.0,13495,505,1,,,
4563.0,0.0,13496,505,1,,,
4563.5,0.0,13498,507,1,,,
4564.0,0.0,13500,507,1,,,
4564.5,0.0,13501,507,1,,,
4565.0,0.0,13503,507,1,,,
4565.5,0.0,13504,509,1,,,
4566.0,0.0,13506,509,1,,,
4566.5,0.0,13507,509,1,,,
4567.0,0.0,13509,509,1,,,
4567.5,0.0,13510,509,1,,,
4568.0,0.0,13512,509,1,,,
4568.5,0.0,13513,508,1,,,
4569.0,0.0,13515,508,1,,,
4569.5,0.0,13516,507,1,,,
4570.0,0.0,13518,507,1,,,
4570.5,0.0,13519,507,1,,,
4571.0,0.0,13521,507,1,,,
4571.5,0.0,13522,505,1,,,
4572.0,0.0,13524,505,1,,,
4572.5,0.0,13525,507,1,,,
4573.0,0.0,13527,507,1,,,
4573.5,0.0,13529,509,1,,,
4574.0,0.0,13530,509,1,,,
4574.5,0.0,13532,510,1,,,
4575.0,0.0,13533,510,1,,,
4575.5,0.0,13535,510,1,,,
4576.0,0.0,13536,510,1,,,
4576.5,0.0,13538,510,1,,,
4577.0,0.0,13539,510,1,,,
4577.5,0.0,13541,509,1,,,
4578.0,0.0,13542,509,1,,,
4578.5,0.0,13544,508,1,,,
4579.0,0.0,13545,508,1,,,
4579.5,0.0,13547,508,1,,,
4580.0,0.0,13548,508,1,,,
4580.5,0.0,13550,507,1,,,
4581.0,0.0,13552,507,1,,,
4581.5,0.0,13553,508,1,,,
4582.0,0.0,13555,508,1,,,
4582.5,0.0,13556,509,1,,,
4583.0,0.0,13558,509,1,,,
4583.5,0.0,13559,509,1,,,
4584.0,0.0,13561,509,1,,,
4584.5,0.0,13562,510,1,,,
4585.0,0.0,13564,510,1,,,
4585.5,0.0,13565,510,1,,,
4586.0,0.0,13567,510,1,,,
4586.5,0.0,13568,510,1,,,
4587.0,0.0,13570,510,1,,,
4587.5,0.0,13571,508,1,,,
4588.0,0.0,13573,508,1,,,
4588.5,0.0,13575,508,1,,,
4589.0,0.0,13576,508,1,,,
4589.5,0.0,13578,508,1,,,
4590.0,0.0,13579,508,1,,,
4590.5,0.0,13581,508,1,,,
4591.0,0.0,13582,508,1,,,
4591.5,0.0,13584,508,1,,,
4592.0,0.0,13585,508,1,,,
4592.5,0.0,13587,510,1,,,
4593.0,0.0,13588,510,1,,,
4593.5,0.0,13590,511,1,,,
4594.0,0.0,13592,511,1,,,
4594.5,0.0,13593,510,1,,,
4595.0,0.0,13595,510,1,,,
4595.5,0.0,13596,510,1,,,
4596.0,0.0,13598,510,1,,,
4596.5,0.0,13599,510,1,,,
4597.0,0.0,13601,510,1,,,
4597.5,0.0,13602,508,1,,,
4598.0,0.0,13604,508,1,,,
4598.5,0.0,13605,507,1,,,
4599.0,0.0,13607,507,1,,,
4599.5,0.0,13608,508,1,,,
4600.0,0.0,13610,508,1,,,
4600.5,0.0,13611,508,1,,,
4601.0,0.0,13613,508,1,,,
4601.5,0.0,13614,509,1,,,
4602.0,0.0,13616,509,1,,,
4602.5,0.0,13618,510,1,,,
4603.0,0.0,13619,510,1,,,
4603.5,0.0,13621,510,1,,,
4604.0,0.0,13622,510,1,,,
4604.5,0.0,13624,509,1,,,
4605.0,0.0,13625,509,1,,,
4605.5,0.0,13627,508,1,,,
4606.0,0.0,13628,508,1,,,
4606.5,0.0,13630,507,1,,,
4607.0,0.0,13631,507,1,,,
4607.5,0.0,13633,507,1,,,
4608.0,0.0,13634,507,1,,,
4608.5,0.0,13636,505,1,,,
4609.0,0.0,13637,505,1,,,
4609.5,0.0,13639,505,1,,,
4610.0,0.0,13640,505,1,,,
4610.5,0.0,13642,507,1,,,
4611.0,0.0,13643,507,1,,,
4611.5,0.0,13645,507,1,,,
4612.0,0.0,13647,507,1,,,
4612.5,0.0,13648,505,1,,,
4613.0,0.0,13650,505,1,,,
4613.5,0.0,13651,505,1,,,
4614.0,0.0,13653,505,1,,,
4614.5,0.0,13654,504,1,,,
4615.0,0.0,13656,504,1,,,
4615.5,0.0,13657,502,1,,,
4616.0,0.0,13659,502,1,,,
4616.5,0.0,13660,499,1,,,
4617.0,0.0,13662,499,1,,,
4617.5,0.0,13663,499,1,,,
4618.0,0.0,13665,499,1,,,
4618.5,0.0,13666,499,1,,,
4619.0,0.0,13668,499,1,,,
4619.5,0.0,13669,499,1,,,
4620.0,0.0,13671,499,1,,,
4620.5,0.0,13672,499,1,,,
4621.0,0.0,13674,499,1,,,
4621.5,0.0,13675,501,1,,,
4622.0,0.0,13677,501,1,,,
4622.5,0.0,13678,499,1,,,
4623.0,0.0,13680,499,1,,,
4623.5,0.0,13681,497,1,,,
4624.0,0.0,13683,497,1,,,
4624.5,0.0,13684,496,1,,,
4625.0,0.0,13686,496,1,,,
4625.5,0.0,13687,495,1,,,
4626.0,0.0,13689,495,1,,,
4626.5,0.0,13690,493,1,,,
4627.0,0.0,13692,493,1,,,
4627.5,0.0,13693,495,1,,,
4628.0,0.0,13695,495,1,,,
4628.5,0.0,13696,495,1,,,
4629.0,0.0,13698,495,1,,,
4629.5,0.0,13699,495,1,,,
4630.0,0.0,13701,495,1,,,
4630.5,0.0,13702,497,1,,,
4631.0,0.0,13703,497,1,,,
4631.5,0.0,13705,496,1,,,
4632.0,0.0,13706,496,1,,,
4632.5,0.0,13708,493,1,,,
4633.0,0.0,13709,493,1,,,
4633.5,0.0,13711,493,1,,,
4634.0,0.0,13712,493,1,,,
4634.5,0.0,13714,492,1,,,
4635.0,0.0,13715,492,1,,,
4635.5,0.0,13717,490,1,,,
4636.0,0.0,13718,490,1,,,
4636.5,0.0,13720,491,1,,,
4637.0,0.0,13721,491,1,,,
4637.5,0.0,13723,491,1,,,
4638.0,0.0,13724,491,1,,,
4638.5,0.0,13726,491,1,,,
4639.0,0.0,13727,491,1,,,
4639.5,0.0,13729,492,1,,,
4640.0,0.0,13730,492,1,,,
4640.5,0.0,13732,493,1,,,
4641.0,0.0,13733,493,1,,,
4641.5,0.0,13735,492,1,,,
4642.0,0.0,13736,492,1,,,
4642.5,0.0,13738,492,1,,,
4643.0,0.0,13739,492,1,,,
4643.5,0.0,13740,492,1,,,
4644.0,0.0,13742,492,1,,,
4644.5,0.0,13743,490,1,,,
4645.0,0.0,13745,490,1,,,
4645.5,0.0,13746,489,1,,,
4646.0,0.0,13748,489,1,,,
4646.5,0.0,13749,489,1,,,
4647.0,0.0,13751,489,1,,,
4647.5,0.0,13752,489,1,,,
4648.0,0.0,13754,489,1,,,
4648.5,0.0,13755,490,1,,,
4649.0,0.0,13757,490,1,,,
4649.5,0.0,13758,492,1,,,
4650.0,0.0,13760,492,1,,,
4650.5,0.0,13761,492,1,,,
4651.0,0.0,13763,492,1,,,
4651.5,0.0,13764,493,1,,,
4652.0,0.0,13766,493,1,,,
4652.5,0.0,13767,493,1,,,
4653.0,0.0,13769,493,1,,,
4653.5,0.0,13770,492,1,,,
4654.0,0.0,13772,492,1,,,
4654.5,0.0,13773,491,1,,,
4655.0,0.0,13775,491,1,,,
4655.5,0.0,13776,492,1,,,
4656.0,0.0,13778,492,1,,,
4656.5,0.0,13779,492,1,,,
4657.0,0.0,13781,492,1,,,
4657.5,0.0,13782,493,1,,,
4658.0,0.0,13784,493,1,,,
4658.5,0.0,13785,496,1,,,
4659.0,0.0,13787,496,1,,,
4659.5,0.0,13788,498,1,,,
4660.0,0.0,13790,498,1,,,
4660.5,0.0,13791,498,1,,,
4661.0,0.0,13793,498,1,,,
4661.5,0.0,13794,498,1,,,
4662.0,0.0,13796,498,1,,,
4662.5,0.0,13797,498,1,,,
4663.0,0.0,13799,498,1,,,
4663.5,0.0,13800,497,1,,,
4664.0,0.0,13802,497,1,,,
4664.5,0.0,13803,497,1,,,
4665.0,0.0,13805,497,1,,,
4665.5,0.0,13806,498,1,,,
4666.0,0.0,13808,498,1,,,
4666.5,0.0,13809,499,1,,,
4667.0,0.0,13811,499,1,,,
4667.5,0.0,13812,501,1,,,
4668.0,0.0,13814,501,1,,,
4668.5,0.0,13815,503,1,,,
4669.0,0.0,13817,503,1,,,
4669.5,0.0,13818,504,1,,,
4670.0,0.0,13820,504,1,,,
4670.5,0.0,13821,504,1,,,
4671.0,0.0,13823,504,1,,,
4671.5,0.0,13825,505,1,,,
4672.0,0.0,13826,505,1,,,
4672.5,0.0,13827,505,1,,,
4673.0,0.0,13829,505,1,,,
4673.5,0.0,13831,504,1,,,
4674.0,0.0,13832,504,1,,,
4674.5,0.0,13834,505,1,,,
4675.0,0.0,13835,505,1,,,
4675.5,0.0,13837,507,1,,,
4676.0,0.0,13838,507,1,,,
4676.5,0.0,13840,507,1,,,
4677.0,0.0,13841,507,1,,,
4677.5,0.0,13843,509,1,,,
4678.0,0.0,13844,509,1,,,
4678.5,0.0,13846,511,1,,,
4679.0,0.0,13848,511,1,,,
4679.5,0.0,13849,510,1,,,
4680.0,0.0,13851,510,1,,,
4680.5,0.0,13852,511,1,,,
4681.0,0.0,13854,511,1,,,
4681.5,0.0,13855,510,1,,,
4682.0,0.0,13857,510,1,,,
4682.5,0.0,13858,509,1,,,
4683.0,0.0,13860,509,1,,,
4683.5,0.0,13861,509,1,,,
4684.0,0.0,13863,509,1,,,
4684.5,0.0,13864,509,1,,,
4685.0,0.0,13866,509,1,,,
4685.5,0.0,13867,509,1,,,
4686.0,0.0,13869,509,1,,,
4686.5,0.0,13871,511,1,,,
4687.0,0.0,13872,511,1,,,
4687.5,0.0,13874,514,1,,,
4688.0,0.0,13875,514,1,,,
4688.5,0.0,13877,512,1,,,
4689.0,0.0,13878,512,1,,,
4689.5,0.0,13880,512,1,,,
4690.0,0.0,13881,512,1,,,
4690.5,0.0,13883,512,1,,,
4691.0,0.0,13884,512,1,,,
4691.5,0.0,13886,510,1,,,
4692.0,0.0,13888,510,1,,,
4692.5,0.0,13889,510,1,,,
4693.0,0.0,13891,510,1,,,
4693.5,0.0,13892,511,1,,,
4694.0,0.0,13894,511,1,,,
4694.5,0.0,13895,512,1,,,
4695.0,0.0,13897,512,1,,,
4695.5,0.0,13898,512,1,,,
4696.0,0.0,13900,512,1,,,
4696.5,0.0,13901,516,1,,,
4697.0,0.0,13903,516,1,,,
4697.5,0.0,13905,515,1,,,
4698.0,0.0,13906,515,1,,,
4698.5,0.0,13908,515,1,,,
4699.0,0.0,13909,515,1,,,
4699.5,0.0,13911,514,1,,,
4700.0,0.0,13912,514,1,,,
4700.5,0.0,13914,514,1,,,
4701.0,0.0,13915,514,1,,,
4701.5,0.0,13917,512,1,,,
4702.0,0.0,13918,512,1,,,
4702.5,0.0,13920,512,1,,,
4703.0,0.0,13922,512,1,,,
4703.5,0.0,13923,512,1,,,
4704.0,0.0,13925,512,1,,,
4704.5,0.0,13926,515,1,,,
4705.0,0.0,13928,515,1,,,
4705.5,0.0,13929,516,1,,,
4706.0,0.0,13931,516,1,,,
4706.5,0.0,13932,517,1,,,
4707.0,0.0,13934,517,1,,,
4707.5,0.0,13936,517,1,,,
4708.0,0.0,13937,517,1,,,
4708.5,0.0,13939,517,1,,,
4709.0,0.0,13940,517,1,,,
4709.5,0.0,13942,515,1,,,
4710.0,0.0,13943,515,1,,,
4710.5,0.0,13945,514,1,,,
4711.0,0.0,13946,514,1,,,
4711.5,0.0,13948,512,1,,,
4712.0,0.0,13950,512,1,,,
4712.5,0.0,13951,514,1,,,
4713.0,0.0,13953,514,1,,,
4713.5,0.0,13954,514,1,,,
4714.0,0.0,13956,514,1,,,
4714.5,0.0,13957,516,1,,,
4715.0,0.0,13959,516,1,,,
4715.5,0.0,13960,517,1,,,
4716.0,0.0,13962,517,1,,,
4716.5,0.0,13964,517,1,,,
4717.0,0.0,13965,517,1,,,
4717.5,0.0,13967,516,1,,,
4718.0,0.0,13968,516,1,,,
4718.5,0.0,13970,515,1,,,
4719.0,0.0,13971,515,1,,,
4719.5,0.0,13973,514,1,,,
4720.0,0.0,13974,514,1,,,
4720.5,0.0,13976,512,1,,,
4721.0,0.0,13978,512,1,,,
4721.5,0.0,13979,512,1,,,
4722.0,0.0,13981,512,1,,,
4722.5,0.0,13982,512,1,,,
4723.0,0.0,13984,512,1,,,
4723.5,0.0,13985,515,1,,,
4724.0,0.0,13987,515,1,,,
4724.5,0.0,13988,515,1,,,
4725.0,0.0,13990,515,1,,,
4725.5,0.0,13991,515,1,,,
4726.0,0.0,13993,515,1,,,
4726.5,0.0,13995,514,1,,,
4727.0,0.0,13996,514,1,,,
4727.5,0.0,13998,512,1,,,
4728.0,0.0,13999,512,1,,,
4728.5,0.0,14001,510,1,,,
4729.0,0.0,14002,510,1,,,
4729.5,0.0,14004,509,1,,,
4730.0,0.0,14005,509,1,,,
4730.5,0.0,14007,509,1,,,
4731.0,0.0,14008,509,1,,,
4731.5,0.0,14010,509,1,,,
4732.0,0.0,14011,509,1,,,
4732.5,0.0,14013,510,1,,,
4733.0,0.0,14015,510,1,,,
4733.5,0.0,14016,511,1,,,
4734.0,0.0,14018,511,1,,,
4734.5,0.0,14019,510,1,,,
4735.0,0.0,14021,510,1,,,
4735.5,0.0,14022,509,1,,,
4736.0,0.0,14024,509,1,,,
4736.5,0.0,14025,507,1,,,
4737.0,0.0,14027,507,1,,,
4737.5,0.0,14028,504,1,,,
4738.0,0.0,14030,504,1,,,
4738.5,0.0,14031,502,1,,,
4739.0,0.0,14033,502,1,,,
4739.5,0.0,14034,502,1,,,
4740.0,0.0,14036,502,1,,,
4740.5,0.0,14037,501,1,,,
4741.0,0.0,14039,501,1,,,
4741.5,0.0,14040,502,1,,,
4742.0,0.0,14042,502,1,,,
4742.5,0.0,14043,502,1,,,
4743.0,0.0,14045,502,1,,,
4743.5,0.0,14046,501,1,,,
4744.0,0.0,14048,501,1,,,
4744.5,0.0,14049,499,1,,,
4745.0,0.0,14051,499,1,,,
4745.5,0.0,14052,498,1,,,
4746.0,0.0,14054,498,1,,,
4746.5,0.0,14055,496,1,,,
4747.0,0.0,14057,496,1,,,
4747.5,0.0,14058,495,1,,,
4748.0,0.0,14060,495,1,,,
4748.5,0.0,14061,495,1,,,
4749.0,0.0,14063,495,1,,,
4749.5,0.0,14064,495,1,,,
4750.0,0.0,14066,495,1,,,
4750.5,0.0,14067,493,1,,,
4751.0,0.0,14069,493,1,,,
4751.5,0.0,14070,495,1,,,
4752.0,0.0,14072,495,1,,,
4752.5,0.0,14073,495,1,,,
4753.0,0.0,14075,495,1,,,
4753.5,0.0,14076,495,1,,,
4754.0,0.0,14078,495,1,,,
4754.5,0.0,14079,493,1,,,
4755.0,0.0,14081,493,1,,,
4755.5,0.0,14082,493,1,,,
4756.0,0.0,14083,493,1,,,
4756.5,0.0,14085,491,1,,,
4757.0,0.0,14086,491,1,,,
4757.5,0.0,14088,490,1,,,
4758.0,0.0,14089,490,1,,,
4758.5,0.0,14091,489,1,,,
4759.0,0.0,14092,489,1,,,
4759.5,0.0,14094,490,1,,,
4760.0,0.0,14095,490,1,,,
4760.5,0.0,14097,491,1,,,
4761.0,0.0,14098,491,1,,,
4761.5,0.0,14100,492,1,,,
4762.0,0.0,14101,492,1,,,
4762.5,0.0,14103,493,1,,,
4763.0,0.0,14104,493,1,,,
4763.5,0.0,14106,492,1,,,
4764.0,0.0,14107,492,1,,,
4764.5,0.0,14109,491,1,,,
4765.0,0.0,14110,491,1,,,
4765.5,0.0,14112,490,1,,,
4766.0,0.0,14113,490,1,,,
4766.5,0.0,14114,489,1,,,
4767.0,0.0,14116,489,1,,,
4767.5,0.0,14117,489,1,,,
4768.0,0.0,14119,489,1,,,
4768.5,0.0,14120,490,1,,,
4769.0,0.0,14122,490,1,,,
4769.5,0.0,14123,490,1,,,
4770.0,0.0,14125,490,1,,,
4770.5,0.0,14126,491,1,,,
4771.0,0.0,14128,491,1,,,
4771.5,0.0,14129,493,1,,,
4772.0,0.0,14131,493,1,,,
4772.5,0.0,14132,493,1,,,
4773.0,0.0,14134,493,1,,,
4773.5,0.0,14135,493,1,,,
4774.0,0.0,14137,493,1,,,
4774.5,0.0,14138,493,1,,,
4775.0,0.0,14140,493,1,,,
4775.5,0.0,14141,491,1,,,
4776.0,0.0,14143,491,1,,,
4776.5,0.0,14144,490,1,,,
4777.0,0.0,14146,490,1,,,
4777.5,0.0,14147,490,1,,,
4778.0,0.0,14149,490,1,,,
4778.5,0.0,14150,490,1,,,
4779.0,0.0,14152,490,1,,,
4779.5,0.0,14153,491,1,,,
4780.0,0.0,14155,491,1,,,
4780.5,0.0,14156,493,1,,,
4781.0,0.0,14158,493,1,,,
4781.5,0.0,14159,496,1,,,
4782.0,0.0,14161,496,1,,,
4782.5,0.0,14162,495,1,,,
4783.0,0.0,14164,495,1,,,
4783.5,0.0,14165,496,1,,,
4784.0,0.0,14167,496,1,,,
4784.5,0.0,14168,496,1,,,
4785.0,0.0,14169,496,1,,,
4785.5,0.0,14171,493,1,,,
4786.0,0.0,14172,493,1,,,
4786.5,0.0,14174,493,1,,,
4787.0,0.0,14175,493,1,,,
4787.5,0.0,14177,495,1,,,
4788.0,0.0,14178,495,1,,,
4788.5,0.0,14180,495,1,,,
4789.0,0.0,14181,495,1,,,
4789.5,0.0,14183,496,1,,,
4790.0,0.0,14184,496,1,,,
4790.5,0.0,14186,499,1,,,
4791.0,0.0,14188,499,1,,,
4791.5,0.0,14189,499,1,,,
4792.0,0.0,14191,499,1,,,
4792.5,0.0,14192,501,1,,,
4793.0,0.0,14194,501,1,,,
4793.5,0.0,14195,501,1,,,
4794.0,0.0,14197,501,1,,,
4794.5,0.0,14198,499,1,,,
4795.0,0.0,14200,499,1,,,
4795.5,0.0,14201,501,1,,,
4796.0,0.0,14203,501,1,,,
4796.5,0.0,14204,501,1,,,
4797.0,0.0,14206,501,1,,,
4797.5,0.0,14207,501,1,,,
4798.0,0.0,14209,501,1,,,
4798.5,0.0,14210,503,1,,,
4799.0,0.0,14212,503,1,,,
4799.5,0.0,14213,507,1,,,
4800.0,0.0,14215,507,1,,,
4800.5,0.0,14216,507,1,,,
4801.0,0.0,14218,507,1,,,
4801.5,0.0,14219,507,1,,,
4802.0,0.0,14221,507,1,,,
4802.5,0.0,14223,508,1,,,
4803.0,0.0,14224,508,1,,,
4803.5,0.0,14226,507,1,,,
4804.0,0.0,14227,507,1,,,
4804.5,0.0,14229,504,1,,,
4805.0,0.0,14230,504,1,,,
4805.5,0.0,14232,505,1,,,
4806.0,0.0,14233,505,1,,,
4806.5,0.0,14235,505,1,,,
4807.0,0.0,14236,505,1,,,
4807.5,0.0,14238,507,1,,,
4808.0,0.0,14239,507,1,,,
4808.5,0.0,14241,508,1,,,
4809.0,0.0,14242,508,1,,,
4809.5,0.0,14244,510,1,,,
4810.0,0.0,14245,510,1,,,
4810.5,0.0,14247,508,1,,,
4811.0,0.0,14248,508,1,,,
4811.5,0.0,14250,509,1,,,
4812.0,0.0,14252,509,1,,,
4812.5,0.0,14253,507,1,,,
4813.0,0.0,14255,507,1,,,
4813.5,0.0,14256,505,1,,,
4814.0,0.0,14258,505,1,,,
4814.5,0.0,14259,505,1,,,
4815.0,0.0,14261,505,1,,,
4815.5,0.0,14262,505,1,,,
4816.0,0.0,14264,505,1,,,
4816.5,0.0,14265,505,1,,,
4817.0,0.0,14267,505,1,,,
4817.5,0.0,14268,508,1,,,
4818.0,0.0,14270,508,1,,,
4818.5,0.0,14271,509,1,,,
4819.0,0.0,14273,509,1,,,
4819.5,0.0,14275,508,1,,,
4820.0,0.0,14276,508,1,,,
4820.5,0.0,14278,509,1,,,
4821.0,0.0,14279,509,1,,,
4821.5,0.0,14281,508,1,,,
4822.0,0.0,14282,508,1,,,
4822.5,0.0,14284,505,1,,,
4823.0,0.0,14285,505,1,,,
4823.5,0.0,14287,505,1,,,
4824.0,0.0,14288,505,1,,,
4824.5,0.0,14290,505,1,,,
4825.0,0.0,14291,505,1,,,
4825.5,0.0,14293,505,1,,,
4826.0,0.0,14294,505,1,,,
4826.5,0.0,14296,508,1,,,
4827.0,0.0,14297,508,1,,,
4827.5,0.0,14299,509,1,,,
4828.0,0.0,14301,509,1,,,
4828.5,0.0,14302,510,1,,,
4829.0,0.0,14304,510,1,,,
4829.5,0.0,14305,510,1,,,
4830.0,0.0,14307,510,1,,,
4830.5,0.0,14308,510,1,,,
4831.0,0.0,14310,510,1,,,
4831.5,0.0,14311,508,1,,,
4832.0,0.0,14313,508,1,,,
4832.5,0.0,14314,508,1,,,
4833.0,0.0,14316,508,1,,,
4833.5,0.0,14317,507,1,,,
4834.0,0.0,14319,507,1,,,
4834.5,0.0,14320,508,1,,,
4835.0,0.0,14322,508,1,,,
4835.5,0.0,14323,508,1,,,
4836.0,0.0,14325,508,1,,,
4836.5,0.0,14327,510,1,,,
4837.0,0.0,14328,510,1,,,
4837.5,0.0,14330,511,1,,,
4838.0,0.0,14331,511,1,,,
4838.5,0.0,14333,512,1,,,
4839.0,0.0,14334,512,1,,,
4839.5,0.0,14336,511,1,,,
4840.0,0.0,14337,511,1,,,
4840.5,0.0,14339,511,1,,,
4841.0,0.0,14340,511,1,,,
4841.5,0.0,14342,510,1,,,
4842.0,0.0,14343,510,1,,,
4842.5,0.0,14345,509,1,,,
4843.0,0.0,14347,509,1,,,
4843.5,0.0,14348,509,1,,,
4844.0,0.0,14350,509,1,,,
4844.5,0.0,14351,509,1,,,
4845.0,0.0,14353,509,1,,,
4845.5,0.0,14354,510,1,,,
4846.0,0.0,14356,510,1,,,
4846.5,0.0,14357,511,1,,,
4847.0,0.0,14359,511,1,,,
4847.5,0.0,14360,511,1,,,
4848.0,0.0,14362,511,1,,,
4848.5,0.0,14364,510,1,,,
4849.0,0.0,14365,510,1,,,
4849.5,0.0,14367,509,1,,,
4850.0,0.0,14368,509,1,,,
4850.5,0.0,14370,507,1,,,
4851.0,0.0,14371,507,1,,,
4851.5,0.0,14373,505,1,,,
4852.0,0.0,14374,505,1,,,
4852.5,0.0,14376,505,1,,,
4853.0,0.0,14377,505,1,,,
4853.5,0.0,14379,505,1,,,
4854.0,0.0,14380,505,1,,,
4854.5,0.0,14382,507,1,,,
4855.0,0.0,14383,507,1,,,
4855.5,0.0,14385,507,1,,,
4856.0,0.0,14386,507,1,,,
4856.5,0.0,14388,507,1,,,
4857.0,0.0,14389,507,1,,,
4857.5,0.0,14391,507,1,,,
4858.0,0.0,14392,507,1,,,
4858.5,0.0,14394,504,1,,,
4859.0,0.0,14395,504,1,,,
4859.5,0.0,14397,503,1,,,
4860.0,0.0,14398,503,1,,,
4860.5,0.0,14400,502,1,,,
4861.0,0.0,14401,502,1,,,
4861.5,0.0,14403,502,1,,,
4862.0,0.0,14404,502,1,,,
4862.5,0.0,14406,499,1,,,
4863.0,0.0,14407,499,1,,,
4863.5,0.0,14409,501,1,,,
4864.0,0.0,14410,501,1,,,
4864.5,0.0,14412,502,1,,,
4865.0,0.0,14414,502,1,,,
4865.5,0.0,14415,503,1,,,
4866.0,0.0,14417,503,1,,,
4866.5,0.0,14418,501,1,,,
4867.0,0.0,14420,501,1,,,
4867.5,0.0,14421,501,1,,,
4868.0,0.0,14423,501,1,,,
4868.5,0.0,14424,499,1,,,
4869.0,0.0,14425,499,1,,,
4869.5,0.0,14427,496,1,,,
4870.0,0.0,14428,496,1,,,
4870.5,0.0,14430,495,1,,,
4871.0,0.0,14431,495,1,,,
4871.5,0.0,14433,495,1,,,
4872.0,0.0,14434,495,1,,,
4872.5,0.0,14436,495,1,,,
4873.0,0.0,14437,495,1,,,
4873.5,0.0,14439,495,1,,,
4874.0,0.0,14440,495,1,,,
4874.5,0.0,14442,496,1,,,
4875.0,0.0,14443,496,1,,,
4875.5,0.0,14445,495,1,,,
4876.0,0.0,14446,495,1,,,
4876.5,0.0,14448,493,1,,,
4877.0,0.0,14449,493,1,,,
4877.5,0.0,14451,492,1,,,
4878.0,0.0,14452,492,1,,,
4878.5,0.0,14454,490,1,,,
4879.0,0.0,14455,490,1,,,
4879.5,0.0,14457,488,1,,,
4880.0,0.0,14458,488,1,,,
4880.5,0.0,14460,488,1,,,
4881.0,0.0,14461,488,1,,,
4881.5,0.0,14462,486,1,,,
4882.0,0.0,14464,486,1,,,
4882.5,0.0,14465,486,1,,,
4883.0,0.0,14467,486,1,,,
4883.5,0.0,14468,488,1,,,
4884.0,0.0,14470,488,1,,,
4884.5,0.0,14471,489,1,,,
4885.0,0.0,14473,489,1,,,
4885.5,0.0,14474,488,1,,,
4886.0,0.0,14476,488,1,,,
4886.5,0.0,14477,489,1,,,
4887.0,0.0,14479,489,1,,,
4887.5,0.0,14480,488,1,,,
4888.0,0.0,14482,488,1,,,
4888.5,0.0,14483,486,1,,,
4889.0,0.0,14485,486,1,,,
4889.5,0.0,14486,485,1,,,
4890.0,0.0,14487,485,1,,,
4890.5,0.0,14489,486,1,,,
4891.0,0.0,14490,486,1,,,
4891.5,0.0,14492,486,1,,,
4892.0,0.0,14493,486,1,,,
4892.5,0.0,14495,489,1,,,
4893.0,0.0,14496,489,1,,,
4893.5,0.0,14498,491,1,,,
4894.0,0.0,14499,491,1,,,
4894.5,0.0,14501,495,1,,,
4895.0,0.0,14502,495,1,,,
4895.5,0.0,14504,495,1,,,
4896.0,0.0,14505,495,1,,,
4896.5,0.0,14507,496,1,,,
4897.0,0.0,14508,496,1,,,
4897.5,0.0,14510,496,1,,,
4898.0,0.0,14511,496,1,,,
4898.5,0.0,14513,495,1,,,
4899.0,0.0,14514,495,1,,,
4899.5,0.0,14516,495,1,,,
4900.0,0.0,14517,495,1,,,
4900.5,0.0,14519,497,1,,,
4901.0,0.0,14520,497,1,,,
4901.5,0.0,14522,498,1,,,
4902.0,0.0,14523,498,1,,,
4902.5,0.0,14525,501,1,,,
4903.0,0.0,14527,501,1,,,
4903.5,0.0,14528,504,1,,,
4904.0,0.0,14530,504,1,,,
4904.5,0.0,14531,505,1,,,
4905.0,0.0,14533,505,1,,,
4905.5,0.0,14534,505,1,,,
4906.0,0.0,14536,505,1,,,
4906.5,0.0,14537,505,1,,,
4907.0,0.0,14539,505,1,,,
4907.5,0.0,14540,505,1,,,
4908.0,0.0,14542,505,1,,,
4908.5,0.0,14543,504,1,,,
4909.0,0.0,14545,504,1,,,
4909.5,0.0,14546,505,1,,,
4910.0,0.0,14548,505,1,,,
4910.5,0.0,14549,507,1,,,
4911.0,0.0,14551,507,1,,,
4911.5,0.0,14553,509,1,,,
4912.0,0.0,14554,509,1,,,
4912.5,0.0,14556,510,1,,,
4913.0,0.0,14557,510,1,,,
4913.5,0.0,14559,511,1,,,
4914.0,0.0,14560,511,1,,,
4914.5,0.0,14562,511,1,,,
4915.0,0.0,14563,511,1,,,
4915.5,0.0,14565,510,1,,,
4916.0,0.0,14566,510,1,,,
4916.5,0.0,14568,509,1,,,
4917.0,0.0,14569,509,1,,,
4917.5,0.0,14571,507,1,,,
4918.0,0.0,14572,507,1,,,
4918.5,0.0,14574,508,1,,,
4919.0,0.0,14576,508,1,,,
4919.5,0.0,14577,507,1,,,
4920.0,0.0,14579,507,1,,,
4920.5,0.0,14580,509,1,,,
4921.0,0.0,14582,509,1,,,
4921.5,0.0,14583,510,1,,,
4922.0,0.0,14585,510,1,,,
4922.5,0.0,14586,512,1,,,
4923.0,0.0,14588,512,1,,,
4923.5,0.0,14589,511,1,,,
4924.0,0.0,14591,511,1,,,
4924.5,0.0,14592,512,1,,,
4925.0,0.0,14594,512,1,,,
4925.5,0.0,14596,511,1,,,
4926.0,0.0,14597,511,1,,,
4926.5,0.0,14599,510,1,,,
4927.0,0.0,14600,510,1,,,
4927.5,0.0,14602,509,1,,,
4928.0,0.0,14603,509,1,,,
4928.5,0.0,14605,510,1,,,
4929.0,0.0,14606,510,1,,,
4929.5,0.0,14608,510,1,,,
4930.0,0.0,14609,510,1,,,
4930.5,0.0,14611,512,1,,,
4931.0,0.0,14613,512,1,,,
4931.5,0.0,14614,514,1,,,
4932.0,0.0,14616,514,1,,,
4932.5,0.0,14617,515,1,,,
4933.0,0.0,14619,515,1,,,
4933.5,0.0,14620,515,1,,,
4934.0,0.0,14622,515,1,,,
4934.5,0.0,14623,514,1,,,
4935.0,0.0,14625,514,1,,,
4935.5,0.0,14626,511,1,,,
4936.0,0.0,14628,511,1,,,
4936.5,0.0,14630,511,1,,,
4937.0,0.0,14631,511,1,,,
4937.5,0.0,14633,512,1,,,
4938.0,0.0,14634,512,1,,,
4938.5,0.0,14636,512,1,,,
4939.0,0.0,14637,512,1,,,
4939.5,0.0,14639,515,1,,,
4940.0,0.0,14640,515,1,,,
4940.5,0.0,14642,516,1,,,
4941.0,0.0,14644,516,1,,,
4941.5,0.0,14645,517,1,,,
4942.0,0.0,14647,517,1,,,
4942.5,0.0,14648,516,1,,,
4943.0,0.0,14650,516,1,,,
4943.5,0.0,14651,516,1,,,
4944.0,0.0,14653,516,1,,,
4944.5,0.0,14654,514,1,,,
4945.0,0.0,14656,514,1,,,
4945.5,0.0,14657,514,1,,,
4946.0,0.0,14659,514,1,,,
4946.5,0.0,14661,514,1,,,
4947.0,0.0,14662,514,1,,,
4947.5,0.0,14664,514,1,,,
4948.0,0.0,14665,514,1,,,
4948.5,0.0,14667,515,1,,,
4949.0,0.0,14668,515,1,,,
4949.5,0.0,14670,517,1,,,
4950.0,0.0,14672,517,1,,,
4950.5,0.0,14673,518,1,,,
4951.0,0.0,14675,518,1,,,
4951.5,0.0,14676,517,1,,,
4952.0,0.0,14678,517,1,,,
4952.5,0.0,14679,517,1,,,
4953.0,0.0,14681,517,1,,,
4953.5,0.0,14682,516,1,,,
4954.0,0.0,14684,516,1,,,
4954.5,0.0,14685,515,1,,,
4955.0,0.0,14687,515,1,,,
4955.5,0.0,14689,514,1,,,
4956.0,0.0,14690,514,1,,,
4956.5,0.0,14692,515,1,,,
4957.0,0.0,14693,515,1,,,
4957.5,0.0,14695,516,1,,,
4958.0,0.0,14696,516,1,,,
4958.5,0.0,14698,517,1,,,
4959.0,0.0,14700,517,1,,,
4959.5,0.0,14701,517,1,,,
4960.0,0.0,14703,517,1,,,
4960.5,0.0,14704,518,1,,,
4961.0,0.0,14706,518,1,,,
4961.5,0.0,14707,517,1,,,
4962.0,0.0,14709,517,1,,,
4962.5,0.0,14710,516,1,,,
4963.0,0.0,14712,516,1,,,
4963.5,0.0,14714,514,1,,,
4964.0,0.0,14715,514,1,,,
4964.5,0.0,14717,515,1,,,
4965.0,0.0,14718,515,1,,,
4965.5,0.0,14720,514,1,,,
4966.0,0.0,14721,514,1,,,
4966.5,0.0,14723,514,1,,,
4967.0,0.0,14724,514,1,,,
4967.5,0.0,14726,515,1,,,
4968.0,0.0,14728,515,1,,,
4968.5,0.0,14729,517,1,,,
4969.0,0.0,14731,517,1,,,
4969.5,0.0,14732,515,1,,,
4970.0,0.0,14734,515,1,,,
4970.5,0.0,14735,515,1,,,
4971.0,0.0,14737,515,1,,,
4971.5,0.0,14738,514,1,,,
4972.0,0.0,14740,514,1,,,
4972.5,0.0,14741,511,1,,,
4973.0,0.0,14743,511,1,,,
4973.5,0.0,14744,510,1,,,
4974.0,0.0,14746,510,1,,,
4974.5,0.0,14748,510,1,,,
4975.0,0.0,14749,510,1,,,
4975.5,0.0,14751,510,1,,,
4976.0,0.0,14752,510,1,,,
4976.5,0.0,14754,511,1,,,
4977.0,0.0,14755,511,1,,,
4977.5,0.0,14757,512,1,,,
4978.0,0.0,14758,512,1,,,
4978.5,0.0,14760,511,1,,,
4979.0,0.0,14761,511,1,,,
4979.5,0.0,14763,510,1,,,
4980.0,0.0,14764,510,1,,,
4980.5,0.0,14766,509,1,,,
4981.0,0.0,14767,509,1,,,
4981.5,0.0,14769,507,1,,,
4982.0,0.0,14770,507,1,,,
4982.5,0.0,14772,504,1,,,
4983.0,0.0,14774,504,1,,,
4983.5,0.0,14775,504,1,,,
4984.0,0.0,14777,504,1,,,
4984.5,0.0,14778,505,1,,,
4985.0,0.0,14780,505,1,,,
4985.5,0.0,14781,505,1,,,
4986.0,0.0,14783,505,1,,,
4986.5,0.0,14784,507,1,,,
4987.0,0.0,14786,507,1,,,
4987.5,0.0,14787,507,1,,,
4988.0,0.0,14789,507,1,,,
4988.5,0.0,14790,505,1,,,
4989.0,0.0,14792,505,1,,,
4989.5,0.0,14793,504,1,,,
4990.0,0.0,14795,504,1,,,
4990.5,0.0,14796,503,1,,,
4991.0,0.0,14798,503,1,,,
4991.5,0.0,14799,501,1,,,
4992.0,0.0,14801,501,1,,,
4992.5,0.0,14802,502,1,,,
4993.0,0.0,14804,502,1,,,
4993.5,0.0,14805,502,1,,,
4994.0,0.0,14807,502,1,,,
4994.5,0.0,14808,502,1,,,
4995.0,0.0,14810,502,1,,,
4995.5,0.0,14811,502,1,,,
4996.0,0.0,14813,502,1,,,
4996.5,0.0,14815,503,1,,,
4997.0,0.0,14816,503,1,,,
4997.5,0.0,14817,502,1,,,
4998.0,0.0,14819,502,1,,,
4998.5,0.0,14820,501,1,,,
4999.0,0.0,14822,501,1,,,
4999.5,0.0,14823,499,1,,,
5000.0,0.0,14825,499,1,,,
5000.5,0.0,14826,498,1,,,
5001.0,0.0,14828,498,1,,,
5001.5,0.0,14829,498,1,,,
5002.0,0.0,14831,498,1,,,
5002.5,0.0,14832,497,1,,,
5003.0,0.0,14834,497,1,,,
5003.5,0.0,14835,498,1,,,
5004.0,0.0,14837,498,1,,,
5004.5,0.0,14839,499,1,,,
5005.0,0.0,14840,499,1,,,
5005.5,0.0,14842,499,1,,,
5006.0,0.0,14843,499,1,,,
5006.5,0.0,14845,499,1,,,
5007.0,0.0,14846,499,1,,,
5007.5,0.0,14848,499,1,,,
5008.0,0.0,14849,499,1,,,
5008.5,0.0,14851,497,1,,,
5009.0,0.0,14852,497,1,,,
5009.5,0.0,14853,496,1,,,
5010.0,0.0,14855,496,1,,,
5010.5,0.0,14856,496,1,,,
5011.0,0.0,14858,496,1,,,
5011.5,0.0,14859,495,1,,,
5012.0,0.0,14861,495,1,,,
5012.5,0.0,14862,495,1,,,
5013.0,0.0,14864,495,1,,,
5013.5,0.0,14865,496,1,,,
5014.0,0.0,14867,496,1,,,
5014.5,0.0,14868,497,1,,,
5015.0,0.0,14870,497,1,,,
5015.5,0.0,14871,497,1,,,
5016.0,0.0,14873,497,1,,,
5016.5,0.0,14874,497,1,,,
5017.0,0.0,14876,497,1,,,
5017.5,0.0,14877,497,1,,,
5018.0,0.0,14879,497,1,,,
5018.5,0.0,14880,497,1,,,
5019.0,0.0,14882,497,1,,,
5019.5,0.0,14883,495,1,,,
5020.0,0.0,14885,495,1,,,
5020.5,0.0,14886,495,1,,,
5021.0,0.0,14888,495,1,,,
5021.5,0.0,14889,496,1,,,
5022.0,0.0,14891,496,1,,,
5022.5,0.0,14892,496,1,,,
5023.0,0.0,14894,496,1,,,
5023.5,0.0,14895,496,1,,,
5024.0,0.0,14897,496,1,,,
5024.5,0.0,14898,498,1,,,
5025.0,0.0,14900,498,1,,,
5025.5,0.0,14901,499,1,,,
5026.0,0.0,14903,499,1,,,
5026.5,0.0,14904,498,1,,,
5027.0,0.0,14906,498,1,,,
5027.5,0.0,14907,498,1,,,
5028.0,0.0,14909,498,1,,,
5028.5,0.0,14910,498,1,,,
5029.0,0.0,14912,498,1,,,
5029.5,0.0,14913,497,1,,,
5030.0,0.0,14915,497,1,,,
5030.5,0.0,14916,498,1,,,
5031.0,0.0,14918,498,1,,,
5031.5,0.0,14920,498,1,,,
5032.0,0.0,14921,498,1,,,
5032.5,0.0,14923,501,1,,,
5033.0,0.0,14924,501,1,,,
5033.5,0.0,14926,503,1,,,
5034.0,0.0,14927,503,1,,,
5034.5,0.0,14929,505,1,,,
5035.0,0.0,14930,505,1,,,
5035.5,0.0,14932,504,1,,,
5036.0,0.0,14933,504,1,,,
5036.5,0.0,14935,505,1,,,
5037.0,0.0,14936,505,1,,,
5037.5,0.0,14938,504,1,,,
5038.0,0.0,14939,504,1,,,
5038.5,0.0,14941,502,1,,,
5039.0,0.0,14942,502,1,,,
5039.5,0.0,14944,502,1,,,
5040.0,0.0,14945,502,1,,,
5040.5,0.0,14947,503,1,,,
5041.0,0.0,14948,503,1,,,
5041.5,0.0,14950,505,1,,,
5042.0,0.0,14951,505,1,,,
5042.5,0.0,14953,507,1,,,
5043.0,0.0,14955,507,1,,,
5043.5,0.0,14956,509,1,,,
5044.0,0.0,14958,509,1,,,
5044.5,0.0,14959,510,1,,,
5045.0,0.0,14961,510,1,,,
5045.5,0.0,14962,510,1,,,
5046.0,0.0,14964,510,1,,,
5046.5,0.0,14965,508,1,,,
5047.0,0.0,14967,508,1,,,
5047.5,0.0,14968,508,1,,,
5048.0,0.0,14970,508,1,,,
5048.5,0.0,14971,508,1,,,
5049.0,0.0,14973,508,1,,,
5049.5,0.0,14975,507,1,,,
5050.0,0.0,14976,507,1,,,
5050.5,0.0,14978,508,1,,,
5051.0,0.0,14979,508,1,,,
5051.5,0.0,14981,510,1,,,
5052.0,0.0,14982,510,1,,,
5052.5,0.0,14984,511,1,,,
5053.0,0.0,14985,511,1,,,
5053.5,0.0,14987,512,1,,,
5054.0,0.0,14988,512,1,,,
5054.5,0.0,14990,512,1,,,
5055.0,0.0,14991,512,1,,,
5055.5,0.0,14993,511,1,,,
5056.0,0.0,14995,511,1,,,
5056.5,0.0,14996,510,1,,,
5057.0,0.0,14998,510,1,,,
5057.5,0.0,14999,509,1,,,
5058.0,0.0,15001,509,1,,,
5058.5,0.0,15002,509,1,,,
5059.0,0.0,15004,509,1,,,
5059.5,0.0,15005,509,1,,,
5060.0,0.0,15007,509,1,,,
5060.5,0.0,15008,511,1,,,
5061.0,0.0,15010,511,1,,,
5061.5,0.0,15012,512,1,,,
5062.0,0.0,15013,512,1,,,
5062.5,0.0,15015,515,1,,,
5063.0,0.0,15016,515,1,,,
5063.5,0.0,15018,514,1,,,
5064.0,0.0,15019,514,1,,,
5064.5,0.0,15021,514,1,,,
5065.0,0.0,15022,514,1,,,
5065.5,0.0,15024,512,1,,,
5066.0,0.0,15025,512,1,,,
5066.5,0.0,15027,511,1,,,
5067.0,0.0,15028,511,1,,,
5067.5,0.0,15030,510,1,,,
5068.0,0.0,15032,510,1,,,
5068.5,0.0,15033,511,1,,,
5069.0,0.0,15035,511,1,,,
5069.5,0.0,15036,512,1,,,
5070.0,0.0,15038,512,1,,,
5070.5,0.0,15039,514,1,,,
5071.0,0.0,15041,514,1,,,
5071.5,0.0,15042,515,1,,,
5072.0,0.0,15044,515,1,,,
5072.5,0.0,15046,515,1,,,
5073.0,0.0,15047,515,1,,,
5073.5,0.0,15049,515,1,,,
5074.0,0.0,15050,515,1,,,
5074.5,0.0,15052,514,1,,,
5075.0,0.0,15053,514,1,,,
5075.5,0.0,15055,512,1,,,
5076.0,0.0,15056,512,1,,,
5076.5,0.0,15058,512,1,,,
5077.0,0.0,15059,512,1,,,
5077.5,0.0,15061,512,1,,,
5078.0,0.0,15063,512,1,,,
5078.5,0.0,15064,512,1,,,
5079.0,0.0,15066,512,1,,,
5079.5,0.0,15067,515,1,,,
5080.0,0.0,15069,515,1,,,
5080.5,0.0,15070,515,1,,,
5081.0,0.0,15072,515,1,,,
5081.5,0.0,15073,515,1,,,
5082.0,0.0,15075,515,1,,,
5082.5,0.0,15076,515,1,,,
5083.0,0.0,15078,515,1,,,
5083.5,0.0,15080,514,1,,,
5084.0,0.0,15081,514,1,,,
5084.5,0.0,15083,511,1,,,
5085.0,0.0,15084,511,1,,,
5085.5,0.0,15086,511,1,,,
5086.0,0.0,15087,511,1,,,
5086.5,0.0,15089,511,1,,,
5087.0,0.0,15090,511,1,,,
5087.5,0.0,15092,511,1,,,
5088.0,0.0,15093,511,1,,,
5088.5,0.0,15095,512,1,,,
5089.0,0.0,15097,512,1,,,
5089.5,0.0,15098,514,1,,,
5090.0,0.0,15100,514,1,,,
5090.5,0.0,15101,512,1,,,
5091.0,0.0,15103,512,1,,,
5091.5,0.0,15104,511,1,,,
5092.0,0.0,15106,511,1,,,
5092.5,0.0,15107,509,1,,,
5093.0,0.0,15109,509,1,,,
5093.5,0.0,15110,507,1,,,
5094.0,0.0,15112,507,1,,,
5094.5,0.0,15113,505,1,,,
5095.0,0.0,15115,505,1,,,
5095.5,0.0,15116,505,1,,,
5096.0,0.0,15118,505,1,,,
5096.5,0.0,15119,504,1,,,
5097.0,0.0,15121,504,1,,,
5097.5,0.0,15123,507,1,,,
5098.0,0.0,15124,507,1,,,
5098.5,0.0,15126,507,1,,,
5099.0,0.0,15127,507,1,,,
5099.5,0.0,15129,507,1,,,
5100.0,0.0,15130,507,1,,,
5100.5,0.0,15132,505,1,,,
5101.0,0.0,15133,505,1,,,
5101.5,0.0,15135,505,1,,,
5102.0,0.0,15136,505,1,,,
5102.5,0.0,15138,502,1,,,
5103.0,0.0,15139,502,1,,,
5103.5,0.0,15141,501,1,,,
5104.0,0.0,15142,501,1,,,
5104.5,0.0,15144,499,1,,,
5105.0,0.0,15145,499,1,,,
5105.5,0.0,15147,499,1,,,
5106.0,0.0,15148,499,1,,,
5106.5,0.0,15150,498,1,,,
5107.0,0.0,15151,498,1,,,
5107.5,0.0,15153,499,1,,,
5108.0,0.0,15154,499,1,,,
5108.5,0.0,15156,501,1,,,
5109.0,0.0,15157,501,1,,,
5109.5,0.0,15159,501,1,,,
5110.0,0.0,15160,501,1,,,
5110.5,0.0,15162,498,1,,,
5111.0,0.0,15163,498,1,,,
5111.5,0.0,15165,498,1,,,
5112.0,0.0,15166,498,1,,,
5112.5,0.0,15168,496,1,,,
5113.0,0.0,15169,496,1,,,
5113.5,0.0,15171,495,1,,,
5114.0,0.0,15172,495,1,,,
5114.5,0.0,15174,493,1,,,
5115.0,0.0,15175,493,1,,,
5115.5,0.0,15177,495,1,,,
5116.0,0.0,15178,495,1,,,
5116.5,0.0,15180,496,1,,,
5117.0,0.0,15181,496,1,,,
5117.5,0.0,15183,497,1,,,
5118.0,0.0,15184,497,1,,,
5118.5,0.0,15186,497,1,,,
5119.0,0.0,15187,497,1,,,
5119.5,0.0,15189,497,1,,,
5120.0,0.0,15190,497,1,,,
5120.5,0.0,15192,496,1,,,
5121.0,0.0,15193,496,1,,,
5121.5,0.0,15195,493,1,,,
5122.0,0.0,15196,493,1,,,
5122.5,0.0,15198,493,1,,,
5123.0,0.0,15199,493,1,,,
5123.5,0.0,15201,493,1,,,
5124.0,0.0,15202,493,1,,,
5124.5,0.0,15203,493,1,,,
5125.0,0.0,15205,493,1,,,
5125.5,0.0,15207,495,1,,,
5126.0,0.0,15208,495,1,,,
5126.5,0.0,15209,497,1,,,
5127.0,0.0,15211,497,1,,,
5127.5,0.0,15213,498,1,,,
5128.0,0.0,15214,498,1,,,
5128.5,0.0,15215,498,1,,,
5129.0,0.0,15217,498,1,,,
5129.5,0.0,15218,498,1,,,
5130.0,0.0,15220,498,1,,,
5130.5,0.0,15221,498,1,,,
5131.0,0.0,15223,498,1,,,
5131.5,0.0,15224,496,1,,,
5132.0,0.0,15226,496,1,,,
5132.5,0.0,15227,495,1,,,
5133.0,0.0,15229,495,1,,,
5133.5,0.0,15231,496,1,,,
5134.0,0.0,15232,496,1,,,
5134.5,0.0,15234,496,1,,,
5135.0,0.0,15235,496,1,,,
5135.5,0.0,15237,497,1,,,
5136.0,0.0,15238,497,1,,,
5136.5,0.0,15240,499,1,,,
5137.0,0.0,15241,499,1,,,
5137.5,0.0,15243,501,1,,,
5138.0,0.0,15244,501,1,,,
5138.5,0.0,15246,499,1,,,
5139.0,0.0,15247,499,1,,,
5139.5,0.0,15249,501,1,,,
5140.0,0.0,15250,501,1,,,
5140.5,0.0,15251,498,1,,,
5141.0,0.0,15253,498,1,,,
5141.5,0.0,15255,498,1,,,
5142.0,0.0,15256,498,1,,,
5142.5,0.0,15258,497,1,,,
5143.0,0.0,15259,497,1,,,
5143.5,0.0,15261,498,1,,,
5144.0,0.0,15262,498,1,,,
5144.5,0.0,15264,498,1,,,
5145.0,0.0,15265,498,1,,,
5145.5,0.0,15267,502,1,,,
5146.0,0.0,15268,502,1,,,
5146.5,0.0,15270,502,1,,,
5147.0,0.0,15271,502,1,,,
5147.5,0.0,15273,503,1,,,
5148.0,0.0,15274,503,1,,,
5148.5,0.0,15276,503,1,,,
5149.0,0.0,15277,503,1,,,
5149.5,0.0,15279,503,1,,,
5150.0,0.0,15280,503,1,,,
5150.5,0.0,15282,501,1,,,
5151.0,0.0,15283,501,1,,,
5151.5,0.0,15285,501,1,,,
5152.0,0.0,15286,501,1,,,
5152.5,0.0,15288,501,1,,,
5153.0,0.0,15289,501,1,,,
5153.5,0.0,15291,502,1,,,
5154.0,0.0,15292,502,1,,,
5154.5,0.0,15294,503,1,,,
5155.0,0.0,15295,503,1,,,
5155.5,0.0,15297,505,1,,,
5156.0,0.0,15298,505,1,,,
5156.5,0.0,15300,505,1,,,
5157.0,0.0,15302,505,1,,,
5157.5,0.0,15303,507,1,,,
5158.0,0.0,15305,507,1,,,
5158.5,0.0,15306,505,1,,,
5159.0,0.0,15308,505,1,,,
5159.5,0.0,15309,504,1,,,
5160.0,0.0,15311,504,1,,,
5160.5,0.0,15312,503,1,,,
5161.0,0.0,15314,503,1,,,
5161.5,0.0,15315,504,1,,,
5162.0,0.0,15317,504,1,,,
5162.5,0.0,15318,504,1,,,
5163.0,0.0,15320,504,1,,,
5163.5,0.0,15321,505,1,,,
5164.0,0.0,15323,505,1,,,
5164.5,0.0,15325,508,1,,,
5165.0,0.0,15326,508,1,,,
5165.5,0.0,15328,509,1,,,
5166.0,0.0,15329,509,1,,,
5166.5,0.0,15331,510,1,,,
5167.0,0.0,15332,510,1,,,
5167.5,0.0,15334,509,1,,,
5168.0,0.0,15335,509,1,,,
5168.5,0.0,15337,508,1,,,
5169.0,0.0,15338,508,1,,,
5169.5,0.0,15340,507,1,,,
5170.0,0.0,15341,507,1,,,
5170.5,0.0,15343,507,1,,,
5171.0,0.0,15344,507,1,,,
5171.5,0.0,15346,505,1,,,
5172.0,0.0,15347,505,1,,,
5172.5,0.0,15349,507,1,,,
5173.0,0.0,15350,507,1,,,
5173.5,0.0,15352,509,1,,,
5174.0,0.0,15354,509,1,,,
5174.5,0.0,15355,510,1,,,
5175.0,0.0,15357,510,1,,,
5175.5,0.0,15358,510,1,,,
5176.0,0.0,15360,510,1,,,
5176.5,0.0,15361,510,1,,,
5177.0,0.0,15363,510,1,,,
5177.5,0.0,15364,510,1,,,
5178.0,0.0,15366,510,1,,,
5178.5,0.0,15367,508,1,,,
5179.0,0.0,15369,508,1,,,
5179.5,0.0,15370,507,1,,,
5180.0,0.0,15372,507,1,,,
5180.5,0.0,15373,508,1,,,
5181.0,0.0,15375,508,1,,,
5181.5,0.0,15377,508,1,,,
5182.0,0.0,15378,508,1,,,
5182.5,0.0,15380,509,1,,,
5183.0,0.0,15381,509,1,,,
5183.5,0.0,15383,511,1,,,
5184.0,0.0,15384,511,1,,,
5184.5,0.0,15386,511,1,,,
5185.0,0.0,15387,511,1,,,
5185.5,0.0,15389,510,1,,,
5186.0,0.0,15390,510,1,,,
5186.5,0.0,15392,509,1,,,
5187.0,0.0,15393,509,1,,,
5187.5,0.0,15395,508,1,,,
5188.0,0.0,15396,508,1,,,
5188.5,0.0,15398,507,1,,,
5189.0,0.0,15400,507,1,,,
5189.5,0.0,15401,507,1,,,
5190.0,0.0,15403,507,1,,,
5190.5,0.0,15404,507,1,,,
5191.0,0.0,15406,507,1,,,
5191.5,0.0,15407,509,1,,,
5192.0,0.0,15409,509,1,,,
5192.5,0.0,15410,509,1,,,
5193.0,0.0,15412,509,1,,,
5193.5,0.0,15413,510,1,,,
5194.0,0.0,15415,510,1,,,
5194.5,0.0,15416,510,1,,,
5195.0,0.0,15418,510,1,,,
5195.5,0.0,15419,510,1,,,
5196.0,0.0,15421,510,1,,,
5196.5,0.0,15423,508,1,,,
5197.0,0.0,15424,508,1,,,
5197.5,0.0,15426,507,1,,,
5198.0,0.0,15427,507,1,,,
5198.5,0.0,15429,505,1,,,
5199.0,0.0,15430,505,1,,,
5199.5,0.0,15432,505,1,,,
5200.0,0.0,15433,505,1,,,
5200.5,0.0,15435,505,1,,,
5201.0,0.0,15436,505,1,,,
5201.5,0.0,15438,507,1,,,
5202.0,0.0,15439,507,1,,,
5202.5,0.0,15441,507,1,,,
5203.0,0.0,15442,507,1,,,
5203.5,0.0,15444,505,1,,,
5204.0,0.0,15445,505,1,,,
5204.5,0.0,15447,505,1,,,
5205.0,0.0,15448,505,1,,,
5205.5,0.0,15450,503,1,,,
5206.0,0.0,15451,503,1,,,
5206.5,0.0,15453,501,1,,,
5207.0,0.0,15454,501,1,,,
5207.5,0.0,15456,499,1,,,
5208.0,0.0,15457,499,1,,,
5208.5,0.0,15459,499,1,,,
5209.0,0.0,15460,499,1,,,
5209.5,0.0,15462,497,1,,,
5210.0,0.0,15463,497,1,,,
5210.5,0.0,15465,498,1,,,
5211.0,0.0,15466,498,1,,,
5211.5,0.0,15468,499,1,,,
5212.0,0.0,15469,499,1,,,
5212.5,0.0,15471,501,1,,,
5213.0,0.0,15472,501,1,,,
5213.5,0.0,15474,498,1,,,
5214.0,0.0,15475,498,1,,,
5214.5,0.0,15477,498,1,,,
5215.0,0.0,15478,498,1,,,
5215.5,0.0,15480,496,1,,,
5216.0,0.0,15481,496,1,,,
5216.5,0.0,15483,495,1,,,
5217.0,0.0,15484,495,1,,,
5217.5,0.0,15486,493,1,,,
5218.0,0.0,15487,493,1,,,
5218.5,0.0,15489,493,1,,,
5219.0,0.0,15490,493,1,,,
5219.5,0.0,15492,493,1,,,
5220.0,0.0,15493,493,1,,,
5220.5,0.0,15495,496,1,,,
5221.0,0.0,15496,496,1,,,
5221.5,0.0,15498,496,1,,,
5222.0,0.0,15499,496,1,,,
5222.5,0.0,15501,496,1,,,
5223.0,0.0,15502,496,1,,,
5223.5,0.0,15504,496,1,,,
5224.0,0.0,15505,496,1,,,
5224.5,0.0,15507,495,1,,,
5225.0,0.0,15508,495,1,,,
5225.5,0.0,15510,492,1,,,
5226.0,0.0,15511,492,1,,,
5226.5,0.0,15513,492,1,,,
5227.0,0.0,15514,492,1,,,
5227.5,0.0,15516,492,1,,,
5228.0,0.0,15517,492,1,,,
5228.5,0.0,15519,492,1,,,
5229.0,0.0,15520,492,1,,,
5229.5,0.0,15522,495,1,,,
5230.0,0.0,15523,495,1,,,
5230.5,0.0,15525,496,1,,,
5231.0,0.0,15526,496,1,,,
5231.5,0.0,15528,495,1,,,
5232.0,0.0,15529,495,1,,,
5232.5,0.0,15531,495,1,,,
5233.0,0.0,15532,495,1,,,
5233.5,0.0,15534,495,1,,,
5234.0,0.0,15535,495,1,,,
5234.5,0.0,15536,492,1,,,
5235.0,0.0,15538,492,1,,,
5235.5,0.0,15539,491,1,,,
5236.0,0.0,15541,491,1,,,
5236.5,0.0,15542,492,1,,,
5237.0,0.0,15544,492,1,,,
5237.5,0.0,15545,491,1,,,
5238.0,0.0,15547,491,1,,,
5238.5,0.0,15548,492,1,,,
5239.0,0.0,15550,492,1,,,
5239.5,0.0,15551,493,1,,,
5240.0,0.0,15553,493,1,,,
5240.5,0.0,15554,493,1,,,
5241.0,0.0,15556,493,1,,,
5241.5,0.0,15557,493,1,,,
5242.0,0.0,15559,493,1,,,
5242.5,0.0,15560,493,1,,,
5243.0,0.0,15562,493,1,,,
5243.5,0.0,15563,491,1,,,
5244.0,0.0,15565,491,1,,,
5244.5,0.0,15566,490,1,,,
5245.0,0.0,15568,490,1,,,
5245.5,0.0,15569,490,1,,,
5246.0,0.0,15571,490,1,,,
5246.5,0.0,15572,489,1,,,
5247.0,0.0,15574,489,1,,,
5247.5,0.0,15575,490,1,,,
5248.0,0.0,15576,490,1,,,
5248.5,0.0,15578,492,1,,,
5249.0,0.0,15579,492,1,,,
5249.5,0.0,15581,492,1,,,
5250.0,0.0,15582,492,1,,,
5250.5,0.0,15584,493,1,,,
5251.0,0.0,15585,493,1,,,
5251.5,0.0,15587,495,1,,,
5252.0,0.0,15588,495,1,,,
5252.5,0.0,15590,495,1,,,
5253.0,0.0,15591,495,1,,,
5253.5,0.0,15593,493,1,,,
5254.0,0.0,15594,493,1,,,
5254.5,0.0,15596,493,1,,,
5255.0,0.0,15597,493,1,,,
5255.5,0.0,15599,493,1,,,
5256.0,0.0,15600,493,1,,,
5256.5,0.0,15602,495,1,,,
5257.0,0.0,15603,495,1,,,
5257.5,0.0,15605,495,1,,,
5258.0,0.0,15606,495,1,,,
5258.5,0.0,15608,497,1,,,
5259.0,0.0,15609,497,1,,,
5259.5,0.0,15611,499,1,,,
5260.0,0.0,15612,499,1,,,
5260.5,0.0,15614,499,1,,,
5261.0,0.0,15615,499,1,,,
5261.5,0.0,15617,499,1,,,
5262.0,0.0,15618,499,1,,,
5262.5,0.0,15620,499,1,,,
5263.0,0.0,15621,499,1,,,
5263.5,0.0,15623,498,1,,,
5264.0,0.0,15624,498,1,,,
5264.5,0.0,15626,498,1,,,
5265.0,0.0,15628,498,1,,,
5265.5,0.0,15629,501,1,,,
5266.0,0.0,15631,501,1,,,
5266.5,0.0,15632,502,1,,,
5267.0,0.0,15634,502,1,,,
5267.5,0.0,15635,503,1,,,
5268.0,0.0,15637,503,1,,,
5268.5,0.0,15638,507,1,,,
5269.0,0.0,15640,507,1,,,
5269.5,0.0,15641,508,1,,,
5270.0,0.0,15643,508,1,,,
5270.5,0.0,15644,508,1,,,
5271.0,0.0,15646,508,1,,,
5271.5,0.0,15647,507,1,,,
5272.0,0.0,15649,507,1,,,
5272.5,0.0,15650,507,1,,,
5273.0,0.0,15652,507,1,,,
5273.5,0.0,15653,504,1,,,
5274.0,0.0,15655,504,1,,,
5274.5,0.0,15657,504,1,,,
5275.0,0.0,15658,504,1,,,
5275.5,0.0,15660,505,1,,,
5276.0,0.0,15661,505,1,,,
5276.5,0.0,15663,505,1,,,
5277.0,0.0,15664,505,1,,,
5277.5,0.0,15666,508,1,,,
5278.0,0.0,15667,508,1,,,
5278.5,0.0,15669,509,1,,,
5279.0,0.0,15670,509,1,,,
5279.5,0.0,15672,509,1,,,
5280.0,0.0,15673,509,1,,,
5280.5,0.0,15675,508,1,,,
5281.0,0.0,15676,508,1,,,
5281.5,0.0,15678,508,1,,,
5282.0,0.0,15679,508,1,,,
5282.5,0.0,15681,505,1,,,
5283.0,0.0,15682,505,1,,,
5283.5,0.0,15684,504,1,,,
5284.0,0.0,15685,504,1,,,
5284.5,0.0,15687,504,1,,,
5285.0,0.0,15689,504,1,,,
5285.5,0.0,15690,504,1,,,
5286.0,0.0,15692,504,1,,,
5286.5,0.0,15693,507,1,,,
5287.0,0.0,15695,507,1,,,
5287.5,0.0,15696,508,1,,,
5288.0,0.0,15698,508,1,,,
5288.5,0.0,15699,509,1,,,
5289.0,0.0,15701,509,1,,,
5289.5,0.0,15702,508,1,,,
5290.0,0.0,15704,508,1,,,
5290.5,0.0,15705,507,1,,,
5291.0,0.0,15707,507,1,,,
5291.5,0.0,15708,504,1,,,
5292.0,0.0,15710,504,1,,,
5292.5,0.0,15711,504,1,,,
5293.0,0.0,15713,504,1,,,
5293.5,0.0,15715,503,1,,,
5294.0,0.0,15716,503,1,,,
5294.5,0.0,15718,504,1,,,
5295.0,0.0,15719,504,1,,,
5295.5,0.0,15721,507,1,,,
5296.0,0.0,15722,507,1,,,
5296.5,0.0,15724,508,1,,,
5297.0,0.0,15725,508,1,,,
5297.5,0.0,15727,508,1,,,
5298.0,0.0,15728,508,1,,,
5298.5,0.0,15730,509,1,,,
5299.0,0.0,15731,509,1,,,
5299.5,0.0,15733,508,1,,,
5300.0,0.0,15734,508,1,,,
5300.5,0.0,15736,505,1,,,
5301.0,0.0,15737,505,1,,,
5301.5,0.0,15739,505,1,,,
5302.0,0.0,15740,505,1,,,
5302.5,0.0,15742,505,1,,,
5303.0,0.0,15743,505,1,,,
5303.5,0.0,15745,505,1,,,
5304.0,0.0,15747,505,1,,,
5304.5,0.0,15748,507,1,,,
5305.0,0.0,15750,507,1,,,
5305.5,0.0,15751,509,1,,,
5306.0,0.0,15753,509,1,,,
5306.5,0.0,15754,509,1,,,
5307.0,0.0,15756,509,1,,,
5307.5,0.0,15757,509,1,,,
5308.0,0.0,15759,509,1,,,
5308.5,0.0,15760,508,1,,,
5309.0,0.0,15762,508,1,,,
5309.5,0.0,15763,507,1,,,
5310.0,0.0,15765,507,1,,,
5310.5,0.0,15766,504,1,,,
5311.0,0.0,15768,504,1,,,
5311.5,0.0,15769,504,1,,,
5312.0,0.0,15771,504,1,,,
5312.5,0.0,15773,503,1,,,
5313.0,0.0,15774,503,1,,,
5313.5,0.0,15776,504,1,,,
5314.0,0.0,15777,504,1,,,
5314.5,0.0,15779,505,1,,,
5315.0,0.0,15780,505,1,,,
5315.5,0.0,15782,507,1,,,
5316.0,0.0,15783,507,1,,,
5316.5,0.0,15785,507,1,,,
5317.0,0.0,15786,507,1,,,
5317.5,0.0,15788,507,1,,,
5318.0,0.0,15789,507,1,,,
5318.5,0.0,15791,505,1,,,
5319.0,0.0,15792,505,1,,,
5319.5,0.0,15794,503,1,,,
5320.0,0.0,15795,503,1,,,
5320.5,0.0,15797,502,1,,,
5321.0,0.0,15798,502,1,,,
5321.5,0.0,15800,501,1,,,
5322.0,0.0,15801,501,1,,,
5322.5,0.0,15803,501,1,,,
5323.0,0.0,15804,501,1,,,
5323.5,0.0,15806,502,1,,,
5324.0,0.0,15807,502,1,,,
5324.5,0.0,15809,503,1,,,
5325.0,0.0,15810,503,1,,,
5325.5,0.0,15812,503,1,,,
5326.0,0.0,15814,503,1,,,
5326.5,0.0,15815,503,1,,,
5327.0,0.0,15816,503,1,,,
5327.5,0.0,15818,501,1,,,
5328.0,0.0,15819,501,1,,,
5328.5,0.0,15821,498,1,,,
5329.0,0.0,15822,498,1,,,
5329.5,0.0,15824,497,1,,,
5330.0,0.0,15825,497,1,,,
5330.5,0.0,15827,496,1,,,
5331.0,0.0,15828,496,1,,,
5331.5,0.0,15830,495,1,,,
5332.0,0.0,15831,495,1,,,
5332.5,0.0,15833,496,1,,,
5333.0,0.0,15834,496,1,,,
5333.5,0.0,15836,496,1,,,
5334.0,0.0,15837,496,1,,,
5334.5,0.0,15839,496,1,,,
5335.0,0.0,15840,496,1,,,
5335.5,0.0,15842,495,1,,,
5336.0,0.0,15843,495,1,,,
5336.5,0.0,15845,493,1,,,
5337.0,0.0,15846,493,1,,,
5337.5,0.0,15848,491,1,,,
5338.0,0.0,15849,491,1,,,
5338.5,0.0,15851,490,1,,,
5339.0,0.0,15852,490,1,,,
5339.5,0.0,15854,488,1,,,
5340.0,0.0,15855,488,1,,,
5340.5,0.0,15856,488,1,,,
5341.0,0.0,15858,488,1,,,
5341.5,0.0,15859,486,1,,,
5342.0,0.0,15861,486,1,,,
5342.5,0.0,15862,488,1,,,
5343.0,0.0,15864,488,1,,,
5343.5,0.0,15865,488,1,,,
5344.0,0.0,15867,488,1,,,
5344.5,0.0,15868,488,1,,,
5345.0,0.0,15870,488,1,,,
5345.5,0.0,15871,486,1,,,
5346.0,0.0,15873,486,1,,,
5346.5,0.0,15874,486,1,,,
5347.0,0.0,15876,486,1,,,
5347.5,0.0,15877,484,1,,,
5348.0,0.0,15878,484,1,,,
5348.5,0.0,15880,482,1,,,
5349.0,0.0,15881,482,1,,,
5349.5,0.0,15883,482,1,,,
5350.0,0.0,15884,482,1,,,
5350.5,0.0,15886,481,1,,,
5351.0,0.0,15887,481,1,,,
5351.5,0.0,15889,481,1,,,
5352.0,0.0,15890,481,1,,,
5352.5,0.0,15892,483,1,,,
5353.0,0.0,15893,483,1,,,
5353.5,0.0,15894,484,1,,,
5354.0,0.0,15896,484,1,,,
5354.5,0.0,15897,484,1,,,
5355.0,0.0,15899,484,1,,,
5355.5,0.0,15900,486,1,,,
5356.0,0.0,15902,486,1,,,
5356.5,0.0,15903,485,1,,,
5357.0,0.0,15905,485,1,,,
5357.5,0.0,15906,484,1,,,
5358.0,0.0,15908,484,1,,,
5358.5,0.0,15909,484,1,,,
5359.0,0.0,15911,484,1,,,
5359.5,0.0,15912,485,1,,,
5360.0,0.0,15914,485,1,,,
5360.5,0.0,15915,486,1,,,
5361.0,0.0,15917,486,1,,,
5361.5,0.0,15918,490,1,,,
5362.0,0.0,15920,490,1,,,
5362.5,0.0,15921,492,1,,,
5363.0,0.0,15923,492,1,,,
5363.5,0.0,15924,495,1,,,
5364.0,0.0,15925,495,1,,,
5364.5,0.0,15927,496,1,,,
5365.0,0.0,15928,496,1,,,
5365.5,0.0,15930,496,1,,,
5366.0,0.0,15931,496,1,,,
5366.5,0.0,15933,496,1,,,
5367.0,0.0,15934,496,1,,,
5367.5,0.0,15936,496,1,,,
5368.0,0.0,15937,496,1,,,
5368.5,0.0,15939,497,1,,,
5369.0,0.0,15940,497,1,,,
5369.5,0.0,15942,498,1,,,
5370.0,0.0,15944,498,1,,,
5370.5,0.0,15945,499,1,,,
5371.0,0.0,15947,499,1,,,
5371.5,0.0,15948,502,1,,,
5372.0,0.0,15950,502,1,,,
5372.5,0.0,15951,504,1,,,
5373.0,0.0,15953,504,1,,,
5373.5,0.0,15954,504,1,,,
5374.0,0.0,15956,504,1,,,
5374.5,0.0,15957,504,1,,,
5375.0,0.0,15959,504,1,,,
5375.5,0.0,15960,505,1,,,
5376.0,0.0,15962,505,1,,,
5376.5,0.0,15963,503,1,,,
5377.0,0.0,15965,503,1,,,
5377.5,0.0,15966,502,1,,,
5378.0,0.0,15968,502,1,,,
5378.5,0.0,15969,502,1,,,
5379.0,0.0,15971,502,1,,,
5379.5,0.0,15972,502,1,,,
5380.0,0.0,15974,502,1,,,
5380.5,0.0,15975,502,1,,,
5381.0,0.0,15977,502,1,,,
5381.5,0.0,15978,503,1,,,
5382.0,0.0,15980,503,1,,,
5382.5,0.0,15982,504,1,,,
5383.0,0.0,15983,504,1,,,
5383.5,0.0,15985,504,1,,,
5384.0,0.0,15986,504,1,,,
5384.5,0.0,15988,504,1,,,
5385.0,0.0,15989,504,1,,,
5385.5,0.0,15991,502,1,,,
5386.0,0.0,15992,502,1,,,
5386.5,0.0,15994,501,1,,,
5387.0,0.0,15995,501,1,,,
5387.5,0.0,15997,501,1,,,
5388.0,0.0,15998,501,1,,,
5388.5,0.0,16000,499,1,,,
5389.0,0.0,16001,499,1,,,
5389.5,0.0,16003,499,1,,,
5390.0,0.0,16004,499,1,,,
5390.5,0.0,16006,502,1,,,
5391.0,0.0,16007,502,1,,,
5391.5,0.0,16009,503,1,,,
5392.0,0.0,16010,503,1,,,
5392.5,0.0,16012,501,1,,,
5393.0,0.0,16013,501,1,,,
5393.5,0.0,16015,502,1,,,
5394.0,0.0,16016,502,1,,,
5394.5,0.0,16018,501,1,,,
5395.0,0.0,16019,501,1,,,
5395.5,0.0,16021,497,1,,,
5396.0,0.0,16022,497,1,,,
5396.5,0.0,16024,496,1,,,
5397.0,0.0,16025,496,1,,,
5397.5,0.0,16027,496,1,,,
5398.0,0.0,16028,496,1,,,
5398.5,0.0,16030,493,1,,,
5399.0,0.0,16031,493,1,,,
5399.5,0.0,16033,493,1,,,
5400.0,0.0,16034,493,1,,,
5400.5,0.0,16036,496,1,,,
5401.0,0.0,16037,496,1,,,
5401.5,0.0,16039,495,1,,,
5402.0,0.0,16040,495,1,,,
5402.5,0.0,16042,493,1,,,
5403.0,0.0,16043,493,1,,,
5403.5,0.0,16044,493,1,,,
5404.0,0.0,16046,493,1,,,
5404.5,0.0,16047,492,1,,,
5405.0,0.0,16049,492,1,,,
5405.5,0.0,16050,489,1,,,
5406.0,0.0,16052,489,1,,,
5406.5,0.0,16053,490,1,,,
5407.0,0.0,16055,490,1,,,
5407.5,0.0,16056,490,1,,,
5408.0,0.0,16058,490,1,,,
5408.5,0.0,16059,490,1,,,
5409.0,0.0,16061,490,1,,,
5409.5,0.0,16062,490,1,,,
5410.0,0.0,16064,490,1,,,
5410.5,0.0,16065,491,1,,,
5411.0,0.0,16067,491,1,,,
5411.5,0.0,16068,491,1,,,
5412.0,0.0,16070,491,1,,,
5412.5,0.0,16071,490,1,,,
5413.0,0.0,16072,490,1,,,
5413.5,0.0,16074,489,1,,,
5414.0,0.0,16075,489,1,,,
5414.5,0.0,16077,488,1,,,
5415.0,0.0,16078,488,1,,,
5415.5,0.0,16080,488,1,,,
5416.0,0.0,16081,488,1,,,
5416.5,0.0,16083,485,1,,,
5417.0,0.0,16084,485,1,,,
5417.5,0.0,16086,486,1,,,
5418.0,0.0,16087,486,1,,,
5418.5,0.0,16089,488,1,,,
5419.0,0.0,16090,488,1,,,
5419.5,0.0,16092,490,1,,,
5420.0,0.0,16093,490,1,,,
5420.5,0.0,16095,490,1,,,
5421.0,0.0,16096,490,1,,,
5421.5,0.0,16098,491,1,,,
5422.0,0.0,16099,491,1,,,
5422.5,0.0,16101,491,1,,,
5423.0,0.0,16102,491,1,,,
5423.5,0.011,16103,492,1,,,
5424.0,0.011,16105,492,1,,,
5424.5,0.0,16106,489,1,,,
5425.0,0.0,16108,489,1,,,
5425.5,0.0,16109,490,1,,,
5426.0,0.005,16111,490,1,,,
5426.5,0.0,16112,490,1,,,
5427.0,0.0,16114,490,1,,,
5427.5,0.0,16115,490,1,,,
5428.0,0.0,16117,490,1,,,
5428.5,0.0,16118,490,1,,,
5429.0,0.0,16120,490,1,,,
5429.5,0.005,16121,493,1,,,
5430.0,0.0,16123,493,1,,,
5430.5,0.0,16124,493,1,,,
5431.0,0.035,16126,493,1,,,
5431.5,0.005,16127,495,1,,,
5432.0,0.0,16129,495,1,,,
5432.5,0.0,16130,495,1,,,
5433.0,0.0,16132,495,1,,,
5433.5,0.017,16133,495,1,,,
5434.0,0.029,16135,495,1,,,
5434.5,0.023,16136,492,1,,,
5435.0,0.0,16138,492,1,,,
5435.5,0.0,16139,493,1,,,
5436.0,0.0,16141,493,1,,,
5436.5,0.052,16142,492,1,,,
5437.0,0.011,16144,492,1,,,
5437.5,0.005,16145,495,1,,,
5438.0,0.0,16147,495,1,,,
5438.5,0.0,16148,495,1,,,
5439.0,0.052,16150,495,1,,,
5439.5,0.023,16151,497,1,,,
5440.0,0.005,16153,497,1,,,
5440.5,0.011,16154,497,1,,,
5441.0,0.017,16156,497,1,,,
5441.5,0.041,16157,497,1,,,
5442.0,0.029,16159,497,1,,,
5442.5,0.023,16160,496,1,,,
5443.0,0.005,16162,496,1,,,
5443.5,0.011,16163,493,1,,,
5444.0,0.047,16164,493,1,,,
5444.5,0.07,16166,492,1,,,
5445.0,0.035,16167,492,1,,,
5445.5,0.017,16169,491,1,,,
5446.0,0.0,16170,491,1,,,
5446.5,0.017,16172,491,1,,,
5447.0,0.07,16173,491,1,,,
5447.5,0.047,16175,491,1,,,
5448.0,0.041,16176,491,1,,,
5448.5,0.011,16178,492,1,,,
5449.0,0.029,16179,492,1,,,
5449.5,0.082,16181,492,1,,,
5450.0,0.047,16182,492,1,,,
5450.5,0.064,16184,491,1,,,
5451.0,0.058,16185,491,1,,,
5451.5,0.035,16187,491,1,,,
5452.0,0.07,16188,491,1,,,
5452.5,0.058,16190,489,1,,,
5453.0,0.052,16191,489,1,,,
5453.5,0.07,16193,488,1,,,
5454.0,0.035,16194,488,1,,,
5454.5,0.047,16195,486,1,,,
5455.0,0.076,16197,486,1,,,
5455.5,0.029,16198,486,1,,,
5456.0,0.029,16200,486,1,,,
5456.5,0.047,16201,486,1,,,
5457.0,0.052,16203,486,1,,,
5457.5,0.088,16204,488,1,,,
5458.0,0.047,16206,488,1,,,
5458.5,0.052,16207,489,1,,,
5459.0,0.076,16209,489,1,,,
5459.5,0.076,16210,490,1,,,
5460.0,0.1,16212,490,1,,,
5460.5,0.105,16213,490,1,,,
5461.0,0.111,16215,490,1,,,
5461.5,0.088,16216,490,1,,,
5462.0,0.07,16218,490,1,,,
5462.5,0.117,16219,489,1,,,
5463.0,0.141,16220,489,1,,,
5463.5,0.105,16222,488,1,,,
5464.0,0.129,16223,488,1,,,
5464.5,0.1,16225,489,1,,,
5465.0,0.105,16226,489,1,,,
5465.5,0.135,16228,489,1,,,
5466.0,0.135,16229,489,1,,,
5466.5,0.135,16231,489,1,,,
5467.0,0.117,16232,489,1,,,
5467.5,0.111,16234,491,1,,,
5468.0,0.164,16235,491,1,,,
5468.5,0.147,16237,492,1,,,
5469.0,0.129,16238,492,1,,,
5469.5,0.135,16240,492,1,,,
5470.0,0.129,16241,492,1,,,
5470.5,0.164,16243,492,1,,,
5471.0,0.188,16244,492,1,,,
5471.5,0.17,16246,491,1,,,
5472.0,0.164,16247,491,1,,,
5472.5,0.147,16249,489,1,,,
5473.0,0.182,16250,489,1,,,
5473.5,0.217,16252,489,1,,,
5474.0,0.188,16253,489,1,,,
5474.5,0.188,16254,486,1,,,
5475.0,0.182,16256,486,1,,,
5475.5,0.205,16257,485,1,,,
5476.0,0.241,16259,485,1,,,
5476.5,0.247,0,486,2,,,
5477.0,0.182,1,486,2,,,
5477.5,0.241,2,283,2,,,
5478.0,0.223,4,283,2,,,
5478.5,0.247,5,490,2,,,
5479.0,0.264,7,490,2,,,
5479.5,0.2,8,484,2,,,
5480.0,0.223,10,484,2,,,
5480.5,0.258,11,490,2,,,
5481.0,0.235,13,490,2,,,
5481.5,0.252,14,484,2,,,
5482.0,0.223,16,484,2,,,
5482.5,0.235,17,485,2,,,
5483.0,0.276,18,485,2,,,
5483.5,0.305,20,484,2,,,
5484.0,0.282,21,484,2,,,
5484.5,0.258,23,483,2,,,
5485.0,0.258,24,483,2,,,
5485.5,0.305,26,481,2,,,
5486.0,0.3,27,481,2,,,
5486.5,0.3,29,481,2,,,
5487.0,0.3,30,481,2,,,
5487.5,0.27,32,482,2,,,
5488.0,0.311,33,482,2,,,
5488.5,0.329,34,481,2,,,
5489.0,0.305,36,481,2,,,
5489.5,0.305,37,481,2,,,
5490.0,0.323,39,481,2,,,
5490.5,0.352,40,482,2,,,
5491.0,0.352,42,482,2,,,
5491.5,0.311,43,481,2,,,
5492.0,0.376,45,481,2,,,
5492.5,0.382,46,479,2,,,
5493.0,0.352,47,479,2,,,
5493.5,0.382,49,481,2,,,
5494.0,0.341,50,481,2,,,
5494.5,0.352,52,482,2,,,
5495.0,0.388,53,482,2,,,
5495.5,0.376,55,482,2,,,
5496.0,0.411,56,482,2,,,
5496.5,0.376,58,485,2,,,
5497.0,0.335,59,485,2,,,
5497.5,0.411,61,486,2,,,
5498.0,0.4,62,486,2,,,
5498.5,0.411,64,488,2,,,
5499.0,0.394,65,488,2,,,
5499.5,0.388,67,490,2,,,
5500.0,0.441,68,490,2,,,
5500.5,0.447,70,491,2,,,
5501.0,0.429,71,491,2,,,
5501.5,0.452,73,489,2,,,
5502.0,0.394,74,489,2,,,
5502.5,0.452,76,490,2,,,
5503.0,0.482,77,490,2,,,
5503.5,0.405,78,491,2,,,
5504.0,0.452,80,491,2,,,
5504.5,0.452,81,491,2,,,
5505.0,0.429,83,491,2,,,
5505.5,0.488,84,492,2,,,
5506.0,0.488,86,492,2,,,
5506.5,0.458,87,495,2,,,
5507.0,0.464,89,495,2,,,
5507.5,0.494,90,495,2,,,
5508.0,0.523,92,495,2,,,
5508.5,0.511,93,493,2,,,
5509.0,0.511,95,493,2,,,
5509.5,0.511,96,492,2,,,
5510.0,0.488,98,492,2,,,
5510.5,0.488,99,490,2,,,
5511.0,0.552,101,490,2,,,
5511.5,0.517,102,486,2,,,
5512.0,0.558,104,486,2,,,
5512.5,0.523,105,485,2,,,
5513.0,0.529,106,485,2,,,
5513.5,0.6,108,484,2,,,
5514.0,0.535,109,484,2,,,
5514.5,0.564,111,482,2,,,
5515.0,0.576,112,482,2,,,
5515.5,0.552,114,483,2,,,
5516.0,0.611,115,483,2,,,
5516.5,0.623,117,483,2,,,
5517.0,0.552,118,483,2,,,
5517.5,0.623,120,483,2,,,
5518.0,0.617,121,483,2,,,
5518.5,0.605,122,483,2,,,
5519.0,0.652,124,483,2,,,
5519.5,0.594,125,483,2,,,
5520.0,0.635,127,483,2,,,
5520.5,0.676,128,482,2,,,
5521.0,0.652,130,482,2,,,
5521.5,0.67,131,481,2,,,
5522.0,0.694,133,481,2,,,
5522.5,0.67,134,481,2,,,
5523.0,0.676,135,481,2,,,
5523.5,0.682,137,481,2,,,
5524.0,0.717,138,481,2,,,
5524.5,0.694,140,482,2,,,
5525.0,0.688,141,482,2,,,
5525.5,0.752,143,483,2,,,
5526.0,0.711,144,483,2,,,
5526.5,0.711,146,486,2,,,
5527.0,0.782,147,486,2,,,
5527.5,0.694,149,486,2,,,
5528.0,0.729,150,486,2,,,
5528.5,0.782,152,488,2,,,
5529.0,0.758,153,488,2,,,
5529.5,0.764,155,488,2,,,
5530.0,0.788,156,488,2,,,
5530.5,0.794,157,486,2,,,
5531.0,0.847,159,486,2,,,
5531.5,0.835,160,484,2,,,
5532.0,0.858,162,484,2,,,
5532.5,0.852,163,485,2,,,
5533.0,0.805,165,485,2,,,
5533.5,0.9,166,485,2,,,
5534.0,0.876,168,485,2,,,
5534.5,0.864,169,485,2,,,
5535.0,0.935,171,485,2,,,
5535.5,0.864,172,486,2,,,
5536.0,0.9,174,486,2,,,
5536.5,0.917,175,489,2,,,
5537.0,0.941,177,489,2,,,
5537.5,0.958,178,488,2,,,
5538.0,0.941,179,488,2,,,
5538.5,0.982,181,486,2,,,
5539.0,0.982,182,486,2,,,
5539.5,0.952,184,486,2,,,
5540.0,1.035,185,486,2,,,
5540.5,1.029,187,484,2,,,
5541.0,0.97,188,484,2,,,
5541.5,1.064,190,482,2,,,
5542.0,1.029,191,482,2,,,
5542.5,1.011,193,482,2,,,
5543.0,1.117,194,482,2,,,
5543.5,1.052,195,482,2,,,
5544.0,1.064,197,482,2,,,
5544.5,1.105,198,481,2,,,
5545.0,1.111,200,481,2,,,
5545.5,1.135,201,482,2,,,
5546.0,1.129,203,482,2,,,
5546.5,1.158,204,483,2,,,
5547.0,1.194,206,483,2,,,
5547.5,1.141,207,482,2,,,
5548.0,1.217,208,482,2,,,
5548.5,1.229,210,479,2,,,
5549.0,1.147,211,479,2,,,
5549.5,1.252,213,478,2,,,
5550.0,1.27,214,478,2,,,
5550.5,1.205,216,475,2,,,
5551.0,1.3,217,475,2,,,
5551.5,1.294,218,472,2,,,
5552.0,1.223,220,472,2,,,
5552.5,1.311,221,471,2,,,
5553.0,1.317,223,471,2,,,
5553.5,1.294,224,470,2,,,
5554.0,1.329,226,470,2,,,
5554.5,1.27,227,470,2,,,
5555.0,1.305,228,470,2,,,
5555.5,1.323,230,471,2,,,
5556.0,1.323,231,471,2,,,
5556.5,1.388,233,471,2,,,
5557.0,1.376,234,471,2,,,
5557.5,1.329,235,470,2,,,
5558.0,1.447,237,470,2,,,
5558.5,1.452,238,470,2,,,
5559.0,1.358,240,470,2,,,
5559.5,1.47,241,468,2,,,
5560.0,1.447,242,468,2,,,
5560.5,1.411,244,465,2,,,
5561.0,1.5,245,465,2,,,
5561.5,1.523,247,463,2,,,
5562.0,1.488,248,463,2,,,
5562.5,1.452,249,460,2,,,
5563.0,1.494,251,460,2,,,
5563.5,1.547,252,458,2,,,
5564.0,1.517,253,458,2,,,
5564.5,1.529,255,458,2,,,
5565.0,1.635,256,458,2,,,
5565.5,1.552,258,457,2,,,
5566.0,1.494,259,457,2,,,
5566.5,1.658,260,456,2,,,
5567.0,1.611,262,456,2,,,
5567.5,1.535,263,454,2,,,
5568.0,1.664,264,454,2,,,
5568.5,1.617,266,454,2,,,
5569.0,1.564,267,454,2,,,
5569.5,1.652,268,451,2,,,
5570.0,1.647,270,451,2,,,
5570.5,1.67,271,449,2,,,
5571.0,1.664,272,449,2,,,
5571.5,1.682,274,445,2,,,
5572.0,1.735,275,445,2,,,
5572.5,1.705,276,444,2,,,
5573.0,1.664,278,444,2,,,
5573.5,1.758,279,440,2,,,
5574.0,1.794,280,440,2,,,
5574.5,1.658,282,438,2,,,
5575.0,1.8,283,438,2,,,
5575.5,1.8,284,437,2,,,
5576.0,1.694,285,437,2,,,
5576.5,1.794,287,437,2,,,
5577.0,1.823,288,437,2,,,
5577.5,1.723,289,436,2,,,
5578.0,1.841,291,436,2,,,
5578.5,1.788,292,434,2,,,
5579.0,1.788,293,434,2,,,
5579.5,1.894,295,434,2,,,
5580.0,1.841,296,434,2,,,
5580.5,1.811,297,432,2,,,
5581.0,1.911,298,432,2,,,
5581.5,1.876,300,430,2,,,
5582.0,1.8,301,430,2,,,
5582.5,1.941,302,427,2,,,
5583.0,1.97,304,427,2,,,
5583.5,1.782,305,425,2,,,
5584.0,1.911,306,425,2,,,
5584.5,1.976,307,424,2,,,
5585.0,1.929,309,424,2,,,
5585.5,1.952,310,424,2,,,
5586.0,2.011,311,424,2,,,
5586.5,1.988,312,424,2,,,
5587.0,1.97,314,424,2,,,
5587.5,1.988,315,423,2,,,
5588.0,1.982,316,423,2,,,
5588.5,2.058,318,424,2,,,
5589.0,2.064,319,424,2,,,
5589.5,1.958,320,423,2,,,
5590.0,2.076,321,423,2,,,
5590.5,2.105,323,420,2,,,
5591.0,2.017,324,420,2,,,
5591.5,2.041,325,418,2,,,
5592.0,2.205,326,418,2,,,
5592.5,2.117,328,418,2,,,
5593.0,2.035,329,418,2,,,
5593.5,2.158,330,414,2,,,
5594.0,2.152,331,414,2,,,
5594.5,2.117,333,413,2,,,
5595.0,2.164,334,413,2,,,
5595.5,2.252,335,412,2,,,
5596.0,2.17,336,412,2,,,
5596.5,2.194,338,412,2,,,
5597.0,2.205,339,412,2,,,
5597.5,2.205,340,411,2,,,
5598.0,2.282,341,411,2,,,
5598.5,2.217,342,413,2,,,
5599.0,2.141,344,413,2,,,
5599.5,2.276,345,412,2,,,
5600.0,2.305,346,412,2,,,
5600.5,2.205,347,413,2,,,
5601.0,2.252,349,413,2,,,
5601.5,2.405,350,412,2,,,
5602.0,2.288,351,412,2,,,
5602.5,2.288,352,410,2,,,
5603.0,2.358,354,410,2,,,
5603.5,2.4,355,406,2,,,
5604.0,2.347,356,406,2,,,
5604.5,2.394,357,406,2,,,
5605.0,2.347,358,406,2,,,
5605.5,2.323,360,404,2,,,
5606.0,2.447,361,404,2,,,
5606.5,2.37,362,403,2,,,
5607.0,2.358,363,403,2,,,
5607.5,2.458,364,403,2,,,
5608.0,2.447,366,403,2,,,
5608.5,2.341,367,403,2,,,
5609.0,2.447,368,403,2,,,
5609.5,2.5,369,403,2,,,
5610.0,2.4,371,403,2,,,
5610.5,2.417,372,403,2,,,
5611.0,2.535,373,403,2,,,
5611.5,2.511,374,403,2,,,
5612.0,2.411,375,403,2,,,
5612.5,2.488,377,403,2,,,
5613.0,2.511,378,403,2,,,
5613.5,2.511,379,403,2,,,
5614.0,2.535,380,403,2,,,
5614.5,2.494,381,399,2,,,
5615.0,2.494,383,399,2,,,
5615.5,2.564,384,399,2,,,
5616.0,2.57,385,399,2,,,
5616.5,2.505,386,397,2,,,
5617.0,2.588,387,397,2,,,
5617.5,2.641,389,395,2,,,
5618.0,2.552,389,0,2,,,
5618.5,2.441,389,0,2,,,
5619.0,1.811,389,0,2,,,
5619.5,1.817,389,0,2,,,
5620.0,1.811,389,0,2,,,
5620.5,1.717,389,0,2,,,
5621.0,1.6,389,0,2,,,
5621.5,1.535,389,0,2,,,
5622.0,1.47,389,0,2,,,
5622.5,1.435,389,0,2,,,
5623.0,1.382,389,0,2,,,
5623.5,1.294,389,0,2,,,
5624.0,1.247,389,0,2,,,
5624.5,1.223,389,0,2,,,
5625.0,1.205,389,0,2,,,
5625.5,1.17,389,0,2,,,
5626.0,1.111,389,0,2,,,
5626.5,1.105,389,0,2,,,
5627.0,1.1,389,0,2,,,
5627.5,0,389,0,2,,,
