Time,Torque,Angle,Rotating speed,Power
0,0.005,0,12,0.0
0.5,0.008,0,12,0.0
1.0,0.008,0,11,0.0
1.5,0.008,0,11,0.0
2.0,0.003,0,12,0.0
2.5,0.003,1,13,0.0
3.0,0.003,1,16,0.0
3.5,0.003,1,16,0.0
4.0,0.005,1,22,0.0
4.5,0.003,1,26,0.0
5.0,0.005,1,28,0.0
5.5,0.005,1,31,0.0
6.0,0.008,1,32,0.0
6.5,0.008,1,34,0.0
7.0,0.008,1,35,0.0
7.5,0.008,2,36,0.0
8.0,0.011,2,38,0.0
8.5,0.011,2,43,0.0
9.0,0.011,2,45,0.0
9.5,0.011,2,48,0.0
10.0,0.011,2,51,0.0
10.5,0.013,2,53,0.0
11.0,0.008,3,55,0.0
11.5,0.005,3,56,0.0
12.0,0.011,3,57,0.0
12.5,0.008,3,58,0.0
13.0,0.005,3,59,0.0
13.5,0.003,4,59,0.0
14.0,0.003,4,59,0.0
14.5,0.0,4,60,0.0
15.0,0.0,4,60,0.0
15.5,0.003,4,60,1.2000000000000002
16.0,0.0,4,60,3.0
16.5,0.005,5,60,5.4
17.0,0.005,5,61,7.2
17.5,0.008,5,63,9.0
18.0,0.005,5,65,9.600000000000001
18.5,0.008,6,68,9.600000000000001
19.0,0.011,6,71,9.0
19.5,0.011,6,73,8.4
20.0,0.005,6,75,7.800000000000001
20.5,0.005,6,76,7.2
21.0,0.005,7,77,7.2
21.5,0.008,7,79,6.6000000000000005
22.0,0.008,7,80,6.0
22.5,0.008,7,81,5.4
23.0,0.005,8,81,6.0
23.5,0.003,8,82,6.6000000000000005
24.0,0.003,8,82,6.6000000000000005
24.5,0.003,8,83,5.4
25.0,0.005,9,83,4.800000000000001
25.5,0.005,9,83,4.2
26.0,0.003,9,83,3.6
26.5,0.003,9,83,3.0
27.0,0.0,10,83,3.6
27.5,0.0,10,83,6.6000000000000005
28.0,0.003,10,84,9.600000000000001
28.5,0.003,10,87,11.4
29.0,0.005,11,88,13.200000000000001
29.5,0.005,11,92,13.9
30.0,0.0,11,93,14.5
30.5,0.003,12,96,15.100000000000001
31.0,0.003,12,98,10.8
31.5,0.003,12,99,8.4
32.0,0.005,12,99,7.2
32.5,0.005,13,101,6.6000000000000005
33.0,0.003,13,102,6.0
33.5,0.0,13,102,5.4
34.0,0.003,14,103,5.4
34.5,0.005,14,103,4.800000000000001
35.0,0.005,14,103,4.800000000000001
35.5,0.005,15,104,4.800000000000001
36.0,0.008,15,104,3.6
36.5,0.008,15,103,2.4000000000000004
37.0,0.008,16,104,2.4000000000000004
37.5,0.011,16,105,2.4000000000000004
38.0,0.013,16,106,3.0
38.5,0.019,17,108,3.0
39.0,0.021,17,110,3.6
39.5,0.027,17,112,3.0
40.0,0.021,18,113,3.0
40.5,0.021,18,114,3.0
41.0,0.027,18,115,3.0
41.5,0.03,19,116,3.0
42.0,0.024,19,117,3.0
42.5,0.03,19,118,1.8
43.0,0.035,20,119,0.6000000000000001
43.5,0.035,20,119,0.0
44.0,0.035,20,119,0.0
44.5,0.032,21,119,0.0
45.0,0.032,21,119,0.0
45.5,0.03,21,119,0.0
46.0,0.035,22,119,0.0
46.5,0.03,22,120,0.0
47.0,0.03,22,120,0.0
47.5,0.024,23,120,0.0
48.0,0.021,23,120,0.6000000000000001
48.5,0.019,24,121,0.6000000000000001
49.0,0.016,24,122,0.0
49.5,0.011,24,122,0.0
50.0,0.013,25,122,0.0
50.5,0.005,25,121,0.0
51.0,0.0,25,121,0.0
51.5,0.0,26,120,0.0
52.0,0.003,26,119,0.0
52.5,0.005,27,119,0.0
53.0,0.008,27,119,1.2000000000000002
53.5,0.005,27,118,2.4000000000000004
54.0,0.011,28,119,3.0
54.5,0.011,28,119,3.6
55.0,0.005,28,118,3.6
55.5,0.005,29,118,3.6
56.0,0.003,29,117,3.6
56.5,0.005,29,117,3.6
57.0,0.008,30,117,3.6
57.5,0.005,30,117,4.2
58.0,0.003,30,117,4.800000000000001
58.5,0.003,31,117,5.4
59.0,0.005,31,117,5.4
59.5,0.0,31,116,4.2
60.0,0.003,32,116,3.6
60.5,0.003,32,116,3.0
61.0,0.0,33,115,3.0
61.5,0.003,33,115,3.0
62.0,0.005,33,115,3.6
62.5,0.008,34,115,4.2
63.0,0.005,34,115,5.4
63.5,0.005,34,116,4.800000000000001
64.0,0.005,35,115,4.2
64.5,0.008,35,115,3.6
65.0,0.008,35,116,3.0
65.5,0.013,36,115,3.0
66.0,0.011,36,115,3.0
66.5,0.008,36,115,2.4000000000000004
67.0,0.013,37,114,3.0
67.5,0.013,37,114,3.0
68.0,0.013,37,114,2.4000000000000004
68.5,0.016,38,113,1.8
69.0,0.013,38,114,1.8
69.5,0.011,38,114,1.8
70.0,0.019,39,114,1.2000000000000002
70.5,0.019,39,114,1.2000000000000002
71.0,0.013,39,113,1.2000000000000002
71.5,0.016,40,113,1.2000000000000002
72.0,0.021,40,112,1.2000000000000002
72.5,0.019,40,111,1.2000000000000002
73.0,0.024,41,111,1.2000000000000002
73.5,0.024,41,110,1.2000000000000002
74.0,0.027,42,110,1.2000000000000002
74.5,0.024,42,110,0.6000000000000001
75.0,0.035,42,110,0.0
75.5,0.035,43,110,0.0
76.0,0.04,43,109,0.0
76.5,0.038,43,109,0.0
77.0,0.04,43,108,0.0
77.5,0.038,44,108,0.0
78.0,0.043,44,108,0.0
78.5,0.032,44,108,0.0
79.0,0.035,45,108,0.0
79.5,0.038,45,108,0.0
80.0,0.03,45,108,0.0
80.5,0.027,46,108,0.0
81.0,0.024,46,109,0.0
81.5,0.021,46,109,0.0
82.0,0.019,47,110,0.0
82.5,0.011,47,110,0.0
83.0,0.005,47,109,0.0
83.5,0.003,48,109,0.0
84.0,0.003,48,108,0.0
84.5,0.0,48,108,0.0
85.0,0.003,49,107,0.0
85.5,0.005,49,107,0.0
86.0,0.0,49,107,0.6000000000000001
86.5,0.003,50,106,2.4000000000000004
87.0,0.008,50,106,3.0
87.5,0.011,50,107,3.6
88.0,0.008,51,106,3.6
88.5,0.005,51,106,3.6
89.0,0.008,51,106,3.6
89.5,0.003,52,106,3.6
90.0,0.005,52,106,3.6
90.5,0.005,52,106,3.6
91.0,0.005,53,106,3.6
91.5,0.003,53,106,4.800000000000001
92.0,0.0,53,106,5.4
92.5,0.003,53,106,5.4
93.0,0.005,54,106,4.800000000000001
93.5,0.005,54,106,4.2
94.0,0.005,54,105,3.6
94.5,0.003,55,105,3.0
95.0,0.008,55,105,3.0
95.5,0.003,60,104,3.0
96.0,0.005,60,104,1.8
96.5,0.011,60,104,1.8
97.0,0.008,61,105,1.8
97.5,0.008,61,105,1.2000000000000002
98.0,0.011,61,105,1.2000000000000002
98.5,0.013,62,106,1.2000000000000002
99.0,0.013,62,105,1.2000000000000002
99.5,0.019,62,104,0.6000000000000001
100.0,0.021,63,104,0.6000000000000001
100.5,0.021,63,103,0.6000000000000001
101.0,0.035,63,102,0.6000000000000001
101.5,0.03,64,102,1.2000000000000002
102.0,0.035,64,102,1.2000000000000002
102.5,0.03,64,102,1.2000000000000002
103.0,0.04,64,102,0.0
103.5,0.04,65,102,0.0
104.0,0.04,65,102,0.0
104.5,0.035,65,102,0.0
105.0,0.043,66,102,0.0
105.5,0.038,66,101,0.0
106.0,0.035,66,102,0.0
106.5,0.038,67,102,0.0
107.0,0.03,67,101,0.0
107.5,0.035,67,102,0.0
108.0,0.027,68,102,0.0
108.5,0.024,68,102,0.0
109.0,0.016,68,102,0.0
109.5,0.011,69,103,0.0
110.0,0.013,69,103,0.0
110.5,0.008,69,104,0.0
111.0,0.005,69,104,0.0
111.5,0.003,70,104,0.0
112.0,0.0,70,103,0.0
112.5,0.0,70,103,0.0
113.0,0.005,71,103,0.0
113.5,0.005,71,102,0.0
114.0,0.005,71,102,0.0
114.5,0.008,72,102,0.0
115.0,0.005,72,102,1.2000000000000002
115.5,0.005,72,101,2.4000000000000004
116.0,0.008,73,101,3.0
116.5,0.005,73,102,3.6
117.0,0.003,73,102,3.6
117.5,0.005,73,101,3.6
118.0,0.0,74,101,3.6
118.5,0.005,74,101,3.6
119.0,0.005,74,101,3.6
119.5,0.005,75,101,4.2
120.0,0.008,75,101,3.6
120.5,0.008,75,101,4.800000000000001
121.0,0.003,79,102,5.4
121.5,0.005,80,102,4.2
122.0,0.005,80,101,3.6
122.5,0.005,80,102,3.0
123.0,0.0,80,103,3.0
123.5,0.003,81,102,3.0
124.0,0.003,81,102,3.0
124.5,0.003,81,102,3.0
125.0,0.0,82,102,3.0
125.5,0.005,82,101,3.0
126.0,0.003,82,102,3.0
126.5,0.008,83,101,1.8
127.0,0.013,83,101,1.8
127.5,0.011,83,102,1.2000000000000002
128.0,0.013,83,103,1.2000000000000002
128.5,0.03,84,103,1.2000000000000002
129.0,0.027,84,103,1.2000000000000002
129.5,0.032,84,102,1.2000000000000002
130.0,0.038,85,102,1.2000000000000002
130.5,0.038,85,101,1.2000000000000002
131.0,0.038,85,100,1.2000000000000002
131.5,0.04,86,100,1.2000000000000002
132.0,0.038,86,100,1.2000000000000002
132.5,0.043,86,100,1.2000000000000002
133.0,0.04,87,100,1.2000000000000002
133.5,0.043,87,100,0.6000000000000001
134.0,0.038,87,100,0.0
134.5,0.038,87,100,0.0
135.0,0.027,88,100,0.0
135.5,0.035,88,99,0.0
136.0,0.032,88,99,0.0
136.5,0.027,89,99,0.0
137.0,0.024,89,99,0.0
137.5,0.021,89,99,0.0
138.0,0.011,90,99,0.0
138.5,0.005,90,99,0.0
139.0,0.005,90,100,0.0
139.5,0.003,90,100,0.0
140.0,0.005,91,100,0.0
140.5,0.003,91,101,0.0
141.0,0.0,91,101,0.0
141.5,0.003,92,102,0.0
142.0,0.003,92,102,0.0
142.5,0.003,92,102,0.0
143.0,0.003,93,101,0.0
143.5,0.0,93,101,0.0
144.0,0.0,93,101,0.0
144.5,0.0,93,100,0.0
145.0,0.011,94,100,0.0
145.5,0.005,94,100,0.0
146.0,0.013,94,100,1.2000000000000002
146.5,0.011,95,99,2.4000000000000004
147.0,0.011,95,100,3.0
147.5,0.011,95,100,3.6
148.0,0.013,96,100,3.6
148.5,0.013,96,100,3.6
149.0,0.008,96,100,3.6
149.5,0.011,97,99,3.6
150.0,0.011,97,100,3.6
150.5,0.008,97,100,4.2
151.0,0.008,97,100,3.6
151.5,0.008,98,99,4.2
152.0,0.0,98,100,5.4
152.5,0.005,98,100,5.4
153.0,0.0,99,100,5.4
153.5,0.008,99,100,4.2
154.0,0.011,99,100,4.2
154.5,0.016,100,100,3.6
155.0,0.016,100,100,3.6
155.5,0.019,100,100,3.0
156.0,0.021,100,100,3.6
156.5,0.021,101,100,4.2
157.0,0.013,101,100,4.2
157.5,0.013,101,101,5.4
158.0,0.013,102,101,6.0
158.5,0.016,102,101,4.2
159.0,0.008,102,101,3.6
159.5,0.011,103,102,3.6
160.0,0.005,103,102,3.0
160.5,0.0,103,102,3.0
161.0,0.0,103,102,2.4000000000000004
161.5,0.005,104,102,2.4000000000000004
162.0,0.013,104,101,3.0
162.5,0.021,104,101,3.0
163.0,0.021,105,101,3.0
163.5,0.03,105,101,2.4000000000000004
164.0,0.03,105,100,1.8
164.5,0.03,106,101,1.2000000000000002
165.0,0.032,106,102,1.2000000000000002
165.5,0.035,106,102,1.2000000000000002
166.0,0.035,107,102,1.2000000000000002
166.5,0.035,107,102,1.2000000000000002
167.0,0.035,107,101,0.6000000000000001
167.5,0.038,107,101,0.6000000000000001
168.0,0.032,108,100,0.6000000000000001
168.5,0.03,108,99,1.2000000000000002
169.0,0.024,108,99,1.2000000000000002
169.5,0.024,109,99,1.2000000000000002
170.0,0.016,109,99,1.2000000000000002
170.5,0.016,109,99,1.2000000000000002
171.0,0.019,109,99,0.0
171.5,0.013,110,99,0.0
172.0,0.016,110,99,0.0
172.5,0.011,110,99,0.0
173.0,0.008,111,98,0.0
173.5,0.008,111,98,0.0
174.0,0.003,111,98,0.0
174.5,0.005,112,98,0.0
175.0,0.005,112,98,0.0
175.5,0.005,112,99,0.0
176.0,0.003,112,99,0.0
176.5,0.008,113,99,0.0
177.0,0.011,113,99,0.0
177.5,0.005,113,100,0.0
178.0,0.013,114,100,0.0
178.5,0.016,114,101,0.0
179.0,0.016,114,101,0.0
179.5,0.019,115,101,0.0
180.0,0.021,115,101,0.0
180.5,0.019,115,101,0.0
181.0,0.019,116,101,0.0
181.5,0.019,116,100,0.0
182.0,0.016,116,100,0.0
182.5,0.013,116,100,0.0
183.0,0.019,117,100,0.6000000000000001
183.5,0.013,117,100,1.8
184.0,0.008,117,99,3.0
184.5,0.005,118,100,3.0
185.0,0.005,118,100,3.6
185.5,0.003,118,100,3.6
186.0,0.003,119,100,3.6
186.5,0.005,119,100,3.6
187.0,0.008,119,99,3.6
187.5,0.016,119,100,3.6
188.0,0.016,120,100,3.6
188.5,0.021,120,100,4.2
189.0,0.024,121,100,5.4
189.5,0.021,121,100,5.4
190.0,0.019,121,100,4.800000000000001
190.5,0.021,122,100,4.2
191.0,0.024,122,100,3.6
191.5,0.016,122,100,3.0
192.0,0.016,122,99,3.0
192.5,0.016,123,100,3.0
193.0,0.013,123,99,3.6
193.5,0.005,123,99,4.2
194.0,0.003,124,100,4.800000000000001
194.5,0.005,124,100,5.4
195.0,0.005,124,101,5.4
195.5,0.011,125,101,4.2
196.0,0.016,125,100,3.6
196.5,0.016,125,101,3.0
197.0,0.024,125,101,3.0
197.5,0.024,126,101,2.4000000000000004
198.0,0.019,126,101,3.0
198.5,0.021,126,101,2.4000000000000004
199.0,0.027,127,100,3.0
199.5,0.024,127,100,3.0
200.0,0.021,127,100,3.0
200.5,0.03,128,100,2.4000000000000004
201.0,0.027,128,100,1.8
201.5,0.021,128,101,1.8
202.0,0.024,128,101,1.2000000000000002
202.5,0.019,129,101,1.2000000000000002
203.0,0.011,129,102,1.2000000000000002
203.5,0.013,129,101,1.2000000000000002
204.0,0.013,130,101,0.6000000000000001
204.5,0.008,130,100,0.6000000000000001
205.0,0.008,130,100,0.6000000000000001
205.5,0.005,131,99,0.6000000000000001
206.0,0.011,131,99,1.2000000000000002
206.5,0.011,131,98,1.2000000000000002
207.0,0.011,132,98,1.2000000000000002
207.5,0.011,132,99,0.6000000000000001
208.0,0.008,132,99,0.0
208.5,0.011,132,99,0.0
209.0,0.016,133,98,0.0
209.5,0.013,133,98,0.0
210.0,0.021,133,98,0.0
210.5,0.016,134,98,0.0
211.0,0.019,134,98,0.0
211.5,0.024,134,98,0.0
212.0,0.027,134,98,0.0
212.5,0.03,135,98,0.0
213.0,0.032,135,99,0.0
213.5,0.027,135,99,0.0
214.0,0.032,136,99,0.0
214.5,0.027,136,100,0.0
215.0,0.027,136,100,0.0
215.5,0.027,137,101,0.0
216.0,0.027,137,101,0.0
216.5,0.021,137,101,0.0
217.0,0.019,137,101,0.0
217.5,0.024,138,101,0.0
218.0,0.016,138,101,0.0
218.5,0.013,138,100,0.0
219.0,0.005,139,100,0.0
219.5,0.003,139,100,0.0
220.0,0.0,139,100,0.6000000000000001
220.5,0.005,140,99,1.8
221.0,0.008,140,99,3.0
221.5,0.013,140,100,3.0
222.0,0.013,141,100,3.6
222.5,0.021,141,99,3.0
223.0,0.027,141,99,3.6
223.5,0.027,141,99,3.6
224.0,0.024,142,99,3.6
224.5,0.027,142,99,3.6
225.0,0.024,142,99,3.6
225.5,0.021,143,99,4.2
226.0,0.024,143,99,4.800000000000001
226.5,0.021,143,100,5.4
227.0,0.019,143,100,4.800000000000001
227.5,0.013,144,100,4.2
228.0,0.0,144,100,4.2
228.5,0.0,144,100,3.6
229.0,0.0,145,100,3.0
229.5,0.008,145,99,3.0
230.0,0.008,145,100,3.0
230.5,0.013,146,99,3.6
231.0,0.013,146,99,4.2
231.5,0.013,146,100,4.800000000000001
232.0,0.016,146,100,5.4
232.5,0.021,147,101,4.800000000000001
233.0,0.024,147,101,3.6
233.5,0.019,147,100,3.6
234.0,0.019,148,101,3.0
234.5,0.016,148,102,3.0
235.0,0.016,148,101,2.4000000000000004
235.5,0.013,149,101,2.4000000000000004
236.0,0.005,151,102,1.2000000000000002
236.5,0.008,151,102,1.2000000000000002
237.0,0.005,152,102,0.6000000000000001
237.5,0.005,152,101,1.2000000000000002
238.0,0.008,152,101,1.2000000000000002
238.5,0.008,153,101,0.6000000000000001
239.0,0.013,153,100,0.6000000000000001
239.5,0.013,153,99,1.2000000000000002
240.0,0.016,153,99,1.2000000000000002
240.5,0.016,154,99,1.2000000000000002
241.0,0.032,154,99,1.2000000000000002
241.5,0.03,154,99,0.6000000000000001
242.0,0.035,155,99,0.0
242.5,0.04,155,99,0.0
243.0,0.035,155,99,0.0
243.5,0.038,156,99,0.0
244.0,0.04,156,98,0.0
244.5,0.038,156,98,0.0
245.0,0.04,156,99,0.0
245.5,0.038,157,99,0.0
246.0,0.035,157,98,0.0
246.5,0.032,157,99,0.0
247.0,0.032,158,99,0.0
247.5,0.027,158,99,0.0
248.0,0.021,158,100,0.0
248.5,0.024,159,100,0.0
249.0,0.021,159,101,0.0
249.5,0.016,159,101,0.0
250.0,0.008,159,102,0.0
250.5,0.003,160,101,0.0
251.0,0.003,160,101,0.0
251.5,0.008,160,101,0.0
252.0,0.008,161,101,0.0
252.5,0.008,161,100,0.0
253.0,0.008,161,99,0.0
253.5,0.013,162,100,0.0
254.0,0.016,162,100,1.2000000000000002
254.5,0.013,162,99,2.4000000000000004
255.0,0.011,162,99,3.0
255.5,0.013,163,100,3.0
256.0,0.011,163,99,3.0
256.5,0.011,163,99,3.0
257.0,0.011,164,99,3.0
257.5,0.0,164,99,3.0
258.0,0.003,164,99,3.6
258.5,0.003,165,99,3.6
259.0,0.008,165,99,3.6
259.5,0.008,165,99,4.2
260.0,0.005,165,99,5.4
260.5,0.008,166,99,5.4
261.0,0.008,166,99,4.800000000000001
261.5,0.011,166,99,4.2
262.0,0.011,167,99,3.6
262.5,0.008,167,99,3.6
263.0,0.011,167,99,3.0
263.5,0.008,168,99,3.0
264.0,0.008,168,99,3.0
264.5,0.005,168,99,3.6
265.0,0.008,168,99,4.2
265.5,0.003,169,99,4.800000000000001
266.0,0.005,169,100,5.4
266.5,0.003,169,100,4.800000000000001
267.0,0.003,170,100,3.6
267.5,0.008,170,100,3.6
268.0,0.008,170,101,3.0
268.5,0.005,171,101,3.0
269.0,0.008,171,101,2.4000000000000004
269.5,0.005,171,101,2.4000000000000004
270.0,0.005,171,100,2.4000000000000004
270.5,0.005,172,100,3.0
271.0,0.003,172,100,3.0
271.5,0.0,172,100,2.4000000000000004
272.0,0.003,173,100,1.8
272.5,0.008,173,100,1.8
273.0,0.008,173,101,1.2000000000000002
273.5,0.016,174,101,1.2000000000000002
274.0,0.016,174,101,1.2000000000000002
274.5,0.03,174,101,1.2000000000000002
275.0,0.032,174,101,1.2000000000000002
275.5,0.035,175,100,0.6000000000000001
276.0,0.035,175,100,0.6000000000000001
276.5,0.035,175,99,0.6000000000000001
277.0,0.04,176,99,0.6000000000000001
277.5,0.04,176,98,1.2000000000000002
278.0,0.038,176,98,1.2000000000000002
278.5,0.038,177,99,1.2000000000000002
279.0,0.04,177,99,0.6000000000000001
279.5,0.04,177,99,0.0
280.0,0.038,178,99,0.0
280.5,0.038,178,98,0.0
281.0,0.035,178,98,0.0
281.5,0.03,178,98,0.0
282.0,0.027,179,98,0.0
282.5,0.019,179,98,0.0
283.0,0.021,179,98,0.0
283.5,0.013,180,98,0.0
284.0,0.011,180,98,0.0
284.5,0.005,180,98,0.0
285.0,0.005,180,99,0.0
285.5,0.003,181,99,0.0
286.0,0.0,182,101,0.0
286.5,0.005,182,101,0.0
287.0,0.005,182,101,0.0
287.5,0.003,183,101,0.0
288.0,0.0,183,100,0.0
288.5,0.005,183,100,0.0
289.0,0.0,183,99,0.0
289.5,0.0,184,99,0.0
290.0,0.005,184,99,0.0
290.5,0.011,184,100,0.6000000000000001
291.0,0.008,185,99,1.8
291.5,0.011,185,99,3.0
292.0,0.008,185,99,3.0
292.5,0.011,186,99,3.0
293.0,0.011,186,99,3.0
293.5,0.008,186,99,3.0
294.0,0.011,187,99,3.6
294.5,0.011,187,99,3.6
295.0,0.011,187,99,3.6
295.5,0.005,187,99,3.6
296.0,0.008,188,99,4.2
296.5,0.005,188,99,4.800000000000001
297.0,0.0,188,99,5.4
297.5,0.0,189,100,4.800000000000001
298.0,0.0,189,100,4.2
298.5,0.008,189,100,3.6
299.0,0.013,189,100,3.0
299.5,0.011,190,100,3.0
300.0,0.016,190,100,3.0
300.5,0.019,190,100,3.0
301.0,0.021,191,99,3.0
301.5,0.016,191,100,3.6
302.0,0.019,191,100,4.2
302.5,0.019,192,100,5.4
303.0,0.019,192,101,4.2
303.5,0.016,192,101,3.6
304.0,0.013,192,101,3.0
304.5,0.011,193,102,3.0
305.0,0.008,193,101,2.4000000000000004
305.5,0.005,193,101,2.4000000000000004
306.0,0.0,194,101,2.4000000000000004
306.5,0.008,194,100,2.4000000000000004
307.0,0.013,194,100,3.0
307.5,0.013,195,100,3.0
308.0,0.024,195,100,2.4000000000000004
308.5,0.03,195,100,1.8
309.0,0.024,196,100,1.8
309.5,0.035,196,101,1.2000000000000002
310.0,0.03,196,101,1.2000000000000002
310.5,0.035,196,101,1.2000000000000002
311.0,0.032,197,101,1.2000000000000002
311.5,0.035,197,100,0.6000000000000001
312.0,0.04,197,100,1.2000000000000002
312.5,0.03,198,99,1.2000000000000002
313.0,0.027,198,99,1.2000000000000002
313.5,0.027,198,98,1.2000000000000002
314.0,0.024,199,98,1.2000000000000002
314.5,0.024,199,98,1.2000000000000002
315.0,0.013,199,98,1.2000000000000002
315.5,0.016,199,98,0.6000000000000001
316.0,0.013,200,98,0.0
316.5,0.011,200,98,0.0
317.0,0.008,200,98,0.0
317.5,0.0,201,98,0.0
318.0,0.0,201,97,0.0
318.5,0.003,201,97,0.0
319.0,0.003,201,98,0.0
319.5,0.003,202,97,0.0
320.0,0.005,202,98,0.0
320.5,0.003,202,98,0.0
321.0,0.0,203,98,0.0
321.5,0.0,203,98,0.0
322.0,0.0,203,99,0.0
322.5,0.005,204,100,0.0
323.0,0.008,204,100,0.0
323.5,0.016,204,101,0.0
324.0,0.019,205,101,0.0
324.5,0.013,205,101,0.0
325.0,0.019,205,100,0.0
325.5,0.016,205,100,0.0
326.0,0.016,206,100,0.0
326.5,0.019,206,99,0.0
327.0,0.013,206,99,0.0
327.5,0.013,207,99,0.0
328.0,0.013,207,99,1.2000000000000002
328.5,0.011,207,99,2.4000000000000004
329.0,0.003,207,99,3.0
329.5,0.003,208,99,3.0
330.0,0.003,208,99,3.0
330.5,0.005,208,99,3.0
331.0,0.008,209,99,3.0
331.5,0.013,209,99,3.0
332.0,0.016,209,99,3.6
332.5,0.019,210,99,3.6
333.0,0.024,210,99,3.6
333.5,0.024,210,99,4.2
334.0,0.027,210,99,4.800000000000001
334.5,0.03,211,99,5.4
335.0,0.027,211,100,4.800000000000001
335.5,0.03,211,100,4.2
336.0,0.03,212,100,3.6
336.5,0.024,212,99,3.0
337.0,0.021,213,99,3.0
337.5,0.021,213,99,3.0
338.0,0.019,213,99,3.6
338.5,0.019,213,99,4.2
339.0,0.013,214,100,4.800000000000001
339.5,0.003,214,100,5.4
340.0,0.005,214,101,4.2
340.5,0.011,215,100,3.6
341.0,0.011,215,100,3.0
341.5,0.011,215,101,3.0
342.0,0.019,216,101,2.4000000000000004
342.5,0.021,216,101,2.4000000000000004
343.0,0.021,216,101,2.4000000000000004
343.5,0.027,216,101,2.4000000000000004
344.0,0.03,217,100,3.0
344.5,0.032,217,100,3.0
345.0,0.024,217,100,2.4000000000000004
345.5,0.027,218,100,1.8
346.0,0.03,218,100,1.8
346.5,0.021,218,101,1.2000000000000002
347.0,0.03,219,101,1.2000000000000002
347.5,0.024,219,101,1.2000000000000002
348.0,0.008,219,101,1.2000000000000002
348.5,0.008,219,100,1.2000000000000002
349.0,0.008,220,100,0.6000000000000001
349.5,0.0,220,100,0.6000000000000001
350.0,0.0,220,99,0.6000000000000001
350.5,0.003,221,98,1.2000000000000002
351.0,0.0,221,98,1.2000000000000002
351.5,0.0,221,98,1.2000000000000002
352.0,0.008,222,98,1.2000000000000002
352.5,0.005,222,98,0.6000000000000001
353.0,0.008,222,98,0.0
353.5,0.0,223,98,0.0
354.0,0.003,223,98,0.0
354.5,0.003,223,98,0.0
355.0,0.008,223,97,0.0
355.5,0.005,224,97,0.0
356.0,0.016,224,98,0.0
356.5,0.021,224,98,0.0
357.0,0.024,225,98,0.0
357.5,0.027,225,98,0.0
358.0,0.03,225,98,0.0
358.5,0.03,225,98,0.0
359.0,0.03,226,99,0.0
359.5,0.032,226,99,0.0
360.0,0.032,226,100,0.0
360.5,0.03,227,101,0.0
361.0,0.03,227,101,0.0
361.5,0.008,229,99,0.0
362.0,0.008,229,99,0.0
362.5,0.008,229,99,0.6000000000000001
363.0,0.013,230,99,2.4000000000000004
363.5,0.019,230,99,3.0
364.0,0.021,230,99,3.0
364.5,0.019,231,99,3.0
365.0,0.021,231,99,3.0
365.5,0.03,231,99,3.0
366.0,0.035,231,99,3.6
366.5,0.038,232,99,3.6
367.0,0.04,232,99,3.6
367.5,0.03,232,99,3.6
368.0,0.027,233,99,4.2
368.5,0.027,233,99,4.800000000000001
369.0,0.021,233,99,5.4
369.5,0.019,234,100,4.800000000000001
370.0,0.016,234,99,4.2
370.5,0.0,234,99,4.2
371.0,0.003,234,99,3.6
371.5,0.005,235,99,3.0
372.0,0.008,235,99,3.0
372.5,0.008,235,99,3.0
373.0,0.016,236,99,3.6
373.5,0.016,236,99,4.2
374.0,0.019,236,99,4.800000000000001
374.5,0.019,236,100,5.4
375.0,0.03,237,100,4.800000000000001
375.5,0.027,237,100,3.6
376.0,0.019,237,100,3.6
376.5,0.019,238,101,3.0
377.0,0.019,238,101,3.0
377.5,0.013,238,101,2.4000000000000004
378.0,0.013,239,101,2.4000000000000004
378.5,0.011,239,101,2.4000000000000004
379.0,0.011,239,100,2.4000000000000004
379.5,0.003,240,100,3.0
380.0,0.003,240,100,2.4000000000000004
380.5,0.0,240,99,1.8
381.0,0.003,240,100,1.8
381.5,0.003,241,101,1.2000000000000002
382.0,0.0,241,101,1.2000000000000002
382.5,0.003,241,101,1.2000000000000002
383.0,0.003,242,101,1.2000000000000002
383.5,0.005,242,101,0.6000000000000001
384.0,0.003,242,100,0.6000000000000001
384.5,0.0,243,100,0.6000000000000001
385.0,0.0,243,99,0.6000000000000001
385.5,0.008,243,99,0.6000000000000001
386.0,0.013,243,98,1.2000000000000002
386.5,0.016,244,98,1.2000000000000002
387.0,0.038,245,99,0.0
387.5,0.046,246,98,0.0
388.0,0.043,246,98,0.0
388.5,0.043,246,98,0.0
389.0,0.046,246,98,0.0
389.5,0.048,247,98,0.0
390.0,0.048,247,98,0.0
390.5,0.04,247,99,0.0
391.0,0.04,248,99,0.0
391.5,0.032,248,99,0.0
392.0,0.024,248,100,0.0
392.5,0.024,249,100,0.0
393.0,0.021,249,101,0.0
393.5,0.008,249,101,0.0
394.0,0.005,249,102,0.0
394.5,0.0,250,101,0.0
395.0,0.005,250,101,0.0
395.5,0.011,250,101,0.0
396.0,0.013,251,101,0.0
396.5,0.013,251,100,0.0
397.0,0.019,251,99,0.0
397.5,0.024,252,100,0.0
398.0,0.03,252,100,0.6000000000000001
398.5,0.024,252,99,2.4000000000000004
399.0,0.019,252,99,3.0
399.5,0.019,253,100,3.0
400.0,0.021,253,100,3.0
400.5,0.016,253,99,3.0
401.0,0.013,254,99,3.0
401.5,0.008,254,99,3.0
402.0,0.0,254,99,3.6
402.5,0.003,255,99,3.6
403.0,0.011,255,99,3.6
403.5,0.011,255,99,4.2
404.0,0.016,255,99,4.800000000000001
404.5,0.013,256,99,5.4
405.0,0.016,256,100,4.800000000000001
405.5,0.016,256,100,4.2
406.0,0.016,257,100,4.2
406.5,0.016,257,100,3.6
407.0,0.019,257,99,3.0
407.5,0.013,258,99,3.0
408.0,0.011,258,99,3.0
408.5,0.013,258,99,3.6
409.0,0.005,258,99,4.2
409.5,0.003,259,100,4.2
410.0,0.003,259,100,5.4
410.5,0.005,259,101,4.2
411.0,0.011,260,100,3.6
411.5,0.005,260,100,3.0
412.0,0.011,260,101,3.0
412.5,0.008,261,101,3.0
413.0,0.013,261,101,2.4000000000000004
413.5,0.011,261,101,2.4000000000000004
414.0,0.016,261,101,2.4000000000000004
414.5,0.016,262,100,3.0
415.0,0.013,262,100,3.0
415.5,0.003,262,100,2.4000000000000004
416.0,0.003,263,100,1.8
416.5,0.003,263,100,1.8
417.0,0.003,263,101,1.2000000000000002
417.5,0.008,264,101,1.2000000000000002
418.0,0.013,264,101,1.2000000000000002
418.5,0.027,264,101,1.2000000000000002
419.0,0.03,264,101,1.2000000000000002
419.5,0.035,265,100,1.2000000000000002
420.0,0.035,265,100,1.2000000000000002
420.5,0.038,265,99,1.2000000000000002
421.0,0.043,266,99,1.2000000000000002
421.5,0.04,266,98,0.6000000000000001
422.0,0.043,266,98,1.2000000000000002
422.5,0.046,267,99,1.2000000000000002
423.0,0.046,267,99,0.6000000000000001
423.5,0.046,267,99,0.0
424.0,0.038,268,99,0.0
424.5,0.04,268,98,0.0
425.0,0.035,268,98,0.0
425.5,0.032,268,98,0.0
426.0,0.03,269,98,0.0
426.5,0.024,269,98,0.0
427.0,0.019,269,98,0.0
427.5,0.013,270,98,0.0
428.0,0.003,270,98,0.0
428.5,0.0,270,99,0.0
429.0,0.0,270,99,0.0
429.5,0.003,271,100,0.0
430.0,0.008,271,100,0.0
430.5,0.011,271,101,0.0
431.0,0.013,272,102,0.0
431.5,0.016,272,102,0.0
432.0,0.019,272,101,0.0
432.5,0.011,273,101,0.0
433.0,0.013,273,100,0.0
433.5,0.013,273,100,0.0
434.0,0.008,273,100,0.0
434.5,0.003,274,100,0.0
435.0,0.003,274,100,1.2000000000000002
435.5,0.008,275,99,2.4000000000000004
436.0,0.011,275,100,3.0
436.5,0.011,275,100,3.0
437.0,0.013,276,100,3.0
437.5,0.016,276,99,3.0
438.0,0.013,276,99,3.0
438.5,0.016,277,99,3.0
439.0,0.013,277,99,3.0
439.5,0.013,277,99,3.6
440.0,0.013,277,99,3.6
440.5,0.011,278,99,4.2
441.0,0.005,278,99,4.800000000000001
441.5,0.0,278,100,5.4
442.0,0.005,279,100,4.800000000000001
442.5,0.0,279,100,4.2
443.0,0.016,279,100,3.6
443.5,0.019,279,100,3.6
444.0,0.016,280,100,3.0
444.5,0.021,280,100,3.0
445.0,0.024,280,100,3.0
445.5,0.024,281,99,3.0
446.0,0.021,281,100,3.6
446.5,0.024,281,100,4.2
447.0,0.03,282,100,5.4
447.5,0.032,282,101,4.2
448.0,0.03,282,100,3.6
448.5,0.019,282,101,3.0
449.0,0.016,283,101,2.4000000000000004
449.5,0.013,283,101,2.4000000000000004
450.0,0.008,284,101,2.4000000000000004
450.5,0.003,284,101,2.4000000000000004
451.0,0.008,284,100,2.4000000000000004
451.5,0.019,284,100,3.0
452.0,0.016,285,100,3.0
452.5,0.021,285,100,2.4000000000000004
453.0,0.03,285,100,1.8
453.5,0.03,286,100,1.8
454.0,0.035,286,101,1.2000000000000002
454.5,0.035,286,101,1.2000000000000002
455.0,0.038,286,101,1.2000000000000002
455.5,0.038,287,101,1.2000000000000002
456.0,0.04,287,100,1.2000000000000002
456.5,0.046,287,100,0.6000000000000001
457.0,0.038,288,100,0.6000000000000001
457.5,0.032,288,99,0.6000000000000001
458.0,0.03,288,98,1.2000000000000002
458.5,0.027,289,98,1.2000000000000002
459.0,0.024,289,98,1.2000000000000002
459.5,0.019,289,98,1.2000000000000002
460.0,0.013,289,99,0.0
460.5,0.013,290,99,0.0
461.0,0.005,290,99,0.0
461.5,0.005,290,98,0.0
462.0,0.003,291,98,0.0
462.5,0.003,291,98,0.0
463.0,0.0,291,98,0.0
463.5,0.003,291,98,0.0
464.0,0.005,292,98,0.0
464.5,0.008,292,98,0.0
465.0,0.003,292,98,0.0
465.5,0.003,293,99,0.0
466.0,0.0,293,99,0.0
466.5,0.003,293,99,0.0
467.0,0.003,294,100,0.0
467.5,0.005,294,100,0.0
468.0,0.019,294,101,0.0
468.5,0.016,295,101,0.0
469.0,0.016,295,101,0.0
469.5,0.019,295,100,0.0
470.0,0.013,295,100,0.0
470.5,0.019,296,100,0.0
471.0,0.021,296,99,0.0
471.5,0.019,296,99,0.0
472.0,0.019,297,99,0.0
472.5,0.021,297,99,1.2000000000000002
473.0,0.016,297,99,2.4000000000000004
473.5,0.011,298,99,3.0
474.0,0.013,298,99,3.0
474.5,0.008,298,99,3.0
475.0,0.003,298,99,3.0
475.5,0.0,299,99,3.0
476.0,0.003,299,99,3.6
476.5,0.016,299,99,3.6
477.0,0.019,300,99,3.6
477.5,0.021,300,99,3.6
478.0,0.024,300,99,4.2
478.5,0.024,300,99,5.4
479.0,0.027,301,99,5.4
479.5,0.027,301,99,4.2
480.0,0.027,301,99,4.2
480.5,0.032,302,99,3.6
481.0,0.032,302,100,3.0
481.5,0.03,302,99,3.0
482.0,0.021,303,99,3.0
482.5,0.027,303,99,3.0
483.0,0.013,303,99,3.6
483.5,0.011,304,99,4.2
484.0,0.011,304,100,4.800000000000001
484.5,0.005,304,100,5.4
485.0,0.005,304,101,4.2
485.5,0.011,305,100,3.6
486.0,0.013,305,101,3.0
486.5,0.019,305,101,3.0
487.0,0.019,306,101,2.4000000000000004
487.5,0.021,306,101,2.4000000000000004
488.0,0.024,306,101,2.4000000000000004
488.5,0.027,307,101,2.4000000000000004
489.0,0.03,307,100,2.4000000000000004
489.5,0.03,307,100,3.0
490.0,0.027,307,100,2.4000000000000004
490.5,0.032,308,100,1.8
491.0,0.03,308,100,1.8
491.5,0.03,308,101,1.2000000000000002
492.0,0.027,309,101,1.2000000000000002
492.5,0.027,309,101,1.2000000000000002
493.0,0.011,309,101,1.2000000000000002
493.5,0.011,310,101,0.6000000000000001
494.0,0.011,310,101,1.2000000000000002
494.5,0.005,310,100,0.6000000000000001
495.0,0.003,310,99,1.2000000000000002
495.5,0.0,311,99,1.2000000000000002
496.0,0.005,311,99,1.2000000000000002
496.5,0.003,311,99,1.2000000000000002
497.0,0.005,312,99,1.2000000000000002
497.5,0.003,312,99,0.0
498.0,0.003,312,99,0.0
498.5,0.011,313,99,0.0
499.0,0.008,313,99,0.0
499.5,0.008,313,99,0.0
500.0,0.011,313,98,0.0
500.5,0.013,314,98,0.0
501.0,0.021,314,99,0.0
501.5,0.032,314,98,0.0
502.0,0.027,315,99,0.0
502.5,0.032,315,99,0.0
503.0,0.032,315,99,0.0
503.5,0.032,316,99,0.0
504.0,0.035,316,100,0.0
504.5,0.035,316,100,0.0
505.0,0.03,316,100,0.0
505.5,0.027,317,101,0.0
506.0,0.027,317,101,0.0
506.5,0.027,317,101,0.0
507.0,0.019,318,100,0.0
507.5,0.016,318,100,0.0
508.0,0.016,318,100,0.0
508.5,0.011,319,99,0.0
509.0,0.008,319,99,0.0
509.5,0.003,319,99,0.0
510.0,0.0,320,99,1.2000000000000002
510.5,0.005,320,99,2.4000000000000004
511.0,0.013,320,99,3.0
511.5,0.013,320,100,3.0
512.0,0.013,321,99,3.0
512.5,0.016,321,99,3.0
513.0,0.019,321,99,3.0
513.5,0.019,322,99,3.0
514.0,0.021,322,99,3.6
514.5,0.021,322,99,3.6
515.0,0.016,322,99,3.6
515.5,0.019,323,99,4.2
516.0,0.016,323,99,4.800000000000001
516.5,0.016,323,99,4.800000000000001
517.0,0.005,324,100,4.2
517.5,0.008,324,100,4.2
518.0,0.005,324,100,3.0
518.5,0.003,325,100,3.0
519.0,0.008,325,99,3.0
519.5,0.011,325,99,3.0
520.0,0.008,325,99,3.0
520.5,0.013,326,99,3.6
521.0,0.019,326,99,4.2
521.5,0.016,326,100,4.800000000000001
522.0,0.019,327,100,5.4
522.5,0.021,327,101,4.2
523.0,0.021,327,100,3.6
523.5,0.016,328,101,3.0
524.0,0.024,328,101,3.0
524.5,0.021,328,101,2.4000000000000004
525.0,0.019,328,101,2.4000000000000004
525.5,0.019,329,101,2.4000000000000004
526.0,0.016,329,100,2.4000000000000004
526.5,0.013,329,100,3.0
527.0,0.008,330,100,3.0
527.5,0.005,330,100,2.4000000000000004
528.0,0.005,330,100,1.8
528.5,0.005,331,100,1.2000000000000002
529.0,0.003,331,101,1.2000000000000002
529.5,0.005,331,101,1.2000000000000002
530.0,0.008,332,101,1.2000000000000002
530.5,0.008,332,101,1.2000000000000002
531.0,0.008,332,100,1.2000000000000002
531.5,0.011,332,100,1.2000000000000002
532.0,0.011,333,99,1.2000000000000002
532.5,0.008,333,99,1.2000000000000002
533.0,0.016,333,98,1.2000000000000002
533.5,0.019,334,98,1.2000000000000002
534.0,0.019,334,98,1.2000000000000002
534.5,0.027,334,99,1.2000000000000002
535.0,0.035,334,99,0.0
535.5,0.032,335,99,0.0
536.0,0.038,335,99,0.0
536.5,0.04,335,98,0.0
537.0,0.046,336,98,0.0
537.5,0.043,336,98,0.0
538.0,0.04,336,98,0.0
538.5,0.046,337,98,0.0
539.0,0.04,337,98,0.0
539.5,0.038,337,98,0.0
540.0,0.03,338,99,0.0
540.5,0.032,338,99,0.0
541.0,0.024,338,99,0.0
541.5,0.021,338,100,0.0
542.0,0.021,339,100,0.0
542.5,0.019,339,100,0.0
543.0,0.0,339,101,0.0
543.5,0.003,340,101,0.0
544.0,0.0,340,101,0.0
544.5,0.003,340,100,0.0
545.0,0.008,341,100,0.0
545.5,0.013,341,100,0.0
546.0,0.011,341,99,0.0
546.5,0.008,341,99,0.0
547.0,0.008,342,99,0.0
547.5,0.013,342,99,1.2000000000000002
548.0,0.013,342,99,2.4000000000000004
548.5,0.005,343,99,3.0
549.0,0.013,343,99,3.0
549.5,0.011,343,99,3.0
550.0,0.008,344,99,3.0
550.5,0.005,344,98,3.0
551.0,0.003,344,98,3.0
551.5,0.005,345,99,3.6
552.0,0.005,345,99,3.6
552.5,0.008,345,98,4.2
553.0,0.011,346,99,4.800000000000001
553.5,0.011,346,99,5.4
554.0,0.011,346,99,4.800000000000001
554.5,0.013,346,99,4.2
555.0,0.011,347,99,3.6
555.5,0.013,347,99,3.0
556.0,0.013,347,98,3.0
556.5,0.008,348,99,3.0
557.0,0.005,348,99,3.0
557.5,0.005,348,99,3.6
558.0,0.019,349,99,4.2
558.5,0.013,349,99,4.800000000000001
559.0,0.0,349,100,5.4
559.5,0.0,349,100,4.2
560.0,0.0,350,100,3.6
560.5,0.008,350,100,3.0
561.0,0.011,350,101,3.0
561.5,0.005,351,101,2.4000000000000004
562.0,0.011,351,100,2.4000000000000004
562.5,0.005,351,100,2.4000000000000004
563.0,0.005,352,100,2.4000000000000004
563.5,0.008,352,100,3.0
564.0,0.005,352,100,3.0
564.5,0.005,352,100,2.4000000000000004
565.0,0.0,353,99,1.8
565.5,0.003,353,100,1.2000000000000002
566.0,0.005,353,101,1.2000000000000002
566.5,0.013,354,101,1.2000000000000002
567.0,0.016,354,101,1.2000000000000002
567.5,0.03,354,101,1.2000000000000002
568.0,0.03,355,100,1.2000000000000002
568.5,0.038,355,100,1.2000000000000002
569.0,0.038,355,99,1.2000000000000002
569.5,0.032,356,99,0.6000000000000001
570.0,0.043,356,98,1.2000000000000002
570.5,0.046,356,98,1.2000000000000002
571.0,0.043,356,98,1.2000000000000002
571.5,0.048,357,98,1.2000000000000002
572.0,0.051,357,98,0.0
572.5,0.048,357,98,0.0
573.0,0.04,358,98,0.0
573.5,0.04,358,98,0.0
574.0,0.038,358,98,0.0
574.5,0.032,358,97,0.0
575.0,0.032,359,97,0.0
575.5,0.027,359,98,0.0
576.0,0.019,359,97,0.0
576.5,0.013,360,98,0.0
577.0,0.008,360,98,0.0
577.5,0.003,360,98,0.0
578.0,0.005,360,99,0.0
578.5,0.003,361,99,0.0
579.0,0.0,361,100,0.0
579.5,0.005,361,100,0.0
580.0,0.005,362,101,0.0
580.5,0.011,362,101,0.0
581.0,0.013,362,101,0.0
581.5,0.011,363,101,0.0
582.0,0.008,363,100,0.0
582.5,0.005,363,100,0.0
583.0,0.003,363,100,0.0
583.5,0.0,364,99,0.0
584.0,0.0,364,100,0.0
584.5,0.008,364,99,1.2000000000000002
585.0,0.013,365,99,2.4000000000000004
585.5,0.013,365,100,3.0
586.0,0.011,365,100,3.0
586.5,0.019,366,99,3.0
587.0,0.021,366,99,3.0
587.5,0.013,366,99,3.0
588.0,0.016,367,99,3.0
588.5,0.019,367,99,3.0
589.0,0.016,367,99,3.6
589.5,0.013,367,99,3.6
590.0,0.013,368,99,4.2
590.5,0.008,368,99,4.800000000000001
591.0,0.003,368,99,4.800000000000001
591.5,0.003,369,100,4.800000000000001
592.0,0.003,369,100,4.2
592.5,0.013,369,100,3.6
593.0,0.013,370,100,3.0
593.5,0.013,370,99,3.0
594.0,0.016,370,99,3.0
594.5,0.013,370,99,3.0
595.0,0.019,371,99,3.6
595.5,0.011,371,100,4.2
596.0,0.011,371,100,4.800000000000001
596.5,0.016,372,100,5.4
597.0,0.019,372,101,4.2
597.5,0.019,372,101,3.0
598.0,0.011,372,101,3.0
598.5,0.005,373,102,2.4000000000000004
599.0,0.04,376,101,1.2000000000000002
599.5,0.038,376,101,1.2000000000000002
600.0,0.043,377,101,0.6000000000000001
600.5,0.046,377,100,0.6000000000000001
601.0,0.048,377,100,0.6000000000000001
601.5,0.035,378,100,0.6000000000000001
602.0,0.04,378,99,1.2000000000000002
602.5,0.038,378,98,1.2000000000000002
603.0,0.035,379,98,1.2000000000000002
603.5,0.032,379,98,1.2000000000000002
604.0,0.03,379,99,0.6000000000000001
604.5,0.027,379,99,0.0
605.0,0.021,380,99,0.0
605.5,0.013,380,99,0.0
606.0,0.013,380,98,0.0
606.5,0.008,381,98,0.0
607.0,0.008,381,98,0.0
607.5,0.003,381,98,0.0
608.0,0.008,382,98,0.0
608.5,0.003,382,98,0.0
609.0,0.005,382,98,0.0
609.5,0.003,382,99,0.0
610.0,0.003,383,99,0.0
610.5,0.003,383,99,0.0
611.0,0.003,383,100,0.0
611.5,0.008,384,100,0.0
612.0,0.011,384,100,0.0
612.5,0.024,384,101,0.0
613.0,0.019,385,101,0.0
613.5,0.021,385,101,0.0
614.0,0.024,385,100,0.0
614.5,0.021,385,100,0.0
615.0,0.021,386,100,0.0
615.5,0.024,386,99,0.0
616.0,0.024,386,99,0.0
616.5,0.03,387,100,0.0
617.0,0.024,387,99,1.2000000000000002
617.5,0.027,387,99,2.4000000000000004
618.0,0.021,388,99,3.0
618.5,0.019,388,100,3.0
619.0,0.019,388,99,3.0
619.5,0.008,388,99,3.0
620.0,0.005,389,99,3.0
620.5,0.003,389,99,3.0
621.0,0.013,389,99,3.6
621.5,0.011,390,99,3.6
622.0,0.019,390,99,3.6
622.5,0.016,390,99,4.2
623.0,0.016,391,99,4.800000000000001
623.5,0.027,391,99,4.800000000000001
624.0,0.019,391,100,4.800000000000001
624.5,0.021,391,99,4.2
625.0,0.021,392,100,3.6
625.5,0.027,392,100,3.0
626.0,0.024,392,99,3.0
626.5,0.016,393,99,3.0
627.0,0.019,393,99,3.0
627.5,0.008,393,99,3.6
628.0,0.005,394,100,4.2
628.5,0.005,394,100,4.800000000000001
629.0,0.003,394,101,5.4
629.5,0.016,394,101,4.2
630.0,0.019,395,101,3.6
630.5,0.019,395,101,3.0
631.0,0.021,395,102,3.0
631.5,0.032,396,102,2.4000000000000004
632.0,0.032,396,101,2.4000000000000004
632.5,0.03,396,101,2.4000000000000004
633.0,0.035,397,101,2.4000000000000004
633.5,0.035,397,100,2.4000000000000004
634.0,0.035,397,101,3.0
634.5,0.035,397,100,1.8
635.0,0.038,398,100,1.8
635.5,0.03,398,101,1.2000000000000002
636.0,0.03,398,102,1.2000000000000002
636.5,0.03,399,102,1.2000000000000002
637.0,0.032,399,102,1.2000000000000002
637.5,0.011,399,101,1.2000000000000002
638.0,0.016,400,101,1.2000000000000002
638.5,0.019,400,101,0.6000000000000001
639.0,0.016,400,100,1.2000000000000002
639.5,0.011,400,99,1.2000000000000002
640.0,0.013,401,99,1.2000000000000002
640.5,0.011,401,99,1.2000000000000002
641.0,0.011,401,99,1.2000000000000002
641.5,0.011,402,99,1.2000000000000002
642.0,0.005,402,99,0.0
642.5,0.008,402,99,0.0
643.0,0.011,403,99,0.0
643.5,0.013,403,99,0.0
644.0,0.011,403,98,0.0
644.5,0.016,404,98,0.0
645.0,0.011,404,98,0.0
645.5,0.024,404,98,0.0
646.0,0.035,404,98,0.0
646.5,0.032,405,98,0.0
647.0,0.04,405,98,0.0
647.5,0.035,405,99,0.0
648.0,0.04,406,100,0.0
648.5,0.038,406,101,0.0
649.0,0.035,407,101,0.0
649.5,0.04,407,101,0.0
650.0,0.035,407,101,0.0
650.5,0.024,408,100,0.0
651.0,0.027,408,100,0.0
651.5,0.024,408,100,0.0
652.0,0.021,409,99,0.0
652.5,0.016,409,99,0.0
653.0,0.013,409,100,0.0
653.5,0.005,410,99,1.8
654.0,0.003,410,99,2.4000000000000004
654.5,0.008,410,99,3.0
655.0,0.013,410,99,3.0
655.5,0.008,411,99,3.0
656.0,0.019,411,99,3.0
656.5,0.021,411,99,3.0
657.0,0.019,412,98,3.0
657.5,0.027,412,99,3.0
658.0,0.027,412,99,3.6
658.5,0.027,413,99,3.6
659.0,0.021,413,98,4.800000000000001
659.5,0.019,413,99,5.4
660.0,0.016,413,99,4.800000000000001
660.5,0.008,414,99,4.2
661.0,0.008,414,99,4.2
661.5,0.011,414,99,3.6
662.0,0.005,415,99,3.0
662.5,0.016,415,99,3.0
663.0,0.016,415,99,3.0
663.5,0.016,415,99,3.0
664.0,0.021,416,99,3.6
664.5,0.024,416,99,4.2
665.0,0.027,416,100,4.800000000000001
665.5,0.027,417,100,5.4
666.0,0.032,417,101,4.2
666.5,0.032,417,100,3.6
667.0,0.027,418,101,3.0
667.5,0.032,418,101,3.0
668.0,0.03,418,101,2.4000000000000004
668.5,0.024,419,101,2.4000000000000004
669.0,0.021,419,101,2.4000000000000004
669.5,0.021,419,100,2.4000000000000004
670.0,0.008,419,100,3.0
670.5,0.005,420,100,3.0
671.0,0.008,420,100,1.8
671.5,0.005,420,100,1.2000000000000002
672.0,0.005,421,100,1.2000000000000002
672.5,0.005,421,101,1.2000000000000002
673.0,0.005,421,101,1.2000000000000002
673.5,0.008,422,101,1.2000000000000002
674.0,0.0,422,101,1.2000000000000002
674.5,0.0,422,100,0.6000000000000001
675.0,0.003,422,100,1.2000000000000002
675.5,0.011,423,99,0.6000000000000001
676.0,0.011,423,99,1.2000000000000002
676.5,0.013,423,98,1.2000000000000002
677.0,0.021,424,98,1.2000000000000002
677.5,0.021,424,98,1.2000000000000002
678.0,0.024,424,98,1.2000000000000002
678.5,0.038,425,99,0.0
679.0,0.038,425,99,0.0
679.5,0.04,425,98,0.0
680.0,0.043,425,98,0.0
680.5,0.043,426,98,0.0
681.0,0.046,426,97,0.0
681.5,0.04,426,98,0.0
682.0,0.051,427,98,0.0
682.5,0.048,427,97,0.0
683.0,0.043,427,98,0.0
683.5,0.04,428,98,0.0
684.0,0.038,428,98,0.0
684.5,0.038,428,99,0.0
685.0,0.03,428,99,0.0
685.5,0.03,429,100,0.0
686.0,0.03,429,100,0.0
686.5,0.008,429,101,0.0
687.0,0.005,430,101,0.0
687.5,0.003,430,101,0.0
688.0,0.0,430,101,0.0
688.5,0.003,431,100,0.0
689.0,0.005,431,100,0.0
689.5,0.008,431,100,0.0
690.0,0.005,431,99,0.0
690.5,0.011,432,100,0.0
691.0,0.016,432,99,1.2000000000000002
691.5,0.021,432,99,2.4000000000000004
692.0,0.013,433,99,3.0
692.5,0.016,433,100,3.6
693.0,0.019,433,99,3.0
693.5,0.016,433,99,3.0
694.0,0.013,434,99,3.0
694.5,0.005,434,99,3.0
695.0,0.008,434,99,3.0
695.5,0.005,435,99,3.6
696.0,0.008,435,99,3.6
696.5,0.011,435,99,4.2
697.0,0.011,436,99,4.800000000000001
697.5,0.019,436,100,4.800000000000001
698.0,0.021,436,100,4.2
698.5,0.019,436,99,4.2
699.0,0.019,437,99,3.6
699.5,0.024,437,100,3.0
700.0,0.021,437,99,3.0
700.5,0.019,438,99,3.0
701.0,0.013,438,99,3.0
701.5,0.016,438,99,3.6
702.0,0.013,439,99,4.2
702.5,0.011,439,100,4.800000000000001
703.0,0.008,439,100,4.800000000000001
703.5,0.005,440,101,3.6
704.0,0.0,440,100,3.0
704.5,0.005,440,101,3.0
705.0,0.005,440,101,2.4000000000000004
705.5,0.005,441,101,2.4000000000000004
706.0,0.005,441,101,2.4000000000000004
706.5,0.005,441,101,2.4000000000000004
707.0,0.005,442,100,2.4000000000000004
707.5,0.011,442,100,2.4000000000000004
708.0,0.011,442,100,3.0
708.5,0.005,443,100,1.8
709.0,0.003,443,100,1.8
709.5,0.003,443,100,1.2000000000000002
710.0,0.005,443,101,1.2000000000000002
710.5,0.013,444,101,1.2000000000000002
711.0,0.013,444,101,1.2000000000000002
711.5,0.035,444,101,1.2000000000000002
712.0,0.032,445,100,0.6000000000000001
712.5,0.038,445,100,1.2000000000000002
713.0,0.04,445,99,0.6000000000000001
713.5,0.038,446,99,0.6000000000000001
714.0,0.04,446,98,1.2000000000000002
714.5,0.046,446,98,1.2000000000000002
715.0,0.046,446,98,1.2000000000000002
715.5,0.046,447,99,1.2000000000000002
716.0,0.048,447,99,0.0
716.5,0.048,447,99,0.0
717.0,0.04,448,99,0.0
717.5,0.043,448,98,0.0
718.0,0.038,448,98,0.0
718.5,0.035,449,98,0.0
719.0,0.03,449,98,0.0
719.5,0.03,449,98,0.0
720.0,0.016,449,98,0.0
720.5,0.013,450,98,0.0
721.0,0.008,450,98,0.0
721.5,0.005,450,99,0.0
722.0,0.005,451,99,0.0
722.5,0.003,451,100,0.0
723.0,0.003,451,100,0.0
723.5,0.003,451,100,0.0
724.0,0.008,452,101,0.0
724.5,0.011,452,101,0.0
725.0,0.013,452,101,0.0
725.5,0.008,453,101,0.0
726.0,0.005,453,100,0.0
726.5,0.008,453,100,0.0
727.0,0.005,454,99,0.0
727.5,0.003,454,99,0.0
728.0,0.0,454,100,0.0
728.5,0.008,454,99,1.8
729.0,0.008,455,99,2.4000000000000004
729.5,0.013,455,100,3.0
730.0,0.013,455,100,3.0
730.5,0.013,456,99,3.0
731.0,0.016,456,99,3.0
731.5,0.013,456,99,3.0
732.0,0.013,457,99,3.0
732.5,0.016,457,99,3.0
733.0,0.016,457,99,3.6
733.5,0.011,458,99,3.6
734.0,0.013,458,99,4.2
734.5,0.008,458,99,4.800000000000001
735.0,0.005,458,100,4.800000000000001
735.5,0.003,459,100,4.2
736.0,0.005,459,100,3.6
736.5,0.011,459,99,3.0
737.0,0.011,460,100,3.0
737.5,0.013,460,99,2.4000000000000004
738.0,0.016,460,99,3.0
738.5,0.016,460,99,3.0
739.0,0.016,461,99,3.0
739.5,0.016,461,100,4.2
740.0,0.013,461,100,4.800000000000001
740.5,0.019,462,101,4.800000000000001
741.0,0.019,462,101,3.6
741.5,0.021,462,100,3.0
742.0,0.019,463,101,2.4000000000000004
742.5,0.008,463,101,2.4000000000000004
743.0,0.0,464,101,1.8
743.5,0.003,464,101,1.8
744.0,0.008,464,100,2.4000000000000004
744.5,0.019,464,100,2.4000000000000004
745.0,0.016,465,100,2.4000000000000004
745.5,0.027,465,100,1.8
746.0,0.035,465,100,1.2000000000000002
746.5,0.035,466,101,1.2000000000000002
747.0,0.04,466,101,1.2000000000000002
747.5,0.043,466,101,1.2000000000000002
748.0,0.04,467,101,1.2000000000000002
748.5,0.043,467,101,0.6000000000000001
749.0,0.046,467,100,1.2000000000000002
749.5,0.043,467,100,1.2000000000000002
750.0,0.04,468,100,1.2000000000000002
750.5,0.04,468,99,1.2000000000000002
751.0,0.032,468,99,1.2000000000000002
751.5,0.038,469,98,1.2000000000000002
752.0,0.032,469,98,1.2000000000000002
752.5,0.027,469,99,1.2000000000000002
753.0,0.024,470,99,0.0
753.5,0.021,470,99,0.0
754.0,0.011,470,99,0.0
754.5,0.008,470,98,0.0
755.0,0.008,471,98,0.0
755.5,0.005,471,98,0.0
756.0,0.003,471,98,0.0
756.5,0.008,472,98,0.0
757.0,0.003,472,98,0.0
757.5,0.003,472,98,0.0
758.0,0.003,472,98,0.0
758.5,0.003,473,99,0.0
759.0,0.005,473,99,0.0
759.5,0.003,473,100,0.0
760.0,0.008,474,100,0.0
760.5,0.008,474,101,0.0
761.0,0.021,474,101,0.0
761.5,0.019,475,101,0.0
762.0,0.027,475,101,0.0
762.5,0.024,475,100,0.0
763.0,0.021,476,100,0.0
763.5,0.021,476,100,0.0
764.0,0.024,476,99,0.0
764.5,0.021,476,99,0.0
765.0,0.027,477,99,0.0
765.5,0.024,477,99,1.8
766.0,0.021,477,99,3.0
766.5,0.016,478,99,3.0
767.0,0.013,478,99,3.0
767.5,0.013,478,99,3.0
768.0,0.005,479,99,3.0
768.5,0.003,479,99,3.0
769.0,0.005,479,99,3.0
769.5,0.013,479,99,3.0
770.0,0.011,480,99,3.6
770.5,0.016,480,99,3.6
771.0,0.019,480,99,4.2
771.5,0.021,481,99,4.800000000000001
772.0,0.027,481,100,4.800000000000001
772.5,0.019,481,100,4.2
773.0,0.024,481,99,3.6
773.5,0.024,482,99,3.6
774.0,0.03,482,100,3.0
774.5,0.024,482,99,3.0
775.0,0.016,483,99,3.0
775.5,0.024,483,99,3.0
776.0,0.011,483,99,3.6
776.5,0.008,484,99,4.2
777.0,0.008,484,100,4.800000000000001
777.5,0.003,484,100,4.800000000000001
778.0,0.011,485,101,3.6
778.5,0.011,485,100,3.0
779.0,0.019,485,101,3.0
779.5,0.021,485,101,2.4000000000000004
780.0,0.024,486,101,2.4000000000000004
780.5,0.03,486,101,2.4000000000000004
781.0,0.03,486,101,2.4000000000000004
781.5,0.035,487,100,2.4000000000000004
782.0,0.035,487,100,2.4000000000000004
782.5,0.038,487,100,2.4000000000000004
783.0,0.035,488,100,1.8
783.5,0.035,488,100,1.8
784.0,0.04,488,101,1.2000000000000002
784.5,0.032,488,101,1.2000000000000002
785.0,0.03,489,101,1.2000000000000002
785.5,0.03,489,102,1.2000000000000002
786.0,0.013,489,101,0.6000000000000001
786.5,0.016,490,101,0.6000000000000001
787.0,0.016,490,100,0.6000000000000001
787.5,0.011,490,100,0.6000000000000001
788.0,0.013,491,99,0.6000000000000001
788.5,0.011,491,98,0.6000000000000001
789.0,0.008,491,98,1.2000000000000002
789.5,0.003,492,98,1.2000000000000002
790.0,0.0,492,99,0.6000000000000001
790.5,0.003,492,99,0.0
791.0,0.0,492,99,0.0
791.5,0.016,494,98,0.0
792.0,0.032,494,98,0.0
792.5,0.032,495,98,0.0
793.0,0.038,495,98,0.0
793.5,0.035,495,98,0.0
794.0,0.035,496,99,0.0
794.5,0.043,496,99,0.0
795.0,0.04,496,100,0.0
795.5,0.035,496,100,0.0
796.0,0.035,497,101,0.0
796.5,0.04,497,101,0.0
797.0,0.035,497,101,0.0
797.5,0.024,498,100,0.0
798.0,0.021,498,100,0.0
798.5,0.019,498,100,0.0
799.0,0.016,499,99,0.0
799.5,0.008,499,99,0.0
800.0,0.005,499,99,0.0
800.5,0.003,500,99,1.2000000000000002
801.0,0.011,500,99,2.4000000000000004
801.5,0.019,500,99,3.0
802.0,0.016,500,99,3.0
802.5,0.019,501,99,3.0
803.0,0.024,501,99,3.0
803.5,0.024,501,99,3.0
804.0,0.021,502,98,3.0
804.5,0.03,502,99,3.0
805.0,0.032,502,99,3.6
805.5,0.03,503,99,3.6
806.0,0.021,503,99,4.2
806.5,0.021,503,99,4.800000000000001
807.0,0.021,503,99,4.800000000000001
807.5,0.011,504,99,4.2
808.0,0.011,504,99,3.6
808.5,0.005,504,99,3.0
809.0,0.005,505,99,3.0
809.5,0.008,505,99,3.0
810.0,0.013,505,99,3.0
810.5,0.013,505,99,3.0
811.0,0.016,506,99,3.0
811.5,0.021,506,99,3.6
812.0,0.019,506,100,4.800000000000001
812.5,0.021,507,100,5.4
813.0,0.021,507,100,4.2
813.5,0.03,507,100,3.0
814.0,0.024,508,101,3.0
814.5,0.024,508,101,3.0
815.0,0.019,508,101,2.4000000000000004
815.5,0.019,509,101,2.4000000000000004
816.0,0.013,509,101,2.4000000000000004
816.5,0.019,509,101,2.4000000000000004
817.0,0.005,509,100,2.4000000000000004
817.5,0.008,510,100,3.0
818.0,0.003,510,100,1.8
818.5,0.005,510,100,1.8
819.0,0.005,511,101,1.2000000000000002
819.5,0.0,511,101,1.2000000000000002
820.0,0.0,511,101,1.2000000000000002
820.5,0.008,512,101,1.2000000000000002
821.0,0.0,512,101,1.2000000000000002
821.5,0.003,512,100,0.6000000000000001
822.0,0.005,512,100,0.6000000000000001
822.5,0.005,513,100,1.2000000000000002
823.0,0.003,513,99,1.2000000000000002
823.5,0.013,513,99,1.2000000000000002
824.0,0.016,514,98,1.2000000000000002
824.5,0.016,514,99,1.2000000000000002
825.0,0.021,514,99,0.6000000000000001
825.5,0.032,515,99,0.0
826.0,0.038,515,99,0.0
826.5,0.046,515,99,0.0
827.0,0.046,515,98,0.0
827.5,0.046,516,98,0.0
828.0,0.048,516,98,0.0
828.5,0.046,516,98,0.0
829.0,0.051,517,98,0.0
829.5,0.051,517,98,0.0
830.0,0.048,517,98,0.0
830.5,0.043,518,99,0.0
831.0,0.038,518,99,0.0
831.5,0.04,518,99,0.0
832.0,0.035,518,100,0.0
832.5,0.032,519,100,0.0
833.0,0.03,519,101,0.0
833.5,0.011,519,101,0.0
834.0,0.008,520,102,0.0
834.5,0.003,520,101,0.0
835.0,0.003,520,101,0.0
835.5,0.008,521,101,0.0
836.0,0.005,521,100,0.0
836.5,0.011,521,100,0.0
837.0,0.011,521,100,0.0
837.5,0.016,522,100,0.6000000000000001
838.0,0.021,522,99,1.8
838.5,0.021,522,99,3.0
839.0,0.019,523,100,3.0
839.5,0.016,523,100,3.0
840.0,0.016,523,99,3.0
840.5,0.011,524,99,2.4000000000000004
841.0,0.011,524,99,3.0
841.5,0.005,524,99,3.0
842.0,0.008,524,99,3.0
842.5,0.005,525,99,3.6
843.0,0.011,525,99,3.6
843.5,0.016,525,99,4.2
844.0,0.016,526,99,4.800000000000001
844.5,0.019,526,100,4.800000000000001
845.0,0.021,526,100,4.2
845.5,0.019,526,99,3.6
846.0,0.019,527,99,3.6
846.5,0.024,527,99,3.0
847.0,0.024,527,99,3.0
847.5,0.016,528,99,3.0
848.0,0.016,528,99,3.0
848.5,0.016,528,99,3.6
849.0,0.011,529,99,4.2
849.5,0.011,529,100,4.800000000000001
850.0,0.005,529,100,4.800000000000001
850.5,0.005,530,101,3.6
851.0,0.0,530,100,3.0
851.5,0.005,530,101,3.0
852.0,0.008,530,101,2.4000000000000004
852.5,0.005,531,101,2.4000000000000004
853.0,0.005,531,101,2.4000000000000004
853.5,0.005,531,101,2.4000000000000004
854.0,0.003,532,100,2.4000000000000004
854.5,0.005,532,100,2.4000000000000004
855.0,0.008,532,100,2.4000000000000004
855.5,0.005,533,100,1.8
856.0,0.0,533,100,1.2000000000000002
856.5,0.005,533,100,1.2000000000000002
857.0,0.003,533,101,1.2000000000000002
857.5,0.021,534,101,1.2000000000000002
858.0,0.019,534,101,0.6000000000000001
858.5,0.032,534,100,0.6000000000000001
859.0,0.032,535,100,0.6000000000000001
859.5,0.04,535,100,1.2000000000000002
860.0,0.038,535,99,1.2000000000000002
860.5,0.038,536,98,0.6000000000000001
861.0,0.043,536,98,1.2000000000000002
861.5,0.046,536,98,1.2000000000000002
862.0,0.046,536,98,1.2000000000000002
862.5,0.048,537,98,0.6000000000000001
863.0,0.048,537,98,0.0
863.5,0.048,537,98,0.0
864.0,0.043,538,98,0.0
864.5,0.046,538,98,0.0
865.0,0.043,538,98,0.0
865.5,0.035,539,98,0.0
866.0,0.035,539,98,0.0
866.5,0.03,539,98,0.0
867.0,0.021,539,98,0.0
867.5,0.016,540,98,0.0
868.0,0.011,540,98,0.0
868.5,0.011,540,98,0.0
869.0,0.003,541,99,0.0
869.5,0.0,541,99,0.0
870.0,0.003,541,100,0.0
870.5,0.003,541,100,0.0
871.0,0.005,542,101,0.0
871.5,0.013,542,101,0.0
872.0,0.013,542,100,0.0
872.5,0.011,543,100,0.0
873.0,0.011,543,100,0.0
873.5,0.011,543,100,0.0
874.0,0.003,544,99,0.0
874.5,0.005,544,99,0.0
875.0,0.0,544,99,0.0
875.5,0.011,544,99,1.2000000000000002
876.0,0.013,545,99,2.4000000000000004
876.5,0.013,545,99,3.0
877.0,0.016,545,99,3.0
877.5,0.019,546,99,3.0
878.0,0.021,546,99,3.0
878.5,0.021,546,99,3.0
879.0,0.019,547,99,3.0
879.5,0.019,547,99,3.6
880.0,0.019,547,99,3.6
880.5,0.013,548,99,3.6
881.0,0.016,548,99,4.2
881.5,0.008,548,99,4.800000000000001
882.0,0.005,548,99,4.800000000000001
882.5,0.005,549,99,4.2
883.0,0.008,549,99,3.0
883.5,0.008,550,99,3.0
884.0,0.013,550,99,2.4000000000000004
884.5,0.016,550,99,3.0
885.0,0.021,550,99,3.0
885.5,0.019,551,99,3.6
886.0,0.021,551,99,3.6
886.5,0.019,551,100,4.800000000000001
887.0,0.021,552,100,4.800000000000001
887.5,0.019,552,101,3.6
888.0,0.019,552,100,3.0
888.5,0.019,553,101,3.0
889.0,0.008,553,101,2.4000000000000004
889.5,0.005,553,101,2.4000000000000004
890.0,0.005,554,101,2.4000000000000004
890.5,0.003,554,101,2.4000000000000004
891.0,0.008,554,100,2.4000000000000004
891.5,0.021,554,100,2.4000000000000004
892.0,0.027,555,100,3.0
892.5,0.027,555,100,1.8
893.0,0.038,555,99,1.8
893.5,0.03,556,100,1.2000000000000002
894.0,0.043,556,101,1.2000000000000002
894.5,0.035,556,101,1.2000000000000002
895.0,0.038,557,101,1.2000000000000002
895.5,0.04,557,101,1.2000000000000002
896.0,0.046,557,100,1.2000000000000002
896.5,0.043,557,100,1.2000000000000002
897.0,0.032,558,99,1.2000000000000002
897.5,0.035,558,99,0.6000000000000001
898.0,0.035,558,98,0.6000000000000001
898.5,0.027,559,98,1.2000000000000002
899.0,0.032,559,98,1.2000000000000002
899.5,0.024,559,98,0.6000000000000001
900.0,0.021,559,98,0.0
900.5,0.013,560,98,0.0
901.0,0.008,560,98,0.0
901.5,0.005,560,98,0.0
902.0,0.0,561,98,0.0
902.5,0.003,561,97,0.0
903.0,0.0,561,97,0.0
903.5,0.0,562,98,0.0
904.0,0.008,562,98,0.0
904.5,0.008,562,98,0.0
905.0,0.013,562,98,0.0
905.5,0.005,563,98,0.0
906.0,0.003,563,99,0.0
906.5,0.003,563,99,0.0
907.0,0.003,564,100,0.0
907.5,0.003,564,100,0.0
908.0,0.013,564,101,0.0
908.5,0.011,565,101,0.0
909.0,0.016,565,100,0.0
909.5,0.016,565,100,0.0
910.0,0.013,566,100,0.0
910.5,0.016,566,100,0.0
911.0,0.019,566,99,0.0
911.5,0.019,566,99,0.0
912.0,0.019,567,99,0.0
912.5,0.016,567,99,1.2000000000000002
913.0,0.019,567,98,2.4000000000000004
913.5,0.011,568,99,3.0
914.0,0.008,568,99,3.0
914.5,0.008,568,99,3.0
915.0,0.0,568,99,3.0
915.5,0.0,569,99,3.0
916.0,0.003,569,98,3.0
916.5,0.021,569,99,3.6
917.0,0.019,570,99,3.6
917.5,0.024,570,99,3.6
918.0,0.021,570,98,4.2
918.5,0.027,571,99,4.800000000000001
919.0,0.03,571,99,5.4
919.5,0.032,571,99,4.800000000000001
920.0,0.03,571,99,4.2
920.5,0.035,572,99,3.6
921.0,0.04,572,99,3.0
921.5,0.038,572,99,3.0
922.0,0.03,573,99,3.0
922.5,0.03,573,99,3.0
923.0,0.021,573,99,3.0
923.5,0.016,574,99,4.2
924.0,0.013,574,99,4.800000000000001
924.5,0.008,574,100,5.4
925.0,0.003,574,100,4.2
925.5,0.013,575,100,3.6
926.0,0.013,575,100,3.0
926.5,0.016,575,101,3.0
927.0,0.021,576,101,2.4000000000000004
927.5,0.021,576,101,2.4000000000000004
928.0,0.024,576,101,2.4000000000000004
928.5,0.03,577,100,2.4000000000000004
929.0,0.03,577,100,2.4000000000000004
929.5,0.032,577,100,3.0
930.0,0.027,577,100,2.4000000000000004
930.5,0.032,578,100,1.8
931.0,0.03,578,100,1.2000000000000002
931.5,0.024,578,101,1.2000000000000002
932.0,0.021,579,101,1.2000000000000002
932.5,0.021,579,101,1.2000000000000002
933.0,0.013,579,101,0.6000000000000001
933.5,0.011,580,100,0.6000000000000001
934.0,0.011,580,100,0.6000000000000001
934.5,0.0,580,100,0.6000000000000001
935.0,0.0,580,99,0.6000000000000001
935.5,0.0,581,98,0.6000000000000001
936.0,0.003,581,98,1.2000000000000002
936.5,0.0,581,98,1.2000000000000002
937.0,0.005,582,98,1.2000000000000002
937.5,0.005,582,99,0.0
938.0,0.008,582,99,0.0
938.5,0.005,583,99,0.0
939.0,0.003,583,98,0.0
939.5,0.003,583,98,0.0
940.0,0.008,583,98,0.0
940.5,0.011,584,98,0.0
941.0,0.013,584,98,0.0
941.5,0.03,584,98,0.0
942.0,0.027,585,98,0.0
942.5,0.027,585,98,0.0
943.0,0.032,585,98,0.0
943.5,0.03,586,99,0.0
944.0,0.035,586,99,0.0
944.5,0.032,586,100,0.0
945.0,0.027,586,100,0.0
945.5,0.03,587,101,0.0
946.0,0.03,587,101,0.0
946.5,0.027,587,101,0.0
947.0,0.019,588,100,0.0
947.5,0.019,588,100,0.0
948.0,0.011,588,100,0.0
948.5,0.008,588,99,0.0
949.0,0.008,589,99,0.0
949.5,0.003,589,99,0.0
950.0,0.003,589,99,1.2000000000000002
950.5,0.011,590,99,2.4000000000000004
951.0,0.021,590,99,3.0
951.5,0.024,590,99,3.0
952.0,0.019,591,99,3.0
952.5,0.027,591,99,3.0
953.0,0.024,591,99,3.0
953.5,0.024,592,99,3.0
954.0,0.032,592,99,3.6
954.5,0.038,592,99,3.6
955.0,0.038,592,99,3.6
955.5,0.027,593,99,4.800000000000001
956.0,0.027,593,99,4.800000000000001
956.5,0.03,593,99,4.800000000000001
957.0,0.019,594,100,4.800000000000001
957.5,0.019,594,100,4.2
958.0,0.005,594,99,3.6
958.5,0.008,594,100,3.0
959.0,0.005,595,99,3.0
959.5,0.008,595,99,3.0
960.0,0.011,595,99,3.0
960.5,0.011,596,99,3.6
961.0,0.019,596,99,3.6
961.5,0.016,596,100,4.2
962.0,0.019,597,100,5.4
962.5,0.021,597,101,4.2
963.0,0.027,597,100,3.6
963.5,0.024,597,100,3.0
964.0,0.021,598,101,3.0
964.5,0.024,598,101,2.4000000000000004
965.0,0.021,598,101,2.4000000000000004
965.5,0.016,599,101,2.4000000000000004
966.0,0.019,599,100,2.4000000000000004
966.5,0.008,599,100,2.4000000000000004
967.0,0.003,600,100,3.0
967.5,0.003,600,100,1.8
968.0,0.003,600,100,1.8
968.5,0.0,601,100,1.8
969.0,0.005,601,101,1.2000000000000002
969.5,0.003,601,101,1.2000000000000002
970.0,0.005,601,101,1.2000000000000002
970.5,0.005,602,101,0.6000000000000001
971.0,0.008,602,101,0.6000000000000001
971.5,0.003,602,100,0.6000000000000001
972.0,0.003,603,100,0.6000000000000001
972.5,0.003,603,99,1.2000000000000002
973.0,0.008,603,99,1.2000000000000002
973.5,0.016,604,98,1.2000000000000002
974.0,0.016,604,98,1.2000000000000002
974.5,0.019,604,99,1.2000000000000002
975.0,0.035,604,99,0.6000000000000001
975.5,0.035,605,99,0.0
976.0,0.038,605,99,0.0
976.5,0.038,605,98,0.0
977.0,0.043,606,98,0.0
977.5,0.046,606,98,0.0
978.0,0.043,606,98,0.0
978.5,0.046,606,98,0.0
979.0,0.046,607,98,0.0
979.5,0.046,607,98,0.0
980.0,0.043,607,98,0.0
980.5,0.038,608,98,0.0
981.0,0.032,608,99,0.0
981.5,0.032,608,99,0.0
982.0,0.027,609,100,0.0
982.5,0.021,609,100,0.0
983.0,0.016,609,101,0.0
983.5,0.005,610,101,0.0
984.0,0.005,610,101,0.0
984.5,0.003,610,100,0.0
985.0,0.008,610,100,0.0
985.5,0.013,611,100,0.0
986.0,0.013,611,99,0.0
986.5,0.016,611,99,0.0
987.0,0.021,612,99,0.0
987.5,0.021,612,99,1.8
988.0,0.027,612,99,2.4000000000000004
988.5,0.021,613,99,3.0
989.0,0.024,613,99,3.0
989.5,0.021,613,99,3.0
990.0,0.013,613,99,3.0
990.5,0.013,614,99,3.0
991.0,0.011,614,99,3.0
991.5,0.003,614,99,3.6
992.0,0.003,615,99,3.6
992.5,0.005,615,99,3.6
993.0,0.011,615,98,4.2
993.5,0.011,615,99,4.800000000000001
994.0,0.016,616,99,4.800000000000001
994.5,0.016,616,99,4.800000000000001
995.0,0.011,616,99,4.2
995.5,0.016,617,99,3.6
996.0,0.021,617,99,3.0
996.5,0.024,617,99,3.0
997.0,0.016,618,99,3.0
997.5,0.013,618,99,3.0
998.0,0.011,618,99,3.6
998.5,0.011,619,99,4.2
999.0,0.005,619,99,4.800000000000001
999.5,0.005,619,100,5.4
1000.0,0.005,619,100,4.2
1000.5,0.008,620,100,3.6
1001.0,0.008,620,100,3.0
1001.5,0.013,620,101,3.0
1002.0,0.008,621,101,2.4000000000000004
1002.5,0.013,621,101,2.4000000000000004
1003.0,0.011,621,101,2.4000000000000004
1003.5,0.016,622,100,2.4000000000000004
1004.0,0.019,622,100,3.0
1004.5,0.021,622,100,3.0
1005.0,0.016,622,100,2.4000000000000004
1005.5,0.008,623,100,1.8
1006.0,0.003,623,100,1.2000000000000002
1006.5,0.003,623,101,1.2000000000000002
1007.0,0.005,624,101,1.2000000000000002
1007.5,0.011,624,101,1.2000000000000002
1008.0,0.019,624,101,1.2000000000000002
1008.5,0.021,625,100,1.2000000000000002
1009.0,0.03,625,100,0.6000000000000001
1009.5,0.035,625,100,1.2000000000000002
1010.0,0.032,626,99,0.6000000000000001
1010.5,0.038,626,98,1.2000000000000002
1011.0,0.046,626,98,1.2000000000000002
1011.5,0.043,626,98,1.2000000000000002
1012.0,0.046,627,98,1.2000000000000002
1012.5,0.051,627,99,0.0
1013.0,0.051,627,99,0.0
1013.5,0.046,628,99,0.0
1014.0,0.04,628,98,0.0
1014.5,0.04,628,98,0.0
1015.0,0.032,628,98,0.0
1015.5,0.03,629,98,0.0
1016.0,0.027,629,98,0.0
1016.5,0.016,629,98,0.0
1017.0,0.011,630,98,0.0
1017.5,0.003,630,98,0.0
1018.0,0.0,630,99,0.0
1018.5,0.003,630,99,0.0
1019.0,0.011,631,99,0.0
1019.5,0.011,631,100,0.0
1020.0,0.016,631,100,0.0
1020.5,0.021,632,101,0.0
1021.0,0.027,632,101,0.0
1021.5,0.027,632,101,0.0
1022.0,0.019,633,100,0.0
1022.5,0.021,633,100,0.0
1023.0,0.016,633,100,0.0
1023.5,0.011,633,99,0.0
1024.0,0.008,634,99,0.0
1024.5,0.005,634,99,0.0
1025.0,0.005,634,99,1.2000000000000002
1025.5,0.011,635,99,2.4000000000000004
1026.0,0.011,635,99,3.0
1026.5,0.011,635,99,3.0
1027.0,0.013,636,99,3.0
1027.5,0.016,636,99,3.0
1028.0,0.016,636,99,3.0
1028.5,0.021,637,99,3.0
1029.0,0.016,637,99,3.0
1029.5,0.016,637,99,3.6
1030.0,0.013,637,99,3.6
1030.5,0.008,638,99,4.2
1031.0,0.005,638,99,4.800000000000001
1031.5,0.0,638,99,4.800000000000001
1032.0,0.0,639,100,4.2
1032.5,0.003,639,100,4.2
1033.0,0.008,639,100,3.6
1033.5,0.016,640,100,3.0
1034.0,0.021,640,99,3.0
1034.5,0.024,640,99,3.0
1035.0,0.021,640,100,3.0
1035.5,0.027,641,99,3.6
1036.0,0.024,641,100,4.2
1036.5,0.024,641,100,4.800000000000001
1037.0,0.03,642,101,5.4
1037.5,0.03,642,101,4.2
1038.0,0.03,642,101,3.6
1038.5,0.027,643,101,3.0
1039.0,0.021,643,102,2.4000000000000004
1039.5,0.016,643,101,2.4000000000000004
1040.0,0.011,644,101,2.4000000000000004
1040.5,0.005,644,101,2.4000000000000004
1041.0,0.003,644,101,2.4000000000000004
1041.5,0.016,644,100,2.4000000000000004
1042.0,0.019,645,100,3.0
1042.5,0.021,645,100,2.4000000000000004
1043.0,0.027,645,100,1.8
1043.5,0.03,646,100,1.2000000000000002
1044.0,0.032,646,101,1.2000000000000002
1044.5,0.038,646,101,1.2000000000000002
1045.0,0.043,646,101,1.2000000000000002
1045.5,0.038,647,101,1.2000000000000002
1046.0,0.046,647,101,1.2000000000000002
1046.5,0.043,647,100,1.2000000000000002
1047.0,0.032,648,100,1.2000000000000002
1047.5,0.038,648,99,1.2000000000000002
1048.0,0.035,648,99,1.2000000000000002
1048.5,0.03,649,98,1.2000000000000002
1049.0,0.024,649,99,1.2000000000000002
1049.5,0.024,649,99,1.2000000000000002
1050.0,0.016,649,99,0.0
1050.5,0.013,650,99,0.0
1051.0,0.005,650,99,0.0
1051.5,0.005,650,98,0.0
1052.0,0.0,651,98,0.0
1052.5,0.003,651,98,0.0
1053.0,0.0,651,98,0.0
1053.5,0.005,652,98,0.0
1054.0,0.011,652,98,0.0
1054.5,0.013,652,98,0.0
1055.0,0.016,652,98,0.0
1055.5,0.005,653,98,0.0
1056.0,0.008,653,99,0.0
1056.5,0.008,653,99,0.0
1057.0,0.0,654,100,0.0
1057.5,0.0,654,100,0.0
1058.0,0.008,654,101,0.0
1058.5,0.008,655,101,0.0
1059.0,0.019,655,101,0.0
1059.5,0.021,655,101,0.0
1060.0,0.019,655,100,0.0
1060.5,0.019,656,100,0.0
1061.0,0.021,656,99,0.0
1061.5,0.021,656,99,0.0
1062.0,0.024,657,100,0.0
1062.5,0.024,657,99,1.2000000000000002
1063.0,0.021,657,99,2.4000000000000004
1063.5,0.024,658,99,3.0
1064.0,0.016,658,99,3.0
1064.5,0.008,658,99,3.0
1065.0,0.005,658,99,3.0
1065.5,0.0,659,99,3.0
1066.0,0.0,659,99,3.0
1066.5,0.016,659,99,3.6
1067.0,0.019,660,99,3.6
1067.5,0.021,660,99,3.6
1068.0,0.027,660,99,4.2
1068.5,0.024,660,99,4.800000000000001
1069.0,0.03,661,99,4.800000000000001
1069.5,0.032,661,99,4.2
1070.0,0.03,662,99,4.2
1070.5,0.038,662,99,3.6
1071.0,0.04,662,99,3.0
1071.5,0.035,662,99,3.0
1072.0,0.027,663,99,3.0
1072.5,0.027,663,99,3.0
1073.0,0.021,663,99,3.0
1073.5,0.013,664,99,3.6
1074.0,0.008,664,100,4.2
1074.5,0.005,664,100,5.4
1075.0,0.011,664,100,4.2
1075.5,0.013,665,100,3.0
1076.0,0.013,665,100,3.0
1076.5,0.021,665,101,2.4000000000000004
1077.0,0.027,666,101,2.4000000000000004
1077.5,0.03,666,101,2.4000000000000004
1078.0,0.03,666,101,2.4000000000000004
1078.5,0.035,667,100,2.4000000000000004
1079.0,0.035,667,100,2.4000000000000004
1079.5,0.035,667,100,3.0
1080.0,0.035,667,100,2.4000000000000004
1080.5,0.035,668,100,1.8
1081.0,0.032,668,101,1.8
1081.5,0.027,668,101,1.2000000000000002
1082.0,0.027,669,101,1.2000000000000002
1082.5,0.024,669,101,1.2000000000000002
1083.0,0.016,669,101,1.2000000000000002
1083.5,0.011,670,101,0.6000000000000001
1084.0,0.013,670,101,0.6000000000000001
1084.5,0.005,670,100,0.6000000000000001
1085.0,0.005,670,99,1.2000000000000002
1085.5,0.005,671,99,1.2000000000000002
1086.0,0.003,671,99,1.2000000000000002
1086.5,0.0,671,99,1.2000000000000002
1087.0,0.005,672,99,1.2000000000000002
1087.5,0.008,672,99,0.0
1088.0,0.008,672,99,0.0
1088.5,0.0,673,99,0.0
1089.0,0.003,673,98,0.0
1089.5,0.005,673,98,0.0
1090.0,0.008,673,98,0.0
1090.5,0.011,674,98,0.0
1091.0,0.016,674,98,0.0
1091.5,0.03,674,98,0.0
1092.0,0.027,675,98,0.0
1092.5,0.032,675,98,0.0
1093.0,0.035,675,98,0.0
1093.5,0.035,676,99,0.0
1094.0,0.038,676,99,0.0
1094.5,0.04,676,100,0.0
1095.0,0.035,676,100,0.0
1095.5,0.032,677,101,0.0
1096.0,0.035,677,101,0.0
1096.5,0.038,677,100,0.0
1097.0,0.027,678,100,0.0
1097.5,0.021,678,100,0.0
1098.0,0.021,678,100,0.0
1098.5,0.013,679,99,0.0
1099.0,0.011,679,99,0.0
1099.5,0.005,679,99,0.0
1100.0,0.003,680,99,1.2000000000000002
1100.5,0.011,680,99,2.4000000000000004
1101.0,0.013,680,99,3.0
1101.5,0.021,680,99,3.0
1102.0,0.019,681,99,3.0
1102.5,0.027,681,99,3.0
1103.0,0.027,681,99,3.0
1103.5,0.032,682,99,3.0
1104.0,0.035,682,99,3.0
1104.5,0.038,682,99,3.6
1105.0,0.035,682,99,3.6
1105.5,0.03,683,99,4.2
1106.0,0.024,683,99,4.800000000000001
1106.5,0.024,683,99,4.800000000000001
1107.0,0.019,684,99,4.800000000000001
1107.5,0.013,684,99,3.6
1108.0,0.008,684,99,3.6
1108.5,0.003,685,99,3.0
1109.0,0.008,685,99,2.4000000000000004
1109.5,0.013,685,99,2.4000000000000004
1110.0,0.013,685,99,3.0
1110.5,0.019,686,99,3.0
1111.0,0.024,686,99,3.6
1111.5,0.024,686,100,4.800000000000001
1112.0,0.024,687,100,5.4
1112.5,0.03,687,100,4.2
1113.0,0.032,687,100,3.6
1113.5,0.027,687,100,3.0
1114.0,0.03,688,101,2.4000000000000004
1114.5,0.027,688,101,2.4000000000000004
1115.0,0.019,688,101,2.4000000000000004
1115.5,0.016,689,101,2.4000000000000004
1116.0,0.019,689,100,2.4000000000000004
1116.5,0.005,689,100,3.0
1117.0,0.003,690,100,2.4000000000000004
1117.5,0.003,690,100,1.8
1118.0,0.0,690,100,1.8
1118.5,0.003,691,100,1.2000000000000002
1119.0,0.005,691,101,1.2000000000000002
1119.5,0.003,691,101,1.2000000000000002
1120.0,0.0,691,101,0.6000000000000001
1120.5,0.011,692,101,0.6000000000000001
1121.0,0.011,692,100,1.2000000000000002
1121.5,0.008,692,100,0.6000000000000001
1122.0,0.003,693,100,0.6000000000000001
1122.5,0.003,693,99,0.6000000000000001
1123.0,0.008,693,99,1.2000000000000002
1123.5,0.016,694,98,1.2000000000000002
1124.0,0.013,694,98,1.2000000000000002
1124.5,0.021,694,99,1.2000000000000002
1125.0,0.038,694,99,0.0
1125.5,0.032,695,99,0.0
1126.0,0.038,695,99,0.0
1126.5,0.046,695,98,0.0
1127.0,0.046,696,98,0.0
1127.5,0.048,696,98,0.0
1128.0,0.046,696,98,0.0
1128.5,0.051,697,98,0.0
1129.0,0.051,697,98,0.0
1129.5,0.046,697,98,0.0
1130.0,0.046,697,98,0.0
1130.5,0.038,698,98,0.0
1131.0,0.038,698,99,0.0
1131.5,0.027,698,100,0.0
1132.0,0.027,699,100,0.0
1132.5,0.024,699,101,0.0
1133.0,0.016,699,101,0.0
1133.5,0.005,700,101,0.0
1134.0,0.003,700,101,0.0
1134.5,0.005,700,101,0.0
1135.0,0.008,700,100,0.0
1135.5,0.013,701,100,0.0
1136.0,0.011,701,99,0.0
1136.5,0.021,701,99,0.0
1137.0,0.024,702,100,0.0
1137.5,0.03,702,99,1.2000000000000002
1138.0,0.03,702,99,2.4000000000000004
1138.5,0.027,703,99,3.0
1139.0,0.027,703,100,3.0
1139.5,0.021,703,99,3.0
1140.0,0.021,703,99,3.0
1140.5,0.019,704,99,3.0
1141.0,0.008,704,99,3.0
1141.5,0.005,704,99,3.0
1142.0,0.005,705,99,3.6
1142.5,0.011,705,99,3.6
1143.0,0.013,705,98,4.2
1143.5,0.016,706,99,4.800000000000001
1144.0,0.011,706,99,4.800000000000001
1144.5,0.021,706,99,4.2
1145.0,0.021,706,99,3.6
1145.5,0.021,707,99,3.6
1146.0,0.027,707,99,3.0
1146.5,0.027,707,99,3.0
1147.0,0.019,708,99,3.0
1147.5,0.016,708,99,3.0
1148.0,0.013,708,98,3.6
1148.5,0.011,709,99,4.2
1149.0,0.011,709,99,4.800000000000001
1149.5,0.008,709,100,4.800000000000001
1150.0,0.003,709,100,4.2
1150.5,0.003,710,100,3.6
1151.0,0.008,710,100,3.0
1151.5,0.005,710,101,3.0
1152.0,0.008,711,100,2.4000000000000004
1152.5,0.011,711,100,2.4000000000000004
1153.0,0.011,711,100,2.4000000000000004
1153.5,0.013,712,100,2.4000000000000004
1154.0,0.016,712,100,2.4000000000000004
1154.5,0.016,712,100,3.0
1155.0,0.019,712,100,1.8
1155.5,0.005,713,99,1.8
1156.0,0.0,713,100,1.2000000000000002
1156.5,0.003,713,101,1.2000000000000002
1157.0,0.011,714,101,1.2000000000000002
1157.5,0.016,714,101,1.2000000000000002
1158.0,0.021,714,101,0.6000000000000001
1158.5,0.035,715,100,0.6000000000000001
1159.0,0.035,715,100,0.6000000000000001
1159.5,0.043,715,100,0.6000000000000001
1160.0,0.043,716,99,0.6000000000000001
1160.5,0.048,716,98,1.2000000000000002
1161.0,0.051,716,98,1.2000000000000002
1161.5,0.051,716,98,1.2000000000000002
1162.0,0.048,717,98,0.6000000000000001
1162.5,0.054,717,99,0.0
1163.0,0.056,717,99,0.0
1163.5,0.051,718,99,0.0
1164.0,0.043,718,98,0.0
1164.5,0.043,718,98,0.0
1165.0,0.035,718,98,0.0
1165.5,0.032,719,98,0.0
1166.0,0.032,719,98,0.0
1166.5,0.011,719,98,0.0
1167.0,0.013,720,98,0.0
1167.5,0.005,720,98,0.0
1168.0,0.005,720,99,0.0
1168.5,0.003,720,99,0.0
1169.0,0.003,721,100,0.0
1169.5,0.003,721,100,0.0
1170.0,0.005,721,100,0.0
1170.5,0.016,722,101,0.0
1171.0,0.021,722,101,0.0
1171.5,0.021,722,101,0.0
1172.0,0.008,723,101,0.0
1172.5,0.011,723,100,0.0
1173.0,0.011,723,100,0.0
1173.5,0.003,723,99,0.0
1174.0,0.003,724,99,0.0
1174.5,0.003,724,99,0.0
1175.0,0.019,724,99,1.2000000000000002
1175.5,0.013,725,99,2.4000000000000004
1176.0,0.016,725,99,3.0
1176.5,0.019,725,99,3.0
1177.0,0.019,726,99,3.0
1177.5,0.019,726,99,3.0
1178.0,0.016,726,99,3.0
1178.5,0.024,727,98,3.0
1179.0,0.024,727,98,3.0
1179.5,0.024,727,99,3.6
1180.0,0.024,727,99,3.6
1180.5,0.016,728,98,4.2
1181.0,0.016,728,99,4.800000000000001
1181.5,0.008,728,99,4.800000000000001
1182.0,0.008,729,99,4.2
1182.5,0.0,729,99,4.2
1183.0,0.003,729,99,3.6
1183.5,0.011,729,99,3.0
1184.0,0.013,730,99,3.0
1184.5,0.016,730,99,3.0
1185.0,0.016,730,99,3.0
1185.5,0.019,731,99,3.0
1186.0,0.016,731,99,3.6
1186.5,0.016,731,99,4.2
1187.0,0.024,732,100,5.4
1187.5,0.03,732,101,4.2
1188.0,0.027,732,100,3.0
1188.5,0.005,734,100,2.4000000000000004
1189.0,0.027,734,100,2.4000000000000004
1189.5,0.024,735,100,2.4000000000000004
1190.0,0.03,735,100,2.4000000000000004
1190.5,0.038,735,99,1.8
1191.0,0.035,736,100,1.2000000000000002
1191.5,0.043,736,101,1.2000000000000002
1192.0,0.051,736,101,1.2000000000000002
1192.5,0.048,736,101,1.2000000000000002
1193.0,0.048,737,101,1.2000000000000002
1193.5,0.051,737,100,0.6000000000000001
1194.0,0.056,737,100,1.2000000000000002
1194.5,0.046,738,100,1.2000000000000002
1195.0,0.043,738,99,0.6000000000000001
1195.5,0.038,738,98,1.2000000000000002
1196.0,0.038,739,98,1.2000000000000002
1196.5,0.035,739,98,1.2000000000000002
1197.0,0.027,739,98,1.2000000000000002
1197.5,0.013,739,98,0.6000000000000001
1198.0,0.019,740,98,0.0
1198.5,0.013,740,98,0.0
1199.0,0.003,740,98,0.0
1199.5,0.008,741,98,0.0
1200.0,0.005,741,98,0.0
1200.5,0.003,741,98,0.0
1201.0,0.005,741,98,0.0
1201.5,0.005,742,98,0.0
1202.0,0.011,742,98,0.0
1202.5,0.008,742,98,0.0
1203.0,0.0,743,99,0.0
1203.5,0.0,743,99,0.0
1204.0,0.0,743,100,0.0
1204.5,0.008,744,100,0.0
1205.0,0.011,744,100,0.0
1205.5,0.013,744,101,0.0
1206.0,0.024,745,101,0.0
1206.5,0.03,745,101,0.0
1207.0,0.03,745,101,0.0
1207.5,0.027,745,100,0.0
1208.0,0.027,746,100,0.0
1208.5,0.032,746,99,0.0
1209.0,0.027,746,99,0.0
1209.5,0.027,747,99,0.0
1210.0,0.027,747,99,1.8
1210.5,0.027,747,99,3.0
1211.0,0.019,748,99,3.0
1211.5,0.016,748,99,3.0
1212.0,0.011,748,99,3.0
1212.5,0.005,749,99,3.0
1213.0,0.005,749,99,3.0
1213.5,0.011,749,99,3.0
1214.0,0.011,750,99,3.6
1214.5,0.016,750,99,3.0
1215.0,0.019,750,99,4.2
1215.5,0.013,750,99,4.800000000000001
1216.0,0.021,751,99,4.800000000000001
1216.5,0.019,751,100,4.800000000000001
1217.0,0.024,751,100,4.2
1217.5,0.032,752,99,3.6
1218.0,0.035,752,100,3.0
1218.5,0.032,752,99,3.0
1219.0,0.021,753,99,3.0
1219.5,0.021,753,99,3.0
1220.0,0.016,753,99,3.6
1220.5,0.008,754,99,4.2
1221.0,0.008,754,100,4.2
1221.5,0.003,754,100,5.4
1222.0,0.016,754,101,4.2
1222.5,0.019,755,100,3.6
1223.0,0.019,755,100,3.0
1223.5,0.027,755,101,2.4000000000000004
1224.0,0.03,756,101,2.4000000000000004
1224.5,0.035,756,101,2.4000000000000004
1225.0,0.038,756,101,2.4000000000000004
1225.5,0.038,757,100,2.4000000000000004
1226.0,0.043,757,100,2.4000000000000004
1226.5,0.043,757,100,3.0
1227.0,0.051,757,100,2.4000000000000004
1227.5,0.046,758,99,1.8
1228.0,0.04,758,100,1.2000000000000002
1228.5,0.038,758,101,1.2000000000000002
1229.0,0.038,759,101,1.2000000000000002
1229.5,0.032,759,101,1.2000000000000002
1230.0,0.03,759,101,1.2000000000000002
1230.5,0.021,760,101,1.2000000000000002
1231.0,0.019,760,100,0.6000000000000001
1231.5,0.011,760,100,1.2000000000000002
1232.0,0.008,760,99,1.2000000000000002
1232.5,0.008,761,99,0.6000000000000001
1233.0,0.005,761,98,1.2000000000000002
1233.5,0.003,761,98,1.2000000000000002
1234.0,0.005,762,99,1.2000000000000002
1234.5,0.005,762,99,0.6000000000000001
1235.0,0.005,762,99,0.0
1235.5,0.0,763,99,0.0
1236.0,0.003,763,98,0.0
1236.5,0.008,763,98,0.0
1237.0,0.013,763,98,0.0
1237.5,0.016,764,98,0.0
1238.0,0.019,764,98,0.0
1238.5,0.038,764,98,0.0
1239.0,0.035,765,98,0.0
1239.5,0.04,765,98,0.0
1240.0,0.043,765,98,0.0
1240.5,0.038,765,99,0.0
1241.0,0.04,766,99,0.0
1241.5,0.054,766,100,0.0
1242.0,0.048,766,100,0.0
1242.5,0.04,767,101,0.0
1243.0,0.04,767,101,0.0
1243.5,0.046,767,101,0.0
1244.0,0.035,768,100,0.0
1244.5,0.027,768,100,0.0
1245.0,0.027,768,100,0.0
1245.5,0.019,768,99,0.0
1246.0,0.019,769,99,0.0
1246.5,0.008,769,99,0.0
1247.0,0.003,769,99,1.2000000000000002
1247.5,0.003,770,99,2.4000000000000004
1248.0,0.011,770,99,3.0
1248.5,0.016,770,99,3.0
1249.0,0.013,771,99,3.0
1249.5,0.019,771,99,3.0
1250.0,0.021,771,99,3.0
1250.5,0.024,772,99,3.0
1251.0,0.032,772,99,3.0
1251.5,0.032,772,99,3.6
1252.0,0.035,772,99,3.6
1252.5,0.024,773,99,4.2
1253.0,0.019,773,99,4.800000000000001
1253.5,0.019,773,99,5.4
1254.0,0.008,774,100,4.800000000000001
1254.5,0.005,774,99,4.2
1255.0,0.0,774,99,3.6
1255.5,0.008,774,99,3.0
1256.0,0.016,775,99,3.0
1256.5,0.021,775,99,3.0
1257.0,0.021,775,99,3.0
1257.5,0.027,776,99,3.6
1258.0,0.032,776,99,4.2
1258.5,0.03,776,100,4.2
1259.0,0.032,777,100,5.4
1259.5,0.035,777,101,4.2
1260.0,0.038,777,100,3.6
1260.5,0.032,777,100,3.0
1261.0,0.035,778,101,3.0
1261.5,0.032,778,101,3.0
1262.0,0.03,778,101,2.4000000000000004
1262.5,0.024,779,101,2.4000000000000004
1263.0,0.024,779,101,2.4000000000000004
1263.5,0.011,779,100,2.4000000000000004
1264.0,0.013,780,100,3.0
1264.5,0.008,780,100,2.4000000000000004
1265.0,0.008,780,100,1.8
1265.5,0.005,781,100,1.2000000000000002
1266.0,0.005,781,101,1.2000000000000002
1266.5,0.008,781,101,1.2000000000000002
1267.0,0.005,781,101,1.2000000000000002
1267.5,0.008,782,101,1.2000000000000002
1268.0,0.008,782,100,0.6000000000000001
1268.5,0.005,782,100,0.6000000000000001
1269.0,0.003,783,100,1.2000000000000002
1269.5,0.008,783,99,1.2000000000000002
1270.0,0.008,783,99,1.2000000000000002
1270.5,0.021,784,98,1.2000000000000002
1271.0,0.019,784,98,1.2000000000000002
1271.5,0.027,784,98,1.2000000000000002
1272.0,0.046,784,99,0.0
1272.5,0.04,785,99,0.0
1273.0,0.04,785,98,0.0
1273.5,0.048,785,98,0.0
1274.0,0.043,786,98,0.0
1274.5,0.051,786,98,0.0
1275.0,0.051,786,98,0.0
1275.5,0.054,786,98,0.0
1276.0,0.054,787,98,0.0
1276.5,0.054,787,98,0.0
1277.0,0.051,787,98,0.0
1277.5,0.048,788,98,0.0
1278.0,0.043,788,99,0.0
1278.5,0.038,788,99,0.0
1279.0,0.032,789,100,0.0
1279.5,0.03,789,100,0.0
1280.0,0.024,789,101,0.0
1280.5,0.008,790,101,0.0
1281.0,0.005,790,101,0.0
1281.5,0.003,790,101,0.0
1282.0,0.008,790,100,0.0
1282.5,0.013,791,100,0.0
1283.0,0.016,791,100,0.0
1283.5,0.016,791,99,0.0
1284.0,0.024,792,100,0.0
1284.5,0.03,792,100,1.2000000000000002
1285.0,0.032,792,99,2.4000000000000004
1285.5,0.027,793,100,3.0
1286.0,0.019,793,100,3.0
1286.5,0.019,793,100,3.0
1287.0,0.013,793,99,3.0
1287.5,0.013,794,99,3.0
1288.0,0.005,794,99,3.0
1288.5,0.013,794,99,3.6
1289.0,0.008,795,99,3.6
1289.5,0.013,795,99,3.6
1290.0,0.021,795,99,4.2
1290.5,0.019,795,99,4.800000000000001
1291.0,0.019,796,99,4.800000000000001
1291.5,0.024,796,100,4.2
1292.0,0.024,796,100,4.2
1292.5,0.024,797,99,3.6
1293.0,0.024,797,100,3.0
1293.5,0.03,797,99,3.0
1294.0,0.016,798,99,3.0
1294.5,0.021,798,99,3.0
1295.0,0.021,798,99,3.6
1295.5,0.016,799,99,4.2
1296.0,0.011,799,100,4.2
1296.5,0.005,799,100,5.4
1297.0,0.008,799,101,3.6
1297.5,0.003,800,100,3.6
1298.0,0.008,800,100,3.0
1298.5,0.008,800,101,3.0
1299.0,0.005,801,101,2.4000000000000004
1299.5,0.011,801,101,2.4000000000000004
1300.0,0.011,801,101,2.4000000000000004
1300.5,0.013,802,100,2.4000000000000004
1301.0,0.013,802,100,2.4000000000000004
1301.5,0.019,802,100,3.0
1302.0,0.016,802,100,2.4000000000000004
1302.5,0.003,803,100,1.8
1303.0,0.003,803,100,1.2000000000000002
1303.5,0.003,803,101,1.2000000000000002
1304.0,0.011,804,101,1.2000000000000002
1304.5,0.021,804,101,1.2000000000000002
1305.0,0.016,804,101,0.6000000000000001
1305.5,0.035,805,100,0.6000000000000001
1306.0,0.038,805,100,1.2000000000000002
1306.5,0.043,805,99,1.2000000000000002
1307.0,0.046,805,99,1.2000000000000002
1307.5,0.046,806,98,0.6000000000000001
1308.0,0.054,806,98,1.2000000000000002
1308.5,0.048,806,98,1.2000000000000002
1309.0,0.051,807,98,1.2000000000000002
1309.5,0.056,807,98,0.0
1310.0,0.059,807,98,0.0
1310.5,0.046,808,98,0.0
1311.0,0.046,808,98,0.0
1311.5,0.046,808,98,0.0
1312.0,0.04,808,97,0.0
1312.5,0.032,809,97,0.0
1313.0,0.035,809,98,0.0
1313.5,0.016,809,97,0.0
1314.0,0.019,810,98,0.0
1314.5,0.008,810,98,0.0
1315.0,0.003,810,98,0.0
1315.5,0.005,810,98,0.0
1316.0,0.003,811,99,0.0
1316.5,0.005,811,100,0.0
1317.0,0.011,811,100,0.0
1317.5,0.021,812,101,0.0
1318.0,0.024,812,101,0.0
1318.5,0.021,812,100,0.0
1319.0,0.011,813,100,0.0
1319.5,0.013,813,100,0.0
1320.0,0.013,813,100,0.0
1320.5,0.005,813,99,0.0
1321.0,0.0,814,99,0.0
1321.5,0.003,814,99,0.0
1322.0,0.016,814,99,1.2000000000000002
1322.5,0.019,815,99,2.4000000000000004
1323.0,0.019,815,99,3.0
1323.5,0.019,815,99,3.0
1324.0,0.019,816,99,3.0
1324.5,0.024,816,99,3.0
1325.0,0.024,816,99,3.0
1325.5,0.03,817,99,3.0
1326.0,0.032,817,99,3.0
1326.5,0.03,817,99,3.6
1327.0,0.027,817,99,3.6
1327.5,0.011,818,100,4.800000000000001
1328.0,0.008,819,100,4.2
1328.5,0.008,819,100,3.6
1329.0,0.0,819,100,3.0
1329.5,0.011,819,100,3.0
1330.0,0.011,820,99,2.4000000000000004
1330.5,0.021,820,99,2.4000000000000004
1331.0,0.021,820,99,3.0
1331.5,0.021,821,99,3.0
1332.0,0.021,821,100,3.6
1332.5,0.027,821,100,4.2
1333.0,0.03,822,100,5.4
1333.5,0.032,822,101,4.2
1334.0,0.032,822,101,3.6
1334.5,0.021,822,101,3.0
1335.0,0.019,823,102,2.4000000000000004
1335.5,0.005,823,101,2.4000000000000004
1336.0,0.003,823,101,2.4000000000000004
1336.5,0.005,824,101,2.4000000000000004
1337.0,0.008,824,101,2.4000000000000004
1337.5,0.03,824,101,2.4000000000000004
1338.0,0.03,825,101,2.4000000000000004
1338.5,0.03,825,101,1.8
1339.0,0.043,825,100,1.8
1339.5,0.043,826,100,1.2000000000000002
1340.0,0.046,826,101,1.2000000000000002
1340.5,0.051,826,101,1.2000000000000002
1341.0,0.048,826,101,1.2000000000000002
1341.5,0.056,827,101,1.2000000000000002
1342.0,0.048,827,101,0.6000000000000001
1342.5,0.059,827,101,0.6000000000000001
1343.0,0.048,828,100,0.6000000000000001
1343.5,0.046,828,99,0.6000000000000001
1344.0,0.046,828,99,0.6000000000000001
1344.5,0.038,829,99,1.2000000000000002
1345.0,0.032,829,99,1.2000000000000002
1345.5,0.03,829,99,0.6000000000000001
1346.0,0.019,829,99,0.0
1346.5,0.013,830,99,0.0
1347.0,0.013,830,99,0.0
1347.5,0.005,830,98,0.0
1348.0,0.008,831,98,0.0
1348.5,0.0,831,98,0.0
1349.0,0.005,831,98,0.0
1349.5,0.008,831,98,0.0
1350.0,0.011,832,98,0.0
1350.5,0.013,832,98,0.0
1351.0,0.013,832,98,0.0
1351.5,0.0,833,99,0.0
1352.0,0.0,833,99,0.0
1352.5,0.005,833,99,0.0
1353.0,0.008,834,100,0.0
1353.5,0.011,834,100,0.0
1354.0,0.011,834,101,0.0
1354.5,0.019,835,101,0.0
1355.0,0.024,835,101,0.0
1355.5,0.03,835,100,0.0
1356.0,0.03,835,100,0.0
1356.5,0.03,836,100,0.0
1357.0,0.035,836,99,0.0
1357.5,0.03,836,99,0.0
1358.0,0.03,837,100,0.0
1358.5,0.032,837,99,1.8
1359.0,0.035,837,99,2.4000000000000004
1359.5,0.027,838,99,3.0
1360.0,0.024,838,100,3.0
1360.5,0.019,838,99,3.0
1361.0,0.013,838,99,3.0
1361.5,0.008,839,99,3.0
1362.0,0.008,839,99,3.0
1362.5,0.008,839,99,3.0
1363.0,0.008,840,99,3.6
1363.5,0.016,840,99,3.6
1364.0,0.021,840,99,4.2
1364.5,0.021,841,99,4.800000000000001
1365.0,0.024,841,99,4.800000000000001
1365.5,0.027,841,100,4.2
1366.0,0.03,841,100,3.6
1366.5,0.038,842,100,3.0
1367.0,0.04,842,100,3.0
1367.5,0.035,842,99,3.0
1368.0,0.027,843,99,3.0
1368.5,0.024,843,99,3.0
1369.0,0.021,843,99,3.6
1369.5,0.013,844,99,3.6
1370.0,0.008,844,100,4.2
1370.5,0.003,844,100,5.4
1371.0,0.019,844,101,3.6
1371.5,0.019,845,100,3.0
1372.0,0.024,845,101,3.0
1372.5,0.03,845,101,2.4000000000000004
1373.0,0.03,846,101,2.4000000000000004
1373.5,0.04,846,101,2.4000000000000004
1374.0,0.04,846,101,1.8
1374.5,0.04,847,100,2.4000000000000004
1375.0,0.048,847,100,2.4000000000000004
1375.5,0.046,847,100,1.8
1376.0,0.043,848,100,1.8
1376.5,0.04,848,100,1.2000000000000002
1377.0,0.038,848,101,1.2000000000000002
1377.5,0.035,849,101,1.2000000000000002
1378.0,0.032,849,101,0.6000000000000001
1378.5,0.032,849,101,1.2000000000000002
1379.0,0.019,850,101,0.6000000000000001
1379.5,0.013,850,100,0.6000000000000001
1380.0,0.008,850,100,0.6000000000000001
1380.5,0.008,850,99,0.6000000000000001
1381.0,0.008,851,99,0.6000000000000001
1381.5,0.003,851,98,1.2000000000000002
1382.0,0.003,851,98,1.2000000000000002
1382.5,0.008,852,99,0.6000000000000001
1383.0,0.005,852,99,0.0
1383.5,0.005,852,99,0.0
1384.0,0.0,853,99,0.0
1384.5,0.005,853,98,0.0
1385.0,0.008,853,98,0.0
1385.5,0.011,853,98,0.0
1386.0,0.016,854,98,0.0
1386.5,0.021,854,98,0.0
1387.0,0.04,854,98,0.0
1387.5,0.032,855,98,0.0
1388.0,0.038,855,98,0.0
1388.5,0.04,855,98,0.0
1389.0,0.04,856,99,0.0
1389.5,0.043,856,99,0.0
1390.0,0.051,856,100,0.0
1390.5,0.046,856,100,0.0
1391.0,0.046,857,101,0.0
1391.5,0.043,857,101,0.0
1392.0,0.043,857,100,0.0
1392.5,0.035,858,100,0.0
1393.0,0.03,858,100,0.0
1393.5,0.021,858,100,0.0
1394.0,0.024,858,99,0.0
1394.5,0.013,859,99,0.0
1395.0,0.008,859,99,0.0
1395.5,0.005,859,99,1.2000000000000002
1396.0,0.008,860,99,2.4000000000000004
1396.5,0.011,860,99,3.0
1397.0,0.019,860,99,3.0
1397.5,0.016,861,99,3.0
1398.0,0.027,861,99,3.0
1398.5,0.03,861,99,3.0
1399.0,0.03,862,99,3.0
1399.5,0.038,862,99,3.6
1400.0,0.04,862,99,3.6
1400.5,0.04,862,99,3.6
1401.0,0.027,863,99,4.2
1401.5,0.03,863,99,4.800000000000001
1402.0,0.021,863,99,4.800000000000001
1402.5,0.021,864,99,4.2
1403.0,0.013,864,99,3.6
1403.5,0.008,864,99,3.0
1404.0,0.003,864,99,3.0
1404.5,0.011,865,99,2.4000000000000004
1405.0,0.016,865,99,3.0
1405.5,0.019,865,99,3.0
1406.0,0.021,866,99,3.6
1406.5,0.03,866,99,4.2
1407.0,0.03,866,100,4.800000000000001
1407.5,0.03,867,100,5.4
1408.0,0.032,867,100,3.6
1408.5,0.038,867,100,3.6
1409.0,0.035,867,100,3.0
1409.5,0.03,868,101,2.4000000000000004
1410.0,0.03,868,101,2.4000000000000004
1410.5,0.027,868,101,2.4000000000000004
1411.0,0.021,869,101,2.4000000000000004
1411.5,0.021,869,100,2.4000000000000004
1412.0,0.011,869,100,2.4000000000000004
1412.5,0.013,870,100,3.0
1413.0,0.005,870,100,2.4000000000000004
1413.5,0.003,870,100,1.8
1414.0,0.003,871,100,1.2000000000000002
1414.5,0.0,871,101,1.2000000000000002
1415.0,0.003,871,101,1.2000000000000002
1415.5,0.008,871,101,1.2000000000000002
1416.0,0.011,872,101,1.2000000000000002
1416.5,0.013,872,101,1.2000000000000002
1417.0,0.011,872,100,1.2000000000000002
1417.5,0.005,873,100,1.2000000000000002
1418.0,0.003,873,99,1.2000000000000002
1418.5,0.005,873,99,1.2000000000000002
1419.0,0.013,874,99,1.2000000000000002
1419.5,0.016,874,99,1.2000000000000002
1420.0,0.024,874,99,1.2000000000000002
1420.5,0.046,874,99,0.0
1421.0,0.043,875,99,0.0
1421.5,0.043,875,99,0.0
1422.0,0.046,875,99,0.0
1422.5,0.051,876,99,0.0
1423.0,0.054,876,98,0.0
1423.5,0.054,876,98,0.0
1424.0,0.059,876,98,0.0
1424.5,0.054,877,98,0.0
1425.0,0.054,877,98,0.0
1425.5,0.048,878,99,0.0
1426.0,0.046,878,99,0.0
1426.5,0.043,878,99,0.0
1427.0,0.035,878,100,0.0
1427.5,0.032,879,100,0.0
1428.0,0.027,879,100,0.0
1428.5,0.019,879,101,0.0
1429.0,0.008,880,101,0.0
1429.5,0.005,880,101,0.0
1430.0,0.005,880,101,0.0
1430.5,0.005,880,100,0.0
1431.0,0.011,881,100,0.0
1431.5,0.013,881,100,0.0
1432.0,0.019,881,99,0.0
1432.5,0.03,882,100,0.0
1433.0,0.03,882,99,1.8
1433.5,0.032,882,99,2.4000000000000004
1434.0,0.03,883,100,3.0
1434.5,0.021,883,100,3.0
1435.0,0.019,883,99,3.0
1435.5,0.016,883,99,3.0
1436.0,0.008,884,99,3.0
1436.5,0.008,884,99,3.0
1437.0,0.005,884,99,3.0
1437.5,0.008,885,99,3.6
1438.0,0.013,885,99,3.6
1438.5,0.019,885,98,4.2
1439.0,0.013,886,99,4.800000000000001
1439.5,0.019,886,99,4.800000000000001
1440.0,0.024,886,99,4.2
1440.5,0.024,886,99,3.6
1441.0,0.024,887,99,3.6
1441.5,0.027,887,99,3.0
1442.0,0.032,887,99,3.0
1442.5,0.024,888,99,3.0
1443.0,0.021,888,99,3.0
1443.5,0.019,888,99,3.6
1444.0,0.016,889,99,4.2
1444.5,0.013,889,100,4.800000000000001
1445.0,0.011,889,100,4.800000000000001
1445.5,0.0,889,101,3.6
1446.0,0.005,890,100,3.0
1446.5,0.005,890,101,3.0
1447.0,0.003,890,101,2.4000000000000004
1447.5,0.003,891,101,2.4000000000000004
1448.0,0.005,891,101,2.4000000000000004
1448.5,0.008,891,101,1.8
1449.0,0.011,892,101,2.4000000000000004
1449.5,0.016,892,100,2.4000000000000004
1450.0,0.019,892,100,2.4000000000000004
1450.5,0.016,892,100,1.8
1451.0,0.003,893,100,1.8
1451.5,0.0,893,101,1.2000000000000002
1452.0,0.003,893,101,1.2000000000000002
1452.5,0.013,894,101,1.2000000000000002
1453.0,0.016,894,101,1.2000000000000002
1453.5,0.021,894,101,1.2000000000000002
1454.0,0.032,895,101,1.2000000000000002
1454.5,0.038,895,100,1.2000000000000002
1455.0,0.046,895,100,0.6000000000000001
1455.5,0.048,895,99,0.6000000000000001
1456.0,0.051,896,99,1.2000000000000002
1456.5,0.056,896,99,1.2000000000000002
1457.0,0.054,896,99,1.2000000000000002
1457.5,0.056,897,99,1.2000000000000002
1458.0,0.059,897,99,0.0
1458.5,0.062,897,99,0.0
1459.0,0.056,898,99,0.0
1459.5,0.051,898,98,0.0
1460.0,0.051,898,98,0.0
1460.5,0.043,898,98,0.0
1461.0,0.038,899,98,0.0
1461.5,0.035,899,98,0.0
1462.0,0.024,899,98,0.0
1462.5,0.021,900,98,0.0
1463.0,0.013,900,98,0.0
1463.5,0.005,900,98,0.0
1464.0,0.005,901,99,0.0
1464.5,0.003,901,99,0.0
1465.0,0.003,901,100,0.0
1465.5,0.011,901,100,0.0
1466.0,0.021,902,101,0.0
1466.5,0.019,902,101,0.0
1467.0,0.021,902,101,0.0
1467.5,0.019,903,100,0.0
1468.0,0.013,903,100,0.0
1468.5,0.011,903,100,0.0
1469.0,0.005,904,99,0.0
1469.5,0.0,904,99,0.0
1470.0,0.003,904,100,0.0
1470.5,0.021,906,99,3.0
1471.0,0.03,906,99,2.4000000000000004
1471.5,0.03,906,99,3.0
1472.0,0.027,907,99,3.0
1472.5,0.027,907,99,3.0
1473.0,0.027,907,99,3.6
1473.5,0.027,907,99,3.6
1474.0,0.019,908,99,4.2
1474.5,0.016,908,99,4.800000000000001
1475.0,0.008,908,99,4.800000000000001
1475.5,0.008,909,99,4.2
1476.0,0.003,909,99,3.6
1476.5,0.003,909,99,3.6
1477.0,0.005,910,100,3.0
1477.5,0.008,910,99,3.0
1478.0,0.016,910,99,3.0
1478.5,0.019,910,99,3.0
1479.0,0.013,911,99,3.6
1479.5,0.019,911,100,4.2
1480.0,0.024,911,100,4.800000000000001
1480.5,0.03,912,101,4.800000000000001
1481.0,0.027,912,101,3.6
1481.5,0.027,912,101,3.0
1482.0,0.021,913,101,2.4000000000000004
1482.5,0.013,913,102,2.4000000000000004
1483.0,0.008,913,101,1.8
1483.5,0.005,914,101,1.8
1484.0,0.0,914,101,1.8
1484.5,0.005,914,100,2.4000000000000004
1485.0,0.019,914,100,2.4000000000000004
1485.5,0.021,915,100,2.4000000000000004
1486.0,0.032,915,100,1.8
1486.5,0.032,915,100,1.2000000000000002
1487.0,0.035,916,101,1.2000000000000002
1487.5,0.04,916,101,1.2000000000000002
1488.0,0.046,916,101,1.2000000000000002
1488.5,0.046,917,101,1.2000000000000002
1489.0,0.043,917,101,0.6000000000000001
1489.5,0.043,917,101,0.6000000000000001
1490.0,0.054,917,100,0.6000000000000001
1490.5,0.046,918,100,0.6000000000000001
1491.0,0.046,918,99,1.2000000000000002
1491.5,0.038,918,99,0.6000000000000001
1492.0,0.035,919,98,1.2000000000000002
1492.5,0.03,919,98,1.2000000000000002
1493.0,0.032,919,99,0.6000000000000001
1493.5,0.016,919,99,0.0
1494.0,0.013,920,99,0.0
1494.5,0.011,920,99,0.0
1495.0,0.011,920,98,0.0
1495.5,0.005,921,98,0.0
1496.0,0.003,921,97,0.0
1496.5,0.005,921,97,0.0
1497.0,0.011,922,98,0.0
1497.5,0.016,922,97,0.0
1498.0,0.019,922,98,0.0
1498.5,0.021,922,98,0.0
1499.0,0.011,923,98,0.0
1499.5,0.011,923,99,0.0
1500.0,0.008,923,99,0.0
1500.5,0.0,924,100,0.0
1501.0,0.003,924,100,0.0
1501.5,0.003,924,101,0.0
1502.0,0.013,925,101,0.0
1502.5,0.021,925,101,0.0
1503.0,0.021,925,100,0.0
1503.5,0.021,925,100,0.0
1504.0,0.024,926,100,0.0
1504.5,0.03,926,99,0.0
1505.0,0.03,926,99,0.0
1505.5,0.024,927,99,0.6000000000000001
1506.0,0.03,927,99,1.8
1506.5,0.027,927,99,2.4000000000000004
1507.0,0.019,928,99,3.0
1507.5,0.013,928,99,3.0
1508.0,0.013,928,99,3.0
1508.5,0.008,928,99,3.0
1509.0,0.003,929,99,3.0
1509.5,0.003,929,98,3.0
1510.0,0.019,929,99,3.0
1510.5,0.019,930,99,3.6
1511.0,0.027,930,99,3.6
1511.5,0.027,930,98,4.2
1512.0,0.027,930,99,4.800000000000001
1512.5,0.038,931,99,4.800000000000001
1513.0,0.035,931,99,4.2
1513.5,0.043,932,99,3.6
1514.0,0.051,932,99,3.0
1514.5,0.046,932,99,3.0
1515.0,0.043,932,99,3.0
1515.5,0.032,933,99,3.0
1516.0,0.027,933,99,3.0
1516.5,0.016,934,99,4.2
1517.0,0.013,934,100,4.2
1517.5,0.008,934,100,4.800000000000001
1518.0,0.008,934,101,3.6
1518.5,0.016,935,100,3.0
1519.0,0.011,935,101,3.0
1519.5,0.024,935,101,2.4000000000000004
1520.0,0.024,936,101,2.4000000000000004
1520.5,0.03,936,101,1.8
1521.0,0.03,936,101,1.8
1521.5,0.032,937,100,2.4000000000000004
1522.0,0.038,937,100,2.4000000000000004
1522.5,0.038,937,100,2.4000000000000004
1523.0,0.035,937,100,1.8
1523.5,0.032,938,100,1.8
1524.0,0.03,938,100,1.2000000000000002
1524.5,0.027,938,101,1.2000000000000002
1525.0,0.024,939,101,1.2000000000000002
1525.5,0.024,939,101,1.2000000000000002
1526.0,0.019,939,101,1.2000000000000002
1526.5,0.011,940,100,0.6000000000000001
1527.0,0.005,940,100,1.2000000000000002
1527.5,0.0,940,100,0.6000000000000001
1528.0,0.0,940,99,0.6000000000000001
1528.5,0.003,941,99,0.6000000000000001
1529.0,0.005,941,98,1.2000000000000002
1529.5,0.008,941,98,1.2000000000000002
1530.0,0.013,942,98,0.6000000000000001
1530.5,0.013,942,99,0.0
1531.0,0.016,942,99,0.0
1531.5,0.013,943,98,0.0
1532.0,0.003,943,98,0.0
1532.5,0.003,943,98,0.0
1533.0,0.0,943,97,0.0
1533.5,0.008,944,97,0.0
1534.0,0.008,944,98,0.0
1534.5,0.021,944,97,0.0
1535.0,0.021,945,98,0.0
1535.5,0.032,945,98,0.0
1536.0,0.038,945,98,0.0
1536.5,0.035,946,98,0.0
1537.0,0.032,946,99,0.0
1537.5,0.038,946,99,0.0
1538.0,0.04,946,100,0.0
1538.5,0.038,947,101,0.0
1539.0,0.038,947,101,0.0
1539.5,0.035,947,100,0.0
1540.0,0.03,948,100,0.0
1540.5,0.021,948,100,0.0
1541.0,0.019,948,100,0.0
1541.5,0.016,948,99,0.0
1542.0,0.008,949,99,0.0
1542.5,0.005,949,99,0.0
1543.0,0.008,950,99,1.2000000000000002
1543.5,0.011,950,98,2.4000000000000004
1544.0,0.016,950,99,3.0
1544.5,0.024,950,99,3.0
1545.0,0.021,951,99,3.0
1545.5,0.03,951,99,3.0
1546.0,0.035,951,99,3.0
1546.5,0.04,952,98,3.0
1547.0,0.046,952,99,3.6
1547.5,0.046,952,99,3.6
1548.0,0.043,952,99,3.6
1548.5,0.032,953,99,4.2
1549.0,0.032,953,99,4.800000000000001
1549.5,0.024,953,99,4.800000000000001
1550.0,0.021,954,99,4.2
1550.5,0.016,954,99,3.6
1551.0,0.011,954,99,3.6
1551.5,0.0,955,100,3.0
1552.0,0.011,955,99,3.0
1552.5,0.013,955,99,3.0
1553.0,0.016,955,99,3.0
1553.5,0.019,956,99,3.0
1554.0,0.027,956,99,3.6
1554.5,0.032,956,100,4.2
1555.0,0.03,957,100,4.800000000000001
1555.5,0.032,957,101,3.6
1556.0,0.035,957,100,3.0
1556.5,0.038,958,100,3.0
1557.0,0.03,958,101,2.4000000000000004
1557.5,0.03,958,101,2.4000000000000004
1558.0,0.024,958,101,2.4000000000000004
1558.5,0.016,959,101,2.4000000000000004
1559.0,0.021,959,101,2.4000000000000004
1559.5,0.011,959,100,2.4000000000000004
1560.0,0.011,960,100,3.0
1560.5,0.0,960,100,1.8
1561.0,0.0,960,100,1.8
1561.5,0.0,961,101,1.2000000000000002
1562.0,0.005,961,101,1.2000000000000002
1562.5,0.005,961,102,1.2000000000000002
1563.0,0.008,962,102,1.2000000000000002
1563.5,0.016,962,102,1.2000000000000002
1564.0,0.016,962,101,1.2000000000000002
1564.5,0.008,962,101,0.6000000000000001
1565.0,0.005,963,100,0.6000000000000001
1565.5,0.0,963,100,0.6000000000000001
1566.0,0.005,963,99,0.6000000000000001
1566.5,0.011,964,99,0.6000000000000001
1567.0,0.013,964,99,1.2000000000000002
1567.5,0.019,964,99,0.6000000000000001
1568.0,0.04,964,99,0.0
1568.5,0.04,965,99,0.0
1569.0,0.04,965,99,0.0
1569.5,0.043,965,99,0.0
1570.0,0.046,966,99,0.0
1570.5,0.051,966,98,0.0
1571.0,0.051,966,98,0.0
1571.5,0.054,967,98,0.0
1572.0,0.051,967,98,0.0
1572.5,0.051,967,98,0.0
1573.0,0.048,968,99,0.0
1573.5,0.043,968,99,0.0
1574.0,0.038,968,99,0.0
1574.5,0.038,968,100,0.0
1575.0,0.032,969,100,0.0
1575.5,0.027,969,101,0.0
1576.0,0.019,969,101,0.0
1576.5,0.008,970,101,0.0
1577.0,0.0,970,101,0.0
1577.5,0.003,970,101,0.0
1578.0,0.011,970,101,0.0
1578.5,0.011,971,100,0.0
1579.0,0.019,971,100,0.0
1579.5,0.024,971,99,0.0
1580.0,0.032,972,100,0.0
1580.5,0.032,972,99,1.2000000000000002
1581.0,0.038,972,99,2.4000000000000004
1581.5,0.035,973,99,3.0
1582.0,0.027,973,100,3.0
1582.5,0.024,973,99,3.0
1583.0,0.027,973,99,3.0
1583.5,0.024,974,99,3.0
1584.0,0.013,974,99,3.0
1584.5,0.003,974,99,3.0
1585.0,0.0,975,99,3.0
1585.5,0.005,975,99,3.6
1586.0,0.013,975,99,4.2
1586.5,0.016,976,100,4.800000000000001
1587.0,0.016,976,100,4.2
1587.5,0.021,976,100,4.2
1588.0,0.027,976,100,3.6
1588.5,0.027,977,100,3.0
1589.0,0.024,977,100,3.0
1589.5,0.03,977,99,2.4000000000000004
1590.0,0.021,978,100,2.4000000000000004
1590.5,0.019,978,99,2.4000000000000004
1591.0,0.016,978,99,3.0
1591.5,0.013,979,100,3.6
1592.0,0.008,979,100,4.800000000000001
1592.5,0.008,979,101,4.2
1593.0,0.0,980,101,3.6
1593.5,0.005,980,101,3.0
1594.0,0.005,980,101,2.4000000000000004
1594.5,0.011,980,102,2.4000000000000004
1595.0,0.011,981,101,1.8
1595.5,0.016,981,101,1.8
1596.0,0.019,981,101,2.4000000000000004
1596.5,0.021,982,100,2.4000000000000004
1597.0,0.027,982,100,2.4000000000000004
1597.5,0.027,982,100,2.4000000000000004
1598.0,0.021,983,100,1.8
1598.5,0.005,983,100,1.2000000000000002
1599.0,0.008,983,101,1.2000000000000002
1599.5,0.003,983,102,1.2000000000000002
1600.0,0.008,984,102,1.2000000000000002
1600.5,0.013,984,102,1.2000000000000002
1601.0,0.016,984,101,0.6000000000000001
1601.5,0.03,985,101,0.6000000000000001
1602.0,0.035,985,100,0.6000000000000001
1602.5,0.035,985,100,0.6000000000000001
1603.0,0.043,986,99,0.6000000000000001
1603.5,0.046,986,99,0.6000000000000001
1604.0,0.048,986,99,0.6000000000000001
1604.5,0.048,987,99,1.2000000000000002
1605.0,0.048,987,99,0.6000000000000001
1605.5,0.054,987,99,0.0
1606.0,0.056,987,99,0.0
1606.5,0.051,988,99,0.0
1607.0,0.04,988,98,0.0
1607.5,0.04,988,98,0.0
1608.0,0.038,989,98,0.0
1608.5,0.032,989,98,0.0
1609.0,0.03,989,98,0.0
1609.5,0.016,989,98,0.0
1610.0,0.011,990,98,0.0
1610.5,0.005,990,98,0.0
1611.0,0.003,990,99,0.0
1611.5,0.005,991,99,0.0
1612.0,0.011,991,100,0.0
1612.5,0.016,991,100,0.0
1613.0,0.021,992,101,0.0
1613.5,0.03,992,101,0.0
1614.0,0.027,992,101,0.0
1614.5,0.027,992,101,0.0
1615.0,0.024,993,100,0.0
1615.5,0.021,993,100,0.0
1616.0,0.019,993,100,0.0
1616.5,0.013,994,99,0.0
1617.0,0.008,994,99,0.0
1617.5,0.005,994,99,0.6000000000000001
1618.0,0.005,995,99,1.8
1618.5,0.008,995,99,2.4000000000000004
1619.0,0.008,995,99,3.0
1619.5,0.013,996,99,3.0
1620.0,0.013,996,99,3.0
1620.5,0.016,996,99,3.0
1621.0,0.016,996,99,3.0
1621.5,0.019,997,99,3.0
1622.0,0.021,997,99,3.0
1622.5,0.019,997,99,3.0
1623.0,0.021,998,99,3.6
1623.5,0.013,998,99,4.2
1624.0,0.011,998,99,4.800000000000001
1624.5,0.003,998,100,4.2
1625.0,0.003,999,100,4.2
1625.5,0.003,999,100,3.6
1626.0,0.005,999,99,3.0
1626.5,0.016,1000,100,2.4000000000000004
1627.0,0.019,1000,99,2.4000000000000004
1627.5,0.021,1000,99,2.4000000000000004
1628.0,0.027,1001,99,3.0
1628.5,0.027,1001,99,3.6
1629.0,0.027,1001,100,4.2
1629.5,0.038,1001,100,4.800000000000001
1630.0,0.04,1002,101,4.2
1630.5,0.032,1002,101,3.6
1631.0,0.04,1002,100,3.0
1631.5,0.035,1003,101,2.4000000000000004
1632.0,0.021,1003,101,2.4000000000000004
1632.5,0.016,1003,101,2.4000000000000004
1633.0,0.016,1004,101,2.4000000000000004
1633.5,0.008,1004,101,1.8
1634.0,0.0,1004,100,2.4000000000000004
1634.5,0.011,1005,100,3.0
1635.0,0.019,1005,100,2.4000000000000004
1635.5,0.027,1005,100,1.8
1636.0,0.03,1005,99,1.2000000000000002
1636.5,0.03,1006,100,1.2000000000000002
1637.0,0.038,1006,101,1.2000000000000002
1637.5,0.046,1006,101,1.2000000000000002
1638.0,0.038,1007,101,0.6000000000000001
1638.5,0.046,1007,100,0.6000000000000001
1639.0,0.048,1007,100,0.6000000000000001
1639.5,0.048,1008,99,0.6000000000000001
1640.0,0.043,1008,99,0.6000000000000001
1640.5,0.043,1008,98,0.6000000000000001
1641.0,0.038,1008,98,1.2000000000000002
1641.5,0.035,1009,98,1.2000000000000002
1642.0,0.027,1009,98,1.2000000000000002
1642.5,0.032,1009,98,0.6000000000000001
1643.0,0.019,1010,98,0.0
1643.5,0.011,1010,98,0.0
1644.0,0.003,1010,98,0.0
1644.5,0.003,1010,98,0.0
1645.0,0.003,1011,97,0.0
1645.5,0.008,1011,97,0.0
1646.0,0.016,1011,97,0.0
1646.5,0.011,1012,97,0.0
1647.0,0.021,1012,97,0.0
1647.5,0.027,1012,97,0.0
1648.0,0.024,1012,98,0.0
1648.5,0.005,1013,98,0.0
1649.0,0.013,1013,98,0.0
1649.5,0.008,1013,99,0.0
1650.0,0.0,1014,100,0.0
1650.5,0.003,1014,100,0.0
1651.0,0.003,1014,101,0.0
1651.5,0.016,1015,101,0.0
1652.0,0.024,1015,100,0.0
1652.5,0.021,1015,100,0.0
1653.0,0.021,1016,100,0.0
1653.5,0.024,1016,100,0.0
1654.0,0.027,1016,99,0.0
1654.5,0.027,1016,99,0.0
1655.0,0.021,1017,99,0.0
1655.5,0.027,1017,99,1.8
1656.0,0.027,1017,99,2.4000000000000004
1656.5,0.024,1018,99,3.0
1657.0,0.016,1018,99,3.6
1657.5,0.011,1018,99,3.0
1658.0,0.005,1018,99,3.0
1658.5,0.0,1019,99,3.0
1659.0,0.0,1019,99,3.0
1659.5,0.008,1019,99,3.0
1660.0,0.016,1020,99,3.6
1660.5,0.021,1020,99,3.6
1661.0,0.021,1020,99,4.2
1661.5,0.027,1021,99,4.800000000000001
1662.0,0.032,1021,99,4.2
1662.5,0.032,1021,100,4.2
1663.0,0.038,1022,100,3.6
1663.5,0.046,1022,99,3.0
1664.0,0.046,1022,100,2.4000000000000004
1664.5,0.043,1022,99,2.4000000000000004
1665.0,0.038,1023,99,2.4000000000000004
1665.5,0.032,1023,99,3.0
1666.0,0.024,1023,99,3.0
1666.5,0.016,1024,99,3.6
1667.0,0.013,1024,100,4.800000000000001
1667.5,0.005,1024,100,4.800000000000001
1668.0,0.003,1025,101,3.6
1668.5,0.011,1025,100,3.0
1669.0,0.013,1025,101,2.4000000000000004
1669.5,0.027,1025,101,2.4000000000000004
1670.0,0.027,1026,101,2.4000000000000004
1670.5,0.03,1026,101,2.4000000000000004
1671.0,0.035,1026,101,2.4000000000000004
1671.5,0.035,1027,100,2.4000000000000004
1672.0,0.04,1027,100,2.4000000000000004
1672.5,0.048,1027,100,2.4000000000000004
1673.0,0.046,1027,100,1.8
1673.5,0.038,1028,100,1.8
1674.0,0.038,1028,101,1.2000000000000002
1674.5,0.032,1028,101,1.2000000000000002
1675.0,0.03,1029,101,1.2000000000000002
1675.5,0.027,1029,101,1.2000000000000002
1676.0,0.024,1029,101,0.6000000000000001
1676.5,0.019,1030,100,0.6000000000000001
1677.0,0.013,1030,100,0.6000000000000001
1677.5,0.005,1030,99,0.6000000000000001
1678.0,0.005,1030,99,0.6000000000000001
1678.5,0.003,1031,98,1.2000000000000002
1679.0,0.0,1031,98,1.2000000000000002
1679.5,0.005,1031,98,1.2000000000000002
1680.0,0.011,1032,99,0.6000000000000001
1680.5,0.011,1032,99,0.0
1681.0,0.016,1032,99,0.0
1681.5,0.013,1033,98,0.0
1682.0,0.0,1033,98,0.0
1682.5,0.0,1033,98,0.0
1683.0,0.003,1034,98,0.0
1683.5,0.005,1034,98,0.0
1684.0,0.013,1034,98,0.0
1684.5,0.019,1034,98,0.0
1685.0,0.027,1035,98,0.0
1685.5,0.035,1035,98,0.0
1686.0,0.038,1035,98,0.0
1686.5,0.038,1036,99,0.0
1687.0,0.038,1036,100,0.0
1687.5,0.046,1036,100,0.0
1688.0,0.046,1036,100,0.0
1688.5,0.043,1037,101,0.0
1689.0,0.043,1037,101,0.0
1689.5,0.04,1037,100,0.0
1690.0,0.038,1038,100,0.0
1690.5,0.027,1038,100,0.0
1691.0,0.016,1038,99,0.0
1691.5,0.021,1039,99,0.0
1692.0,0.013,1039,99,0.0
1692.5,0.011,1039,99,0.0
1693.0,0.0,1040,99,1.8
1693.5,0.011,1040,98,2.4000000000000004
1694.0,0.016,1040,99,3.0
1694.5,0.021,1040,99,3.0
1695.0,0.021,1041,99,3.0
1695.5,0.03,1041,99,3.0
1696.0,0.038,1041,99,3.0
1696.5,0.035,1042,98,3.0
1697.0,0.043,1042,98,3.6
1697.5,0.043,1042,99,3.6
1698.0,0.043,1042,99,3.6
1698.5,0.03,1043,98,4.2
1699.0,0.032,1043,99,4.800000000000001
1699.5,0.024,1043,99,4.800000000000001
1700.0,0.016,1044,99,4.2
1700.5,0.013,1044,99,3.6
1701.0,0.011,1044,99,3.6
1701.5,0.005,1045,99,3.0
1702.0,0.005,1045,99,3.0
1702.5,0.013,1045,99,2.4000000000000004
1703.0,0.013,1045,99,3.0
1703.5,0.021,1046,99,3.6
1704.0,0.027,1046,99,4.2
1704.5,0.032,1046,99,4.800000000000001
1705.0,0.027,1047,100,4.800000000000001
1705.5,0.03,1047,100,3.6
1706.0,0.035,1047,100,3.0
1706.5,0.032,1047,100,3.0
1707.0,0.027,1048,101,2.4000000000000004
1707.5,0.03,1048,101,2.4000000000000004
1708.0,0.027,1048,101,2.4000000000000004
1708.5,0.019,1049,101,2.4000000000000004
1709.0,0.019,1049,100,2.4000000000000004
1709.5,0.013,1049,100,2.4000000000000004
1710.0,0.011,1050,100,3.0
1710.5,0.008,1050,100,2.4000000000000004
1711.0,0.003,1050,100,1.8
1711.5,0.0,1051,100,1.2000000000000002
1712.0,0.003,1051,101,1.2000000000000002
1712.5,0.008,1051,101,1.2000000000000002
1713.0,0.011,1051,101,1.2000000000000002
1713.5,0.016,1052,101,1.2000000000000002
1714.0,0.013,1052,100,1.2000000000000002
1714.5,0.013,1052,100,1.2000000000000002
1715.0,0.011,1053,100,0.6000000000000001
1715.5,0.003,1053,99,0.6000000000000001
1716.0,0.0,1053,98,0.6000000000000001
1716.5,0.013,1054,98,1.2000000000000002
1717.0,0.011,1054,98,1.2000000000000002
1717.5,0.016,1054,98,1.2000000000000002
1718.0,0.03,1054,99,0.0
1718.5,0.035,1055,99,0.0
1719.0,0.035,1055,99,0.0
1719.5,0.043,1055,98,0.0
1720.0,0.046,1056,98,0.0
1720.5,0.051,1056,98,0.0
1721.0,0.054,1056,98,0.0
1721.5,0.056,1056,98,0.0
1722.0,0.056,1057,98,0.0
1722.5,0.056,1057,98,0.0
1723.0,0.051,1057,98,0.0
1723.5,0.048,1058,98,0.0
1724.0,0.04,1058,99,0.0
1724.5,0.035,1058,99,0.0
1725.0,0.032,1059,100,0.0
1725.5,0.027,1059,100,0.0
1726.0,0.024,1059,101,0.0
1726.5,0.005,1060,101,0.0
1727.0,0.0,1060,100,0.0
1727.5,0.008,1060,100,0.0
1728.0,0.013,1061,100,0.0
1728.5,0.019,1061,99,0.0
1729.0,0.03,1061,99,0.0
1729.5,0.032,1062,99,0.0
1730.0,0.032,1062,99,1.2000000000000002
1730.5,0.032,1062,98,2.4000000000000004
1731.0,0.038,1062,99,3.0
1731.5,0.024,1063,99,3.0
1732.0,0.024,1063,99,3.0
1732.5,0.021,1063,99,3.0
1733.0,0.013,1064,99,3.0
1733.5,0.016,1064,98,3.0
1734.0,0.003,1064,98,3.6
1734.5,0.005,1065,99,3.6
1735.0,0.008,1065,99,3.6
1735.5,0.013,1065,98,4.2
1736.0,0.016,1065,99,4.800000000000001
1736.5,0.019,1066,99,4.800000000000001
1737.0,0.027,1066,99,4.2
1737.5,0.027,1066,99,4.2
1738.0,0.027,1067,99,3.6
1738.5,0.027,1067,99,3.0
1739.0,0.03,1067,98,3.0
1739.5,0.024,1068,98,3.0
1740.0,0.016,1068,98,3.0
1740.5,0.016,1068,98,3.6
1741.0,0.013,1068,99,4.2
1741.5,0.011,1069,99,4.800000000000001
1742.0,0.005,1069,100,5.4
1742.5,0.005,1069,100,4.2
1743.0,0.003,1070,100,3.6
1743.5,0.008,1070,100,3.0
1744.0,0.008,1070,101,2.4000000000000004
1744.5,0.005,1071,101,2.4000000000000004
1745.0,0.008,1071,100,2.4000000000000004
1745.5,0.019,1071,100,2.4000000000000004
1746.0,0.019,1071,100,2.4000000000000004
1746.5,0.024,1072,100,2.4000000000000004
1747.0,0.021,1072,100,3.0
1747.5,0.019,1072,100,1.8
1748.0,0.003,1073,100,1.8
1748.5,0.003,1073,100,1.2000000000000002
1749.0,0.0,1073,101,1.2000000000000002
1749.5,0.008,1074,101,1.2000000000000002
1750.0,0.013,1074,101,1.2000000000000002
1750.5,0.016,1074,101,1.2000000000000002
1751.0,0.035,1074,101,1.2000000000000002
1751.5,0.04,1075,100,0.6000000000000001
1752.0,0.04,1075,100,1.2000000000000002
1752.5,0.04,1075,99,1.2000000000000002
1753.0,0.04,1076,99,0.6000000000000001
1753.5,0.054,1076,98,0.6000000000000001
1754.0,0.054,1076,99,1.2000000000000002
1754.5,0.054,1077,99,1.2000000000000002
1755.0,0.056,1077,99,0.0
1755.5,0.059,1077,99,0.0
1756.0,0.054,1078,99,0.0
1756.5,0.046,1078,98,0.0
1757.0,0.046,1078,98,0.0
1757.5,0.038,1078,98,0.0
1758.0,0.035,1079,98,0.0
1758.5,0.032,1079,98,0.0
1759.0,0.027,1079,98,0.0
1759.5,0.019,1080,98,0.0
1760.0,0.008,1080,98,0.0
1760.5,0.005,1080,99,0.0
1761.0,0.003,1080,99,0.0
1761.5,0.0,1081,99,0.0
1762.0,0.011,1081,100,0.0
1762.5,0.013,1081,100,0.0
1763.0,0.021,1082,101,0.0
1763.5,0.024,1082,101,0.0
1764.0,0.024,1082,101,0.0
1764.5,0.024,1083,100,0.0
1765.0,0.019,1083,100,0.0
1765.5,0.019,1083,100,0.0
1766.0,0.011,1083,99,0.0
1766.5,0.011,1084,99,0.0
1767.0,0.005,1084,99,0.0
1767.5,0.008,1084,99,1.2000000000000002
1768.0,0.016,1085,99,2.4000000000000004
1768.5,0.013,1085,99,3.0
1769.0,0.016,1085,99,3.0
1769.5,0.019,1086,99,3.0
1770.0,0.021,1086,99,3.0
1770.5,0.027,1086,99,3.0
1771.0,0.027,1086,99,3.0
1771.5,0.03,1087,99,3.6
1772.0,0.03,1087,99,3.6
1772.5,0.027,1087,99,3.6
1773.0,0.024,1088,99,4.2
1773.5,0.013,1088,99,4.800000000000001
1774.0,0.011,1088,100,4.800000000000001
1774.5,0.003,1089,100,4.2
1775.0,0.005,1089,100,3.6
1775.5,0.0,1089,99,3.0
1776.0,0.016,1089,99,3.0
1776.5,0.013,1090,99,2.4000000000000004
1777.0,0.019,1090,99,2.4000000000000004
1777.5,0.024,1090,99,3.0
1778.0,0.021,1091,99,3.0
1778.5,0.021,1091,99,3.6
1779.0,0.027,1091,100,4.2
1779.5,0.03,1092,100,5.4
1780.0,0.032,1092,100,4.2
1780.5,0.035,1092,100,3.0
1781.0,0.03,1092,100,3.0
1781.5,0.019,1093,101,2.4000000000000004
1782.0,0.013,1093,101,2.4000000000000004
1782.5,0.011,1093,101,2.4000000000000004
1783.0,0.0,1094,101,2.4000000000000004
1783.5,0.008,1094,100,2.4000000000000004
1784.0,0.013,1094,100,2.4000000000000004
1784.5,0.021,1095,100,3.0
1785.0,0.027,1095,100,2.4000000000000004
1785.5,0.038,1095,100,1.8
1786.0,0.04,1096,100,1.2000000000000002
1786.5,0.043,1096,101,1.2000000000000002
1787.0,0.048,1096,101,1.2000000000000002
1787.5,0.048,1096,101,1.2000000000000002
1788.0,0.054,1097,101,1.2000000000000002
1788.5,0.048,1097,101,1.2000000000000002
1789.0,0.056,1097,100,1.2000000000000002
1789.5,0.054,1098,100,1.2000000000000002
1790.0,0.046,1098,99,0.6000000000000001
1790.5,0.04,1098,98,1.2000000000000002
1791.0,0.04,1098,98,1.2000000000000002
1791.5,0.032,1099,98,1.2000000000000002
1792.0,0.03,1099,98,1.2000000000000002
1792.5,0.027,1099,98,0.0
1793.0,0.016,1100,98,0.0
1793.5,0.013,1100,98,0.0
1794.0,0.008,1100,98,0.0
1794.5,0.008,1101,98,0.0
1795.0,0.005,1101,97,0.0
1795.5,0.003,1101,98,0.0
1796.0,0.005,1101,98,0.0
1796.5,0.011,1102,98,0.0
1797.0,0.011,1102,98,0.0
1797.5,0.013,1102,98,0.0
1798.0,0.003,1103,98,0.0
1798.5,0.005,1103,99,0.0
1799.0,0.005,1103,99,0.0
1799.5,0.003,1104,100,0.0
1800.0,0.008,1104,100,0.0
1800.5,0.005,1104,101,0.0
1801.0,0.024,1104,101,0.0
1801.5,0.027,1105,101,0.0
1802.0,0.019,1108,99,3.0
1802.5,0.021,1108,99,3.0
1803.0,0.016,1108,99,3.0
1803.5,0.008,1109,99,3.0
1804.0,0.008,1109,99,3.0
1804.5,0.003,1109,99,3.0
1805.0,0.011,1110,99,3.6
1805.5,0.011,1110,99,3.6
1806.0,0.016,1110,99,4.2
1806.5,0.024,1110,99,4.800000000000001
1807.0,0.024,1111,99,4.800000000000001
1807.5,0.027,1111,100,4.2
1808.0,0.035,1111,99,4.2
1808.5,0.04,1112,99,3.6
1809.0,0.038,1112,99,3.0
1809.5,0.038,1112,99,3.0
1810.0,0.035,1113,99,3.0
1810.5,0.032,1113,99,3.0
1811.0,0.027,1113,99,3.6
1811.5,0.013,1113,99,4.2
1812.0,0.008,1114,99,4.800000000000001
1812.5,0.005,1114,100,5.4
1813.0,0.011,1114,100,4.2
1813.5,0.019,1115,100,3.6
1814.0,0.021,1115,100,3.0
1814.5,0.027,1115,101,3.0
1815.0,0.038,1116,101,2.4000000000000004
1815.5,0.038,1116,101,2.4000000000000004
1816.0,0.043,1116,101,2.4000000000000004
1816.5,0.046,1116,100,2.4000000000000004
1817.0,0.048,1117,100,2.4000000000000004
1817.5,0.048,1117,100,3.0
1818.0,0.046,1117,100,2.4000000000000004
1818.5,0.048,1118,99,1.8
1819.0,0.043,1118,99,1.2000000000000002
1819.5,0.038,1118,100,1.2000000000000002
1820.0,0.038,1119,100,1.2000000000000002
1820.5,0.035,1119,100,1.2000000000000002
1821.0,0.032,1119,101,1.2000000000000002
1821.5,0.016,1119,100,1.2000000000000002
1822.0,0.016,1120,100,0.6000000000000001
1822.5,0.011,1120,99,0.6000000000000001
1823.0,0.008,1120,98,0.6000000000000001
1823.5,0.008,1121,98,1.2000000000000002
1824.0,0.003,1121,98,1.2000000000000002
1824.5,0.005,1121,98,1.2000000000000002
1825.0,0.005,1122,98,1.2000000000000002
1825.5,0.005,1122,98,0.6000000000000001
1826.0,0.011,1122,98,0.0
1826.5,0.008,1122,98,0.0
1827.0,0.005,1123,98,0.0
1827.5,0.016,1124,97,0.0
1828.0,0.019,1124,98,0.0
1828.5,0.032,1124,98,0.0
1829.0,0.038,1125,98,0.0
1829.5,0.038,1125,98,0.0
1830.0,0.048,1125,98,0.0
1830.5,0.043,1125,98,0.0
1831.0,0.046,1126,99,0.0
1831.5,0.048,1126,99,0.0
1832.0,0.054,1126,100,0.0
1832.5,0.051,1127,100,0.0
1833.0,0.043,1127,101,0.0
1833.5,0.054,1127,101,0.0
1834.0,0.043,1127,100,0.0
1834.5,0.032,1128,100,0.0
1835.0,0.027,1128,100,0.0
1835.5,0.024,1128,100,0.0
1836.0,0.019,1129,99,0.0
1836.5,0.011,1129,99,0.0
1837.0,0.016,1129,99,0.6000000000000001
1837.5,0.003,1130,99,2.4000000000000004
1838.0,0.008,1130,99,3.0
1838.5,0.013,1130,99,3.0
1839.0,0.013,1131,99,3.0
1839.5,0.016,1131,99,3.0
1840.0,0.024,1131,99,3.0
1840.5,0.03,1131,99,3.0
1841.0,0.035,1132,99,3.6
1841.5,0.038,1132,99,3.6
1842.0,0.038,1132,99,3.6
1842.5,0.024,1133,99,4.2
1843.0,0.021,1133,99,4.800000000000001
1843.5,0.021,1133,99,4.800000000000001
1844.0,0.021,1133,99,4.800000000000001
1844.5,0.005,1134,99,4.2
1845.0,0.008,1134,99,3.6
1845.5,0.013,1134,99,3.6
1846.0,0.008,1135,99,3.0
1846.5,0.021,1135,99,3.0
1847.0,0.024,1135,99,3.0
1847.5,0.024,1136,99,3.0
1848.0,0.032,1136,99,3.6
1848.5,0.035,1136,99,4.2
1849.0,0.032,1136,100,6.0
1849.5,0.04,1137,100,4.800000000000001
1850.0,0.04,1137,100,3.6
1850.5,0.04,1137,100,3.6
1851.0,0.035,1138,101,3.0
1851.5,0.035,1138,101,3.0
1852.0,0.035,1138,101,2.4000000000000004
1852.5,0.024,1139,101,2.4000000000000004
1853.0,0.027,1139,101,2.4000000000000004
1853.5,0.027,1139,100,2.4000000000000004
1854.0,0.011,1140,100,3.0
1854.5,0.008,1140,100,2.4000000000000004
1855.0,0.003,1140,100,1.8
1855.5,0.008,1140,100,1.8
1856.0,0.003,1141,101,1.2000000000000002
1856.5,0.003,1141,101,1.2000000000000002
1857.0,0.003,1141,101,1.2000000000000002
1857.5,0.011,1142,101,1.2000000000000002
1858.0,0.008,1142,101,1.2000000000000002
1858.5,0.011,1142,100,1.2000000000000002
1859.0,0.003,1143,100,1.2000000000000002
1859.5,0.003,1143,99,0.6000000000000001
1860.0,0.008,1143,99,1.2000000000000002
1860.5,0.019,1143,98,1.2000000000000002
1861.0,0.019,1144,98,1.2000000000000002
1861.5,0.021,1144,99,1.2000000000000002
1862.0,0.035,1144,99,0.6000000000000001
1862.5,0.046,1145,99,0.0
1863.0,0.043,1145,99,0.0
1863.5,0.046,1145,99,0.0
1864.0,0.056,1145,99,0.0
1864.5,0.054,1146,98,0.0
1865.0,0.059,1146,98,0.0
1865.5,0.056,1146,98,0.0
1866.0,0.062,1147,98,0.0
1866.5,0.062,1147,98,0.0
1867.0,0.054,1147,98,0.0
1867.5,0.056,1148,99,0.0
1868.0,0.051,1148,99,0.0
1868.5,0.04,1148,99,0.0
1869.0,0.035,1149,100,0.0
1869.5,0.03,1149,100,0.0
1870.0,0.027,1149,101,0.0
1870.5,0.008,1149,102,0.0
1871.0,0.008,1150,101,0.0
1871.5,0.003,1150,101,0.0
1872.0,0.003,1150,101,0.0
1872.5,0.008,1151,101,0.0
1873.0,0.013,1151,100,0.0
1873.5,0.019,1151,100,0.0
1874.0,0.024,1151,100,0.0
1874.5,0.024,1152,100,0.6000000000000001
1875.0,0.03,1152,99,1.8
1875.5,0.027,1152,100,2.4000000000000004
1876.0,0.019,1153,100,3.0
1876.5,0.019,1153,100,3.0
1877.0,0.016,1153,100,3.0
1877.5,0.011,1154,100,3.0
1878.0,0.005,1154,99,3.0
1878.5,0.003,1154,99,3.0
1879.0,0.011,1154,99,3.6
1879.5,0.011,1155,99,3.6
1880.0,0.013,1155,99,4.2
1880.5,0.019,1155,99,4.800000000000001
1881.0,0.024,1156,100,4.800000000000001
1881.5,0.024,1156,100,4.800000000000001
1882.0,0.027,1156,100,4.2
1882.5,0.03,1157,100,3.6
1883.0,0.032,1157,100,3.0
1883.5,0.035,1157,100,3.0
1884.0,0.032,1158,99,3.0
1884.5,0.021,1158,99,3.0
1885.0,0.021,1158,99,3.0
1885.5,0.019,1158,99,3.6
1886.0,0.019,1159,100,4.2
1886.5,0.013,1159,100,5.4
1887.0,0.011,1159,101,4.2
1887.5,0.005,1160,101,3.6
1888.0,0.0,1160,101,3.0
1888.5,0.008,1160,101,2.4000000000000004
1889.0,0.008,1161,102,2.4000000000000004
1889.5,0.005,1161,101,2.4000000000000004
1890.0,0.011,1161,101,2.4000000000000004
1890.5,0.013,1161,101,2.4000000000000004
1891.0,0.019,1162,100,2.4000000000000004
1891.5,0.016,1162,100,3.0
1892.0,0.019,1162,100,2.4000000000000004
1892.5,0.003,1163,100,1.8
1893.0,0.003,1163,100,1.2000000000000002
1893.5,0.005,1163,101,1.2000000000000002
1894.0,0.005,1164,101,1.2000000000000002
1894.5,0.019,1164,101,1.2000000000000002
1895.0,0.019,1164,102,1.2000000000000002
1895.5,0.038,1164,101,1.2000000000000002
1896.0,0.04,1165,100,0.6000000000000001
1896.5,0.046,1165,100,0.6000000000000001
1897.0,0.046,1165,99,0.6000000000000001
1897.5,0.051,1166,99,0.6000000000000001
1898.0,0.054,1166,98,1.2000000000000002
1898.5,0.062,1166,99,1.2000000000000002
1899.0,0.056,1167,99,1.2000000000000002
1899.5,0.062,1167,99,0.6000000000000001
1900.0,0.064,1167,99,0.0
1900.5,0.062,1167,99,0.0
1901.0,0.054,1168,99,0.0
1901.5,0.048,1168,98,0.0
1902.0,0.046,1168,98,0.0
1902.5,0.043,1169,98,0.0
1903.0,0.035,1169,98,0.0
1903.5,0.032,1169,98,0.0
1904.0,0.019,1170,98,0.0
1904.5,0.013,1170,98,0.0
1905.0,0.013,1170,98,0.0
1905.5,0.003,1170,98,0.0
1906.0,0.003,1171,99,0.0
1906.5,0.005,1171,100,0.0
1907.0,0.011,1171,100,0.0
1907.5,0.016,1172,101,0.0
1908.0,0.021,1172,101,0.0
1908.5,0.019,1172,101,0.0
1909.0,0.021,1173,100,0.0
1909.5,0.016,1173,100,0.0
1910.0,0.011,1173,100,0.0
1910.5,0.005,1173,99,0.0
1911.0,0.0,1174,99,0.0
1911.5,0.0,1174,99,0.0
1912.0,0.011,1174,99,1.2000000000000002
1912.5,0.019,1175,99,2.4000000000000004
1913.0,0.016,1175,99,3.0
1913.5,0.021,1175,99,3.0
1914.0,0.027,1176,99,3.0
1914.5,0.03,1176,99,3.0
1915.0,0.03,1176,99,3.0
1915.5,0.03,1176,99,3.0
1916.0,0.032,1177,99,3.6
1916.5,0.032,1177,99,3.6
1917.0,0.03,1177,99,3.6
1917.5,0.021,1178,99,4.2
1918.0,0.024,1178,99,4.800000000000001
1918.5,0.011,1178,100,4.800000000000001
1919.0,0.013,1179,100,4.800000000000001
1919.5,0.008,1179,100,4.2
1920.0,0.005,1179,100,3.6
1920.5,0.008,1179,100,3.0
1921.0,0.008,1180,100,3.0
1921.5,0.011,1180,99,2.4000000000000004
1922.0,0.013,1180,100,3.0
1922.5,0.013,1181,99,3.0
1923.0,0.016,1181,99,3.6
1923.5,0.024,1181,100,4.800000000000001
1924.0,0.024,1182,101,5.4
1924.5,0.027,1182,101,4.2
1925.0,0.03,1182,101,3.6
1925.5,0.027,1182,101,3.0
1926.0,0.016,1183,102,3.0
1926.5,0.008,1183,101,2.4000000000000004
1927.0,0.005,1183,101,2.4000000000000004
1927.5,0.003,1184,101,2.4000000000000004
1928.0,0.011,1184,101,2.4000000000000004
1928.5,0.016,1184,100,2.4000000000000004
1929.0,0.03,1185,100,3.0
1929.5,0.03,1185,100,2.4000000000000004
1930.0,0.04,1185,100,1.8
1930.5,0.043,1186,100,1.2000000000000002
1931.0,0.04,1186,101,1.2000000000000002
1931.5,0.054,1186,101,1.2000000000000002
1932.0,0.056,1186,101,1.2000000000000002
1932.5,0.056,1187,101,1.2000000000000002
1933.0,0.054,1187,101,0.6000000000000001
1933.5,0.059,1187,101,0.6000000000000001
1934.0,0.051,1188,100,0.6000000000000001
1934.5,0.046,1188,100,0.6000000000000001
1935.0,0.048,1188,99,1.2000000000000002
1935.5,0.043,1188,99,1.2000000000000002
1936.0,0.038,1189,99,1.2000000000000002
1936.5,0.035,1189,99,1.2000000000000002
1937.0,0.024,1189,99,0.0
1937.5,0.024,1190,99,0.0
1938.0,0.019,1190,99,0.0
1938.5,0.011,1190,98,0.0
1939.0,0.011,1191,98,0.0
1939.5,0.008,1191,98,0.0
1940.0,0.003,1191,98,0.0
1940.5,0.005,1191,98,0.0
1941.0,0.011,1192,98,0.0
1941.5,0.016,1192,98,0.0
1942.0,0.013,1192,98,0.0
1942.5,0.003,1193,98,0.0
1943.0,0.0,1193,99,0.0
1943.5,0.003,1193,99,0.0
1944.0,0.011,1194,100,0.0
1944.5,0.011,1194,100,0.0
1945.0,0.011,1194,101,0.0
1945.5,0.03,1194,101,0.0
1946.0,0.03,1195,101,0.0
1946.5,0.03,1195,100,0.0
1947.0,0.03,1195,100,0.0
1947.5,0.027,1196,100,0.0
1948.0,0.043,1196,100,0.0
1948.5,0.04,1196,99,0.0
1949.0,0.035,1197,99,0.0
1949.5,0.038,1197,99,1.2000000000000002
1950.0,0.04,1197,99,2.4000000000000004
1950.5,0.04,1197,99,3.0
1951.0,0.027,1198,99,3.0
1951.5,0.024,1198,99,3.0
1952.0,0.019,1198,99,3.0
1952.5,0.013,1199,99,3.0
1953.0,0.008,1199,99,3.0
1953.5,0.008,1199,99,3.6
1954.0,0.005,1200,99,3.6
1954.5,0.008,1200,99,3.6
1955.0,0.016,1200,99,4.2
1955.5,0.016,1200,99,4.800000000000001
1956.0,0.024,1201,99,4.800000000000001
1956.5,0.027,1201,100,4.800000000000001
1957.0,0.032,1201,100,4.2
1957.5,0.035,1202,100,3.6
1958.0,0.038,1202,100,3.0
1958.5,0.032,1202,99,3.0
1959.0,0.027,1203,99,3.0
1959.5,0.024,1203,99,3.0
1960.0,0.013,1203,99,3.0
1960.5,0.008,1204,99,3.6
1961.0,0.005,1204,100,4.800000000000001
1961.5,0.0,1204,100,5.4
1962.0,0.027,1204,101,4.2
1962.5,0.021,1205,100,3.6
1963.0,0.027,1205,100,3.0
1963.5,0.03,1205,101,2.4000000000000004
1964.0,0.035,1206,101,2.4000000000000004
1964.5,0.04,1206,101,2.4000000000000004
1965.0,0.048,1206,101,2.4000000000000004
1965.5,0.043,1206,101,2.4000000000000004
1966.0,0.051,1207,100,2.4000000000000004
1966.5,0.048,1207,100,2.4000000000000004
1967.0,0.046,1208,99,1.8
1967.5,0.04,1208,100,1.2000000000000002
1968.0,0.038,1208,101,1.2000000000000002
1968.5,0.035,1209,101,1.2000000000000002
1969.0,0.032,1209,101,1.2000000000000002
1969.5,0.027,1209,101,1.2000000000000002
1970.0,0.013,1209,101,1.2000000000000002
1970.5,0.019,1210,100,0.6000000000000001
1971.0,0.013,1210,100,0.6000000000000001
1971.5,0.008,1210,99,0.6000000000000001
1972.0,0.008,1211,99,1.2000000000000002
1972.5,0.005,1211,98,1.2000000000000002
1973.0,0.003,1211,98,1.2000000000000002
1973.5,0.011,1212,98,1.2000000000000002
1974.0,0.011,1212,99,0.0
1974.5,0.011,1212,99,0.0
1975.0,0.011,1213,98,0.0
1975.5,0.005,1213,98,0.0
1976.0,0.0,1213,98,0.0
1976.5,0.005,1213,97,0.0
1977.0,0.011,1214,97,0.0
1977.5,0.021,1214,98,0.0
1978.0,0.021,1214,97,0.0
1978.5,0.032,1215,98,0.0
1979.0,0.035,1215,98,0.0
1979.5,0.04,1215,98,0.0
1980.0,0.04,1215,98,0.0
1980.5,0.046,1216,99,0.0
1981.0,0.051,1216,99,0.0
1981.5,0.048,1216,100,0.0
1982.0,0.046,1217,101,0.0
1982.5,0.046,1217,101,0.0
1983.0,0.048,1217,101,0.0
1983.5,0.038,1218,100,0.0
1984.0,0.035,1218,100,0.0
1984.5,0.027,1218,100,0.0
1985.0,0.027,1218,99,0.0
1985.5,0.019,1219,99,0.0
1986.0,0.013,1219,99,0.0
1986.5,0.003,1219,99,1.2000000000000002
1987.0,0.0,1220,99,2.4000000000000004
1987.5,0.011,1220,99,3.0
1988.0,0.016,1220,99,3.0
1988.5,0.016,1221,99,3.0
1989.0,0.021,1221,99,3.0
1989.5,0.032,1221,99,3.0
1990.0,0.035,1221,99,3.0
1990.5,0.04,1222,99,3.6
1991.0,0.04,1222,99,3.6
1991.5,0.043,1222,99,3.6
1992.0,0.032,1223,99,4.2
1992.5,0.027,1223,99,4.800000000000001
1993.0,0.024,1223,99,4.800000000000001
1993.5,0.013,1224,100,4.2
1994.0,0.005,1224,100,4.2
1994.5,0.005,1224,100,3.6
1995.0,0.011,1224,100,3.0
1995.5,0.013,1225,99,3.0
1996.0,0.019,1225,99,2.4000000000000004
1996.5,0.024,1225,99,3.0
1997.0,0.021,1226,99,3.6
1997.5,0.032,1226,99,4.2
1998.0,0.035,1226,100,4.800000000000001
1998.5,0.035,1226,100,5.4
1999.0,0.038,1227,101,4.2
1999.5,0.046,1227,100,3.6
2000.0,0.04,1227,100,3.0
2000.5,0.032,1228,101,3.0
2001.0,0.035,1228,101,2.4000000000000004
2001.5,0.027,1228,101,2.4000000000000004
2002.0,0.024,1229,101,2.4000000000000004
2002.5,0.024,1229,101,2.4000000000000004
2003.0,0.021,1229,100,2.4000000000000004
2003.5,0.008,1230,100,3.0
2004.0,0.008,1230,100,2.4000000000000004
2004.5,0.003,1230,100,1.8
2005.0,0.0,1231,100,1.2000000000000002
2005.5,0.003,1231,101,1.2000000000000002
2006.0,0.003,1231,101,1.2000000000000002
2006.5,0.008,1231,101,1.2000000000000002
2007.0,0.011,1232,101,1.2000000000000002
2007.5,0.013,1232,101,1.2000000000000002
2008.0,0.013,1232,101,1.2000000000000002
2008.5,0.003,1233,100,1.2000000000000002
2009.0,0.0,1233,99,0.6000000000000001
2009.5,0.011,1233,99,0.6000000000000001
2010.0,0.013,1233,98,1.2000000000000002
2010.5,0.019,1234,98,1.2000000000000002
2011.0,0.019,1234,99,1.2000000000000002
2011.5,0.04,1234,99,0.0
2012.0,0.038,1235,99,0.0
2012.5,0.043,1235,99,0.0
2013.0,0.048,1235,98,0.0
2013.5,0.051,1236,98,0.0
2014.0,0.054,1236,98,0.0
2014.5,0.054,1236,98,0.0
2015.0,0.056,1236,98,0.0
2015.5,0.056,1237,98,0.0
2016.0,0.054,1237,98,0.0
2016.5,0.056,1237,98,0.0
2017.0,0.051,1238,99,0.0
2017.5,0.043,1238,99,0.0
2018.0,0.043,1238,99,0.0
2018.5,0.035,1239,100,0.0
2019.0,0.03,1239,100,0.0
2019.5,0.024,1239,101,0.0
2020.0,0.003,1240,101,0.0
2020.5,0.008,1240,101,0.0
2021.0,0.003,1240,101,0.0
2021.5,0.005,1240,100,0.0
2022.0,0.011,1241,100,0.0
2022.5,0.016,1241,100,0.0
2023.0,0.024,1241,99,0.0
2023.5,0.024,1242,100,0.0
2024.0,0.03,1242,100,1.2000000000000002
2024.5,0.032,1242,99,2.4000000000000004
2025.0,0.032,1243,99,3.0
2025.5,0.021,1243,100,3.0
2026.0,0.021,1243,99,3.0
2026.5,0.019,1243,99,3.0
2027.0,0.013,1244,99,3.0
2027.5,0.005,1244,99,3.0
2028.0,0.003,1244,99,3.6
2028.5,0.003,1245,99,3.6
2029.0,0.011,1245,99,3.6
2029.5,0.019,1245,99,4.2
2030.0,0.021,1245,99,4.800000000000001
2030.5,0.024,1246,100,4.800000000000001
2031.0,0.03,1246,100,4.2
2031.5,0.032,1246,100,3.6
2032.0,0.03,1247,100,3.0
2032.5,0.03,1247,100,3.0
2033.0,0.04,1247,99,2.4000000000000004
2033.5,0.032,1248,99,3.0
2034.0,0.024,1248,99,3.0
2034.5,0.024,1248,99,3.6
2035.0,0.021,1249,99,3.6
2035.5,0.019,1249,100,4.800000000000001
2036.0,0.016,1249,100,5.4
2036.5,0.005,1249,100,4.2
2037.0,0.008,1250,100,3.6
2037.5,0.003,1250,100,3.0
2038.0,0.005,1250,101,2.4000000000000004
2038.5,0.0,1251,101,2.4000000000000004
2039.0,0.005,1251,101,2.4000000000000004
2039.5,0.019,1251,101,2.4000000000000004
2040.0,0.011,1251,100,2.4000000000000004
2040.5,0.019,1252,100,2.4000000000000004
2041.0,0.016,1252,100,3.0
2041.5,0.019,1252,100,1.8
2042.0,0.008,1253,100,1.8
2042.5,0.003,1253,100,1.8
2043.0,0.003,1253,101,1.2000000000000002
2043.5,0.016,1254,101,1.2000000000000002
2044.0,0.016,1254,101,1.2000000000000002
2044.5,0.024,1254,101,1.2000000000000002
2045.0,0.043,1255,101,1.2000000000000002
2045.5,0.048,1255,101,1.2000000000000002
2046.0,0.048,1255,100,1.2000000000000002
2046.5,0.051,1255,99,1.2000000000000002
2047.0,0.051,1256,99,1.2000000000000002
2047.5,0.064,1256,98,1.2000000000000002
2048.0,0.062,1256,98,1.2000000000000002
2048.5,0.059,1257,98,1.2000000000000002
2049.0,0.064,1257,99,0.0
2049.5,0.067,1257,99,0.0
2050.0,0.067,1258,98,0.0
2050.5,0.054,1258,98,0.0
2051.0,0.051,1258,98,0.0
2051.5,0.046,1258,98,0.0
2052.0,0.04,1259,98,0.0
2052.5,0.038,1259,98,0.0
2053.0,0.035,1259,98,0.0
2053.5,0.021,1260,98,0.0
2054.0,0.016,1260,98,0.0
2054.5,0.011,1260,98,0.0
2055.0,0.005,1260,99,0.0
2055.5,0.003,1261,99,0.0
2056.0,0.0,1261,100,0.0
2056.5,0.011,1261,100,0.0
2057.0,0.013,1262,101,0.0
2057.5,0.021,1262,101,0.0
2058.0,0.019,1262,101,0.0
2058.5,0.011,1263,100,0.0
2059.0,0.011,1263,100,0.0
2059.5,0.008,1263,100,0.0
2060.0,0.003,1264,99,0.0
2060.5,0.0,1264,100,0.0
2061.0,0.019,1264,100,1.2000000000000002
2061.5,0.016,1265,99,2.4000000000000004
2062.0,0.019,1265,99,3.0
2062.5,0.021,1265,100,3.0
2063.0,0.024,1266,99,3.0
2063.5,0.024,1266,99,3.0
2064.0,0.032,1266,99,3.0
2064.5,0.027,1267,99,3.0
2065.0,0.03,1267,99,3.0
2065.5,0.032,1267,99,3.6
2066.0,0.032,1267,99,3.6
2066.5,0.027,1268,99,4.2
2067.0,0.021,1268,99,4.800000000000001
2067.5,0.013,1268,100,4.800000000000001
2068.0,0.013,1269,100,4.2
2068.5,0.008,1269,100,3.6
2069.0,0.005,1269,100,3.0
2069.5,0.011,1269,100,3.0
2070.0,0.011,1270,100,2.4000000000000004
2070.5,0.011,1270,100,2.4000000000000004
2071.0,0.016,1270,100,3.0
2071.5,0.013,1271,99,3.6
2072.0,0.024,1271,100,4.2
2072.5,0.027,1271,100,4.2
2073.0,0.03,1272,100,4.800000000000001
2073.5,0.03,1272,101,3.6
2074.0,0.032,1272,101,3.0
2074.5,0.027,1272,100,3.0
2075.0,0.011,1273,101,2.4000000000000004
2075.5,0.013,1273,101,2.4000000000000004
2076.0,0.008,1273,101,2.4000000000000004
2076.5,0.003,1274,101,1.8
2077.0,0.003,1274,100,2.4000000000000004
2077.5,0.013,1274,100,2.4000000000000004
2078.0,0.024,1275,100,2.4000000000000004
2078.5,0.03,1275,100,1.8
2079.0,0.038,1275,100,1.8
2079.5,0.038,1276,100,1.2000000000000002
2080.0,0.054,1276,101,1.2000000000000002
2080.5,0.054,1276,101,0.6000000000000001
2081.0,0.054,1277,101,0.6000000000000001
2081.5,0.059,1277,100,0.6000000000000001
2082.0,0.062,1277,100,0.6000000000000001
2082.5,0.051,1278,100,0.6000000000000001
2083.0,0.043,1278,99,0.6000000000000001
2083.5,0.043,1278,98,0.6000000000000001
2084.0,0.04,1279,98,1.2000000000000002
2084.5,0.032,1279,99,1.2000000000000002
2085.0,0.027,1279,99,0.6000000000000001
2085.5,0.021,1279,99,0.0
2086.0,0.019,1280,99,0.0
2086.5,0.011,1280,99,0.0
2087.0,0.008,1280,98,0.0
2087.5,0.008,1281,98,0.0
2088.0,0.003,1281,98,0.0
2088.5,0.013,1281,98,0.0
2089.0,0.011,1281,98,0.0
2089.5,0.019,1282,98,0.0
2090.0,0.019,1282,98,0.0
2090.5,0.021,1282,98,0.0
2091.0,0.011,1283,99,0.0
2091.5,0.008,1283,99,0.0
2092.0,0.005,1283,100,0.0
2092.5,0.005,1284,100,0.0
2093.0,0.0,1284,100,0.0
2093.5,0.005,1284,101,0.0
2094.0,0.024,1285,101,0.0
2094.5,0.019,1285,101,0.0
2095.0,0.021,1285,100,0.0
2095.5,0.027,1285,100,0.0
2096.0,0.021,1286,100,0.0
2096.5,0.032,1286,99,0.0
2097.0,0.032,1286,99,0.0
2097.5,0.032,1287,99,0.0
2098.0,0.032,1287,99,1.8
2098.5,0.03,1287,99,2.4000000000000004
2099.0,0.024,1288,99,3.0
2099.5,0.019,1288,99,3.0
2100.0,0.016,1288,99,3.0
2100.5,0.011,1288,99,3.0
2101.0,0.003,1289,99,3.0
2101.5,0.0,1289,99,3.6
2102.0,0.005,1289,99,3.0
2102.5,0.016,1290,99,3.6
2103.0,0.021,1290,99,3.6
2103.5,0.024,1290,98,4.2
2104.0,0.03,1290,99,4.800000000000001
2104.5,0.032,1291,99,4.800000000000001
2105.0,0.035,1291,99,4.2
2105.5,0.04,1291,99,3.6
2106.0,0.046,1292,99,3.6
2106.5,0.046,1292,99,3.0
2107.0,0.046,1292,99,3.0
2107.5,0.035,1293,99,3.0
2108.0,0.03,1293,99,3.0
2108.5,0.021,1293,98,3.6
2109.0,0.016,1294,99,4.2
2109.5,0.019,1294,99,4.800000000000001
2110.0,0.011,1294,100,5.4
2110.5,0.008,1294,100,3.6
2111.0,0.011,1295,100,3.6
2111.5,0.016,1295,100,3.0
2112.0,0.024,1295,101,2.4000000000000004
2112.5,0.027,1296,101,2.4000000000000004
2113.0,0.027,1296,101,2.4000000000000004
2113.5,0.035,1296,101,2.4000000000000004
2114.0,0.032,1297,100,2.4000000000000004
2114.5,0.043,1297,100,2.4000000000000004
2115.0,0.04,1297,100,3.0
2115.5,0.043,1297,100,1.8
2116.0,0.046,1298,100,1.8
2116.5,0.038,1298,100,1.2000000000000002
2117.0,0.032,1298,101,1.2000000000000002
2117.5,0.03,1299,101,1.2000000000000002
2118.0,0.027,1299,101,1.2000000000000002
2118.5,0.027,1299,101,1.2000000000000002
2119.0,0.008,1299,101,0.6000000000000001
2119.5,0.011,1300,100,0.6000000000000001
2120.0,0.005,1300,100,0.6000000000000001
2120.5,0.003,1300,99,1.2000000000000002
2121.0,0.008,1301,99,1.2000000000000002
2121.5,0.003,1301,98,1.2000000000000002
2122.0,0.013,1301,98,1.2000000000000002
2122.5,0.016,1302,98,1.2000000000000002
2123.0,0.016,1302,99,0.0
2123.5,0.016,1302,99,0.0
2124.0,0.016,1303,99,0.0
2124.5,0.0,1303,98,0.0
2125.0,0.003,1303,98,0.0
2125.5,0.003,1303,98,0.0
2126.0,0.005,1304,98,0.0
2126.5,0.013,1304,98,0.0
2127.0,0.016,1304,98,0.0
2127.5,0.03,1305,98,0.0
2128.0,0.03,1305,98,0.0
2128.5,0.038,1305,98,0.0
2129.0,0.043,1305,99,0.0
2129.5,0.043,1306,99,0.0
2130.0,0.051,1306,100,0.0
2130.5,0.048,1306,100,0.0
2131.0,0.043,1307,101,0.0
2131.5,0.038,1307,101,0.0
2132.0,0.046,1307,100,0.0
2132.5,0.038,1308,100,0.0
2133.0,0.03,1308,100,0.0
2133.5,0.027,1308,100,0.0
2134.0,0.021,1308,99,0.0
2134.5,0.011,1309,99,0.0
2135.0,0.005,1309,99,0.0
2135.5,0.005,1309,99,1.2000000000000002
2136.0,0.008,1310,98,2.4000000000000004
2136.5,0.016,1310,99,3.0
2137.0,0.019,1310,99,3.0
2137.5,0.021,1311,99,3.0
2138.0,0.027,1311,99,3.0
2138.5,0.043,1311,99,3.0
2139.0,0.038,1312,98,3.0
2139.5,0.046,1312,98,3.0
2140.0,0.046,1312,99,3.6
2140.5,0.046,1312,99,3.6
2141.0,0.032,1313,98,4.2
2141.5,0.032,1313,99,4.800000000000001
2142.0,0.03,1313,99,4.800000000000001
2142.5,0.016,1314,99,4.800000000000001
2143.0,0.016,1314,99,4.2
2143.5,0.008,1314,99,3.6
2144.0,0.008,1314,99,3.0
2144.5,0.016,1315,99,3.0
2145.0,0.013,1315,99,3.0
2145.5,0.021,1315,99,3.0
2146.0,0.021,1316,99,3.6
2146.5,0.032,1316,99,4.2
2147.0,0.035,1316,99,4.800000000000001
2147.5,0.03,1317,100,5.4
2148.0,0.038,1317,100,4.2
2148.5,0.04,1317,100,3.0
2149.0,0.038,1317,100,3.0
2149.5,0.027,1318,101,3.0
2150.0,0.03,1318,101,2.4000000000000004
2150.5,0.024,1318,101,2.4000000000000004
2151.0,0.021,1319,101,2.4000000000000004
2151.5,0.03,1319,100,2.4000000000000004
2152.0,0.021,1319,100,2.4000000000000004
2152.5,0.011,1320,100,3.0
2153.0,0.005,1320,100,2.4000000000000004
2153.5,0.003,1320,100,1.8
2154.0,0.0,1321,100,1.2000000000000002
2154.5,0.005,1321,101,1.2000000000000002
2155.0,0.008,1321,101,1.2000000000000002
2155.5,0.008,1321,101,1.2000000000000002
2156.0,0.013,1322,101,1.2000000000000002
2156.5,0.016,1322,101,1.2000000000000002
2157.0,0.016,1322,100,0.6000000000000001
2157.5,0.011,1323,100,0.6000000000000001
2158.0,0.003,1323,99,0.6000000000000001
2158.5,0.003,1323,98,1.2000000000000002
2159.0,0.011,1323,98,0.6000000000000001
2159.5,0.016,1324,98,1.2000000000000002
2160.0,0.019,1324,98,1.2000000000000002
2160.5,0.035,1324,99,0.0
2161.0,0.032,1325,99,0.0
2161.5,0.04,1325,99,0.0
2162.0,0.043,1325,98,0.0
2162.5,0.051,1326,98,0.0
2163.0,0.051,1326,98,0.0
2163.5,0.056,1326,98,0.0
2164.0,0.056,1326,98,0.0
2164.5,0.059,1327,98,0.0
2165.0,0.054,1327,98,0.0
2165.5,0.054,1327,98,0.0
2166.0,0.051,1328,99,0.0
2166.5,0.043,1328,99,0.0
2167.0,0.04,1328,99,0.0
2167.5,0.032,1329,100,0.0
2168.0,0.03,1329,100,0.0
2168.5,0.021,1329,101,0.0
2169.0,0.003,1330,101,0.0
2169.5,0.0,1330,101,0.0
2170.0,0.003,1330,101,0.0
2170.5,0.013,1330,100,0.0
2171.0,0.013,1331,100,0.0
2171.5,0.019,1331,99,0.0
2172.0,0.027,1331,99,0.0
2172.5,0.032,1332,100,0.0
2173.0,0.032,1332,100,1.2000000000000002
2173.5,0.04,1332,99,2.4000000000000004
2174.0,0.035,1333,99,3.0
2174.5,0.024,1333,100,3.0
2175.0,0.024,1333,100,3.0
2175.5,0.019,1334,99,3.0
2176.0,0.011,1334,99,3.0
2176.5,0.011,1334,99,3.0
2177.0,0.003,1335,99,3.0
2177.5,0.013,1335,99,3.0
2178.0,0.016,1335,99,4.2
2178.5,0.019,1335,99,4.800000000000001
2179.0,0.024,1336,99,4.800000000000001
2179.5,0.03,1336,100,4.2
2180.0,0.027,1336,100,3.6
2180.5,0.027,1337,99,3.0
2181.0,0.024,1337,99,3.0
2181.5,0.035,1337,99,3.0
2182.0,0.027,1338,99,2.4000000000000004
2182.5,0.021,1338,99,3.0
2183.0,0.024,1338,99,3.6
2183.5,0.019,1339,99,4.2
2184.0,0.011,1339,99,4.800000000000001
2184.5,0.008,1339,100,5.4
2185.0,0.003,1339,100,4.2
2185.5,0.0,1340,100,3.6
2186.0,0.003,1340,100,3.0
2186.5,0.011,1340,101,2.4000000000000004
2187.0,0.011,1341,101,2.4000000000000004
2187.5,0.011,1341,101,2.4000000000000004
2188.0,0.021,1341,101,1.8
2188.5,0.021,1341,100,2.4000000000000004
2189.0,0.024,1342,100,2.4000000000000004
2189.5,0.021,1342,100,3.0
2190.0,0.024,1342,100,1.8
2190.5,0.008,1343,100,1.8
2191.0,0.008,1343,100,1.2000000000000002
2191.5,0.0,1343,101,1.2000000000000002
2192.0,0.011,1344,101,1.2000000000000002
2192.5,0.019,1344,101,1.2000000000000002
2193.0,0.019,1344,101,1.2000000000000002
2193.5,0.032,1345,101,0.6000000000000001
2194.0,0.038,1345,100,0.6000000000000001
2194.5,0.038,1345,100,0.6000000000000001
2195.0,0.043,1345,99,1.2000000000000002
2195.5,0.043,1346,99,1.2000000000000002
2196.0,0.059,1346,98,1.2000000000000002
2196.5,0.056,1346,98,1.2000000000000002
2197.0,0.054,1347,99,1.2000000000000002
2197.5,0.059,1347,99,0.0
2198.0,0.062,1347,99,0.0
2198.5,0.056,1348,99,0.0
2199.0,0.048,1348,98,0.0
2199.5,0.048,1348,98,0.0
2200.0,0.043,1348,98,0.0
2200.5,0.038,1349,98,0.0
2201.0,0.013,1350,98,0.0
2201.5,0.008,1350,98,0.0
2202.0,0.003,1350,98,0.0
2202.5,0.003,1350,99,0.0
2203.0,0.005,1351,99,0.0
2203.5,0.016,1351,100,0.0
2204.0,0.024,1351,100,0.0
2204.5,0.024,1352,101,0.0
2205.0,0.024,1352,101,0.0
2205.5,0.03,1352,101,0.0
2206.0,0.027,1353,100,0.0
2206.5,0.021,1353,100,0.0
2207.0,0.016,1353,100,0.0
2207.5,0.013,1353,99,0.0
2208.0,0.008,1354,99,0.0
2208.5,0.011,1354,99,0.0
2209.0,0.005,1354,99,1.2000000000000002
2209.5,0.011,1355,99,2.4000000000000004
2210.0,0.011,1355,99,3.0
2210.5,0.013,1355,99,3.0
2211.0,0.021,1356,99,3.0
2211.5,0.024,1356,99,3.0
2212.0,0.024,1356,99,3.0
2212.5,0.027,1357,99,3.0
2213.0,0.032,1357,99,3.6
2213.5,0.024,1357,99,3.6
2214.0,0.027,1357,99,3.6
2214.5,0.024,1358,99,4.2
2215.0,0.016,1358,99,4.800000000000001
2215.5,0.011,1358,99,4.800000000000001
2216.0,0.008,1359,100,4.2
2216.5,0.005,1359,100,4.2
2217.0,0.0,1359,99,3.6
2217.5,0.016,1359,99,3.0
2218.0,0.019,1360,99,3.0
2218.5,0.016,1360,99,3.0
2219.0,0.027,1360,99,3.0
2219.5,0.024,1361,99,3.6
2220.0,0.032,1361,99,3.6
2220.5,0.038,1361,100,4.2
2221.0,0.038,1362,100,5.4
2221.5,0.038,1362,101,4.2
2222.0,0.038,1362,100,3.6
2222.5,0.04,1362,100,3.0
2223.0,0.019,1363,101,2.4000000000000004
2223.5,0.016,1363,101,2.4000000000000004
2224.0,0.013,1363,101,2.4000000000000004
2224.5,0.005,1364,101,2.4000000000000004
2225.0,0.0,1364,101,2.4000000000000004
2225.5,0.008,1364,100,2.4000000000000004
2226.0,0.019,1365,100,3.0
2226.5,0.043,1366,101,1.2000000000000002
2227.0,0.051,1366,101,1.2000000000000002
2227.5,0.054,1366,101,1.2000000000000002
2228.0,0.051,1367,101,0.6000000000000001
2228.5,0.051,1367,100,0.6000000000000001
2229.0,0.056,1367,100,1.2000000000000002
2229.5,0.051,1368,100,0.6000000000000001
2230.0,0.046,1368,99,0.6000000000000001
2230.5,0.04,1368,98,0.6000000000000001
2231.0,0.04,1369,98,0.6000000000000001
2231.5,0.032,1369,98,1.2000000000000002
2232.0,0.03,1369,98,0.6000000000000001
2232.5,0.021,1369,99,0.0
2233.0,0.019,1370,99,0.0
2233.5,0.011,1370,98,0.0
2234.0,0.005,1370,98,0.0
2234.5,0.005,1371,98,0.0
2235.0,0.0,1371,98,0.0
2235.5,0.016,1371,98,0.0
2236.0,0.016,1371,98,0.0
2236.5,0.019,1372,98,0.0
2237.0,0.016,1372,98,0.0
2237.5,0.019,1372,98,0.0
2238.0,0.013,1373,99,0.0
2238.5,0.008,1373,99,0.0
2239.0,0.008,1373,100,0.0
2239.5,0.003,1374,100,0.0
2240.0,0.008,1374,100,0.0
2240.5,0.005,1374,101,0.0
2241.0,0.016,1375,101,0.0
2241.5,0.024,1375,101,0.0
2242.0,0.024,1375,101,0.0
2242.5,0.027,1375,100,0.0
2243.0,0.024,1376,100,0.0
2243.5,0.035,1376,100,0.0
2244.0,0.035,1376,99,0.0
2244.5,0.03,1377,99,0.0
2245.0,0.032,1377,100,1.2000000000000002
2245.5,0.032,1377,99,2.4000000000000004
2246.0,0.03,1377,100,3.0
2246.5,0.021,1378,100,3.0
2247.0,0.019,1378,99,3.0
2247.5,0.013,1378,99,3.0
2248.0,0.005,1379,99,3.0
2248.5,0.008,1379,99,3.0
2249.0,0.0,1379,99,3.0
2249.5,0.013,1380,99,3.6
2250.0,0.021,1380,99,3.6
2250.5,0.021,1380,99,4.2
2251.0,0.024,1380,99,4.800000000000001
2251.5,0.035,1381,99,4.800000000000001
2252.0,0.043,1381,100,4.2
2252.5,0.046,1381,100,3.6
2253.0,0.046,1382,99,3.0
2253.5,0.048,1382,99,3.0
2254.0,0.048,1382,99,2.4000000000000004
2254.5,0.043,1383,99,3.0
2255.0,0.032,1383,99,3.0
2255.5,0.024,1383,99,3.6
2256.0,0.021,1384,99,4.2
2256.5,0.013,1384,100,4.800000000000001
2257.0,0.011,1384,100,5.4
2257.5,0.005,1384,101,3.6
2258.0,0.013,1385,101,3.0
2258.5,0.013,1385,101,3.0
2259.0,0.027,1385,102,2.4000000000000004
2259.5,0.032,1386,101,2.4000000000000004
2260.0,0.035,1386,101,2.4000000000000004
2260.5,0.04,1386,101,2.4000000000000004
2261.0,0.04,1387,101,2.4000000000000004
2261.5,0.046,1387,100,2.4000000000000004
2262.0,0.046,1387,100,2.4000000000000004
2262.5,0.046,1387,100,1.8
2263.0,0.046,1388,100,1.8
2263.5,0.043,1388,100,1.2000000000000002
2264.0,0.035,1388,101,1.2000000000000002
2264.5,0.032,1389,101,1.2000000000000002
2265.0,0.032,1389,101,1.2000000000000002
2265.5,0.024,1389,101,0.6000000000000001
2266.0,0.013,1390,101,0.6000000000000001
2266.5,0.011,1390,100,0.6000000000000001
2267.0,0.008,1390,100,0.6000000000000001
2267.5,0.0,1390,99,0.6000000000000001
2268.0,0.003,1391,99,1.2000000000000002
2268.5,0.005,1391,99,1.2000000000000002
2269.0,0.013,1391,99,1.2000000000000002
2269.5,0.016,1392,99,0.6000000000000001
2270.0,0.019,1392,99,0.0
2270.5,0.019,1392,99,0.0
2271.0,0.016,1393,99,0.0
2271.5,0.003,1393,99,0.0
2272.0,0.003,1393,98,0.0
2272.5,0.003,1393,98,0.0
2273.0,0.008,1394,98,0.0
2273.5,0.013,1394,98,0.0
2274.0,0.019,1394,98,0.0
2274.5,0.032,1395,98,0.0
2275.0,0.035,1395,99,0.0
2275.5,0.043,1395,99,0.0
2276.0,0.04,1396,99,0.0
2276.5,0.046,1396,99,0.0
2277.0,0.051,1396,100,0.0
2277.5,0.048,1396,100,0.0
2278.0,0.043,1397,101,0.0
2278.5,0.04,1397,101,0.0
2279.0,0.051,1397,101,0.0
2279.5,0.04,1398,100,0.0
2280.0,0.03,1398,100,0.0
2280.5,0.03,1398,100,0.0
2281.0,0.024,1398,99,0.0
2281.5,0.016,1399,99,0.0
2282.0,0.011,1399,100,0.0
2282.5,0.003,1400,99,1.8
2283.0,0.0,1400,99,2.4000000000000004
2283.5,0.011,1400,99,3.0
2284.0,0.016,1400,100,3.0
2284.5,0.019,1401,100,3.0
2285.0,0.03,1401,99,3.0
2285.5,0.043,1401,99,3.0
2286.0,0.032,1402,99,3.0
2286.5,0.043,1402,99,3.0
2287.0,0.043,1402,99,3.6
2287.5,0.046,1402,99,3.6
2288.0,0.035,1403,99,4.2
2288.5,0.03,1403,99,4.800000000000001
2289.0,0.03,1403,99,4.800000000000001
2289.5,0.016,1404,100,4.2
2290.0,0.013,1404,100,3.6
2290.5,0.011,1404,99,3.0
2291.0,0.003,1405,100,3.0
2291.5,0.013,1405,99,3.0
2292.0,0.013,1405,99,3.0
2292.5,0.021,1405,99,3.0
2293.0,0.021,1406,99,3.0
2293.5,0.035,1406,100,3.6
2294.0,0.035,1406,100,4.2
2294.5,0.035,1407,101,4.800000000000001
2295.0,0.038,1407,101,3.6
2295.5,0.043,1407,101,3.0
2296.0,0.043,1408,101,3.0
2296.5,0.038,1408,102,2.4000000000000004
2297.0,0.035,1408,101,2.4000000000000004
2297.5,0.03,1408,101,2.4000000000000004
2298.0,0.024,1409,101,2.4000000000000004
2298.5,0.027,1409,101,2.4000000000000004
2299.0,0.021,1409,100,2.4000000000000004
2299.5,0.008,1410,100,2.4000000000000004
2300.0,0.005,1410,100,1.8
2300.5,0.003,1410,100,1.8
2301.0,0.003,1411,101,1.2000000000000002
2301.5,0.005,1411,101,1.2000000000000002
2302.0,0.013,1411,101,1.2000000000000002
2302.5,0.011,1412,101,1.2000000000000002
2303.0,0.013,1412,101,1.2000000000000002
2303.5,0.016,1412,100,1.2000000000000002
2304.0,0.016,1412,100,1.2000000000000002
2304.5,0.013,1413,99,1.2000000000000002
2305.0,0.003,1413,99,0.6000000000000001
2305.5,0.003,1413,99,0.6000000000000001
2306.0,0.008,1414,98,1.2000000000000002
2306.5,0.013,1414,98,1.2000000000000002
2307.0,0.016,1414,99,0.6000000000000001
2307.5,0.032,1414,99,0.0
2308.0,0.04,1415,99,0.0
2308.5,0.038,1415,99,0.0
2309.0,0.048,1415,98,0.0
2309.5,0.051,1416,98,0.0
2310.0,0.056,1416,98,0.0
2310.5,0.056,1416,98,0.0
2311.0,0.062,1417,98,0.0
2311.5,0.059,1417,98,0.0
2312.0,0.056,1417,98,0.0
2312.5,0.056,1417,98,0.0
2313.0,0.054,1418,98,0.0
2313.5,0.046,1418,99,0.0
2314.0,0.038,1418,100,0.0
2314.5,0.03,1419,100,0.0
2315.0,0.03,1419,100,0.0
2315.5,0.016,1419,101,0.0
2316.0,0.003,1420,101,0.0
2316.5,0.003,1420,101,0.0
2317.0,0.003,1420,100,0.0
2317.5,0.011,1420,100,0.0
2318.0,0.024,1423,99,3.0
2318.5,0.021,1423,99,3.0
2319.0,0.016,1424,99,3.0
2319.5,0.008,1424,98,3.0
2320.0,0.005,1424,98,3.0
2320.5,0.008,1425,99,3.6
2321.0,0.011,1425,98,3.6
2321.5,0.021,1425,98,4.2
2322.0,0.021,1425,99,4.800000000000001
2322.5,0.021,1426,99,4.800000000000001
2323.0,0.032,1426,99,4.2
2323.5,0.03,1426,99,3.6
2324.0,0.024,1427,99,3.6
2324.5,0.03,1427,99,3.0
2325.0,0.032,1427,99,3.0
2325.5,0.03,1428,99,3.0
2326.0,0.019,1428,99,3.0
2326.5,0.016,1428,99,3.6
2327.0,0.019,1429,99,4.2
2327.5,0.016,1429,99,4.800000000000001
2328.0,0.011,1429,100,5.4
2328.5,0.003,1429,100,4.2
2329.0,0.0,1430,100,3.6
2329.5,0.003,1430,100,3.0
2330.0,0.005,1430,101,2.4000000000000004
2330.5,0.011,1431,101,2.4000000000000004
2331.0,0.011,1431,101,2.4000000000000004
2331.5,0.016,1431,101,2.4000000000000004
2332.0,0.008,1432,100,2.4000000000000004
2332.5,0.013,1432,100,2.4000000000000004
2333.0,0.019,1432,100,3.0
2333.5,0.019,1432,100,1.8
2334.0,0.013,1433,100,1.2000000000000002
2334.5,0.008,1433,100,1.2000000000000002
2335.0,0.005,1433,101,1.2000000000000002
2335.5,0.005,1434,101,1.2000000000000002
2336.0,0.016,1434,101,1.2000000000000002
2336.5,0.013,1434,101,1.2000000000000002
2337.0,0.03,1435,100,1.2000000000000002
2337.5,0.035,1435,100,0.6000000000000001
2338.0,0.035,1435,100,1.2000000000000002
2338.5,0.038,1436,99,1.2000000000000002
2339.0,0.038,1436,99,1.2000000000000002
2339.5,0.046,1436,98,1.2000000000000002
2340.0,0.048,1436,98,1.2000000000000002
2340.5,0.048,1437,99,1.2000000000000002
2341.0,0.054,1437,99,0.0
2341.5,0.059,1437,99,0.0
2342.0,0.054,1438,99,0.0
2342.5,0.04,1438,98,0.0
2343.0,0.048,1438,98,0.0
2343.5,0.04,1438,98,0.0
2344.0,0.032,1439,98,0.0
2344.5,0.032,1439,98,0.0
2345.0,0.032,1439,97,0.0
2345.5,0.016,1440,98,0.0
2346.0,0.011,1440,98,0.0
2346.5,0.011,1440,98,0.0
2347.0,0.008,1441,98,0.0
2347.5,0.003,1441,99,0.0
2348.0,0.0,1441,99,0.0
2348.5,0.0,1441,100,0.0
2349.0,0.008,1442,101,0.0
2349.5,0.013,1442,101,0.0
2350.0,0.011,1442,100,0.0
2350.5,0.008,1443,100,0.0
2351.0,0.013,1443,100,0.0
2351.5,0.005,1443,100,0.0
2352.0,0.003,1444,99,0.0
2352.5,0.003,1444,99,0.0
2353.0,0.003,1444,99,0.0
2353.5,0.003,1444,99,1.2000000000000002
2354.0,0.008,1445,98,2.4000000000000004
2354.5,0.005,1445,99,3.0
2355.0,0.008,1445,99,3.0
2355.5,0.011,1446,99,3.0
2356.0,0.011,1446,99,3.0
2356.5,0.016,1446,99,3.0
2357.0,0.011,1447,98,3.0
2357.5,0.011,1447,98,3.0
2358.0,0.011,1447,99,3.6
2358.5,0.008,1447,99,3.6
2359.0,0.005,1448,98,4.2
2359.5,0.003,1448,99,4.800000000000001
2360.0,0.0,1448,99,4.800000000000001
2360.5,0.0,1449,99,4.800000000000001
2361.0,0.003,1449,99,4.2
2361.5,0.003,1449,99,3.6
2362.0,0.011,1449,99,3.0
2362.5,0.011,1450,99,3.0
2363.0,0.011,1450,99,3.0
2363.5,0.016,1450,99,3.0
2364.0,0.013,1451,99,3.0
2364.5,0.008,1451,99,3.6
2365.0,0.011,1451,100,4.2
2365.5,0.008,1452,100,5.4
2366.0,0.005,1452,100,4.2
2366.5,0.003,1452,100,3.0
2367.0,0.0,1452,100,3.0
2367.5,0.003,1453,101,2.4000000000000004
2368.0,0.005,1453,101,2.4000000000000004
2368.5,0.005,1454,100,2.4000000000000004
2369.0,0.011,1454,100,2.4000000000000004
2369.5,0.013,1454,100,2.4000000000000004
2370.0,0.019,1455,100,3.0
2370.5,0.021,1455,100,1.8
2371.0,0.027,1455,99,1.8
2371.5,0.024,1456,100,1.2000000000000002
2372.0,0.024,1456,101,1.2000000000000002
2372.5,0.032,1456,101,1.2000000000000002
2373.0,0.03,1456,101,1.2000000000000002
2373.5,0.03,1457,101,1.2000000000000002
2374.0,0.032,1457,101,1.2000000000000002
2374.5,0.032,1457,100,1.2000000000000002
2375.0,0.03,1458,100,1.2000000000000002
2375.5,0.024,1458,99,1.2000000000000002
2376.0,0.03,1458,98,1.2000000000000002
2376.5,0.032,1459,98,1.2000000000000002
2377.0,0.027,1459,98,1.2000000000000002
2377.5,0.024,1459,98,1.2000000000000002
2378.0,0.032,1459,99,0.0
2378.5,0.024,1460,98,0.0
2379.0,0.021,1460,98,0.0
2379.5,0.021,1460,98,0.0
2380.0,0.021,1461,98,0.0
2380.5,0.016,1461,98,0.0
2381.0,0.019,1461,98,0.0
2381.5,0.021,1461,98,0.0
2382.0,0.016,1462,98,0.0
2382.5,0.013,1462,98,0.0
2383.0,0.011,1462,98,0.0
2383.5,0.016,1463,98,0.0
2384.0,0.019,1463,99,0.0
2384.5,0.011,1463,99,0.0
2385.0,0.016,1464,100,0.0
2385.5,0.016,1464,100,0.0
2386.0,0.013,1464,101,0.0
2386.5,0.016,1465,101,0.0
2387.0,0.016,1465,101,0.0
2387.5,0.016,1465,101,0.0
2388.0,0.016,1465,100,0.0
2388.5,0.011,1466,100,0.0
2389.0,0.016,1466,99,0.0
2389.5,0.013,1466,99,0.0
2390.0,0.011,1467,99,0.0
2390.5,0.011,1467,99,1.2000000000000002
2391.0,0.011,1467,99,2.4000000000000004
2391.5,0.008,1467,99,3.0
2392.0,0.003,1468,99,3.0
2392.5,0.005,1468,99,3.0
2393.0,0.003,1469,99,3.0
2393.5,0.003,1469,99,3.0
2394.0,0.003,1469,99,3.0
2394.5,0.008,1470,99,3.6
2395.0,0.011,1470,99,3.6
2395.5,0.008,1470,99,4.2
2396.0,0.011,1470,99,4.800000000000001
2396.5,0.013,1471,99,4.800000000000001
2397.0,0.013,1471,100,4.2
2397.5,0.005,1471,100,4.2
2398.0,0.008,1472,99,3.6
2398.5,0.008,1472,99,3.0
2399.0,0.005,1472,99,3.0
2399.5,0.005,1473,99,3.0
2400.0,0.003,1473,99,3.0
2400.5,0.0,1473,99,3.6
2401.0,0.003,1473,99,4.2
2401.5,0.003,1474,99,4.800000000000001
2402.0,0.008,1474,100,5.4
2402.5,0.005,1474,100,4.2
2403.0,0.013,1475,100,3.6
2403.5,0.011,1475,100,3.0
2404.0,0.013,1475,101,3.0
2404.5,0.021,1476,101,2.4000000000000004
2405.0,0.021,1476,101,2.4000000000000004
2405.5,0.021,1476,101,2.4000000000000004
2406.0,0.024,1476,100,2.4000000000000004
2406.5,0.027,1477,100,2.4000000000000004
2407.0,0.024,1477,100,3.0
2407.5,0.024,1477,100,2.4000000000000004
2408.0,0.03,1478,100,1.8
2408.5,0.027,1478,100,1.2000000000000002
2409.0,0.024,1478,101,1.2000000000000002
2409.5,0.027,1479,101,1.2000000000000002
2410.0,0.027,1479,101,1.2000000000000002
2410.5,0.024,1479,101,0.6000000000000001
2411.0,0.021,1479,101,1.2000000000000002
2411.5,0.027,1480,100,0.6000000000000001
2412.0,0.027,1480,100,0.6000000000000001
2412.5,0.021,1480,99,1.2000000000000002
2413.0,0.024,1481,99,1.2000000000000002
2413.5,0.027,1481,98,1.2000000000000002
2414.0,0.027,1481,98,1.2000000000000002
2414.5,0.024,1482,98,1.2000000000000002
2415.0,0.027,1482,99,0.0
2415.5,0.024,1482,99,0.0
2416.0,0.024,1483,99,0.0
2416.5,0.03,1483,98,0.0
2417.0,0.03,1483,98,0.0
2417.5,0.027,1483,98,0.0
2418.0,0.027,1484,98,0.0
2418.5,0.027,1484,98,0.0
2419.0,0.027,1484,98,0.0
2419.5,0.027,1485,98,0.0
2420.0,0.03,1485,98,0.0
2420.5,0.032,1485,98,0.0
2421.0,0.03,1485,99,0.0
2421.5,0.024,1486,99,0.0
2422.0,0.027,1486,100,0.0
2422.5,0.027,1486,100,0.0
2423.0,0.027,1487,101,0.0
2423.5,0.021,1487,101,0.0
2424.0,0.024,1487,101,0.0
2424.5,0.019,1488,100,0.0
2425.0,0.016,1488,100,0.0
2425.5,0.013,1488,100,0.0
2426.0,0.016,1488,0,0.0
2426.5,0.008,1488,0,0.0
2427.0,0.008,1488,0,0.0
2427.5,0.008,1488,0,0.0
2428.0,0.005,1488,0,0.0
2428.5,0.005,1488,0,0.0
2429.0,0.003,1488,0,0.0
2429.5,0.003,1488,0,0.0
2430.0,0.0,1488,0,0.0
2430.5,0.005,1488,0,0.0
2431.0,0.003,1488,0,0.0
2431.5,0.005,1488,0,0.0
2432.0,0.003,1488,0,0.0
2432.5,0.003,1488,0,0.0
2433.0,0.003,1488,0,0.0
2433.5,0.003,1488,0,0.0
2434.0,0.008,1488,0,0.0
2434.5,0.008,1488,0,0.0
2435.0,0.008,1488,0,0.0
2435.5,0.013,1488,0,0.0
2436.0,0.016,1488,0,0.0
2436.5,0.013,1488,0,0.0
2437.0,0.019,1488,0,0.0
2437.5,0.021,1488,0,0.0
2438.0,0.016,1488,0,0.0
