time,torque,angle,rpm,step,step,torque,angle
0,0,0,0,1,1,0.076,723
0.5,0.052,0,0,1,,,
1.0,0.052,0,0,1,,,
1.5,0.052,0,0,1,,,
2.0,0.052,0,0,1,,,
2.5,0.052,0,0,1,,,
3.0,0.052,0,0,1,,,
3.5,0.058,0,0,1,,,
4.0,0.052,0,0,1,,,
4.5,0.058,0,0,1,,,
5.0,0.058,0,0,1,,,
5.5,0.052,0,0,1,,,
6.0,0.058,0,0,1,,,
6.5,0.058,0,0,1,,,
7.0,0.058,0,0,1,,,
7.5,0.058,0,0,1,,,
8.0,0.052,0,0,1,,,
8.5,0.052,0,0,1,,,
9.0,0.058,0,0,1,,,
9.5,0.058,0,0,1,,,
10.0,0.052,0,0,1,,,
10.5,0.052,0,0,1,,,
11.0,0.052,0,0,1,,,
11.5,0.052,0,0,1,,,
12.0,0.058,0,0,1,,,
12.5,0.052,0,0,1,,,
13.0,0.052,0,0,1,,,
13.5,0.052,0,0,1,,,
14.0,0.052,0,0,1,,,
14.5,0.052,0,0,1,,,
15.0,0.058,0,0,1,,,
15.5,0.052,0,0,1,,,
16.0,0.052,0,0,1,,,
16.5,0.052,0,0,1,,,
17.0,0.058,0,0,1,,,
17.5,0.052,0,0,1,,,
18.0,0.058,0,0,1,,,
18.5,0.052,0,0,1,,,
19.0,0.058,0,0,1,,,
19.5,0.052,0,0,1,,,
20.0,0.052,0,0,1,,,
20.5,0.052,0,0,1,,,
21.0,0.052,0,0,1,,,
21.5,0.052,0,0,1,,,
22.0,0.052,0,0,1,,,
22.5,0.047,0,0,1,,,
23.0,0.058,0,0,1,,,
23.5,0.058,0,0,1,,,
24.0,0.052,0,0,1,,,
24.5,0.052,0,0,1,,,
25.0,0.052,0,0,1,,,
25.5,0.052,0,0,1,,,
26.0,0.052,0,0,1,,,
26.5,0.047,0,0,1,,,
27.0,0.058,0,0,1,,,
27.5,0.058,0,0,1,,,
28.0,0.058,0,0,1,,,
28.5,0.052,0,0,1,,,
29.0,0.052,0,0,1,,,
29.5,0.052,0,1,1,,,
30.0,0.058,0,1,1,,,
30.5,0.052,0,1,1,,,
31.0,0.052,0,1,1,,,
31.5,0.052,0,1,1,,,
32.0,0.052,0,1,1,,,
32.5,0.052,0,2,1,,,
33.0,0.064,0,2,1,,,
33.5,0.052,0,3,1,,,
34.0,0.047,0,3,1,,,
34.5,0.058,0,4,1,,,
35.0,0.052,0,4,1,,,
35.5,0.052,0,7,1,,,
36.0,0.052,0,7,1,,,
36.5,0.052,0,9,1,,,
37.0,0.058,0,9,1,,,
37.5,0.052,0,11,1,,,
38.0,0.058,0,11,1,,,
38.5,0.047,0,14,1,,,
39.0,0.052,0,14,1,,,
39.5,0.052,0,15,1,,,
40.0,0.058,0,15,1,,,
40.5,0.058,0,18,1,,,
41.0,0.052,0,18,1,,,
41.5,0.052,1,21,1,,,
42.0,0.052,1,21,1,,,
42.5,0.052,1,23,1,,,
43.0,0.064,1,23,1,,,
43.5,0.052,1,25,1,,,
44.0,0.052,1,25,1,,,
44.5,0.052,1,28,1,,,
45.0,0.052,1,28,1,,,
45.5,0.052,1,29,1,,,
46.0,0.058,1,29,1,,,
46.5,0.052,1,30,1,,,
47.0,0.052,2,30,1,,,
47.5,0.052,2,30,1,,,
48.0,0.052,2,30,1,,,
48.5,0.052,2,30,1,,,
49.0,0.052,2,30,1,,,
49.5,0.052,2,30,1,,,
50.0,0.052,2,30,1,,,
50.5,0.058,2,28,1,,,
51.0,0.052,2,28,1,,,
51.5,0.058,2,28,1,,,
52.0,0.047,2,28,1,,,
52.5,0.052,2,27,1,,,
53.0,0.052,3,27,1,,,
53.5,0.052,3,25,1,,,
54.0,0.052,3,25,1,,,
54.5,0.058,3,24,1,,,
55.0,0.052,3,24,1,,,
55.5,0.064,3,23,1,,,
56.0,0.064,3,23,1,,,
56.5,0.064,3,22,1,,,
57.0,0.064,3,22,1,,,
57.5,0.064,3,21,1,,,
58.0,0.064,3,21,1,,,
58.5,0.064,3,18,1,,,
59.0,0.07,3,18,1,,,
59.5,0.058,3,17,1,,,
60.0,0.064,3,17,1,,,
60.5,0.058,3,16,1,,,
61.0,0.058,3,16,1,,,
61.5,0.052,3,14,1,,,
62.0,0.064,3,14,1,,,
62.5,0.058,3,12,1,,,
63.0,0.058,3,12,1,,,
63.5,0.064,4,12,1,,,
64.0,0.064,4,12,1,,,
64.5,0.064,4,11,1,,,
65.0,0.064,4,11,1,,,
65.5,0.058,4,12,1,,,
66.0,0.058,4,12,1,,,
66.5,0.064,4,12,1,,,
67.0,0.064,4,12,1,,,
67.5,0.064,4,14,1,,,
68.0,0.064,4,14,1,,,
68.5,0.064,4,15,1,,,
69.0,0.058,4,15,1,,,
69.5,0.058,4,16,1,,,
70.0,0.064,4,16,1,,,
70.5,0.058,4,17,1,,,
71.0,0.07,4,17,1,,,
71.5,0.064,4,20,1,,,
72.0,0.058,4,20,1,,,
72.5,0.064,5,21,1,,,
73.0,0.058,5,21,1,,,
73.5,0.064,5,23,1,,,
74.0,0.064,5,23,1,,,
74.5,0.058,5,24,1,,,
75.0,0.052,5,24,1,,,
75.5,0.064,5,25,1,,,
76.0,0.058,5,25,1,,,
76.5,0.058,5,25,1,,,
77.0,0.058,5,25,1,,,
77.5,0.058,5,25,1,,,
78.0,0.052,5,25,1,,,
78.5,0.052,5,24,1,,,
79.0,0.052,6,24,1,,,
79.5,0.052,6,24,1,,,
80.0,0.052,6,24,1,,,
80.5,0.064,6,23,1,,,
81.0,0.064,6,23,1,,,
81.5,0.058,6,23,1,,,
82.0,0.052,6,23,1,,,
82.5,0.052,6,22,1,,,
83.0,0.052,6,22,1,,,
83.5,0.052,6,21,1,,,
84.0,0.052,6,21,1,,,
84.5,0.052,6,20,1,,,
85.0,0.058,6,20,1,,,
85.5,0.052,6,18,1,,,
86.0,0.052,6,18,1,,,
86.5,0.058,6,17,1,,,
87.0,0.058,6,17,1,,,
87.5,0.052,7,17,1,,,
88.0,0.064,7,17,1,,,
88.5,0.058,7,16,1,,,
89.0,0.058,7,16,1,,,
89.5,0.058,7,16,1,,,
90.0,0.058,7,16,1,,,
90.5,0.058,7,16,1,,,
91.0,0.064,7,16,1,,,
91.5,0.064,7,16,1,,,
92.0,0.064,7,16,1,,,
92.5,0.058,7,16,1,,,
93.0,0.064,7,16,1,,,
93.5,0.064,7,18,1,,,
94.0,0.064,7,18,1,,,
94.5,0.064,7,20,1,,,
95.0,0.064,7,20,1,,,
95.5,0.064,8,21,1,,,
96.0,0.058,8,21,1,,,
96.5,0.058,8,23,1,,,
97.0,0.064,8,23,1,,,
97.5,0.064,8,24,1,,,
98.0,0.064,8,24,1,,,
98.5,0.064,8,25,1,,,
99.0,0.058,8,25,1,,,
99.5,0.058,8,25,1,,,
100.0,0.052,8,25,1,,,
100.5,0.052,8,27,1,,,
101.0,0.052,8,27,1,,,
101.5,0.052,8,25,1,,,
102.0,0.058,9,25,1,,,
102.5,0.058,9,27,1,,,
103.0,0.052,9,27,1,,,
103.5,0.052,9,25,1,,,
104.0,0.058,9,25,1,,,
104.5,0.052,9,24,1,,,
105.0,0.058,9,24,1,,,
105.5,0.064,9,23,1,,,
106.0,0.058,9,23,1,,,
106.5,0.052,9,22,1,,,
107.0,0.052,9,22,1,,,
107.5,0.058,9,20,1,,,
108.0,0.058,9,20,1,,,
108.5,0.052,9,18,1,,,
109.0,0.058,9,18,1,,,
109.5,0.052,9,17,1,,,
110.0,0.052,9,17,1,,,
110.5,0.058,9,16,1,,,
111.0,0.058,10,16,1,,,
111.5,0.052,10,15,1,,,
112.0,0.052,10,15,1,,,
112.5,0.064,10,14,1,,,
113.0,0.064,10,14,1,,,
113.5,0.058,10,14,1,,,
114.0,0.064,10,14,1,,,
114.5,0.064,10,15,1,,,
115.0,0.058,10,15,1,,,
115.5,0.064,10,14,1,,,
116.0,0.058,10,14,1,,,
116.5,0.064,10,16,1,,,
117.0,0.064,10,16,1,,,
117.5,0.064,10,17,1,,,
118.0,0.064,10,17,1,,,
118.5,0.058,10,18,1,,,
119.0,0.064,10,18,1,,,
119.5,0.064,10,20,1,,,
120.0,0.064,11,20,1,,,
120.5,0.064,11,22,1,,,
121.0,0.058,11,22,1,,,
121.5,0.064,11,23,1,,,
122.0,0.064,11,23,1,,,
122.5,0.064,11,24,1,,,
123.0,0.058,11,24,1,,,
123.5,0.058,11,25,1,,,
124.0,0.052,11,25,1,,,
124.5,0.064,11,25,1,,,
125.0,0.052,11,25,1,,,
125.5,0.064,11,25,1,,,
126.0,0.058,11,25,1,,,
126.5,0.064,12,25,1,,,
127.0,0.058,12,25,1,,,
127.5,0.058,12,25,1,,,
128.0,0.064,12,25,1,,,
128.5,0.058,12,24,1,,,
129.0,0.064,12,24,1,,,
129.5,0.058,12,23,1,,,
130.0,0.064,12,23,1,,,
130.5,0.052,12,23,1,,,
131.0,0.052,12,23,1,,,
131.5,0.052,12,21,1,,,
132.0,0.058,12,21,1,,,
132.5,0.058,12,20,1,,,
133.0,0.052,12,20,1,,,
133.5,0.058,12,18,1,,,
134.0,0.058,12,18,1,,,
134.5,0.052,12,18,1,,,
135.0,0.052,13,18,1,,,
135.5,0.052,13,16,1,,,
136.0,0.058,13,16,1,,,
136.5,0.058,13,16,1,,,
137.0,0.058,13,16,1,,,
137.5,0.058,13,16,1,,,
138.0,0.058,13,16,1,,,
138.5,0.052,13,15,1,,,
139.0,0.058,13,15,1,,,
139.5,0.058,13,15,1,,,
140.0,0.058,13,15,1,,,
140.5,0.058,13,17,1,,,
141.0,0.058,13,17,1,,,
141.5,0.07,13,17,1,,,
142.0,0.058,13,17,1,,,
142.5,0.064,13,18,1,,,
143.0,0.058,13,18,1,,,
143.5,0.064,14,21,1,,,
144.0,0.064,14,21,1,,,
144.5,0.064,14,22,1,,,
145.0,0.064,14,22,1,,,
145.5,0.058,14,23,1,,,
146.0,0.064,14,23,1,,,
146.5,0.058,14,25,1,,,
147.0,0.064,14,25,1,,,
147.5,0.058,14,25,1,,,
148.0,0.058,14,25,1,,,
148.5,0.052,14,27,1,,,
149.0,0.058,14,27,1,,,
149.5,0.064,15,27,1,,,
150.0,0.064,15,27,1,,,
150.5,0.058,15,27,1,,,
151.0,0.058,15,27,1,,,
151.5,0.058,15,25,1,,,
152.0,0.052,15,25,1,,,
152.5,0.052,15,25,1,,,
153.0,0.058,15,25,1,,,
153.5,0.058,15,24,1,,,
154.0,0.064,15,24,1,,,
154.5,0.058,15,24,1,,,
155.0,0.052,15,24,1,,,
155.5,0.058,15,22,1,,,
156.0,0.058,15,22,1,,,
156.5,0.064,15,21,1,,,
157.0,0.052,15,21,1,,,
157.5,0.052,16,20,1,,,
158.0,0.058,16,20,1,,,
158.5,0.058,16,18,1,,,
159.0,0.058,16,18,1,,,
159.5,0.052,16,17,1,,,
160.0,0.064,16,17,1,,,
160.5,0.052,16,17,1,,,
161.0,0.058,16,17,1,,,
161.5,0.052,16,16,1,,,
162.0,0.058,16,16,1,,,
162.5,0.064,16,16,1,,,
163.0,0.064,16,16,1,,,
163.5,0.058,16,15,1,,,
164.0,0.064,16,15,1,,,
164.5,0.058,16,15,1,,,
165.0,0.064,16,15,1,,,
165.5,0.058,16,16,1,,,
166.0,0.064,16,16,1,,,
166.5,0.058,16,17,1,,,
167.0,0.058,17,17,1,,,
167.5,0.07,17,18,1,,,
168.0,0.058,17,18,1,,,
168.5,0.058,17,21,1,,,
169.0,0.064,17,21,1,,,
169.5,0.058,17,22,1,,,
170.0,0.064,17,22,1,,,
170.5,0.058,17,23,1,,,
171.0,0.058,17,23,1,,,
171.5,0.058,17,24,1,,,
172.0,0.058,17,24,1,,,
172.5,0.058,17,25,1,,,
173.0,0.058,17,25,1,,,
173.5,0.058,18,25,1,,,
174.0,0.058,18,25,1,,,
174.5,0.058,18,27,1,,,
175.0,0.058,18,27,1,,,
175.5,0.064,18,25,1,,,
176.0,0.064,18,25,1,,,
176.5,0.058,18,25,1,,,
177.0,0.058,18,25,1,,,
177.5,0.058,18,24,1,,,
178.0,0.058,18,24,1,,,
178.5,0.058,18,24,1,,,
179.0,0.058,18,24,1,,,
179.5,0.058,18,23,1,,,
180.0,0.052,18,23,1,,,
180.5,0.058,19,22,1,,,
181.0,0.052,19,22,1,,,
181.5,0.052,19,21,1,,,
182.0,0.058,19,21,1,,,
182.5,0.058,19,20,1,,,
183.0,0.052,19,20,1,,,
183.5,0.052,19,18,1,,,
184.0,0.052,19,18,1,,,
184.5,0.052,19,17,1,,,
185.0,0.058,19,17,1,,,
185.5,0.058,19,17,1,,,
186.0,0.064,19,17,1,,,
186.5,0.052,19,16,1,,,
187.0,0.058,19,16,1,,,
187.5,0.058,19,16,1,,,
188.0,0.052,19,16,1,,,
188.5,0.052,19,16,1,,,
189.0,0.058,19,16,1,,,
189.5,0.058,19,16,1,,,
190.0,0.064,20,16,1,,,
190.5,0.058,20,16,1,,,
191.0,0.064,20,16,1,,,
191.5,0.058,20,18,1,,,
192.0,0.058,20,18,1,,,
192.5,0.058,20,18,1,,,
193.0,0.058,20,18,1,,,
193.5,0.058,20,21,1,,,
194.0,0.058,20,21,1,,,
194.5,0.064,20,22,1,,,
195.0,0.064,20,22,1,,,
195.5,0.058,20,24,1,,,
196.0,0.058,20,24,1,,,
196.5,0.052,21,24,1,,,
197.0,0.064,21,24,1,,,
197.5,0.058,21,27,1,,,
198.0,0.058,21,27,1,,,
198.5,0.052,21,27,1,,,
199.0,0.052,21,27,1,,,
199.5,0.052,21,27,1,,,
200.0,0.058,21,27,1,,,
200.5,0.058,21,27,1,,,
201.0,0.058,21,27,1,,,
201.5,0.058,21,27,1,,,
202.0,0.058,21,27,1,,,
202.5,0.052,21,27,1,,,
203.0,0.052,22,27,1,,,
203.5,0.058,22,25,1,,,
204.0,0.052,22,25,1,,,
204.5,0.064,22,25,1,,,
205.0,0.058,22,25,1,,,
205.5,0.058,22,24,1,,,
206.0,0.058,22,24,1,,,
206.5,0.052,22,24,1,,,
207.0,0.058,22,24,1,,,
207.5,0.052,22,22,1,,,
208.0,0.058,22,22,1,,,
208.5,0.052,22,22,1,,,
209.0,0.058,22,22,1,,,
209.5,0.052,22,21,1,,,
210.0,0.058,22,21,1,,,
210.5,0.058,22,20,1,,,
211.0,0.052,22,20,1,,,
211.5,0.058,23,17,1,,,
212.0,0.058,23,17,1,,,
212.5,0.058,23,17,1,,,
213.0,0.052,23,17,1,,,
213.5,0.052,23,15,1,,,
214.0,0.064,23,15,1,,,
214.5,0.052,23,14,1,,,
215.0,0.052,23,14,1,,,
215.5,0.052,23,12,1,,,
216.0,0.064,23,12,1,,,
216.5,0.058,23,14,1,,,
217.0,0.058,23,14,1,,,
217.5,0.058,23,12,1,,,
218.0,0.064,23,12,1,,,
218.5,0.058,23,12,1,,,
219.0,0.064,23,12,1,,,
219.5,0.064,23,14,1,,,
220.0,0.058,23,14,1,,,
220.5,0.064,23,15,1,,,
221.0,0.058,23,15,1,,,
221.5,0.07,23,15,1,,,
222.0,0.058,24,15,1,,,
222.5,0.064,24,17,1,,,
223.0,0.058,24,17,1,,,
223.5,0.058,24,20,1,,,
224.0,0.058,24,20,1,,,
224.5,0.064,24,21,1,,,
225.0,0.058,24,21,1,,,
225.5,0.058,24,22,1,,,
226.0,0.058,24,22,1,,,
226.5,0.064,24,23,1,,,
227.0,0.058,24,23,1,,,
227.5,0.052,24,24,1,,,
228.0,0.064,24,24,1,,,
228.5,0.058,24,24,1,,,
229.0,0.058,25,24,1,,,
229.5,0.058,25,24,1,,,
230.0,0.064,25,24,1,,,
230.5,0.052,25,24,1,,,
231.0,0.058,25,24,1,,,
231.5,0.052,25,24,1,,,
232.0,0.058,25,24,1,,,
232.5,0.052,25,23,1,,,
233.0,0.052,25,23,1,,,
233.5,0.052,25,23,1,,,
234.0,0.052,25,23,1,,,
234.5,0.052,25,22,1,,,
235.0,0.052,25,22,1,,,
235.5,0.052,25,22,1,,,
236.0,0.064,25,22,1,,,
236.5,0.058,26,21,1,,,
237.0,0.052,26,21,1,,,
237.5,0.052,26,20,1,,,
238.0,0.052,26,20,1,,,
238.5,0.058,26,18,1,,,
239.0,0.052,26,18,1,,,
239.5,0.052,26,17,1,,,
240.0,0.058,26,17,1,,,
240.5,0.052,26,16,1,,,
241.0,0.058,26,16,1,,,
241.5,0.058,26,15,1,,,
242.0,0.058,26,15,1,,,
242.5,0.052,26,15,1,,,
243.0,0.052,26,15,1,,,
243.5,0.052,26,14,1,,,
244.0,0.058,26,14,1,,,
244.5,0.058,26,15,1,,,
245.0,0.058,26,15,1,,,
245.5,0.058,26,15,1,,,
246.0,0.064,26,15,1,,,
246.5,0.064,27,16,1,,,
247.0,0.058,27,16,1,,,
247.5,0.058,27,17,1,,,
248.0,0.07,27,17,1,,,
248.5,0.058,27,20,1,,,
249.0,0.058,27,20,1,,,
249.5,0.064,27,21,1,,,
250.0,0.064,27,21,1,,,
250.5,0.058,27,22,1,,,
251.0,0.064,27,22,1,,,
251.5,0.058,27,24,1,,,
252.0,0.07,27,24,1,,,
252.5,0.064,27,25,1,,,
253.0,0.058,28,25,1,,,
253.5,0.058,28,25,1,,,
254.0,0.064,28,25,1,,,
254.5,0.052,28,27,1,,,
255.0,0.064,28,27,1,,,
255.5,0.052,28,27,1,,,
256.0,0.052,28,27,1,,,
256.5,0.052,28,25,1,,,
257.0,0.058,28,25,1,,,
257.5,0.052,28,24,1,,,
258.0,0.052,28,24,1,,,
258.5,0.058,28,24,1,,,
259.0,0.058,28,24,1,,,
259.5,0.058,28,23,1,,,
260.0,0.064,29,23,1,,,
260.5,0.052,29,22,1,,,
261.0,0.052,29,22,1,,,
261.5,0.052,29,22,1,,,
262.0,0.058,29,22,1,,,
262.5,0.052,29,21,1,,,
263.0,0.052,29,21,1,,,
263.5,0.064,29,18,1,,,
264.0,0.058,29,18,1,,,
264.5,0.052,29,17,1,,,
265.0,0.052,29,17,1,,,
265.5,0.058,29,16,1,,,
266.0,0.047,29,16,1,,,
266.5,0.058,29,15,1,,,
267.0,0.058,29,15,1,,,
267.5,0.052,29,14,1,,,
268.0,0.058,29,14,1,,,
268.5,0.058,29,14,1,,,
269.0,0.058,29,14,1,,,
269.5,0.058,29,14,1,,,
270.0,0.058,29,14,1,,,
270.5,0.058,30,15,1,,,
271.0,0.058,30,15,1,,,
271.5,0.058,30,15,1,,,
272.0,0.052,30,15,1,,,
272.5,0.064,30,16,1,,,
273.0,0.058,30,16,1,,,
273.5,0.058,30,18,1,,,
274.0,0.064,30,18,1,,,
274.5,0.064,30,20,1,,,
275.0,0.058,30,20,1,,,
275.5,0.064,30,22,1,,,
276.0,0.064,30,22,1,,,
276.5,0.064,30,23,1,,,
277.0,0.058,30,23,1,,,
277.5,0.058,31,25,1,,,
278.0,0.058,31,25,1,,,
278.5,0.058,31,27,1,,,
279.0,0.058,31,27,1,,,
279.5,0.058,31,27,1,,,
280.0,0.064,31,27,1,,,
280.5,0.058,31,27,1,,,
281.0,0.052,31,27,1,,,
281.5,0.064,31,27,1,,,
282.0,0.058,31,27,1,,,
282.5,0.052,31,27,1,,,
283.0,0.058,31,27,1,,,
283.5,0.052,32,25,1,,,
284.0,0.052,32,25,1,,,
284.5,0.052,32,25,1,,,
285.0,0.052,32,25,1,,,
285.5,0.058,32,23,1,,,
286.0,0.052,32,23,1,,,
286.5,0.052,32,23,1,,,
287.0,0.058,32,23,1,,,
287.5,0.058,32,21,1,,,
288.0,0.052,32,21,1,,,
288.5,0.052,32,20,1,,,
289.0,0.058,32,20,1,,,
289.5,0.052,32,18,1,,,
290.0,0.058,32,18,1,,,
290.5,0.052,32,17,1,,,
291.0,0.052,32,17,1,,,
291.5,0.052,32,16,1,,,
292.0,0.058,32,16,1,,,
292.5,0.058,32,15,1,,,
293.0,0.058,32,15,1,,,
293.5,0.058,33,15,1,,,
294.0,0.058,33,15,1,,,
294.5,0.058,33,15,1,,,
295.0,0.058,33,15,1,,,
295.5,0.064,33,16,1,,,
296.0,0.064,33,16,1,,,
296.5,0.064,33,16,1,,,
297.0,0.07,33,16,1,,,
297.5,0.064,33,17,1,,,
298.0,0.064,33,17,1,,,
298.5,0.064,33,18,1,,,
299.0,0.064,33,18,1,,,
299.5,0.064,33,20,1,,,
300.0,0.064,33,20,1,,,
300.5,0.058,33,22,1,,,
301.0,0.064,34,22,1,,,
301.5,0.064,34,23,1,,,
302.0,0.064,34,23,1,,,
302.5,0.052,34,25,1,,,
303.0,0.058,34,25,1,,,
303.5,0.058,34,27,1,,,
304.0,0.064,34,27,1,,,
304.5,0.064,34,27,1,,,
305.0,0.058,34,27,1,,,
305.5,0.058,34,27,1,,,
306.0,0.052,34,27,1,,,
306.5,0.058,34,27,1,,,
307.0,0.058,34,27,1,,,
307.5,0.058,35,25,1,,,
308.0,0.064,35,25,1,,,
308.5,0.064,35,24,1,,,
309.0,0.058,35,24,1,,,
309.5,0.058,35,24,1,,,
310.0,0.058,35,24,1,,,
310.5,0.058,35,23,1,,,
311.0,0.052,35,23,1,,,
311.5,0.052,35,23,1,,,
312.0,0.058,35,23,1,,,
312.5,0.058,35,22,1,,,
313.0,0.058,35,22,1,,,
313.5,0.058,35,21,1,,,
314.0,0.052,35,21,1,,,
314.5,0.052,35,20,1,,,
315.0,0.052,35,20,1,,,
315.5,0.052,36,18,1,,,
316.0,0.052,36,18,1,,,
316.5,0.052,36,17,1,,,
317.0,0.052,36,17,1,,,
317.5,0.052,36,17,1,,,
318.0,0.064,36,17,1,,,
318.5,0.058,36,16,1,,,
319.0,0.052,36,16,1,,,
319.5,0.058,36,16,1,,,
320.0,0.052,36,16,1,,,
320.5,0.064,36,15,1,,,
321.0,0.064,36,15,1,,,
321.5,0.058,36,15,1,,,
322.0,0.064,36,15,1,,,
322.5,0.064,36,15,1,,,
323.0,0.058,36,15,1,,,
323.5,0.064,36,16,1,,,
324.0,0.064,36,16,1,,,
324.5,0.058,36,17,1,,,
325.0,0.064,37,17,1,,,
325.5,0.064,37,20,1,,,
326.0,0.064,37,20,1,,,
326.5,0.058,37,21,1,,,
327.0,0.058,37,21,1,,,
327.5,0.058,37,22,1,,,
328.0,0.064,37,22,1,,,
328.5,0.064,37,24,1,,,
329.0,0.058,37,24,1,,,
329.5,0.058,37,24,1,,,
330.0,0.058,37,24,1,,,
330.5,0.058,37,24,1,,,
331.0,0.064,37,24,1,,,
331.5,0.064,38,25,1,,,
332.0,0.058,38,25,1,,,
332.5,0.058,38,25,1,,,
333.0,0.064,38,25,1,,,
333.5,0.052,38,24,1,,,
334.0,0.052,38,24,1,,,
334.5,0.052,38,23,1,,,
335.0,0.052,38,23,1,,,
335.5,0.052,38,23,1,,,
336.0,0.052,38,23,1,,,
336.5,0.058,38,21,1,,,
337.0,0.058,38,21,1,,,
337.5,0.058,38,20,1,,,
338.0,0.058,38,20,1,,,
338.5,0.058,38,18,1,,,
339.0,0.052,38,18,1,,,
339.5,0.052,38,18,1,,,
340.0,0.058,39,18,1,,,
340.5,0.052,39,16,1,,,
341.0,0.052,39,16,1,,,
341.5,0.052,39,16,1,,,
342.0,0.064,39,16,1,,,
342.5,0.064,39,15,1,,,
343.0,0.052,39,15,1,,,
343.5,0.052,39,15,1,,,
344.0,0.064,39,15,1,,,
344.5,0.064,39,15,1,,,
345.0,0.064,39,15,1,,,
345.5,0.064,39,16,1,,,
346.0,0.058,39,16,1,,,
346.5,0.058,39,17,1,,,
347.0,0.064,39,17,1,,,
347.5,0.064,39,20,1,,,
348.0,0.064,39,20,1,,,
348.5,0.058,40,21,1,,,
349.0,0.058,40,21,1,,,
349.5,0.064,40,22,1,,,
350.0,0.058,40,22,1,,,
350.5,0.064,40,24,1,,,
351.0,0.058,40,24,1,,,
351.5,0.058,40,24,1,,,
352.0,0.058,40,24,1,,,
352.5,0.058,40,25,1,,,
353.0,0.064,40,25,1,,,
353.5,0.058,40,25,1,,,
354.0,0.064,40,25,1,,,
354.5,0.052,40,25,1,,,
355.0,0.058,41,25,1,,,
355.5,0.058,41,24,1,,,
356.0,0.058,41,24,1,,,
356.5,0.058,41,24,1,,,
357.0,0.058,41,24,1,,,
357.5,0.058,41,23,1,,,
358.0,0.052,41,23,1,,,
358.5,0.058,41,22,1,,,
359.0,0.052,41,22,1,,,
359.5,0.052,41,21,1,,,
360.0,0.052,41,21,1,,,
360.5,0.052,41,21,1,,,
361.0,0.058,41,21,1,,,
361.5,0.058,41,18,1,,,
362.0,0.058,41,18,1,,,
362.5,0.052,41,17,1,,,
363.0,0.058,41,17,1,,,
363.5,0.058,41,17,1,,,
364.0,0.052,42,17,1,,,
364.5,0.058,42,16,1,,,
365.0,0.052,42,16,1,,,
365.5,0.052,42,15,1,,,
366.0,0.064,42,15,1,,,
366.5,0.064,42,16,1,,,
367.0,0.058,42,16,1,,,
367.5,0.052,42,16,1,,,
368.0,0.064,42,16,1,,,
368.5,0.058,42,16,1,,,
369.0,0.058,42,16,1,,,
369.5,0.058,42,17,1,,,
370.0,0.064,42,17,1,,,
370.5,0.058,42,18,1,,,
371.0,0.058,42,18,1,,,
371.5,0.064,42,20,1,,,
372.0,0.058,43,20,1,,,
372.5,0.07,43,22,1,,,
373.0,0.064,43,22,1,,,
373.5,0.064,43,24,1,,,
374.0,0.064,43,24,1,,,
374.5,0.058,43,27,1,,,
375.0,0.058,43,27,1,,,
375.5,0.052,43,27,1,,,
376.0,0.058,43,27,1,,,
376.5,0.064,43,28,1,,,
377.0,0.058,43,28,1,,,
377.5,0.058,43,27,1,,,
378.0,0.052,44,27,1,,,
378.5,0.052,44,27,1,,,
379.0,0.058,44,27,1,,,
379.5,0.058,44,25,1,,,
380.0,0.058,44,25,1,,,
380.5,0.058,44,27,1,,,
381.0,0.058,44,27,1,,,
381.5,0.052,44,25,1,,,
382.0,0.058,44,25,1,,,
382.5,0.052,44,24,1,,,
383.0,0.058,44,24,1,,,
383.5,0.052,44,23,1,,,
384.0,0.052,44,23,1,,,
384.5,0.052,44,23,1,,,
385.0,0.052,44,23,1,,,
385.5,0.058,45,21,1,,,
386.0,0.052,45,21,1,,,
386.5,0.052,45,20,1,,,
387.0,0.058,45,20,1,,,
387.5,0.052,45,20,1,,,
388.0,0.052,45,20,1,,,
388.5,0.058,45,18,1,,,
389.0,0.052,45,18,1,,,
389.5,0.058,45,17,1,,,
390.0,0.052,45,17,1,,,
390.5,0.052,45,16,1,,,
391.0,0.052,45,16,1,,,
391.5,0.058,45,16,1,,,
392.0,0.052,45,16,1,,,
392.5,0.058,45,15,1,,,
393.0,0.058,45,15,1,,,
393.5,0.058,45,15,1,,,
394.0,0.058,45,15,1,,,
394.5,0.064,45,15,1,,,
395.0,0.07,45,15,1,,,
395.5,0.058,46,16,1,,,
396.0,0.064,46,16,1,,,
396.5,0.064,46,16,1,,,
397.0,0.07,46,16,1,,,
397.5,0.064,46,18,1,,,
398.0,0.064,46,18,1,,,
398.5,0.064,46,20,1,,,
399.0,0.064,46,20,1,,,
399.5,0.064,46,21,1,,,
400.0,0.064,46,21,1,,,
400.5,0.064,46,23,1,,,
401.0,0.058,46,23,1,,,
401.5,0.058,46,25,1,,,
402.0,0.058,46,25,1,,,
402.5,0.064,47,25,1,,,
403.0,0.052,47,25,1,,,
403.5,0.058,47,27,1,,,
404.0,0.058,47,27,1,,,
404.5,0.058,47,28,1,,,
405.0,0.058,47,28,1,,,
405.5,0.058,47,28,1,,,
406.0,0.052,47,28,1,,,
406.5,0.052,47,27,1,,,
407.0,0.058,47,27,1,,,
407.5,0.058,47,28,1,,,
408.0,0.052,47,28,1,,,
408.5,0.058,48,27,1,,,
409.0,0.058,48,27,1,,,
409.5,0.052,48,25,1,,,
410.0,0.052,48,25,1,,,
410.5,0.052,48,24,1,,,
411.0,0.058,48,24,1,,,
411.5,0.052,48,24,1,,,
412.0,0.052,48,24,1,,,
412.5,0.052,48,22,1,,,
413.0,0.058,48,22,1,,,
413.5,0.052,48,22,1,,,
414.0,0.052,48,22,1,,,
414.5,0.052,48,21,1,,,
415.0,0.058,48,21,1,,,
415.5,0.058,48,20,1,,,
416.0,0.058,48,20,1,,,
416.5,0.052,49,18,1,,,
417.0,0.052,49,18,1,,,
417.5,0.058,49,18,1,,,
418.0,0.052,49,18,1,,,
418.5,0.052,49,17,1,,,
419.0,0.052,49,17,1,,,
419.5,0.058,49,16,1,,,
420.0,0.064,49,16,1,,,
420.5,0.058,49,16,1,,,
421.0,0.052,49,16,1,,,
421.5,0.064,49,16,1,,,
422.0,0.058,49,16,1,,,
422.5,0.064,49,15,1,,,
423.0,0.058,49,15,1,,,
423.5,0.064,49,15,1,,,
424.0,0.058,49,15,1,,,
424.5,0.064,49,16,1,,,
425.0,0.058,49,16,1,,,
425.5,0.058,49,17,1,,,
426.0,0.058,50,17,1,,,
426.5,0.064,50,17,1,,,
427.0,0.064,50,17,1,,,
427.5,0.058,50,20,1,,,
428.0,0.058,50,20,1,,,
428.5,0.076,50,22,1,,,
429.0,0.064,50,22,1,,,
429.5,0.064,50,23,1,,,
430.0,0.064,50,23,1,,,
430.5,0.058,50,23,1,,,
431.0,0.052,50,23,1,,,
431.5,0.052,50,25,1,,,
432.0,0.058,50,25,1,,,
432.5,0.064,51,25,1,,,
433.0,0.058,51,25,1,,,
433.5,0.052,51,25,1,,,
434.0,0.058,51,25,1,,,
434.5,0.058,51,25,1,,,
435.0,0.052,51,25,1,,,
435.5,0.052,51,25,1,,,
436.0,0.052,51,25,1,,,
436.5,0.058,51,24,1,,,
437.0,0.052,51,24,1,,,
437.5,0.052,51,24,1,,,
438.0,0.058,51,24,1,,,
438.5,0.052,51,23,1,,,
439.0,0.058,51,23,1,,,
439.5,0.058,52,23,1,,,
440.0,0.058,52,23,1,,,
440.5,0.052,52,22,1,,,
441.0,0.058,52,22,1,,,
441.5,0.058,52,21,1,,,
442.0,0.052,52,21,1,,,
442.5,0.058,52,20,1,,,
443.0,0.052,52,20,1,,,
443.5,0.058,52,18,1,,,
444.0,0.052,52,18,1,,,
444.5,0.052,52,16,1,,,
445.0,0.052,52,16,1,,,
445.5,0.052,52,16,1,,,
446.0,0.052,52,16,1,,,
446.5,0.058,52,15,1,,,
447.0,0.052,52,15,1,,,
447.5,0.058,52,15,1,,,
448.0,0.064,52,15,1,,,
448.5,0.058,52,14,1,,,
449.0,0.058,52,14,1,,,
449.5,0.058,52,14,1,,,
450.0,0.064,53,14,1,,,
450.5,0.058,53,14,1,,,
451.0,0.064,53,14,1,,,
451.5,0.064,53,15,1,,,
452.0,0.058,53,15,1,,,
452.5,0.058,53,15,1,,,
453.0,0.058,53,15,1,,,
453.5,0.058,53,16,1,,,
454.0,0.064,53,16,1,,,
454.5,0.064,53,18,1,,,
455.0,0.058,53,18,1,,,
455.5,0.058,53,20,1,,,
456.0,0.064,53,20,1,,,
456.5,0.064,53,22,1,,,
457.0,0.058,53,22,1,,,
457.5,0.064,54,23,1,,,
458.0,0.058,54,23,1,,,
458.5,0.064,54,24,1,,,
459.0,0.052,54,24,1,,,
459.5,0.058,54,25,1,,,
460.0,0.052,54,25,1,,,
460.5,0.058,54,25,1,,,
461.0,0.058,54,25,1,,,
461.5,0.052,54,25,1,,,
462.0,0.052,54,25,1,,,
462.5,0.052,54,25,1,,,
463.0,0.052,54,25,1,,,
463.5,0.052,54,25,1,,,
464.0,0.052,55,25,1,,,
464.5,0.058,55,25,1,,,
465.0,0.052,55,25,1,,,
465.5,0.052,55,24,1,,,
466.0,0.052,55,24,1,,,
466.5,0.052,55,23,1,,,
467.0,0.058,55,23,1,,,
467.5,0.052,55,23,1,,,
468.0,0.052,55,23,1,,,
468.5,0.058,55,22,1,,,
469.0,0.052,55,22,1,,,
469.5,0.052,55,20,1,,,
470.0,0.052,55,20,1,,,
470.5,0.052,55,20,1,,,
471.0,0.058,55,20,1,,,
471.5,0.052,55,18,1,,,
472.0,0.052,55,18,1,,,
472.5,0.064,55,17,1,,,
473.0,0.058,56,17,1,,,
473.5,0.052,56,16,1,,,
474.0,0.052,56,16,1,,,
474.5,0.058,56,16,1,,,
475.0,0.052,56,16,1,,,
475.5,0.064,56,15,1,,,
476.0,0.058,56,15,1,,,
476.5,0.052,56,14,1,,,
477.0,0.052,56,14,1,,,
477.5,0.058,56,14,1,,,
478.0,0.058,56,14,1,,,
478.5,0.058,56,15,1,,,
479.0,0.058,56,15,1,,,
479.5,0.064,56,15,1,,,
480.0,0.052,56,15,1,,,
480.5,0.058,56,16,1,,,
481.0,0.058,56,16,1,,,
481.5,0.064,56,17,1,,,
482.0,0.058,56,17,1,,,
482.5,0.058,57,18,1,,,
483.0,0.064,57,18,1,,,
483.5,0.058,57,21,1,,,
484.0,0.064,57,21,1,,,
484.5,0.058,57,22,1,,,
485.0,0.058,57,22,1,,,
485.5,0.064,57,24,1,,,
486.0,0.058,57,24,1,,,
486.5,0.058,57,27,1,,,
487.0,0.052,57,27,1,,,
487.5,0.058,57,28,1,,,
488.0,0.064,57,28,1,,,
488.5,0.052,58,27,1,,,
489.0,0.052,58,27,1,,,
489.5,0.052,58,28,1,,,
490.0,0.058,58,28,1,,,
490.5,0.052,58,28,1,,,
491.0,0.058,58,28,1,,,
491.5,0.052,58,27,1,,,
492.0,0.058,58,27,1,,,
492.5,0.058,58,25,1,,,
493.0,0.052,58,25,1,,,
493.5,0.052,58,25,1,,,
494.0,0.052,58,25,1,,,
494.5,0.058,58,24,1,,,
495.0,0.052,59,24,1,,,
495.5,0.052,59,23,1,,,
496.0,0.052,59,23,1,,,
496.5,0.052,59,23,1,,,
497.0,0.058,59,23,1,,,
497.5,0.064,59,22,1,,,
498.0,0.052,59,22,1,,,
498.5,0.052,59,21,1,,,
499.0,0.052,59,21,1,,,
499.5,0.058,59,20,1,,,
500.0,0.052,59,20,1,,,
500.5,0.052,59,17,1,,,
501.0,0.052,59,17,1,,,
501.5,0.052,59,16,1,,,
502.0,0.052,59,16,1,,,
502.5,0.052,59,15,1,,,
503.0,0.058,59,15,1,,,
503.5,0.052,59,14,1,,,
504.0,0.052,59,14,1,,,
504.5,0.052,59,14,1,,,
505.0,0.058,59,14,1,,,
505.5,0.058,60,14,1,,,
506.0,0.052,60,14,1,,,
506.5,0.058,60,12,1,,,
507.0,0.058,60,12,1,,,
507.5,0.064,60,14,1,,,
508.0,0.064,60,14,1,,,
508.5,0.064,60,16,1,,,
509.0,0.058,60,16,1,,,
509.5,0.064,60,16,1,,,
510.0,0.064,60,16,1,,,
510.5,0.064,60,17,1,,,
511.0,0.064,60,17,1,,,
511.5,0.058,60,20,1,,,
512.0,0.064,60,20,1,,,
512.5,0.064,60,22,1,,,
513.0,0.064,60,22,1,,,
513.5,0.064,61,22,1,,,
514.0,0.064,61,22,1,,,
514.5,0.058,61,24,1,,,
515.0,0.058,61,24,1,,,
515.5,0.058,61,25,1,,,
516.0,0.052,61,25,1,,,
516.5,0.058,61,27,1,,,
517.0,0.052,61,27,1,,,
517.5,0.052,61,25,1,,,
518.0,0.052,61,25,1,,,
518.5,0.058,61,27,1,,,
519.0,0.052,61,27,1,,,
519.5,0.058,62,25,1,,,
520.0,0.058,62,25,1,,,
520.5,0.052,62,25,1,,,
521.0,0.052,62,25,1,,,
521.5,0.052,62,23,1,,,
522.0,0.058,62,23,1,,,
522.5,0.052,62,23,1,,,
523.0,0.052,62,23,1,,,
523.5,0.052,62,21,1,,,
524.0,0.052,62,21,1,,,
524.5,0.052,62,21,1,,,
525.0,0.052,62,21,1,,,
525.5,0.052,62,20,1,,,
526.0,0.052,62,20,1,,,
526.5,0.052,62,20,1,,,
527.0,0.058,62,20,1,,,
527.5,0.052,62,17,1,,,
528.0,0.052,62,17,1,,,
528.5,0.058,63,17,1,,,
529.0,0.052,63,17,1,,,
529.5,0.058,63,16,1,,,
530.0,0.058,63,16,1,,,
530.5,0.058,63,15,1,,,
531.0,0.064,63,15,1,,,
531.5,0.052,63,15,1,,,
532.0,0.064,63,15,1,,,
532.5,0.058,63,16,1,,,
533.0,0.058,63,16,1,,,
533.5,0.058,63,16,1,,,
534.0,0.064,63,16,1,,,
534.5,0.058,63,16,1,,,
535.0,0.058,63,16,1,,,
535.5,0.058,63,18,1,,,
536.0,0.064,63,18,1,,,
536.5,0.064,63,20,1,,,
537.0,0.058,64,20,1,,,
537.5,0.058,64,21,1,,,
538.0,0.064,64,21,1,,,
538.5,0.058,64,23,1,,,
539.0,0.058,64,23,1,,,
539.5,0.058,64,24,1,,,
540.0,0.052,64,24,1,,,
540.5,0.064,64,25,1,,,
541.0,0.052,64,25,1,,,
541.5,0.052,64,27,1,,,
542.0,0.058,64,27,1,,,
542.5,0.058,64,27,1,,,
543.0,0.052,65,27,1,,,
543.5,0.058,65,27,1,,,
544.0,0.058,65,27,1,,,
544.5,0.058,65,27,1,,,
545.0,0.052,65,27,1,,,
545.5,0.052,65,25,1,,,
546.0,0.052,65,25,1,,,
546.5,0.058,65,24,1,,,
547.0,0.052,65,24,1,,,
547.5,0.052,65,24,1,,,
548.0,0.052,65,24,1,,,
548.5,0.052,65,23,1,,,
549.0,0.052,65,23,1,,,
549.5,0.052,65,23,1,,,
550.0,0.052,65,23,1,,,
550.5,0.052,66,22,1,,,
551.0,0.052,66,22,1,,,
551.5,0.058,66,21,1,,,
552.0,0.052,66,21,1,,,
552.5,0.058,66,20,1,,,
553.0,0.058,66,20,1,,,
553.5,0.052,66,17,1,,,
554.0,0.058,66,17,1,,,
554.5,0.052,66,16,1,,,
555.0,0.052,66,16,1,,,
555.5,0.064,66,15,1,,,
556.0,0.064,66,15,1,,,
556.5,0.058,66,14,1,,,
557.0,0.058,66,14,1,,,
557.5,0.058,66,12,1,,,
558.0,0.058,66,12,1,,,
558.5,0.058,66,12,1,,,
559.0,0.058,66,12,1,,,
559.5,0.058,66,11,1,,,
560.0,0.058,66,11,1,,,
560.5,0.058,66,11,1,,,
561.0,0.058,66,11,1,,,
561.5,0.064,66,12,1,,,
562.0,0.058,67,12,1,,,
562.5,0.064,67,14,1,,,
563.0,0.058,67,14,1,,,
563.5,0.058,67,16,1,,,
564.0,0.064,67,16,1,,,
564.5,0.058,67,17,1,,,
565.0,0.058,67,17,1,,,
565.5,0.064,67,20,1,,,
566.0,0.058,67,20,1,,,
566.5,0.052,67,22,1,,,
567.0,0.058,67,22,1,,,
567.5,0.064,67,23,1,,,
568.0,0.058,67,23,1,,,
568.5,0.052,67,24,1,,,
569.0,0.058,68,24,1,,,
569.5,0.058,68,25,1,,,
570.0,0.064,68,25,1,,,
570.5,0.052,68,25,1,,,
571.0,0.052,68,25,1,,,
571.5,0.052,68,25,1,,,
572.0,0.052,68,25,1,,,
572.5,0.058,68,25,1,,,
573.0,0.052,68,25,1,,,
573.5,0.058,68,24,1,,,
574.0,0.058,68,24,1,,,
574.5,0.058,68,24,1,,,
575.0,0.052,68,24,1,,,
575.5,0.064,68,24,1,,,
576.0,0.052,69,24,1,,,
576.5,0.052,69,22,1,,,
577.0,0.058,69,22,1,,,
577.5,0.052,69,22,1,,,
578.0,0.058,69,22,1,,,
578.5,0.052,69,21,1,,,
579.0,0.058,69,21,1,,,
579.5,0.052,69,20,1,,,
580.0,0.052,69,20,1,,,
580.5,0.058,69,18,1,,,
581.0,0.058,69,18,1,,,
581.5,0.052,69,17,1,,,
582.0,0.058,69,17,1,,,
582.5,0.052,69,16,1,,,
583.0,0.052,69,16,1,,,
583.5,0.058,69,15,1,,,
584.0,0.058,69,15,1,,,
584.5,0.058,69,15,1,,,
585.0,0.064,69,15,1,,,
585.5,0.058,69,15,1,,,
586.0,0.058,70,15,1,,,
586.5,0.058,70,15,1,,,
587.0,0.064,70,15,1,,,
587.5,0.064,70,15,1,,,
588.0,0.058,70,15,1,,,
588.5,0.058,70,17,1,,,
589.0,0.052,70,17,1,,,
589.5,0.058,70,18,1,,,
590.0,0.058,70,18,1,,,
590.5,0.064,70,18,1,,,
591.0,0.058,70,18,1,,,
591.5,0.058,70,22,1,,,
592.0,0.058,70,22,1,,,
592.5,0.064,70,23,1,,,
593.0,0.058,71,23,1,,,
593.5,0.058,71,24,1,,,
594.0,0.052,71,24,1,,,
594.5,0.058,71,25,1,,,
595.0,0.058,71,25,1,,,
595.5,0.058,71,27,1,,,
596.0,0.058,71,27,1,,,
596.5,0.058,71,27,1,,,
597.0,0.058,71,27,1,,,
597.5,0.052,71,27,1,,,
598.0,0.052,71,27,1,,,
598.5,0.058,71,27,1,,,
599.0,0.052,71,27,1,,,
599.5,0.052,72,25,1,,,
600.0,0.052,72,25,1,,,
600.5,0.058,72,25,1,,,
601.0,0.058,72,25,1,,,
601.5,0.052,72,24,1,,,
602.0,0.047,72,24,1,,,
602.5,0.052,72,23,1,,,
603.0,0.052,72,23,1,,,
603.5,0.052,72,22,1,,,
604.0,0.052,72,22,1,,,
604.5,0.052,72,21,1,,,
605.0,0.052,72,21,1,,,
605.5,0.052,72,20,1,,,
606.0,0.07,72,20,1,,,
606.5,0.052,72,18,1,,,
607.0,0.052,72,18,1,,,
607.5,0.058,72,18,1,,,
608.0,0.052,73,18,1,,,
608.5,0.052,73,17,1,,,
609.0,0.052,73,17,1,,,
609.5,0.058,73,16,1,,,
610.0,0.052,73,16,1,,,
610.5,0.052,73,16,1,,,
611.0,0.058,73,16,1,,,
611.5,0.058,73,15,1,,,
612.0,0.058,73,15,1,,,
612.5,0.058,73,15,1,,,
613.0,0.058,73,15,1,,,
613.5,0.064,73,15,1,,,
614.0,0.064,73,15,1,,,
614.5,0.052,73,16,1,,,
615.0,0.058,73,16,1,,,
615.5,0.058,73,17,1,,,
616.0,0.058,73,17,1,,,
616.5,0.058,73,20,1,,,
617.0,0.058,74,20,1,,,
617.5,0.058,74,21,1,,,
618.0,0.058,74,21,1,,,
618.5,0.058,74,23,1,,,
619.0,0.058,74,23,1,,,
619.5,0.058,74,24,1,,,
620.0,0.058,74,24,1,,,
620.5,0.058,74,25,1,,,
621.0,0.052,74,25,1,,,
621.5,0.052,74,27,1,,,
622.0,0.052,74,27,1,,,
622.5,0.052,74,27,1,,,
623.0,0.052,75,27,1,,,
623.5,0.058,75,27,1,,,
624.0,0.058,75,27,1,,,
624.5,0.058,75,27,1,,,
625.0,0.058,75,27,1,,,
625.5,0.052,75,25,1,,,
626.0,0.052,75,25,1,,,
626.5,0.064,75,24,1,,,
627.0,0.052,75,24,1,,,
627.5,0.052,75,24,1,,,
628.0,0.052,75,24,1,,,
628.5,0.058,75,23,1,,,
629.0,0.052,75,23,1,,,
629.5,0.058,75,23,1,,,
630.0,0.058,76,23,1,,,
630.5,0.058,76,22,1,,,
631.0,0.052,76,22,1,,,
631.5,0.058,76,21,1,,,
632.0,0.058,76,21,1,,,
632.5,0.052,76,21,1,,,
633.0,0.058,76,21,1,,,
633.5,0.058,76,18,1,,,
634.0,0.058,76,18,1,,,
634.5,0.052,76,17,1,,,
635.0,0.052,76,17,1,,,
635.5,0.052,76,17,1,,,
636.0,0.058,76,17,1,,,
636.5,0.064,76,16,1,,,
637.0,0.058,76,16,1,,,
637.5,0.052,76,15,1,,,
638.0,0.052,76,15,1,,,
638.5,0.058,76,15,1,,,
639.0,0.058,76,15,1,,,
639.5,0.058,76,15,1,,,
640.0,0.052,77,15,1,,,
640.5,0.064,77,15,1,,,
641.0,0.064,77,15,1,,,
641.5,0.058,77,16,1,,,
642.0,0.064,77,16,1,,,
642.5,0.058,77,17,1,,,
643.0,0.064,77,17,1,,,
643.5,0.064,77,18,1,,,
644.0,0.058,77,18,1,,,
644.5,0.064,77,21,1,,,
645.0,0.058,77,21,1,,,
645.5,0.058,77,22,1,,,
646.0,0.058,77,22,1,,,
646.5,0.058,77,24,1,,,
647.0,0.064,78,24,1,,,
647.5,0.058,78,25,1,,,
648.0,0.058,78,25,1,,,
648.5,0.058,78,27,1,,,
649.0,0.058,78,27,1,,,
649.5,0.052,78,27,1,,,
650.0,0.058,78,27,1,,,
650.5,0.058,78,28,1,,,
651.0,0.058,78,28,1,,,
651.5,0.058,78,27,1,,,
652.0,0.052,78,27,1,,,
652.5,0.052,78,27,1,,,
653.0,0.052,79,27,1,,,
653.5,0.058,79,28,1,,,
654.0,0.058,79,28,1,,,
654.5,0.052,79,27,1,,,
655.0,0.052,79,27,1,,,
655.5,0.052,79,25,1,,,
656.0,0.058,79,25,1,,,
656.5,0.052,79,25,1,,,
657.0,0.052,79,25,1,,,
657.5,0.052,79,24,1,,,
658.0,0.052,79,24,1,,,
658.5,0.052,79,23,1,,,
659.0,0.052,79,23,1,,,
659.5,0.052,79,23,1,,,
660.0,0.058,79,23,1,,,
660.5,0.052,80,22,1,,,
661.0,0.052,80,22,1,,,
661.5,0.052,80,21,1,,,
662.0,0.052,80,21,1,,,
662.5,0.052,80,20,1,,,
663.0,0.058,80,20,1,,,
663.5,0.052,80,18,1,,,
664.0,0.052,80,18,1,,,
664.5,0.052,80,16,1,,,
665.0,0.052,80,16,1,,,
665.5,0.052,80,15,1,,,
666.0,0.058,80,15,1,,,
666.5,0.052,80,14,1,,,
667.0,0.052,80,14,1,,,
667.5,0.052,80,12,1,,,
668.0,0.052,80,12,1,,,
668.5,0.058,80,11,1,,,
669.0,0.052,80,11,1,,,
669.5,0.058,80,12,1,,,
670.0,0.058,80,12,1,,,
670.5,0.058,80,12,1,,,
671.0,0.058,80,12,1,,,
671.5,0.07,80,12,1,,,
672.0,0.064,81,12,1,,,
672.5,0.058,81,14,1,,,
673.0,0.064,81,14,1,,,
673.5,0.064,81,15,1,,,
674.0,0.058,81,15,1,,,
674.5,0.058,81,15,1,,,
675.0,0.058,81,15,1,,,
675.5,0.064,81,17,1,,,
676.0,0.064,81,17,1,,,
676.5,0.058,81,20,1,,,
677.0,0.064,81,20,1,,,
677.5,0.058,81,21,1,,,
678.0,0.058,81,21,1,,,
678.5,0.058,81,23,1,,,
679.0,0.058,81,23,1,,,
679.5,0.052,82,24,1,,,
680.0,0.052,82,24,1,,,
680.5,0.058,82,25,1,,,
681.0,0.058,82,25,1,,,
681.5,0.052,82,27,1,,,
682.0,0.052,82,27,1,,,
682.5,0.058,82,27,1,,,
683.0,0.058,82,27,1,,,
683.5,0.052,82,27,1,,,
684.0,0.052,82,27,1,,,
684.5,0.052,82,27,1,,,
685.0,0.052,82,27,1,,,
685.5,0.058,83,25,1,,,
686.0,0.052,83,25,1,,,
686.5,0.052,83,24,1,,,
687.0,0.058,83,24,1,,,
687.5,0.052,83,24,1,,,
688.0,0.052,83,24,1,,,
688.5,0.052,83,23,1,,,
689.0,0.052,83,23,1,,,
689.5,0.052,83,22,1,,,
690.0,0.058,83,22,1,,,
690.5,0.058,83,22,1,,,
691.0,0.052,83,22,1,,,
691.5,0.052,83,21,1,,,
692.0,0.052,83,21,1,,,
692.5,0.058,83,20,1,,,
693.0,0.047,83,20,1,,,
693.5,0.052,83,18,1,,,
694.0,0.052,84,18,1,,,
694.5,0.052,84,17,1,,,
695.0,0.058,84,17,1,,,
695.5,0.052,84,16,1,,,
696.0,0.064,84,16,1,,,
696.5,0.058,84,15,1,,,
697.0,0.064,84,15,1,,,
697.5,0.052,84,14,1,,,
698.0,0.058,84,14,1,,,
698.5,0.058,84,14,1,,,
699.0,0.052,84,14,1,,,
699.5,0.064,84,14,1,,,
700.0,0.064,84,14,1,,,
700.5,0.058,84,14,1,,,
701.0,0.052,84,14,1,,,
701.5,0.058,84,15,1,,,
702.0,0.064,84,15,1,,,
702.5,0.058,84,16,1,,,
703.0,0.058,84,16,1,,,
703.5,0.058,84,16,1,,,
704.0,0.064,85,16,1,,,
704.5,0.058,85,18,1,,,
705.0,0.064,85,18,1,,,
705.5,0.058,85,20,1,,,
706.0,0.064,85,20,1,,,
706.5,0.064,85,21,1,,,
707.0,0.058,85,21,1,,,
707.5,0.058,85,23,1,,,
708.0,0.058,85,23,1,,,
708.5,0.064,85,25,1,,,
709.0,0.052,85,25,1,,,
709.5,0.052,85,25,1,,,
710.0,0.058,85,25,1,,,
710.5,0.052,86,27,1,,,
711.0,0.052,86,27,1,,,
711.5,0.058,86,28,1,,,
712.0,0.058,86,28,1,,,
712.5,0.052,86,27,1,,,
713.0,0.052,86,27,1,,,
713.5,0.052,86,25,1,,,
714.0,0.052,86,25,1,,,
714.5,0.058,86,27,1,,,
715.0,0.052,86,27,1,,,
715.5,0.064,86,25,1,,,
716.0,0.052,86,25,1,,,
716.5,0.052,86,23,1,,,
717.0,0.047,87,23,1,,,
717.5,0.058,87,23,1,,,
718.0,0.052,87,23,1,,,
718.5,0.052,87,22,1,,,
719.0,0.052,87,22,1,,,
719.5,0.058,87,21,1,,,
720.0,0.058,87,21,1,,,
720.5,0.052,87,20,1,,,
721.0,0.052,87,20,1,,,
721.5,0.052,87,18,1,,,
722.0,0.064,87,18,1,,,
722.5,0.052,87,17,1,,,
723.0,0.052,87,17,1,,,
723.5,0.047,87,17,1,,,
724.0,0.052,87,17,1,,,
724.5,0.058,87,15,1,,,
725.0,0.052,87,15,1,,,
725.5,0.052,87,14,1,,,
726.0,0.064,87,14,1,,,
726.5,0.058,87,15,1,,,
727.0,0.058,88,15,1,,,
727.5,0.058,88,15,1,,,
728.0,0.058,88,15,1,,,
728.5,0.064,88,15,1,,,
729.0,0.058,88,15,1,,,
729.5,0.07,88,16,1,,,
730.0,0.058,88,16,1,,,
730.5,0.076,88,18,1,,,
731.0,0.064,88,18,1,,,
731.5,0.058,88,20,1,,,
732.0,0.058,88,20,1,,,
732.5,0.058,88,21,1,,,
733.0,0.052,88,21,1,,,
733.5,0.058,88,22,1,,,
734.0,0.064,88,22,1,,,
734.5,0.052,89,24,1,,,
735.0,0.058,89,24,1,,,
735.5,0.058,89,24,1,,,
736.0,0.058,89,24,1,,,
736.5,0.058,89,25,1,,,
737.0,0.058,89,25,1,,,
737.5,0.052,89,25,1,,,
738.0,0.064,89,25,1,,,
738.5,0.064,89,27,1,,,
739.0,0.052,89,27,1,,,
739.5,0.052,89,25,1,,,
740.0,0.058,89,25,1,,,
740.5,0.052,89,25,1,,,
741.0,0.058,90,25,1,,,
741.5,0.052,90,24,1,,,
742.0,0.058,90,24,1,,,
742.5,0.052,90,24,1,,,
743.0,0.064,90,24,1,,,
743.5,0.058,90,22,1,,,
744.0,0.058,90,22,1,,,
744.5,0.052,90,21,1,,,
745.0,0.052,90,21,1,,,
745.5,0.047,90,20,1,,,
746.0,0.052,90,20,1,,,
746.5,0.052,90,18,1,,,
747.0,0.058,90,18,1,,,
747.5,0.052,90,17,1,,,
748.0,0.058,90,17,1,,,
748.5,0.052,90,17,1,,,
749.0,0.052,90,17,1,,,
749.5,0.052,90,16,1,,,
750.0,0.058,90,16,1,,,
750.5,0.058,91,16,1,,,
751.0,0.058,91,16,1,,,
751.5,0.064,91,16,1,,,
752.0,0.064,91,16,1,,,
752.5,0.052,91,16,1,,,
753.0,0.064,91,16,1,,,
753.5,0.058,91,16,1,,,
754.0,0.058,91,16,1,,,
754.5,0.058,91,17,1,,,
755.0,0.064,91,17,1,,,
755.5,0.058,91,18,1,,,
756.0,0.058,91,18,1,,,
756.5,0.058,91,20,1,,,
757.0,0.058,91,20,1,,,
757.5,0.064,91,22,1,,,
758.0,0.058,92,22,1,,,
758.5,0.052,92,23,1,,,
759.0,0.052,92,23,1,,,
759.5,0.058,92,25,1,,,
760.0,0.058,92,25,1,,,
760.5,0.052,92,27,1,,,
761.0,0.058,92,27,1,,,
761.5,0.058,92,27,1,,,
762.0,0.052,92,27,1,,,
762.5,0.058,92,27,1,,,
763.0,0.052,92,27,1,,,
763.5,0.058,92,28,1,,,
764.0,0.058,93,28,1,,,
764.5,0.058,93,27,1,,,
765.0,0.052,93,27,1,,,
765.5,0.052,93,25,1,,,
766.0,0.052,93,25,1,,,
766.5,0.052,93,25,1,,,
767.0,0.052,93,25,1,,,
767.5,0.052,93,24,1,,,
768.0,0.058,93,24,1,,,
768.5,0.052,93,23,1,,,
769.0,0.052,93,23,1,,,
769.5,0.052,93,23,1,,,
770.0,0.058,93,23,1,,,
770.5,0.052,93,22,1,,,
771.0,0.052,93,22,1,,,
771.5,0.052,94,21,1,,,
772.0,0.052,94,21,1,,,
772.5,0.052,94,20,1,,,
773.0,0.052,94,20,1,,,
773.5,0.047,94,18,1,,,
774.0,0.058,94,18,1,,,
774.5,0.052,94,16,1,,,
775.0,0.058,94,16,1,,,
775.5,0.052,94,16,1,,,
776.0,0.052,94,16,1,,,
776.5,0.052,94,15,1,,,
777.0,0.052,94,15,1,,,
777.5,0.052,94,14,1,,,
778.0,0.058,94,14,1,,,
778.5,0.052,94,12,1,,,
779.0,0.058,94,12,1,,,
779.5,0.058,94,14,1,,,
780.0,0.052,94,14,1,,,
780.5,0.058,94,12,1,,,
781.0,0.064,94,12,1,,,
781.5,0.058,94,14,1,,,
782.0,0.064,94,14,1,,,
782.5,0.058,94,15,1,,,
783.0,0.064,95,15,1,,,
783.5,0.07,95,16,1,,,
784.0,0.058,95,16,1,,,
784.5,0.058,95,17,1,,,
785.0,0.058,95,17,1,,,
785.5,0.064,95,20,1,,,
786.0,0.058,95,20,1,,,
786.5,0.058,95,21,1,,,
787.0,0.052,95,21,1,,,
787.5,0.058,95,22,1,,,
788.0,0.058,95,22,1,,,
788.5,0.058,95,24,1,,,
789.0,0.058,95,24,1,,,
789.5,0.058,96,25,1,,,
790.0,0.052,96,25,1,,,
790.5,0.052,96,25,1,,,
791.0,0.052,96,25,1,,,
791.5,0.052,96,27,1,,,
792.0,0.052,96,27,1,,,
792.5,0.052,96,27,1,,,
793.0,0.052,96,27,1,,,
793.5,0.052,96,25,1,,,
794.0,0.052,96,25,1,,,
794.5,0.058,96,25,1,,,
795.0,0.058,96,25,1,,,
795.5,0.047,96,24,1,,,
796.0,0.052,97,24,1,,,
796.5,0.052,97,23,1,,,
797.0,0.058,97,23,1,,,
797.5,0.047,97,23,1,,,
798.0,0.064,97,23,1,,,
798.5,0.058,97,22,1,,,
799.0,0.052,97,22,1,,,
799.5,0.052,97,20,1,,,
800.0,0.052,97,20,1,,,
800.5,0.052,97,20,1,,,
801.0,0.058,97,20,1,,,
801.5,0.058,97,18,1,,,
802.0,0.052,97,18,1,,,
802.5,0.052,97,17,1,,,
803.0,0.052,97,17,1,,,
803.5,0.052,97,16,1,,,
804.0,0.052,97,16,1,,,
804.5,0.058,97,16,1,,,
805.0,0.058,97,16,1,,,
805.5,0.058,98,15,1,,,
806.0,0.058,98,15,1,,,
806.5,0.064,98,15,1,,,
807.0,0.058,98,15,1,,,
807.5,0.058,98,15,1,,,
808.0,0.052,98,15,1,,,
808.5,0.064,98,16,1,,,
809.0,0.064,98,16,1,,,
809.5,0.052,98,16,1,,,
810.0,0.064,98,16,1,,,
810.5,0.058,98,18,1,,,
811.0,0.052,98,18,1,,,
811.5,0.058,98,20,1,,,
812.0,0.058,98,20,1,,,
812.5,0.058,98,21,1,,,
813.0,0.064,98,21,1,,,
813.5,0.058,99,23,1,,,
814.0,0.058,99,23,1,,,
814.5,0.058,99,25,1,,,
815.0,0.058,99,25,1,,,
815.5,0.064,99,25,1,,,
816.0,0.058,99,25,1,,,
816.5,0.064,99,27,1,,,
817.0,0.058,99,27,1,,,
817.5,0.058,99,27,1,,,
818.0,0.058,99,27,1,,,
818.5,0.052,99,27,1,,,
819.0,0.058,99,27,1,,,
819.5,0.052,100,25,1,,,
820.0,0.058,100,25,1,,,
820.5,0.052,100,25,1,,,
821.0,0.052,100,25,1,,,
821.5,0.058,100,24,1,,,
822.0,0.052,100,24,1,,,
822.5,0.052,100,24,1,,,
823.0,0.047,100,24,1,,,
823.5,0.052,100,23,1,,,
824.0,0.052,100,23,1,,,
824.5,0.052,100,22,1,,,
825.0,0.052,100,22,1,,,
825.5,0.052,100,22,1,,,
826.0,0.052,100,22,1,,,
826.5,0.047,100,21,1,,,
827.0,0.058,100,21,1,,,
827.5,0.058,100,18,1,,,
828.0,0.052,101,18,1,,,
828.5,0.058,101,17,1,,,
829.0,0.052,101,17,1,,,
829.5,0.052,101,17,1,,,
830.0,0.058,101,17,1,,,
830.5,0.052,101,15,1,,,
831.0,0.052,101,15,1,,,
831.5,0.052,101,14,1,,,
832.0,0.052,101,14,1,,,
832.5,0.058,101,15,1,,,
833.0,0.058,101,15,1,,,
833.5,0.064,101,14,1,,,
834.0,0.064,101,14,1,,,
834.5,0.058,101,14,1,,,
835.0,0.052,101,14,1,,,
835.5,0.064,101,15,1,,,
836.0,0.052,101,15,1,,,
836.5,0.058,101,16,1,,,
837.0,0.064,101,16,1,,,
837.5,0.058,101,17,1,,,
838.0,0.058,102,17,1,,,
838.5,0.058,102,20,1,,,
839.0,0.058,102,20,1,,,
839.5,0.058,102,21,1,,,
840.0,0.064,102,21,1,,,
840.5,0.058,102,22,1,,,
841.0,0.064,102,22,1,,,
841.5,0.052,102,24,1,,,
842.0,0.052,102,24,1,,,
842.5,0.052,102,24,1,,,
843.0,0.058,102,24,1,,,
843.5,0.052,102,25,1,,,
844.0,0.052,102,25,1,,,
844.5,0.058,103,25,1,,,
845.0,0.052,103,25,1,,,
845.5,0.052,103,25,1,,,
846.0,0.052,103,25,1,,,
846.5,0.052,103,25,1,,,
847.0,0.052,103,25,1,,,
847.5,0.052,103,25,1,,,
848.0,0.052,103,25,1,,,
848.5,0.052,103,24,1,,,
849.0,0.052,103,24,1,,,
849.5,0.058,103,23,1,,,
850.0,0.052,103,23,1,,,
850.5,0.052,103,23,1,,,
851.0,0.052,103,23,1,,,
851.5,0.058,104,21,1,,,
852.0,0.052,104,21,1,,,
852.5,0.052,104,20,1,,,
853.0,0.052,104,20,1,,,
853.5,0.052,104,18,1,,,
854.0,0.052,104,18,1,,,
854.5,0.052,104,18,1,,,
855.0,0.052,104,18,1,,,
855.5,0.052,104,17,1,,,
856.0,0.052,104,17,1,,,
856.5,0.052,104,17,1,,,
857.0,0.058,104,17,1,,,
857.5,0.058,104,17,1,,,
858.0,0.064,104,17,1,,,
858.5,0.058,104,16,1,,,
859.0,0.064,104,16,1,,,
859.5,0.058,104,17,1,,,
860.0,0.064,104,17,1,,,
860.5,0.058,104,17,1,,,
861.0,0.052,105,17,1,,,
861.5,0.058,105,18,1,,,
862.0,0.064,105,18,1,,,
862.5,0.058,105,18,1,,,
863.0,0.058,105,18,1,,,
863.5,0.058,105,22,1,,,
864.0,0.058,105,22,1,,,
864.5,0.058,105,22,1,,,
865.0,0.07,105,22,1,,,
865.5,0.058,105,24,1,,,
866.0,0.058,105,24,1,,,
866.5,0.052,105,24,1,,,
867.0,0.052,105,24,1,,,
867.5,0.058,106,27,1,,,
868.0,0.052,106,27,1,,,
868.5,0.058,106,25,1,,,
869.0,0.052,106,25,1,,,
869.5,0.052,106,27,1,,,
870.0,0.052,106,27,1,,,
870.5,0.052,106,25,1,,,
871.0,0.052,106,25,1,,,
871.5,0.052,106,25,1,,,
872.0,0.058,106,25,1,,,
872.5,0.058,106,24,1,,,
873.0,0.058,106,24,1,,,
873.5,0.058,106,24,1,,,
874.0,0.058,107,24,1,,,
874.5,0.052,107,23,1,,,
875.0,0.052,107,23,1,,,
875.5,0.052,107,23,1,,,
876.0,0.052,107,23,1,,,
876.5,0.052,107,23,1,,,
877.0,0.052,107,23,1,,,
877.5,0.052,107,22,1,,,
878.0,0.052,107,22,1,,,
878.5,0.058,107,21,1,,,
879.0,0.052,107,21,1,,,
879.5,0.052,107,20,1,,,
880.0,0.058,107,20,1,,,
880.5,0.052,107,18,1,,,
881.0,0.052,107,18,1,,,
881.5,0.058,107,17,1,,,
882.0,0.058,107,17,1,,,
882.5,0.052,107,17,1,,,
883.0,0.052,108,17,1,,,
883.5,0.052,108,16,1,,,
884.0,0.052,108,16,1,,,
884.5,0.064,108,16,1,,,
885.0,0.052,108,16,1,,,
885.5,0.058,108,15,1,,,
886.0,0.052,108,15,1,,,
886.5,0.052,108,15,1,,,
887.0,0.058,108,15,1,,,
887.5,0.064,108,14,1,,,
888.0,0.058,108,14,1,,,
888.5,0.052,108,15,1,,,
889.0,0.052,108,15,1,,,
889.5,0.052,108,15,1,,,
890.0,0.052,108,15,1,,,
890.5,0.058,108,16,1,,,
891.0,0.058,108,16,1,,,
891.5,0.064,108,17,1,,,
892.0,0.058,108,17,1,,,
892.5,0.058,109,18,1,,,
893.0,0.058,109,18,1,,,
893.5,0.064,109,21,1,,,
894.0,0.058,109,21,1,,,
894.5,0.058,109,22,1,,,
895.0,0.058,109,22,1,,,
895.5,0.058,109,24,1,,,
896.0,0.052,109,24,1,,,
896.5,0.058,109,24,1,,,
897.0,0.052,109,24,1,,,
897.5,0.058,109,27,1,,,
898.0,0.052,109,27,1,,,
898.5,0.058,110,27,1,,,
899.0,0.058,110,27,1,,,
899.5,0.058,110,27,1,,,
900.0,0.052,110,27,1,,,
900.5,0.064,110,27,1,,,
901.0,0.052,110,27,1,,,
901.5,0.052,110,27,1,,,
902.0,0.047,110,27,1,,,
902.5,0.052,110,25,1,,,
903.0,0.058,110,25,1,,,
903.5,0.052,110,25,1,,,
904.0,0.052,110,25,1,,,
904.5,0.052,110,24,1,,,
905.0,0.058,110,24,1,,,
905.5,0.052,111,23,1,,,
906.0,0.052,111,23,1,,,
906.5,0.052,111,23,1,,,
907.0,0.052,111,23,1,,,
907.5,0.052,111,22,1,,,
908.0,0.052,111,22,1,,,
908.5,0.052,111,20,1,,,
909.0,0.052,111,20,1,,,
909.5,0.058,111,20,1,,,
910.0,0.058,111,20,1,,,
910.5,0.058,111,18,1,,,
911.0,0.052,111,18,1,,,
911.5,0.052,111,17,1,,,
912.0,0.052,111,17,1,,,
912.5,0.058,111,16,1,,,
913.0,0.052,111,16,1,,,
913.5,0.052,111,15,1,,,
914.0,0.058,111,15,1,,,
914.5,0.052,111,15,1,,,
915.0,0.052,111,15,1,,,
915.5,0.064,112,14,1,,,
916.0,0.064,112,14,1,,,
916.5,0.058,112,12,1,,,
917.0,0.058,112,12,1,,,
917.5,0.064,112,14,1,,,
918.0,0.058,112,14,1,,,
918.5,0.052,112,15,1,,,
919.0,0.058,112,15,1,,,
919.5,0.058,112,15,1,,,
920.0,0.064,112,15,1,,,
920.5,0.064,112,16,1,,,
921.0,0.058,112,16,1,,,
921.5,0.058,112,18,1,,,
922.0,0.07,112,18,1,,,
922.5,0.058,112,20,1,,,
923.0,0.058,112,20,1,,,
923.5,0.058,112,21,1,,,
924.0,0.058,113,21,1,,,
924.5,0.064,113,22,1,,,
925.0,0.058,113,22,1,,,
925.5,0.058,113,24,1,,,
926.0,0.058,113,24,1,,,
926.5,0.052,113,25,1,,,
927.0,0.064,113,25,1,,,
927.5,0.058,113,25,1,,,
928.0,0.064,113,25,1,,,
928.5,0.058,113,27,1,,,
929.0,0.052,113,27,1,,,
929.5,0.052,113,27,1,,,
930.0,0.058,114,27,1,,,
930.5,0.047,114,27,1,,,
931.0,0.058,114,27,1,,,
931.5,0.052,114,25,1,,,
932.0,0.052,114,25,1,,,
932.5,0.052,114,25,1,,,
933.0,0.058,114,25,1,,,
933.5,0.052,114,23,1,,,
934.0,0.047,114,23,1,,,
934.5,0.047,114,23,1,,,
935.0,0.052,114,23,1,,,
935.5,0.058,114,21,1,,,
936.0,0.052,114,21,1,,,
936.5,0.052,114,20,1,,,
937.0,0.052,114,20,1,,,
937.5,0.052,114,18,1,,,
938.0,0.047,114,18,1,,,
938.5,0.047,115,18,1,,,
939.0,0.052,115,18,1,,,
939.5,0.052,115,16,1,,,
940.0,0.052,115,16,1,,,
940.5,0.058,115,16,1,,,
941.0,0.052,115,16,1,,,
941.5,0.058,115,15,1,,,
942.0,0.058,115,15,1,,,
942.5,0.058,115,15,1,,,
943.0,0.064,115,15,1,,,
943.5,0.058,115,15,1,,,
944.0,0.058,115,15,1,,,
944.5,0.058,115,16,1,,,
945.0,0.058,115,16,1,,,
945.5,0.058,115,16,1,,,
946.0,0.058,115,16,1,,,
946.5,0.058,115,18,1,,,
947.0,0.064,115,18,1,,,
947.5,0.058,116,20,1,,,
948.0,0.058,116,20,1,,,
948.5,0.058,116,21,1,,,
949.0,0.058,116,21,1,,,
949.5,0.052,116,22,1,,,
950.0,0.064,116,22,1,,,
950.5,0.058,116,24,1,,,
951.0,0.052,116,24,1,,,
951.5,0.052,116,25,1,,,
952.0,0.058,116,25,1,,,
952.5,0.047,116,25,1,,,
953.0,0.052,116,25,1,,,
953.5,0.058,116,27,1,,,
954.0,0.052,117,27,1,,,
954.5,0.058,117,28,1,,,
955.0,0.058,117,28,1,,,
955.5,0.052,117,27,1,,,
956.0,0.052,117,27,1,,,
956.5,0.058,117,25,1,,,
957.0,0.058,117,25,1,,,
957.5,0.058,117,25,1,,,
958.0,0.052,117,25,1,,,
958.5,0.052,117,24,1,,,
959.0,0.052,117,24,1,,,
959.5,0.052,117,22,1,,,
960.0,0.052,117,22,1,,,
960.5,0.058,117,22,1,,,
961.0,0.058,118,22,1,,,
961.5,0.052,118,21,1,,,
962.0,0.058,118,21,1,,,
962.5,0.052,118,20,1,,,
963.0,0.052,118,20,1,,,
963.5,0.058,118,17,1,,,
964.0,0.052,118,17,1,,,
964.5,0.052,118,17,1,,,
965.0,0.052,118,17,1,,,
965.5,0.052,118,15,1,,,
966.0,0.052,118,15,1,,,
966.5,0.052,118,15,1,,,
967.0,0.052,118,15,1,,,
967.5,0.052,118,14,1,,,
968.0,0.064,118,14,1,,,
968.5,0.064,118,15,1,,,
969.0,0.058,118,15,1,,,
969.5,0.058,118,14,1,,,
970.0,0.058,118,14,1,,,
970.5,0.052,118,15,1,,,
971.0,0.064,118,15,1,,,
971.5,0.058,119,16,1,,,
972.0,0.064,119,16,1,,,
972.5,0.064,119,18,1,,,
973.0,0.058,119,18,1,,,
973.5,0.058,119,20,1,,,
974.0,0.058,119,20,1,,,
974.5,0.058,119,22,1,,,
975.0,0.064,119,22,1,,,
975.5,0.052,119,23,1,,,
976.0,0.052,119,23,1,,,
976.5,0.058,119,24,1,,,
977.0,0.052,119,24,1,,,
977.5,0.058,119,25,1,,,
978.0,0.052,120,25,1,,,
978.5,0.052,120,25,1,,,
979.0,0.052,120,25,1,,,
979.5,0.058,120,25,1,,,
980.0,0.058,120,25,1,,,
980.5,0.052,120,27,1,,,
981.0,0.052,120,27,1,,,
981.5,0.047,120,25,1,,,
982.0,0.052,120,25,1,,,
982.5,0.052,120,24,1,,,
983.0,0.052,120,24,1,,,
983.5,0.052,120,24,1,,,
984.0,0.058,120,24,1,,,
984.5,0.047,121,24,1,,,
985.0,0.052,121,24,1,,,
985.5,0.058,121,22,1,,,
986.0,0.052,121,22,1,,,
986.5,0.052,121,22,1,,,
987.0,0.058,121,22,1,,,
987.5,0.052,121,21,1,,,
988.0,0.052,121,21,1,,,
988.5,0.052,121,20,1,,,
989.0,0.052,121,20,1,,,
989.5,0.052,121,18,1,,,
990.0,0.052,121,18,1,,,
990.5,0.047,121,18,1,,,
991.0,0.058,121,18,1,,,
991.5,0.058,121,16,1,,,
992.0,0.052,121,16,1,,,
992.5,0.052,121,16,1,,,
993.0,0.052,121,16,1,,,
993.5,0.052,121,15,1,,,
994.0,0.052,121,15,1,,,
994.5,0.052,122,15,1,,,
995.0,0.052,122,15,1,,,
995.5,0.052,122,14,1,,,
996.0,0.058,122,14,1,,,
996.5,0.058,122,15,1,,,
997.0,0.07,122,15,1,,,
997.5,0.064,122,15,1,,,
998.0,0.058,122,15,1,,,
998.5,0.058,122,17,1,,,
999.0,0.064,122,17,1,,,
999.5,0.052,122,17,1,,,
1000.0,0.07,122,17,1,,,
1000.5,0.058,122,21,1,,,
1001.0,0.058,122,21,1,,,
1001.5,0.064,122,22,1,,,
1002.0,0.058,122,22,1,,,
1002.5,0.058,123,23,1,,,
1003.0,0.058,123,23,1,,,
1003.5,0.058,123,24,1,,,
1004.0,0.052,123,24,1,,,
1004.5,0.058,123,27,1,,,
1005.0,0.052,123,27,1,,,
1005.5,0.052,123,25,1,,,
1006.0,0.052,123,25,1,,,
1006.5,0.052,123,27,1,,,
1007.0,0.052,123,27,1,,,
1007.5,0.052,123,27,1,,,
1008.0,0.052,123,27,1,,,
1008.5,0.052,123,25,1,,,
1009.0,0.052,124,25,1,,,
1009.5,0.052,124,24,1,,,
1010.0,0.052,124,24,1,,,
1010.5,0.052,124,23,1,,,
1011.0,0.052,124,23,1,,,
1011.5,0.052,124,22,1,,,
1012.0,0.052,124,22,1,,,
1012.5,0.052,124,21,1,,,
1013.0,0.052,124,21,1,,,
1013.5,0.052,124,20,1,,,
1014.0,0.052,124,20,1,,,
1014.5,0.052,124,18,1,,,
1015.0,0.052,124,18,1,,,
1015.5,0.058,124,18,1,,,
1016.0,0.047,124,18,1,,,
1016.5,0.058,124,16,1,,,
1017.0,0.058,124,16,1,,,
1017.5,0.052,124,16,1,,,
1018.0,0.052,124,16,1,,,
1018.5,0.052,125,15,1,,,
1019.0,0.052,125,15,1,,,
1019.5,0.052,125,15,1,,,
1020.0,0.052,125,15,1,,,
1020.5,0.058,125,14,1,,,
1021.0,0.058,125,14,1,,,
1021.5,0.058,125,16,1,,,
1022.0,0.058,125,16,1,,,
1022.5,0.058,125,16,1,,,
1023.0,0.058,125,16,1,,,
1023.5,0.064,125,18,1,,,
1024.0,0.058,125,18,1,,,
1024.5,0.058,125,20,1,,,
1025.0,0.064,125,20,1,,,
1025.5,0.064,125,22,1,,,
1026.0,0.064,126,22,1,,,
1026.5,0.064,126,23,1,,,
1027.0,0.058,126,23,1,,,
1027.5,0.064,126,24,1,,,
1028.0,0.052,126,24,1,,,
1028.5,0.052,126,25,1,,,
1029.0,0.058,126,25,1,,,
1029.5,0.052,126,25,1,,,
1030.0,0.058,126,25,1,,,
1030.5,0.052,126,27,1,,,
1031.0,0.052,126,27,1,,,
1031.5,0.052,126,25,1,,,
1032.0,0.052,126,25,1,,,
1032.5,0.052,127,25,1,,,
1033.0,0.058,127,25,1,,,
1033.5,0.052,127,24,1,,,
1034.0,0.052,127,24,1,,,
1034.5,0.058,127,24,1,,,
1035.0,0.052,127,24,1,,,
1035.5,0.052,127,23,1,,,
1036.0,0.052,127,23,1,,,
1036.5,0.052,127,22,1,,,
1037.0,0.052,127,22,1,,,
1037.5,0.052,127,21,1,,,
1038.0,0.052,127,21,1,,,
1038.5,0.052,127,20,1,,,
1039.0,0.052,127,20,1,,,
1039.5,0.047,127,18,1,,,
1040.0,0.052,127,18,1,,,
1040.5,0.058,127,16,1,,,
1041.0,0.052,127,16,1,,,
1041.5,0.058,128,16,1,,,
1042.0,0.052,128,16,1,,,
1042.5,0.058,128,15,1,,,
1043.0,0.052,128,15,1,,,
1043.5,0.064,128,14,1,,,
1044.0,0.058,128,14,1,,,
1044.5,0.064,128,14,1,,,
1045.0,0.058,128,14,1,,,
1045.5,0.064,128,15,1,,,
1046.0,0.064,128,15,1,,,
1046.5,0.058,128,15,1,,,
1047.0,0.058,128,15,1,,,
1047.5,0.058,128,16,1,,,
1048.0,0.064,128,16,1,,,
1048.5,0.058,128,17,1,,,
1049.0,0.058,128,17,1,,,
1049.5,0.064,128,18,1,,,
1050.0,0.064,128,18,1,,,
1050.5,0.058,129,20,1,,,
1051.0,0.058,129,20,1,,,
1051.5,0.052,129,22,1,,,
1052.0,0.058,129,22,1,,,
1052.5,0.052,129,24,1,,,
1053.0,0.052,129,24,1,,,
1053.5,0.058,129,25,1,,,
1054.0,0.058,129,25,1,,,
1054.5,0.052,129,27,1,,,
1055.0,0.052,129,27,1,,,
1055.5,0.052,129,28,1,,,
1056.0,0.058,129,28,1,,,
1056.5,0.052,130,27,1,,,
1057.0,0.052,130,27,1,,,
1057.5,0.052,130,27,1,,,
1058.0,0.052,130,27,1,,,
1058.5,0.052,130,27,1,,,
1059.0,0.052,130,27,1,,,
1059.5,0.052,130,25,1,,,
1060.0,0.052,130,25,1,,,
1060.5,0.058,130,24,1,,,
1061.0,0.052,130,24,1,,,
1061.5,0.052,130,24,1,,,
1062.0,0.052,130,24,1,,,
1062.5,0.058,130,23,1,,,
1063.0,0.052,130,23,1,,,
1063.5,0.052,131,22,1,,,
1064.0,0.052,131,22,1,,,
1064.5,0.052,131,22,1,,,
1065.0,0.058,131,22,1,,,
1065.5,0.052,131,21,1,,,
1066.0,0.052,131,21,1,,,
1066.5,0.052,131,20,1,,,
1067.0,0.052,131,20,1,,,
1067.5,0.052,131,17,1,,,
1068.0,0.052,131,17,1,,,
1068.5,0.047,131,17,1,,,
1069.0,0.052,131,17,1,,,
1069.5,0.058,131,15,1,,,
1070.0,0.058,131,15,1,,,
1070.5,0.058,131,15,1,,,
1071.0,0.058,131,15,1,,,
1071.5,0.058,131,14,1,,,
1072.0,0.058,131,14,1,,,
1072.5,0.064,131,14,1,,,
1073.0,0.058,131,14,1,,,
1073.5,0.052,131,14,1,,,
1074.0,0.058,132,14,1,,,
1074.5,0.058,132,15,1,,,
1075.0,0.064,132,15,1,,,
1075.5,0.058,132,15,1,,,
1076.0,0.064,132,15,1,,,
1076.5,0.058,132,16,1,,,
1077.0,0.058,132,16,1,,,
1077.5,0.052,132,18,1,,,
1078.0,0.052,132,18,1,,,
1078.5,0.058,132,20,1,,,
1079.0,0.058,132,20,1,,,
1079.5,0.058,132,21,1,,,
1080.0,0.058,132,21,1,,,
1080.5,0.058,132,23,1,,,
1081.0,0.058,132,23,1,,,
1081.5,0.058,133,24,1,,,
1082.0,0.052,133,24,1,,,
1082.5,0.058,133,25,1,,,
1083.0,0.052,133,25,1,,,
1083.5,0.064,133,27,1,,,
1084.0,0.052,133,27,1,,,
1084.5,0.052,133,28,1,,,
1085.0,0.052,133,28,1,,,
1085.5,0.052,133,28,1,,,
1086.0,0.052,133,28,1,,,
1086.5,0.052,133,28,1,,,
1087.0,0.052,134,28,1,,,
1087.5,0.064,134,28,1,,,
1088.0,0.052,134,28,1,,,
1088.5,0.058,134,27,1,,,
1089.0,0.052,134,27,1,,,
1089.5,0.058,134,27,1,,,
1090.0,0.052,134,27,1,,,
1090.5,0.058,134,25,1,,,
1091.0,0.052,134,25,1,,,
1091.5,0.052,134,25,1,,,
1092.0,0.052,134,25,1,,,
1092.5,0.052,134,24,1,,,
1093.0,0.052,134,24,1,,,
1093.5,0.058,134,23,1,,,
1094.0,0.052,135,23,1,,,
1094.5,0.052,135,22,1,,,
1095.0,0.052,135,22,1,,,
1095.5,0.052,135,21,1,,,
1096.0,0.052,135,21,1,,,
1096.5,0.052,135,21,1,,,
1097.0,0.052,135,21,1,,,
1097.5,0.052,135,20,1,,,
1098.0,0.052,135,20,1,,,
1098.5,0.052,135,20,1,,,
1099.0,0.052,135,20,1,,,
1099.5,0.052,135,17,1,,,
1100.0,0.052,135,17,1,,,
1100.5,0.064,135,17,1,,,
1101.0,0.052,135,17,1,,,
1101.5,0.058,135,15,1,,,
1102.0,0.052,135,15,1,,,
1102.5,0.052,135,15,1,,,
1103.0,0.058,135,15,1,,,
1103.5,0.052,135,14,1,,,
1104.0,0.052,135,14,1,,,
1104.5,0.052,136,15,1,,,
1105.0,0.052,136,15,1,,,
1105.5,0.052,136,14,1,,,
1106.0,0.052,136,14,1,,,
1106.5,0.058,136,15,1,,,
1107.0,0.058,136,15,1,,,
1107.5,0.052,136,15,1,,,
1108.0,0.058,136,15,1,,,
1108.5,0.058,136,16,1,,,
1109.0,0.058,136,16,1,,,
1109.5,0.058,136,17,1,,,
1110.0,0.058,136,17,1,,,
1110.5,0.052,136,18,1,,,
1111.0,0.058,136,18,1,,,
1111.5,0.058,136,21,1,,,
1112.0,0.058,136,21,1,,,
1112.5,0.058,137,22,1,,,
1113.0,0.058,137,22,1,,,
1113.5,0.058,137,24,1,,,
1114.0,0.052,137,24,1,,,
1114.5,0.058,137,25,1,,,
1115.0,0.052,137,25,1,,,
1115.5,0.052,137,28,1,,,
1116.0,0.052,137,28,1,,,
1116.5,0.052,137,27,1,,,
1117.0,0.052,137,27,1,,,
1117.5,0.052,137,28,1,,,
1118.0,0.058,137,28,1,,,
1118.5,0.052,138,27,1,,,
1119.0,0.047,138,27,1,,,
1119.5,0.052,138,27,1,,,
1120.0,0.052,138,27,1,,,
1120.5,0.058,138,25,1,,,
1121.0,0.058,138,25,1,,,
1121.5,0.052,138,25,1,,,
1122.0,0.052,138,25,1,,,
1122.5,0.052,138,24,1,,,
1123.0,0.052,138,24,1,,,
1123.5,0.058,138,24,1,,,
1124.0,0.052,138,24,1,,,
1124.5,0.052,138,23,1,,,
1125.0,0.052,138,23,1,,,
1125.5,0.052,139,22,1,,,
1126.0,0.052,139,22,1,,,
1126.5,0.052,139,21,1,,,
1127.0,0.052,139,21,1,,,
1127.5,0.058,139,20,1,,,
1128.0,0.052,139,20,1,,,
1128.5,0.052,139,18,1,,,
1129.0,0.052,139,18,1,,,
1129.5,0.047,139,17,1,,,
1130.0,0.052,139,17,1,,,
1130.5,0.052,139,16,1,,,
1131.0,0.052,139,16,1,,,
1131.5,0.052,139,15,1,,,
1132.0,0.052,139,15,1,,,
1132.5,0.058,139,15,1,,,
1133.0,0.052,139,15,1,,,
1133.5,0.052,139,14,1,,,
1134.0,0.052,139,14,1,,,
1134.5,0.058,139,12,1,,,
1135.0,0.058,139,12,1,,,
1135.5,0.052,139,14,1,,,
1136.0,0.058,139,14,1,,,
1136.5,0.058,140,15,1,,,
1137.0,0.064,140,15,1,,,
1137.5,0.058,140,15,1,,,
1138.0,0.064,140,15,1,,,
1138.5,0.064,140,16,1,,,
1139.0,0.064,140,16,1,,,
1139.5,0.058,140,18,1,,,
1140.0,0.064,140,18,1,,,
1140.5,0.058,140,20,1,,,
1141.0,0.064,140,20,1,,,
1141.5,0.058,140,21,1,,,
1142.0,0.058,140,21,1,,,
1142.5,0.052,140,23,1,,,
1143.0,0.058,140,23,1,,,
1143.5,0.058,141,24,1,,,
1144.0,0.058,141,24,1,,,
1144.5,0.064,141,25,1,,,
1145.0,0.052,141,25,1,,,
1145.5,0.052,141,25,1,,,
1146.0,0.058,141,25,1,,,
1146.5,0.052,141,27,1,,,
1147.0,0.058,141,27,1,,,
1147.5,0.052,141,25,1,,,
1148.0,0.058,141,25,1,,,
1148.5,0.052,141,27,1,,,
1149.0,0.052,141,27,1,,,
1149.5,0.052,141,25,1,,,
1150.0,0.052,142,25,1,,,
1150.5,0.052,142,25,1,,,
1151.0,0.052,142,25,1,,,
1151.5,0.052,142,24,1,,,
1152.0,0.052,142,24,1,,,
1152.5,0.052,142,23,1,,,
1153.0,0.052,142,23,1,,,
1153.5,0.052,142,21,1,,,
1154.0,0.052,142,21,1,,,
1154.5,0.052,142,20,1,,,
1155.0,0.052,142,20,1,,,
1155.5,0.052,142,18,1,,,
1156.0,0.052,142,18,1,,,
1156.5,0.058,142,17,1,,,
1157.0,0.052,142,17,1,,,
1157.5,0.052,142,16,1,,,
1158.0,0.052,142,16,1,,,
1158.5,0.052,142,16,1,,,
1159.0,0.058,142,16,1,,,
1159.5,0.052,143,15,1,,,
1160.0,0.058,143,15,1,,,
1160.5,0.058,143,15,1,,,
1161.0,0.064,143,15,1,,,
1161.5,0.058,143,15,1,,,
1162.0,0.052,143,15,1,,,
1162.5,0.064,143,16,1,,,
1163.0,0.052,143,16,1,,,
1163.5,0.058,143,17,1,,,
1164.0,0.058,143,17,1,,,
1164.5,0.064,143,18,1,,,
1165.0,0.058,143,18,1,,,
1165.5,0.058,143,20,1,,,
1166.0,0.058,143,20,1,,,
1166.5,0.064,143,22,1,,,
1167.0,0.058,144,22,1,,,
1167.5,0.052,144,23,1,,,
1168.0,0.052,144,23,1,,,
1168.5,0.052,144,24,1,,,
1169.0,0.058,144,24,1,,,
1169.5,0.047,144,27,1,,,
1170.0,0.058,144,27,1,,,
1170.5,0.052,144,27,1,,,
1171.0,0.058,144,27,1,,,
1171.5,0.052,144,27,1,,,
1172.0,0.052,144,27,1,,,
1172.5,0.052,144,27,1,,,
1173.0,0.052,144,27,1,,,
1173.5,0.058,145,25,1,,,
1174.0,0.058,145,25,1,,,
1174.5,0.052,145,24,1,,,
1175.0,0.052,145,24,1,,,
1175.5,0.052,145,24,1,,,
1176.0,0.052,145,24,1,,,
1176.5,0.052,145,23,1,,,
1177.0,0.052,145,23,1,,,
1177.5,0.058,145,23,1,,,
1178.0,0.047,145,23,1,,,
1178.5,0.052,145,22,1,,,
1179.0,0.052,145,22,1,,,
1179.5,0.052,145,21,1,,,
1180.0,0.052,145,21,1,,,
1180.5,0.052,145,20,1,,,
1181.0,0.052,145,20,1,,,
1181.5,0.052,145,18,1,,,
1182.0,0.052,146,18,1,,,
1182.5,0.052,146,16,1,,,
1183.0,0.052,146,16,1,,,
1183.5,0.052,146,15,1,,,
1184.0,0.052,146,15,1,,,
1184.5,0.058,146,15,1,,,
1185.0,0.058,146,15,1,,,
1185.5,0.052,146,14,1,,,
1186.0,0.058,146,14,1,,,
1186.5,0.052,146,12,1,,,
1187.0,0.058,146,12,1,,,
1187.5,0.058,146,14,1,,,
1188.0,0.058,146,14,1,,,
1188.5,0.058,146,15,1,,,
1189.0,0.052,146,15,1,,,
1189.5,0.058,146,15,1,,,
1190.0,0.064,146,15,1,,,
1190.5,0.064,146,16,1,,,
1191.0,0.07,146,16,1,,,
1191.5,0.058,146,18,1,,,
1192.0,0.058,147,18,1,,,
1192.5,0.064,147,20,1,,,
1193.0,0.058,147,20,1,,,
1193.5,0.058,147,21,1,,,
1194.0,0.064,147,21,1,,,
1194.5,0.058,147,23,1,,,
1195.0,0.052,147,23,1,,,
1195.5,0.058,147,25,1,,,
1196.0,0.058,147,25,1,,,
1196.5,0.052,147,27,1,,,
1197.0,0.052,147,27,1,,,
1197.5,0.058,147,27,1,,,
1198.0,0.052,148,27,1,,,
1198.5,0.058,148,28,1,,,
1199.0,0.052,148,28,1,,,
1199.5,0.052,148,28,1,,,
1200.0,0.052,148,28,1,,,
1200.5,0.052,148,27,1,,,
1201.0,0.052,148,27,1,,,
1201.5,0.052,148,27,1,,,
1202.0,0.052,148,27,1,,,
1202.5,0.052,148,27,1,,,
1203.0,0.058,148,27,1,,,
1203.5,0.058,148,25,1,,,
1204.0,0.052,148,25,1,,,
1204.5,0.058,149,24,1,,,
1205.0,0.058,149,24,1,,,
1205.5,0.052,149,24,1,,,
1206.0,0.052,149,24,1,,,
1206.5,0.052,149,23,1,,,
1207.0,0.052,149,23,1,,,
1207.5,0.064,149,22,1,,,
1208.0,0.052,149,22,1,,,
1208.5,0.052,149,21,1,,,
1209.0,0.052,149,21,1,,,
1209.5,0.052,149,20,1,,,
1210.0,0.052,149,20,1,,,
1210.5,0.047,149,18,1,,,
1211.0,0.052,149,18,1,,,
1211.5,0.058,149,17,1,,,
1212.0,0.058,149,17,1,,,
1212.5,0.058,149,16,1,,,
1213.0,0.052,149,16,1,,,
1213.5,0.052,150,15,1,,,
1214.0,0.052,150,15,1,,,
1214.5,0.052,150,15,1,,,
1215.0,0.052,150,15,1,,,
1215.5,0.052,150,14,1,,,
1216.0,0.052,150,14,1,,,
1216.5,0.058,150,14,1,,,
1217.0,0.058,150,14,1,,,
1217.5,0.058,150,15,1,,,
1218.0,0.052,150,15,1,,,
1218.5,0.052,150,16,1,,,
1219.0,0.058,150,16,1,,,
1219.5,0.058,150,16,1,,,
1220.0,0.052,150,16,1,,,
1220.5,0.064,150,18,1,,,
1221.0,0.064,150,18,1,,,
1221.5,0.064,150,20,1,,,
1222.0,0.064,150,20,1,,,
1222.5,0.058,151,21,1,,,
1223.0,0.058,151,21,1,,,
1223.5,0.052,151,23,1,,,
1224.0,0.058,151,23,1,,,
1224.5,0.052,151,25,1,,,
1225.0,0.064,151,25,1,,,
1225.5,0.058,151,25,1,,,
1226.0,0.058,151,25,1,,,
1226.5,0.052,151,27,1,,,
1227.0,0.052,151,27,1,,,
1227.5,0.052,151,27,1,,,
1228.0,0.052,151,27,1,,,
1228.5,0.052,152,27,1,,,
1229.0,0.052,152,27,1,,,
1229.5,0.052,152,25,1,,,
1230.0,0.058,152,25,1,,,
1230.5,0.052,152,25,1,,,
1231.0,0.052,152,25,1,,,
1231.5,0.047,152,24,1,,,
1232.0,0.058,152,24,1,,,
1232.5,0.047,152,24,1,,,
1233.0,0.052,152,24,1,,,
1233.5,0.052,152,22,1,,,
1234.0,0.052,152,22,1,,,
1234.5,0.052,152,21,1,,,
1235.0,0.052,152,21,1,,,
1235.5,0.052,152,20,1,,,
1236.0,0.058,152,20,1,,,
1236.5,0.047,153,18,1,,,
1237.0,0.052,153,18,1,,,
1237.5,0.052,153,17,1,,,
1238.0,0.058,153,17,1,,,
1238.5,0.052,153,16,1,,,
1239.0,0.052,153,16,1,,,
1239.5,0.052,153,16,1,,,
1240.0,0.052,153,16,1,,,
1240.5,0.058,153,15,1,,,
1241.0,0.058,153,15,1,,,
1241.5,0.058,153,15,1,,,
1242.0,0.058,153,15,1,,,
1242.5,0.052,153,14,1,,,
1243.0,0.058,153,14,1,,,
1243.5,0.058,153,15,1,,,
1244.0,0.058,153,15,1,,,
1244.5,0.058,153,16,1,,,
1245.0,0.064,153,16,1,,,
1245.5,0.058,153,17,1,,,
1246.0,0.052,154,17,1,,,
1246.5,0.058,154,18,1,,,
1247.0,0.064,154,18,1,,,
1247.5,0.058,154,22,1,,,
1248.0,0.064,154,22,1,,,
1248.5,0.052,154,23,1,,,
1249.0,0.064,154,23,1,,,
1249.5,0.058,154,24,1,,,
1250.0,0.058,154,24,1,,,
1250.5,0.058,154,27,1,,,
1251.0,0.064,154,27,1,,,
1251.5,0.052,154,27,1,,,
1252.0,0.052,155,27,1,,,
1252.5,0.052,155,27,1,,,
1253.0,0.058,155,27,1,,,
1253.5,0.052,155,28,1,,,
1254.0,0.052,155,28,1,,,
1254.5,0.052,155,27,1,,,
1255.0,0.047,155,27,1,,,
1255.5,0.052,155,25,1,,,
1256.0,0.052,155,25,1,,,
1256.5,0.047,155,25,1,,,
1257.0,0.052,155,25,1,,,
1257.5,0.052,155,24,1,,,
1258.0,0.047,155,24,1,,,
1258.5,0.052,155,23,1,,,
1259.0,0.052,156,23,1,,,
1259.5,0.052,156,22,1,,,
1260.0,0.052,156,22,1,,,
1260.5,0.052,156,22,1,,,
1261.0,0.052,156,22,1,,,
1261.5,0.052,156,20,1,,,
1262.0,0.064,156,20,1,,,
1262.5,0.052,156,18,1,,,
1263.0,0.052,156,18,1,,,
1263.5,0.052,156,17,1,,,
1264.0,0.052,156,17,1,,,
1264.5,0.047,156,16,1,,,
1265.0,0.052,156,16,1,,,
1265.5,0.052,156,14,1,,,
1266.0,0.058,156,14,1,,,
1266.5,0.058,156,15,1,,,
1267.0,0.058,156,15,1,,,
1267.5,0.052,156,14,1,,,
1268.0,0.058,156,14,1,,,
1268.5,0.058,156,14,1,,,
1269.0,0.064,156,14,1,,,
1269.5,0.058,157,14,1,,,
1270.0,0.058,157,14,1,,,
1270.5,0.058,157,15,1,,,
1271.0,0.058,157,15,1,,,
1271.5,0.064,157,16,1,,,
1272.0,0.064,157,16,1,,,
1272.5,0.058,157,17,1,,,
1273.0,0.064,157,17,1,,,
1273.5,0.064,157,18,1,,,
1274.0,0.052,157,18,1,,,
1274.5,0.058,157,22,1,,,
1275.0,0.058,157,22,1,,,
1275.5,0.058,157,23,1,,,
1276.0,0.064,157,23,1,,,
1276.5,0.052,157,24,1,,,
1277.0,0.058,158,24,1,,,
1277.5,0.058,158,27,1,,,
1278.0,0.058,158,27,1,,,
1278.5,0.052,158,28,1,,,
1279.0,0.058,158,28,1,,,
1279.5,0.052,158,27,1,,,
1280.0,0.064,158,27,1,,,
1280.5,0.052,158,28,1,,,
1281.0,0.052,158,28,1,,,
1281.5,0.047,158,27,1,,,
1282.0,0.052,158,27,1,,,
1282.5,0.047,158,25,1,,,
1283.0,0.058,159,25,1,,,
1283.5,0.058,159,25,1,,,
1284.0,0.052,159,25,1,,,
1284.5,0.052,159,25,1,,,
1285.0,0.052,159,25,1,,,
1285.5,0.052,159,23,1,,,
1286.0,0.058,159,23,1,,,
1286.5,0.052,159,23,1,,,
1287.0,0.058,159,23,1,,,
1287.5,0.052,159,23,1,,,
1288.0,0.058,159,23,1,,,
1288.5,0.052,159,21,1,,,
1289.0,0.052,159,21,1,,,
1289.5,0.052,159,20,1,,,
1290.0,0.052,159,20,1,,,
1290.5,0.052,159,20,1,,,
1291.0,0.058,160,20,1,,,
1291.5,0.047,160,18,1,,,
1292.0,0.058,160,18,1,,,
1292.5,0.052,160,16,1,,,
1293.0,0.058,160,16,1,,,
1293.5,0.052,160,16,1,,,
1294.0,0.052,160,16,1,,,
1294.5,0.052,160,15,1,,,
1295.0,0.052,160,15,1,,,
1295.5,0.052,160,14,1,,,
1296.0,0.058,160,14,1,,,
1296.5,0.052,160,14,1,,,
1297.0,0.052,160,14,1,,,
1297.5,0.058,160,15,1,,,
1298.0,0.058,160,15,1,,,
1298.5,0.058,160,15,1,,,
1299.0,0.058,160,15,1,,,
1299.5,0.064,160,16,1,,,
1300.0,0.058,160,16,1,,,
1300.5,0.058,160,17,1,,,
1301.0,0.058,161,17,1,,,
1301.5,0.058,161,18,1,,,
1302.0,0.058,161,18,1,,,
1302.5,0.058,161,20,1,,,
1303.0,0.064,161,20,1,,,
1303.5,0.058,161,22,1,,,
1304.0,0.064,161,22,1,,,
1304.5,0.064,161,24,1,,,
1305.0,0.052,161,24,1,,,
1305.5,0.058,161,27,1,,,
1306.0,0.052,161,27,1,,,
1306.5,0.052,161,28,1,,,
1307.0,0.052,162,28,1,,,
1307.5,0.052,162,29,1,,,
1308.0,0.052,162,29,1,,,
1308.5,0.058,162,29,1,,,
1309.0,0.058,162,29,1,,,
1309.5,0.064,162,29,1,,,
1310.0,0.058,162,29,1,,,
1310.5,0.058,162,28,1,,,
1311.0,0.064,162,28,1,,,
1311.5,0.052,162,28,1,,,
1312.0,0.052,162,28,1,,,
1312.5,0.052,162,27,1,,,
1313.0,0.058,163,27,1,,,
1313.5,0.052,163,27,1,,,
1314.0,0.058,163,27,1,,,
1314.5,0.052,163,25,1,,,
1315.0,0.052,163,25,1,,,
1315.5,0.052,163,25,1,,,
1316.0,0.052,163,25,1,,,
1316.5,0.052,163,24,1,,,
1317.0,0.058,163,24,1,,,
1317.5,0.047,163,24,1,,,
1318.0,0.052,163,24,1,,,
1318.5,0.052,163,23,1,,,
1319.0,0.052,163,23,1,,,
1319.5,0.058,163,22,1,,,
1320.0,0.052,163,22,1,,,
1320.5,0.052,164,21,1,,,
1321.0,0.052,164,21,1,,,
1321.5,0.052,164,21,1,,,
1322.0,0.052,164,21,1,,,
1322.5,0.052,164,18,1,,,
1323.0,0.052,164,18,1,,,
1323.5,0.058,164,17,1,,,
1324.0,0.052,164,17,1,,,
1324.5,0.052,164,17,1,,,
1325.0,0.052,164,17,1,,,
1325.5,0.052,164,16,1,,,
1326.0,0.052,164,16,1,,,
1326.5,0.052,164,15,1,,,
1327.0,0.052,164,15,1,,,
1327.5,0.052,164,15,1,,,
1328.0,0.058,164,15,1,,,
1328.5,0.064,164,15,1,,,
1329.0,0.052,164,15,1,,,
1329.5,0.058,164,14,1,,,
1330.0,0.058,164,14,1,,,
1330.5,0.058,164,15,1,,,
1331.0,0.058,165,15,1,,,
1331.5,0.064,165,15,1,,,
1332.0,0.064,165,15,1,,,
1332.5,0.058,165,16,1,,,
1333.0,0.058,165,16,1,,,
1333.5,0.058,165,16,1,,,
1334.0,0.058,165,16,1,,,
1334.5,0.058,165,18,1,,,
1335.0,0.058,165,18,1,,,
1335.5,0.058,165,20,1,,,
1336.0,0.064,165,20,1,,,
1336.5,0.064,165,21,1,,,
1337.0,0.064,165,21,1,,,
1337.5,0.058,165,23,1,,,
1338.0,0.058,166,23,1,,,
1338.5,0.058,166,24,1,,,
1339.0,0.052,166,24,1,,,
1339.5,0.058,166,25,1,,,
1340.0,0.058,166,25,1,,,
1340.5,0.052,166,27,1,,,
1341.0,0.052,166,27,1,,,
1341.5,0.052,166,27,1,,,
1342.0,0.052,166,27,1,,,
1342.5,0.052,166,27,1,,,
1343.0,0.052,166,27,1,,,
1343.5,0.058,166,27,1,,,
1344.0,0.052,166,27,1,,,
1344.5,0.052,167,25,1,,,
1345.0,0.058,167,25,1,,,
1345.5,0.052,167,24,1,,,
1346.0,0.052,167,24,1,,,
1346.5,0.052,167,24,1,,,
1347.0,0.052,167,24,1,,,
1347.5,0.047,167,23,1,,,
1348.0,0.052,167,23,1,,,
1348.5,0.058,167,23,1,,,
1349.0,0.064,167,23,1,,,
1349.5,0.058,167,22,1,,,
1350.0,0.064,167,22,1,,,
1350.5,0.052,167,21,1,,,
1351.0,0.058,167,21,1,,,
1351.5,0.052,167,20,1,,,
1352.0,0.058,167,20,1,,,
1352.5,0.052,167,18,1,,,
1353.0,0.052,168,18,1,,,
1353.5,0.058,168,17,1,,,
1354.0,0.052,168,17,1,,,
1354.5,0.052,168,16,1,,,
1355.0,0.058,168,16,1,,,
1355.5,0.058,168,15,1,,,
1356.0,0.058,168,15,1,,,
1356.5,0.052,168,15,1,,,
1357.0,0.058,168,15,1,,,
1357.5,0.058,168,14,1,,,
1358.0,0.058,168,14,1,,,
1358.5,0.064,168,12,1,,,
1359.0,0.064,168,12,1,,,
1359.5,0.058,168,14,1,,,
1360.0,0.058,168,14,1,,,
1360.5,0.064,168,15,1,,,
1361.0,0.064,168,15,1,,,
1361.5,0.064,168,15,1,,,
1362.0,0.064,168,15,1,,,
1362.5,0.052,168,17,1,,,
1363.0,0.064,169,17,1,,,
1363.5,0.058,169,18,1,,,
1364.0,0.052,169,18,1,,,
1364.5,0.064,169,21,1,,,
1365.0,0.058,169,21,1,,,
1365.5,0.058,169,22,1,,,
1366.0,0.064,169,22,1,,,
1366.5,0.058,169,24,1,,,
1367.0,0.058,169,24,1,,,
1367.5,0.052,169,24,1,,,
1368.0,0.052,169,24,1,,,
1368.5,0.058,169,27,1,,,
1369.0,0.052,170,27,1,,,
1369.5,0.052,170,27,1,,,
1370.0,0.058,170,27,1,,,
1370.5,0.058,170,27,1,,,
1371.0,0.052,170,27,1,,,
1371.5,0.052,170,25,1,,,
1372.0,0.052,170,25,1,,,
1372.5,0.052,170,27,1,,,
1373.0,0.052,170,27,1,,,
1373.5,0.052,170,25,1,,,
1374.0,0.052,170,25,1,,,
1374.5,0.052,170,24,1,,,
1375.0,0.058,170,24,1,,,
1375.5,0.052,170,23,1,,,
1376.0,0.052,171,23,1,,,
1376.5,0.052,171,23,1,,,
1377.0,0.058,171,23,1,,,
1377.5,0.052,171,21,1,,,
1378.0,0.052,171,21,1,,,
1378.5,0.052,171,20,1,,,
1379.0,0.058,171,20,1,,,
1379.5,0.052,171,18,1,,,
1380.0,0.052,171,18,1,,,
1380.5,0.052,171,18,1,,,
1381.0,0.052,171,18,1,,,
1381.5,0.052,171,16,1,,,
1382.0,0.052,171,16,1,,,
1382.5,0.052,171,16,1,,,
1383.0,0.052,171,16,1,,,
1383.5,0.052,171,15,1,,,
1384.0,0.064,171,15,1,,,
1384.5,0.058,171,15,1,,,
1385.0,0.058,171,15,1,,,
1385.5,0.058,171,14,1,,,
1386.0,0.058,171,14,1,,,
1386.5,0.058,172,15,1,,,
1387.0,0.058,172,15,1,,,
1387.5,0.058,172,16,1,,,
1388.0,0.052,172,16,1,,,
1388.5,0.058,172,17,1,,,
1389.0,0.064,172,17,1,,,
1389.5,0.058,172,18,1,,,
1390.0,0.058,172,18,1,,,
1390.5,0.058,172,21,1,,,
1391.0,0.058,172,21,1,,,
1391.5,0.058,172,22,1,,,
1392.0,0.052,172,22,1,,,
1392.5,0.052,172,23,1,,,
1393.0,0.058,173,23,1,,,
1393.5,0.052,173,25,1,,,
1394.0,0.058,173,25,1,,,
1394.5,0.058,173,27,1,,,
1395.0,0.058,173,27,1,,,
1395.5,0.052,173,27,1,,,
1396.0,0.052,173,27,1,,,
1396.5,0.052,173,28,1,,,
1397.0,0.052,173,28,1,,,
1397.5,0.052,173,27,1,,,
1398.0,0.052,173,27,1,,,
1398.5,0.064,173,27,1,,,
1399.0,0.058,173,27,1,,,
1399.5,0.052,174,25,1,,,
1400.0,0.052,174,25,1,,,
1400.5,0.052,174,25,1,,,
1401.0,0.058,174,25,1,,,
1401.5,0.052,174,24,1,,,
1402.0,0.052,174,24,1,,,
1402.5,0.052,174,23,1,,,
1403.0,0.052,174,23,1,,,
1403.5,0.052,174,22,1,,,
1404.0,0.052,174,22,1,,,
1404.5,0.052,174,21,1,,,
1405.0,0.052,174,21,1,,,
1405.5,0.058,174,20,1,,,
1406.0,0.064,174,20,1,,,
1406.5,0.052,174,18,1,,,
1407.0,0.058,174,18,1,,,
1407.5,0.052,174,17,1,,,
1408.0,0.058,175,17,1,,,
1408.5,0.052,175,16,1,,,
1409.0,0.052,175,16,1,,,
1409.5,0.058,175,15,1,,,
1410.0,0.058,175,15,1,,,
1410.5,0.052,175,14,1,,,
1411.0,0.058,175,14,1,,,
1411.5,0.058,175,14,1,,,
1412.0,0.058,175,14,1,,,
1412.5,0.058,175,14,1,,,
1413.0,0.058,175,14,1,,,
1413.5,0.064,175,14,1,,,
1414.0,0.052,175,14,1,,,
1414.5,0.058,175,15,1,,,
1415.0,0.064,175,15,1,,,
1415.5,0.058,175,17,1,,,
1416.0,0.064,175,17,1,,,
1416.5,0.058,175,18,1,,,
1417.0,0.058,175,18,1,,,
1417.5,0.064,176,21,1,,,
1418.0,0.064,176,21,1,,,
1418.5,0.058,176,23,1,,,
1419.0,0.07,176,23,1,,,
1419.5,0.052,176,24,1,,,
1420.0,0.058,176,24,1,,,
1420.5,0.052,176,25,1,,,
1421.0,0.052,176,25,1,,,
1421.5,0.052,176,27,1,,,
1422.0,0.058,176,27,1,,,
1422.5,0.052,176,28,1,,,
1423.0,0.058,176,28,1,,,
1423.5,0.052,177,27,1,,,
1424.0,0.058,177,27,1,,,
1424.5,0.052,177,28,1,,,
1425.0,0.052,177,28,1,,,
1425.5,0.052,177,27,1,,,
1426.0,0.052,177,27,1,,,
1426.5,0.052,177,27,1,,,
1427.0,0.058,177,27,1,,,
1427.5,0.052,177,25,1,,,
1428.0,0.052,177,25,1,,,
1428.5,0.052,177,25,1,,,
1429.0,0.047,177,25,1,,,
1429.5,0.052,177,24,1,,,
1430.0,0.052,178,24,1,,,
1430.5,0.058,178,23,1,,,
1431.0,0.058,178,23,1,,,
1431.5,0.052,178,22,1,,,
1432.0,0.047,178,22,1,,,
1432.5,0.052,178,21,1,,,
1433.0,0.058,178,21,1,,,
1433.5,0.052,178,20,1,,,
1434.0,0.052,178,20,1,,,
1434.5,0.052,178,18,1,,,
1435.0,0.052,178,18,1,,,
1435.5,0.058,178,18,1,,,
1436.0,0.052,178,18,1,,,
1436.5,0.052,178,16,1,,,
1437.0,0.064,178,16,1,,,
1437.5,0.058,178,16,1,,,
1438.0,0.052,178,16,1,,,
1438.5,0.064,178,15,1,,,
1439.0,0.052,178,15,1,,,
1439.5,0.058,178,15,1,,,
1440.0,0.058,179,15,1,,,
1440.5,0.064,179,14,1,,,
1441.0,0.064,179,14,1,,,
1441.5,0.058,179,15,1,,,
1442.0,0.058,179,15,1,,,
1442.5,0.064,179,15,1,,,
1443.0,0.058,179,15,1,,,
1443.5,0.058,179,17,1,,,
1444.0,0.064,179,17,1,,,
1444.5,0.064,179,18,1,,,
1445.0,0.058,179,18,1,,,
1445.5,0.052,179,21,1,,,
1446.0,0.064,179,21,1,,,
1446.5,0.058,179,22,1,,,
1447.0,0.058,179,22,1,,,
1447.5,0.058,180,23,1,,,
1448.0,0.058,180,23,1,,,
1448.5,0.058,180,24,1,,,
1449.0,0.052,180,24,1,,,
1449.5,0.052,180,24,1,,,
1450.0,0.064,180,24,1,,,
1450.5,0.064,180,24,1,,,
1451.0,0.058,180,24,1,,,
1451.5,0.052,180,24,1,,,
1452.0,0.058,180,24,1,,,
1452.5,0.052,180,24,1,,,
1453.0,0.058,180,24,1,,,
1453.5,0.052,180,23,1,,,
1454.0,0.064,180,23,1,,,
1454.5,0.058,180,23,1,,,
1455.0,0.052,181,23,1,,,
1455.5,0.052,181,22,1,,,
1456.0,0.052,181,22,1,,,
1456.5,0.052,181,21,1,,,
1457.0,0.052,181,21,1,,,
1457.5,0.047,181,20,1,,,
1458.0,0.052,181,20,1,,,
1458.5,0.052,181,18,1,,,
1459.0,0.052,181,18,1,,,
1459.5,0.052,181,17,1,,,
1460.0,0.052,181,17,1,,,
1460.5,0.052,181,16,1,,,
1461.0,0.052,181,16,1,,,
1461.5,0.064,181,16,1,,,
1462.0,0.058,181,16,1,,,
1462.5,0.052,181,15,1,,,
1463.0,0.058,181,15,1,,,
1463.5,0.058,181,15,1,,,
1464.0,0.052,181,15,1,,,
1464.5,0.058,181,15,1,,,
1465.0,0.052,182,15,1,,,
1465.5,0.064,182,16,1,,,
1466.0,0.058,182,16,1,,,
1466.5,0.058,182,16,1,,,
1467.0,0.058,182,16,1,,,
1467.5,0.07,182,18,1,,,
1468.0,0.064,182,18,1,,,
1468.5,0.058,182,20,1,,,
1469.0,0.064,182,20,1,,,
1469.5,0.052,182,21,1,,,
1470.0,0.058,182,21,1,,,
1470.5,0.064,182,23,1,,,
1471.0,0.058,182,23,1,,,
1471.5,0.052,183,25,1,,,
1472.0,0.052,183,25,1,,,
1472.5,0.052,183,25,1,,,
1473.0,0.052,183,25,1,,,
1473.5,0.052,183,27,1,,,
1474.0,0.052,183,27,1,,,
1474.5,0.052,183,28,1,,,
1475.0,0.052,183,28,1,,,
1475.5,0.052,183,27,1,,,
1476.0,0.052,183,27,1,,,
1476.5,0.052,183,27,1,,,
1477.0,0.052,183,27,1,,,
1477.5,0.064,183,27,1,,,
1478.0,0.052,184,27,1,,,
1478.5,0.052,184,25,1,,,
1479.0,0.052,184,25,1,,,
1479.5,0.052,184,24,1,,,
1480.0,0.052,184,24,1,,,
1480.5,0.052,184,24,1,,,
1481.0,0.058,184,24,1,,,
1481.5,0.052,184,23,1,,,
1482.0,0.058,184,23,1,,,
1482.5,0.052,184,22,1,,,
1483.0,0.052,184,22,1,,,
1483.5,0.052,184,21,1,,,
1484.0,0.052,184,21,1,,,
1484.5,0.052,184,18,1,,,
1485.0,0.058,184,18,1,,,
1485.5,0.052,184,17,1,,,
1486.0,0.052,184,17,1,,,
1486.5,0.052,185,15,1,,,
1487.0,0.058,185,15,1,,,
1487.5,0.052,185,15,1,,,
1488.0,0.052,185,15,1,,,
1488.5,0.058,185,14,1,,,
1489.0,0.058,185,14,1,,,
1489.5,0.058,185,14,1,,,
1490.0,0.052,185,14,1,,,
1490.5,0.052,185,14,1,,,
1491.0,0.058,185,14,1,,,
1491.5,0.058,185,15,1,,,
1492.0,0.058,185,15,1,,,
1492.5,0.052,185,15,1,,,
1493.0,0.058,185,15,1,,,
1493.5,0.058,185,16,1,,,
1494.0,0.052,185,16,1,,,
1494.5,0.064,185,18,1,,,
1495.0,0.064,185,18,1,,,
1495.5,0.064,185,20,1,,,
1496.0,0.052,186,20,1,,,
1496.5,0.064,186,21,1,,,
1497.0,0.058,186,21,1,,,
1497.5,0.058,186,23,1,,,
1498.0,0.058,186,23,1,,,
1498.5,0.064,186,24,1,,,
1499.0,0.052,186,24,1,,,
1499.5,0.064,186,25,1,,,
1500.0,0.052,186,25,1,,,
1500.5,0.052,186,27,1,,,
1501.0,0.052,186,27,1,,,
1501.5,0.052,186,27,1,,,
1502.0,0.058,187,27,1,,,
1502.5,0.052,187,27,1,,,
1503.0,0.052,187,27,1,,,
1503.5,0.052,187,27,1,,,
1504.0,0.058,187,27,1,,,
1504.5,0.052,187,27,1,,,
1505.0,0.052,187,27,1,,,
1505.5,0.052,187,25,1,,,
1506.0,0.052,187,25,1,,,
1506.5,0.052,187,25,1,,,
1507.0,0.058,187,25,1,,,
1507.5,0.058,187,24,1,,,
1508.0,0.052,187,24,1,,,
1508.5,0.052,187,23,1,,,
1509.0,0.052,188,23,1,,,
1509.5,0.052,188,22,1,,,
1510.0,0.047,188,22,1,,,
1510.5,0.058,188,21,1,,,
1511.0,0.058,188,21,1,,,
1511.5,0.052,188,20,1,,,
1512.0,0.052,188,20,1,,,
1512.5,0.052,188,18,1,,,
1513.0,0.052,188,18,1,,,
1513.5,0.052,188,18,1,,,
1514.0,0.058,188,18,1,,,
1514.5,0.058,188,17,1,,,
1515.0,0.058,188,17,1,,,
1515.5,0.052,188,16,1,,,
1516.0,0.052,188,16,1,,,
1516.5,0.052,188,16,1,,,
1517.0,0.052,188,16,1,,,
1517.5,0.052,188,15,1,,,
1518.0,0.058,188,15,1,,,
1518.5,0.058,188,15,1,,,
1519.0,0.052,189,15,1,,,
1519.5,0.058,189,15,1,,,
1520.0,0.058,189,15,1,,,
1520.5,0.064,189,16,1,,,
1521.0,0.064,189,16,1,,,
1521.5,0.058,189,16,1,,,
1522.0,0.064,189,16,1,,,
1522.5,0.058,189,18,1,,,
1523.0,0.058,189,18,1,,,
1523.5,0.058,189,20,1,,,
1524.0,0.058,189,20,1,,,
1524.5,0.052,189,22,1,,,
1525.0,0.058,189,22,1,,,
1525.5,0.052,189,24,1,,,
1526.0,0.058,190,24,1,,,
1526.5,0.058,190,27,1,,,
1527.0,0.052,190,27,1,,,
1527.5,0.052,190,27,1,,,
1528.0,0.052,190,27,1,,,
1528.5,0.052,190,28,1,,,
1529.0,0.058,190,28,1,,,
1529.5,0.052,190,28,1,,,
1530.0,0.058,190,28,1,,,
1530.5,0.058,190,28,1,,,
1531.0,0.058,190,28,1,,,
1531.5,0.058,190,27,1,,,
1532.0,0.052,191,27,1,,,
1532.5,0.052,191,28,1,,,
1533.0,0.052,191,28,1,,,
1533.5,0.058,191,27,1,,,
1534.0,0.052,191,27,1,,,
1534.5,0.058,191,25,1,,,
1535.0,0.052,191,25,1,,,
1535.5,0.052,191,25,1,,,
1536.0,0.052,191,25,1,,,
1536.5,0.052,191,25,1,,,
1537.0,0.052,191,25,1,,,
1537.5,0.052,191,23,1,,,
1538.0,0.052,191,23,1,,,
1538.5,0.052,191,23,1,,,
1539.0,0.052,192,23,1,,,
1539.5,0.058,192,23,1,,,
1540.0,0.058,192,23,1,,,
1540.5,0.052,192,21,1,,,
1541.0,0.052,192,21,1,,,
1541.5,0.058,192,20,1,,,
1542.0,0.052,192,20,1,,,
1542.5,0.052,192,20,1,,,
1543.0,0.052,192,20,1,,,
1543.5,0.052,192,18,1,,,
1544.0,0.052,192,18,1,,,
1544.5,0.052,192,17,1,,,
1545.0,0.058,192,17,1,,,
1545.5,0.052,192,16,1,,,
1546.0,0.052,192,16,1,,,
1546.5,0.052,192,15,1,,,
1547.0,0.052,192,15,1,,,
1547.5,0.052,192,15,1,,,
1548.0,0.058,192,15,1,,,
1548.5,0.052,192,14,1,,,
1549.0,0.052,193,14,1,,,
1549.5,0.052,193,14,1,,,
1550.0,0.052,193,14,1,,,
1550.5,0.052,193,14,1,,,
1551.0,0.064,193,14,1,,,
1551.5,0.058,193,15,1,,,
1552.0,0.064,193,15,1,,,
1552.5,0.058,193,15,1,,,
1553.0,0.058,193,15,1,,,
1553.5,0.064,193,17,1,,,
1554.0,0.058,193,17,1,,,
1554.5,0.064,193,17,1,,,
1555.0,0.064,193,17,1,,,
1555.5,0.052,193,20,1,,,
1556.0,0.07,193,20,1,,,
1556.5,0.052,193,21,1,,,
1557.0,0.058,194,21,1,,,
1557.5,0.064,194,23,1,,,
1558.0,0.058,194,23,1,,,
1558.5,0.052,194,24,1,,,
1559.0,0.052,194,24,1,,,
1559.5,0.052,194,25,1,,,
1560.0,0.052,194,25,1,,,
1560.5,0.052,194,27,1,,,
1561.0,0.052,194,27,1,,,
1561.5,0.052,194,28,1,,,
1562.0,0.052,194,28,1,,,
1562.5,0.052,194,27,1,,,
1563.0,0.052,195,27,1,,,
1563.5,0.058,195,27,1,,,
1564.0,0.058,195,27,1,,,
1564.5,0.058,195,27,1,,,
1565.0,0.058,195,27,1,,,
1565.5,0.052,195,25,1,,,
1566.0,0.052,195,25,1,,,
1566.5,0.052,195,24,1,,,
1567.0,0.058,195,24,1,,,
1567.5,0.052,195,24,1,,,
1568.0,0.052,195,24,1,,,
1568.5,0.052,195,23,1,,,
1569.0,0.052,195,23,1,,,
1569.5,0.052,195,22,1,,,
1570.0,0.052,195,22,1,,,
1570.5,0.047,196,22,1,,,
1571.0,0.052,196,22,1,,,
1571.5,0.052,196,21,1,,,
1572.0,0.047,196,21,1,,,
1572.5,0.052,196,20,1,,,
1573.0,0.052,196,20,1,,,
1573.5,0.052,196,18,1,,,
1574.0,0.052,196,18,1,,,
1574.5,0.052,196,17,1,,,
1575.0,0.052,196,17,1,,,
1575.5,0.058,196,15,1,,,
1576.0,0.052,196,15,1,,,
1576.5,0.052,196,15,1,,,
1577.0,0.052,196,15,1,,,
1577.5,0.058,196,14,1,,,
1578.0,0.052,196,14,1,,,
1578.5,0.058,196,12,1,,,
1579.0,0.058,196,12,1,,,
1579.5,0.058,196,12,1,,,
1580.0,0.058,196,12,1,,,
1580.5,0.058,196,14,1,,,
1581.0,0.052,196,14,1,,,
1581.5,0.052,197,14,1,,,
1582.0,0.058,197,14,1,,,
1582.5,0.052,197,15,1,,,
1583.0,0.058,197,15,1,,,
1583.5,0.058,197,16,1,,,
1584.0,0.058,197,16,1,,,
1584.5,0.064,197,17,1,,,
1585.0,0.064,197,17,1,,,
1585.5,0.052,197,18,1,,,
1586.0,0.064,197,18,1,,,
1586.5,0.064,197,21,1,,,
1587.0,0.064,197,21,1,,,
1587.5,0.058,197,22,1,,,
1588.0,0.058,197,22,1,,,
1588.5,0.052,198,24,1,,,
1589.0,0.052,198,24,1,,,
1589.5,0.058,198,27,1,,,
1590.0,0.052,198,27,1,,,
1590.5,0.052,198,28,1,,,
1591.0,0.052,198,28,1,,,
1591.5,0.052,198,27,1,,,
1592.0,0.052,198,27,1,,,
1592.5,0.052,198,28,1,,,
1593.0,0.052,198,28,1,,,
1593.5,0.052,198,28,1,,,
1594.0,0.052,198,28,1,,,
1594.5,0.047,199,27,1,,,
1595.0,0.047,199,27,1,,,
1595.5,0.052,199,25,1,,,
1596.0,0.058,199,25,1,,,
1596.5,0.058,199,27,1,,,
1597.0,0.047,199,27,1,,,
1597.5,0.052,199,25,1,,,
1598.0,0.052,199,25,1,,,
1598.5,0.052,199,23,1,,,
1599.0,0.052,199,23,1,,,
1599.5,0.052,199,23,1,,,
1600.0,0.052,199,23,1,,,
1600.5,0.052,199,22,1,,,
1601.0,0.052,199,22,1,,,
1601.5,0.052,199,20,1,,,
1602.0,0.052,199,20,1,,,
1602.5,0.052,200,18,1,,,
1603.0,0.052,200,18,1,,,
1603.5,0.058,200,17,1,,,
1604.0,0.058,200,17,1,,,
1604.5,0.052,200,16,1,,,
1605.0,0.058,200,16,1,,,
1605.5,0.052,200,15,1,,,
1606.0,0.052,200,15,1,,,
1606.5,0.052,200,14,1,,,
1607.0,0.064,200,14,1,,,
1607.5,0.052,200,14,1,,,
1608.0,0.052,200,14,1,,,
1608.5,0.058,200,14,1,,,
1609.0,0.064,200,14,1,,,
1609.5,0.052,200,14,1,,,
1610.0,0.058,200,14,1,,,
1610.5,0.058,200,15,1,,,
1611.0,0.058,200,15,1,,,
1611.5,0.058,200,16,1,,,
1612.0,0.058,200,16,1,,,
1612.5,0.07,200,16,1,,,
1613.0,0.058,201,16,1,,,
1613.5,0.058,201,18,1,,,
1614.0,0.064,201,18,1,,,
1614.5,0.052,201,21,1,,,
1615.0,0.058,201,21,1,,,
1615.5,0.058,201,22,1,,,
1616.0,0.058,201,22,1,,,
1616.5,0.058,201,24,1,,,
1617.0,0.058,201,24,1,,,
1617.5,0.052,201,27,1,,,
1618.0,0.058,201,27,1,,,
1618.5,0.052,201,28,1,,,
1619.0,0.052,202,28,1,,,
1619.5,0.058,202,27,1,,,
1620.0,0.052,202,27,1,,,
1620.5,0.052,202,28,1,,,
1621.0,0.058,202,28,1,,,
1621.5,0.052,202,28,1,,,
1622.0,0.052,202,28,1,,,
1622.5,0.052,202,27,1,,,
1623.0,0.052,202,27,1,,,
1623.5,0.052,202,27,1,,,
1624.0,0.052,202,27,1,,,
1624.5,0.058,202,27,1,,,
1625.0,0.058,202,27,1,,,
1625.5,0.052,203,25,1,,,
1626.0,0.052,203,25,1,,,
1626.5,0.052,203,23,1,,,
1627.0,0.052,203,23,1,,,
1627.5,0.052,203,23,1,,,
1628.0,0.052,203,23,1,,,
1628.5,0.047,203,21,1,,,
1629.0,0.058,203,21,1,,,
1629.5,0.052,203,20,1,,,
1630.0,0.052,203,20,1,,,
1630.5,0.052,203,18,1,,,
1631.0,0.052,203,18,1,,,
1631.5,0.052,203,17,1,,,
1632.0,0.052,203,17,1,,,
1632.5,0.052,203,16,1,,,
1633.0,0.058,203,16,1,,,
1633.5,0.047,203,15,1,,,
1634.0,0.052,203,15,1,,,
1634.5,0.058,203,15,1,,,
1635.0,0.058,203,15,1,,,
1635.5,0.058,204,14,1,,,
1636.0,0.058,204,14,1,,,
1636.5,0.058,204,15,1,,,
1637.0,0.058,204,15,1,,,
1637.5,0.058,204,15,1,,,
1638.0,0.052,204,15,1,,,
1638.5,0.058,204,16,1,,,
1639.0,0.058,204,16,1,,,
1639.5,0.058,204,17,1,,,
1640.0,0.058,204,17,1,,,
1640.5,0.058,204,20,1,,,
1641.0,0.058,204,20,1,,,
1641.5,0.064,204,21,1,,,
1642.0,0.058,204,21,1,,,
1642.5,0.058,204,23,1,,,
1643.0,0.058,205,23,1,,,
1643.5,0.064,205,25,1,,,
1644.0,0.052,205,25,1,,,
1644.5,0.052,205,25,1,,,
1645.0,0.064,205,25,1,,,
1645.5,0.052,205,27,1,,,
1646.0,0.052,205,27,1,,,
1646.5,0.052,205,28,1,,,
1647.0,0.052,205,28,1,,,
1647.5,0.052,205,27,1,,,
1648.0,0.058,205,27,1,,,
1648.5,0.058,205,27,1,,,
1649.0,0.052,206,27,1,,,
1649.5,0.058,206,27,1,,,
1650.0,0.052,206,27,1,,,
1650.5,0.052,206,25,1,,,
1651.0,0.052,206,25,1,,,
1651.5,0.052,206,24,1,,,
1652.0,0.052,206,24,1,,,
1652.5,0.052,206,24,1,,,
1653.0,0.058,206,24,1,,,
1653.5,0.052,206,23,1,,,
1654.0,0.052,206,23,1,,,
1654.5,0.052,206,23,1,,,
1655.0,0.058,206,23,1,,,
1655.5,0.052,206,22,1,,,
1656.0,0.052,206,22,1,,,
1656.5,0.052,207,21,1,,,
1657.0,0.052,207,21,1,,,
1657.5,0.052,207,21,1,,,
1658.0,0.058,207,21,1,,,
1658.5,0.047,207,18,1,,,
1659.0,0.052,207,18,1,,,
1659.5,0.058,207,17,1,,,
1660.0,0.052,207,17,1,,,
1660.5,0.052,207,16,1,,,
1661.0,0.052,207,16,1,,,
1661.5,0.064,207,16,1,,,
1662.0,0.064,207,16,1,,,
1662.5,0.052,207,14,1,,,
1663.0,0.058,207,14,1,,,
1663.5,0.058,207,14,1,,,
1664.0,0.058,207,14,1,,,
1664.5,0.058,207,14,1,,,
1665.0,0.058,207,14,1,,,
1665.5,0.058,207,15,1,,,
1666.0,0.058,207,15,1,,,
1666.5,0.058,207,14,1,,,
1667.0,0.058,208,14,1,,,
1667.5,0.052,208,15,1,,,
1668.0,0.058,208,15,1,,,
1668.5,0.058,208,17,1,,,
1669.0,0.064,208,17,1,,,
1669.5,0.064,208,17,1,,,
1670.0,0.064,208,17,1,,,
1670.5,0.064,208,18,1,,,
1671.0,0.058,208,18,1,,,
1671.5,0.058,208,21,1,,,
1672.0,0.058,208,21,1,,,
1672.5,0.058,208,23,1,,,
1673.0,0.058,208,23,1,,,
1673.5,0.052,208,24,1,,,
1674.0,0.052,209,24,1,,,
1674.5,0.052,209,25,1,,,
1675.0,0.052,209,25,1,,,
1675.5,0.058,209,27,1,,,
1676.0,0.052,209,27,1,,,
1676.5,0.052,209,28,1,,,
1677.0,0.052,209,28,1,,,
1677.5,0.052,209,27,1,,,
1678.0,0.052,209,27,1,,,
1678.5,0.052,209,25,1,,,
1679.0,0.052,209,25,1,,,
1679.5,0.058,209,27,1,,,
1680.0,0.058,210,27,1,,,
1680.5,0.058,210,25,1,,,
1681.0,0.052,210,25,1,,,
1681.5,0.052,210,23,1,,,
1682.0,0.052,210,23,1,,,
1682.5,0.052,210,23,1,,,
1683.0,0.052,210,23,1,,,
1683.5,0.052,210,23,1,,,
1684.0,0.052,210,23,1,,,
1684.5,0.052,210,21,1,,,
1685.0,0.052,210,21,1,,,
1685.5,0.052,210,20,1,,,
1686.0,0.052,210,20,1,,,
1686.5,0.052,210,20,1,,,
1687.0,0.052,210,20,1,,,
1687.5,0.058,210,17,1,,,
1688.0,0.052,210,17,1,,,
1688.5,0.052,210,16,1,,,
1689.0,0.052,210,16,1,,,
1689.5,0.052,211,15,1,,,
1690.0,0.052,211,15,1,,,
1690.5,0.058,211,14,1,,,
1691.0,0.058,211,14,1,,,
1691.5,0.058,211,14,1,,,
1692.0,0.052,211,14,1,,,
1692.5,0.052,211,14,1,,,
1693.0,0.058,211,14,1,,,
1693.5,0.058,211,14,1,,,
1694.0,0.058,211,14,1,,,
1694.5,0.058,211,15,1,,,
1695.0,0.058,211,15,1,,,
1695.5,0.058,211,17,1,,,
1696.0,0.058,211,17,1,,,
1696.5,0.058,211,17,1,,,
1697.0,0.064,211,17,1,,,
1697.5,0.058,211,20,1,,,
1698.0,0.064,212,20,1,,,
1698.5,0.058,212,22,1,,,
1699.0,0.058,212,22,1,,,
1699.5,0.058,212,23,1,,,
1700.0,0.058,212,23,1,,,
1700.5,0.058,212,24,1,,,
1701.0,0.052,212,24,1,,,
1701.5,0.052,212,27,1,,,
1702.0,0.052,212,27,1,,,
1702.5,0.052,212,28,1,,,
1703.0,0.058,212,28,1,,,
1703.5,0.052,212,27,1,,,
1704.0,0.052,212,27,1,,,
1704.5,0.058,213,27,1,,,
1705.0,0.052,213,27,1,,,
1705.5,0.052,213,27,1,,,
1706.0,0.052,213,27,1,,,
1706.5,0.052,213,25,1,,,
1707.0,0.052,213,25,1,,,
1707.5,0.052,213,24,1,,,
1708.0,0.052,213,24,1,,,
1708.5,0.058,213,23,1,,,
1709.0,0.052,213,23,1,,,
1709.5,0.058,213,23,1,,,
1710.0,0.052,213,23,1,,,
1710.5,0.052,213,21,1,,,
1711.0,0.052,213,21,1,,,
1711.5,0.052,213,20,1,,,
1712.0,0.052,213,20,1,,,
1712.5,0.052,214,18,1,,,
1713.0,0.052,214,18,1,,,
1713.5,0.052,214,18,1,,,
1714.0,0.052,214,18,1,,,
1714.5,0.052,214,17,1,,,
1715.0,0.052,214,17,1,,,
1715.5,0.052,214,16,1,,,
1716.0,0.058,214,16,1,,,
1716.5,0.064,214,16,1,,,
1717.0,0.058,214,16,1,,,
1717.5,0.058,214,15,1,,,
1718.0,0.052,214,15,1,,,
1718.5,0.058,214,15,1,,,
1719.0,0.058,214,15,1,,,
1719.5,0.052,214,15,1,,,
1720.0,0.058,214,15,1,,,
1720.5,0.064,214,17,1,,,
1721.0,0.052,214,17,1,,,
1721.5,0.052,214,17,1,,,
1722.0,0.058,215,17,1,,,
1722.5,0.058,215,20,1,,,
1723.0,0.058,215,20,1,,,
1723.5,0.058,215,22,1,,,
1724.0,0.064,215,22,1,,,
1724.5,0.058,215,23,1,,,
1725.0,0.058,215,23,1,,,
1725.5,0.052,215,24,1,,,
1726.0,0.064,215,24,1,,,
1726.5,0.058,215,25,1,,,
1727.0,0.052,215,25,1,,,
1727.5,0.064,215,25,1,,,
1728.0,0.052,216,25,1,,,
1728.5,0.052,216,25,1,,,
1729.0,0.052,216,25,1,,,
1729.5,0.052,216,25,1,,,
1730.0,0.052,216,25,1,,,
1730.5,0.052,216,24,1,,,
1731.0,0.052,216,24,1,,,
1731.5,0.052,216,24,1,,,
1732.0,0.052,216,24,1,,,
1732.5,0.058,216,24,1,,,
1733.0,0.058,216,24,1,,,
1733.5,0.052,216,23,1,,,
1734.0,0.052,216,23,1,,,
1734.5,0.052,216,23,1,,,
1735.0,0.058,216,23,1,,,
1735.5,0.064,217,22,1,,,
1736.0,0.052,217,22,1,,,
1736.5,0.058,217,22,1,,,
1737.0,0.052,217,22,1,,,
1737.5,0.047,217,21,1,,,
1738.0,0.052,217,21,1,,,
1738.5,0.058,217,18,1,,,
1739.0,0.058,217,18,1,,,
1739.5,0.052,217,17,1,,,
1740.0,0.052,217,17,1,,,
1740.5,0.052,217,17,1,,,
1741.0,0.058,217,17,1,,,
1741.5,0.052,217,15,1,,,
1742.0,0.052,217,15,1,,,
1742.5,0.058,217,14,1,,,
1743.0,0.058,217,14,1,,,
1743.5,0.058,217,15,1,,,
1744.0,0.064,217,15,1,,,
1744.5,0.058,217,14,1,,,
1745.0,0.064,217,14,1,,,
1745.5,0.064,217,14,1,,,
1746.0,0.058,218,14,1,,,
1746.5,0.064,218,15,1,,,
1747.0,0.058,218,15,1,,,
1747.5,0.058,218,16,1,,,
1748.0,0.058,218,16,1,,,
1748.5,0.058,218,17,1,,,
1749.0,0.058,218,17,1,,,
1749.5,0.064,218,20,1,,,
1750.0,0.064,218,20,1,,,
1750.5,0.058,218,21,1,,,
1751.0,0.058,218,21,1,,,
1751.5,0.058,218,22,1,,,
1752.0,0.058,218,22,1,,,
1752.5,0.058,218,24,1,,,
1753.0,0.058,219,24,1,,,
1753.5,0.052,219,25,1,,,
1754.0,0.058,219,25,1,,,
1754.5,0.058,219,25,1,,,
1755.0,0.052,219,25,1,,,
1755.5,0.052,219,27,1,,,
1756.0,0.058,219,27,1,,,
1756.5,0.058,219,27,1,,,
1757.0,0.052,219,27,1,,,
1757.5,0.064,219,27,1,,,
1758.0,0.052,219,27,1,,,
1758.5,0.058,219,25,1,,,
1759.0,0.058,220,25,1,,,
1759.5,0.052,220,25,1,,,
1760.0,0.052,220,25,1,,,
1760.5,0.052,220,24,1,,,
1761.0,0.052,220,24,1,,,
1761.5,0.052,220,24,1,,,
1762.0,0.058,220,24,1,,,
1762.5,0.052,220,23,1,,,
1763.0,0.052,220,23,1,,,
1763.5,0.052,220,23,1,,,
1764.0,0.058,220,23,1,,,
1764.5,0.058,220,22,1,,,
1765.0,0.052,220,22,1,,,
1765.5,0.058,220,22,1,,,
1766.0,0.058,220,22,1,,,
1766.5,0.052,221,21,1,,,
1767.0,0.058,221,21,1,,,
1767.5,0.052,221,20,1,,,
1768.0,0.052,221,20,1,,,
1768.5,0.052,221,18,1,,,
1769.0,0.052,221,18,1,,,
1769.5,0.052,221,17,1,,,
1770.0,0.052,221,17,1,,,
1770.5,0.052,221,16,1,,,
1771.0,0.052,221,16,1,,,
1771.5,0.052,221,15,1,,,
1772.0,0.052,221,15,1,,,
1772.5,0.064,221,15,1,,,
1773.0,0.052,221,15,1,,,
1773.5,0.058,221,14,1,,,
1774.0,0.052,221,14,1,,,
1774.5,0.058,221,14,1,,,
1775.0,0.058,221,14,1,,,
1775.5,0.052,221,14,1,,,
1776.0,0.058,221,14,1,,,
1776.5,0.058,221,15,1,,,
1777.0,0.058,221,15,1,,,
1777.5,0.064,222,14,1,,,
1778.0,0.064,222,14,1,,,
1778.5,0.058,222,16,1,,,
1779.0,0.058,222,16,1,,,
1779.5,0.064,222,17,1,,,
1780.0,0.058,222,17,1,,,
1780.5,0.058,222,18,1,,,
1781.0,0.064,222,18,1,,,
1781.5,0.058,222,20,1,,,
1782.0,0.058,222,20,1,,,
1782.5,0.058,222,22,1,,,
1783.0,0.058,222,22,1,,,
1783.5,0.064,222,23,1,,,
1784.0,0.058,222,23,1,,,
1784.5,0.058,223,24,1,,,
1785.0,0.058,223,24,1,,,
1785.5,0.064,223,25,1,,,
1786.0,0.052,223,25,1,,,
1786.5,0.052,223,25,1,,,
1787.0,0.052,223,25,1,,,
1787.5,0.058,223,27,1,,,
1788.0,0.058,223,27,1,,,
1788.5,0.058,223,25,1,,,
1789.0,0.052,223,25,1,,,
1789.5,0.058,223,27,1,,,
1790.0,0.052,223,27,1,,,
1790.5,0.052,223,25,1,,,
1791.0,0.052,224,25,1,,,
1791.5,0.052,224,25,1,,,
1792.0,0.058,224,25,1,,,
1792.5,0.052,224,24,1,,,
1793.0,0.052,224,24,1,,,
1793.5,0.064,224,23,1,,,
1794.0,0.052,224,23,1,,,
1794.5,0.052,224,22,1,,,
1795.0,0.058,224,22,1,,,
1795.5,0.052,224,21,1,,,
1796.0,0.047,224,21,1,,,
1796.5,0.058,224,20,1,,,
1797.0,0.052,224,20,1,,,
1797.5,0.052,224,18,1,,,
1798.0,0.052,224,18,1,,,
1798.5,0.052,224,18,1,,,
1799.0,0.052,224,18,1,,,
1799.5,0.058,225,17,1,,,
1800.0,0.052,225,17,1,,,
1800.5,0.058,225,16,1,,,
1801.0,0.052,225,16,1,,,
1801.5,0.058,225,16,1,,,
1802.0,0.058,225,16,1,,,
1802.5,0.047,225,15,1,,,
1803.0,0.058,225,15,1,,,
1803.5,0.064,225,15,1,,,
1804.0,0.052,225,15,1,,,
1804.5,0.052,225,15,1,,,
1805.0,0.058,225,15,1,,,
1805.5,0.058,225,16,1,,,
1806.0,0.058,225,16,1,,,
1806.5,0.064,225,16,1,,,
1807.0,0.058,225,16,1,,,
1807.5,0.058,225,18,1,,,
1808.0,0.064,225,18,1,,,
1808.5,0.058,225,18,1,,,
1809.0,0.058,226,18,1,,,
1809.5,0.064,226,21,1,,,
1810.0,0.064,226,21,1,,,
1810.5,0.052,226,22,1,,,
1811.0,0.064,226,22,1,,,
1811.5,0.058,226,23,1,,,
1812.0,0.058,226,23,1,,,
1812.5,0.052,226,24,1,,,
1813.0,0.058,226,24,1,,,
1813.5,0.058,226,27,1,,,
1814.0,0.058,226,27,1,,,
1814.5,0.052,226,25,1,,,
1815.0,0.058,227,25,1,,,
1815.5,0.058,227,27,1,,,
1816.0,0.058,227,27,1,,,
1816.5,0.058,227,27,1,,,
1817.0,0.052,227,27,1,,,
1817.5,0.052,227,25,1,,,
1818.0,0.052,227,25,1,,,
1818.5,0.052,227,24,1,,,
1819.0,0.052,227,24,1,,,
1819.5,0.052,227,24,1,,,
1820.0,0.052,227,24,1,,,
1820.5,0.058,227,23,1,,,
1821.0,0.058,227,23,1,,,
1821.5,0.052,227,22,1,,,
1822.0,0.052,227,22,1,,,
1822.5,0.052,228,21,1,,,
1823.0,0.052,228,21,1,,,
1823.5,0.058,228,20,1,,,
1824.0,0.052,228,20,1,,,
1824.5,0.064,228,18,1,,,
1825.0,0.052,228,18,1,,,
1825.5,0.052,228,17,1,,,
1826.0,0.052,228,17,1,,,
1826.5,0.058,228,16,1,,,
1827.0,0.052,228,16,1,,,
1827.5,0.058,228,15,1,,,
1828.0,0.058,228,15,1,,,
1828.5,0.052,228,15,1,,,
1829.0,0.058,228,15,1,,,
1829.5,0.052,228,14,1,,,
1830.0,0.058,228,14,1,,,
1830.5,0.052,228,14,1,,,
1831.0,0.064,228,14,1,,,
1831.5,0.058,228,15,1,,,
1832.0,0.052,228,15,1,,,
1832.5,0.058,228,16,1,,,
1833.0,0.064,229,16,1,,,
1833.5,0.052,229,17,1,,,
1834.0,0.064,229,17,1,,,
1834.5,0.064,229,18,1,,,
1835.0,0.058,229,18,1,,,
1835.5,0.064,229,21,1,,,
1836.0,0.064,229,21,1,,,
1836.5,0.064,229,22,1,,,
1837.0,0.064,229,22,1,,,
1837.5,0.058,229,24,1,,,
1838.0,0.058,229,24,1,,,
1838.5,0.058,229,25,1,,,
1839.0,0.07,229,25,1,,,
1839.5,0.064,230,27,1,,,
1840.0,0.058,230,27,1,,,
1840.5,0.058,230,27,1,,,
1841.0,0.052,230,27,1,,,
1841.5,0.052,230,28,1,,,
1842.0,0.058,230,28,1,,,
1842.5,0.064,230,27,1,,,
1843.0,0.058,230,27,1,,,
1843.5,0.052,230,25,1,,,
1844.0,0.052,230,25,1,,,
1844.5,0.058,230,27,1,,,
1845.0,0.052,230,27,1,,,
1845.5,0.058,231,25,1,,,
1846.0,0.052,231,25,1,,,
1846.5,0.058,231,23,1,,,
1847.0,0.052,231,23,1,,,
1847.5,0.052,231,23,1,,,
1848.0,0.064,231,23,1,,,
1848.5,0.052,231,23,1,,,
1849.0,0.052,231,23,1,,,
1849.5,0.052,231,21,1,,,
1850.0,0.047,231,21,1,,,
1850.5,0.052,231,20,1,,,
1851.0,0.052,231,20,1,,,
1851.5,0.052,231,18,1,,,
1852.0,0.052,231,18,1,,,
1852.5,0.052,231,17,1,,,
1853.0,0.052,231,17,1,,,
1853.5,0.052,231,15,1,,,
1854.0,0.058,231,15,1,,,
1854.5,0.052,231,15,1,,,
1855.0,0.058,231,15,1,,,
1855.5,0.052,232,14,1,,,
1856.0,0.058,232,14,1,,,
1856.5,0.058,232,15,1,,,
1857.0,0.058,232,15,1,,,
1857.5,0.052,232,14,1,,,
1858.0,0.064,232,14,1,,,
1858.5,0.064,232,15,1,,,
1859.0,0.064,232,15,1,,,
1859.5,0.052,232,15,1,,,
1860.0,0.058,232,15,1,,,
1860.5,0.058,232,17,1,,,
1861.0,0.058,232,17,1,,,
1861.5,0.064,232,18,1,,,
1862.0,0.058,232,18,1,,,
1862.5,0.064,232,21,1,,,
1863.0,0.064,232,21,1,,,
1863.5,0.064,233,22,1,,,
1864.0,0.064,233,22,1,,,
1864.5,0.052,233,24,1,,,
1865.0,0.058,233,24,1,,,
1865.5,0.058,233,25,1,,,
1866.0,0.058,233,25,1,,,
1866.5,0.058,233,27,1,,,
1867.0,0.052,233,27,1,,,
1867.5,0.052,233,28,1,,,
1868.0,0.058,233,28,1,,,
1868.5,0.052,233,28,1,,,
1869.0,0.058,233,28,1,,,
1869.5,0.058,234,28,1,,,
1870.0,0.064,234,28,1,,,
1870.5,0.058,234,27,1,,,
1871.0,0.058,234,27,1,,,
1871.5,0.052,234,27,1,,,
1872.0,0.052,234,27,1,,,
1872.5,0.052,234,25,1,,,
1873.0,0.058,234,25,1,,,
1873.5,0.052,234,25,1,,,
1874.0,0.052,234,25,1,,,
1874.5,0.058,234,24,1,,,
1875.0,0.052,234,24,1,,,
1875.5,0.052,234,23,1,,,
1876.0,0.052,234,23,1,,,
1876.5,0.052,235,22,1,,,
1877.0,0.052,235,22,1,,,
1877.5,0.052,235,21,1,,,
1878.0,0.058,235,21,1,,,
1878.5,0.058,235,20,1,,,
1879.0,0.058,235,20,1,,,
1879.5,0.058,235,18,1,,,
1880.0,0.058,235,18,1,,,
1880.5,0.058,235,18,1,,,
1881.0,0.052,235,18,1,,,
1881.5,0.052,235,16,1,,,
1882.0,0.064,235,16,1,,,
1882.5,0.058,235,16,1,,,
1883.0,0.058,235,16,1,,,
1883.5,0.058,235,15,1,,,
1884.0,0.064,235,15,1,,,
1884.5,0.058,235,15,1,,,
1885.0,0.058,235,15,1,,,
1885.5,0.058,235,15,1,,,
1886.0,0.058,235,15,1,,,
1886.5,0.058,235,15,1,,,
1887.0,0.058,236,15,1,,,
1887.5,0.064,236,16,1,,,
1888.0,0.052,236,16,1,,,
1888.5,0.058,236,17,1,,,
1889.0,0.058,236,17,1,,,
1889.5,0.058,236,18,1,,,
1890.0,0.058,236,18,1,,,
1890.5,0.058,236,20,1,,,
1891.0,0.064,236,20,1,,,
1891.5,0.058,236,22,1,,,
1892.0,0.07,236,22,1,,,
1892.5,0.064,236,23,1,,,
1893.0,0.058,236,23,1,,,
1893.5,0.064,236,24,1,,,
1894.0,0.058,237,24,1,,,
1894.5,0.058,237,24,1,,,
1895.0,0.064,237,24,1,,,
1895.5,0.058,237,25,1,,,
1896.0,0.052,237,25,1,,,
1896.5,0.064,237,25,1,,,
1897.0,0.052,237,25,1,,,
1897.5,0.052,237,24,1,,,
1898.0,0.052,237,24,1,,,
1898.5,0.064,237,24,1,,,
1899.0,0.052,237,24,1,,,
1899.5,0.052,237,24,1,,,
1900.0,0.052,237,24,1,,,
1900.5,0.052,237,22,1,,,
1901.0,0.052,238,22,1,,,
1901.5,0.052,238,22,1,,,
1902.0,0.052,238,22,1,,,
1902.5,0.064,238,21,1,,,
1903.0,0.058,238,21,1,,,
1903.5,0.052,238,20,1,,,
1904.0,0.052,238,20,1,,,
1904.5,0.052,238,17,1,,,
1905.0,0.058,238,17,1,,,
1905.5,0.058,238,17,1,,,
1906.0,0.052,238,17,1,,,
1906.5,0.052,238,15,1,,,
1907.0,0.052,238,15,1,,,
1907.5,0.052,238,15,1,,,
1908.0,0.058,238,15,1,,,
1908.5,0.058,238,14,1,,,
1909.0,0.064,238,14,1,,,
1909.5,0.064,238,15,1,,,
1910.0,0.058,238,15,1,,,
1910.5,0.064,238,14,1,,,
1911.0,0.052,238,14,1,,,
1911.5,0.052,239,15,1,,,
1912.0,0.064,239,15,1,,,
1912.5,0.064,239,15,1,,,
1913.0,0.064,239,15,1,,,
1913.5,0.064,239,17,1,,,
1914.0,0.064,239,17,1,,,
1914.5,0.064,239,18,1,,,
1915.0,0.064,239,18,1,,,
1915.5,0.058,239,21,1,,,
1916.0,0.058,239,21,1,,,
1916.5,0.058,239,22,1,,,
1917.0,0.064,239,22,1,,,
1917.5,0.058,239,24,1,,,
1918.0,0.058,240,24,1,,,
1918.5,0.058,240,25,1,,,
1919.0,0.064,240,25,1,,,
1919.5,0.058,240,25,1,,,
1920.0,0.052,240,25,1,,,
1920.5,0.052,240,27,1,,,
1921.0,0.052,240,27,1,,,
1921.5,0.052,240,27,1,,,
1922.0,0.052,240,27,1,,,
1922.5,0.058,240,25,1,,,
1923.0,0.052,240,25,1,,,
1923.5,0.052,240,25,1,,,
1924.0,0.064,240,25,1,,,
1924.5,0.058,241,25,1,,,
1925.0,0.052,241,25,1,,,
1925.5,0.052,241,23,1,,,
1926.0,0.052,241,23,1,,,
1926.5,0.052,241,23,1,,,
1927.0,0.052,241,23,1,,,
1927.5,0.058,241,22,1,,,
1928.0,0.052,241,22,1,,,
1928.5,0.052,241,21,1,,,
1929.0,0.058,241,21,1,,,
1929.5,0.058,241,20,1,,,
1930.0,0.052,241,20,1,,,
1930.5,0.052,241,18,1,,,
1931.0,0.052,241,18,1,,,
1931.5,0.052,241,17,1,,,
1932.0,0.058,241,17,1,,,
1932.5,0.052,241,16,1,,,
1933.0,0.052,241,16,1,,,
1933.5,0.058,241,15,1,,,
1934.0,0.064,241,15,1,,,
1934.5,0.058,242,14,1,,,
1935.0,0.058,242,14,1,,,
1935.5,0.064,242,15,1,,,
1936.0,0.058,242,15,1,,,
1936.5,0.058,242,14,1,,,
1937.0,0.064,242,14,1,,,
1937.5,0.058,242,15,1,,,
1938.0,0.058,242,15,1,,,
1938.5,0.058,242,15,1,,,
1939.0,0.058,242,15,1,,,
1939.5,0.058,242,17,1,,,
1940.0,0.064,242,17,1,,,
1940.5,0.058,242,18,1,,,
1941.0,0.058,242,18,1,,,
1941.5,0.064,242,21,1,,,
1942.0,0.058,242,21,1,,,
1942.5,0.064,243,22,1,,,
1943.0,0.058,243,22,1,,,
1943.5,0.064,243,24,1,,,
1944.0,0.064,243,24,1,,,
1944.5,0.064,243,25,1,,,
1945.0,0.064,243,25,1,,,
1945.5,0.058,243,25,1,,,
1946.0,0.058,243,25,1,,,
1946.5,0.052,243,27,1,,,
1947.0,0.058,243,27,1,,,
1947.5,0.058,243,27,1,,,
1948.0,0.064,243,27,1,,,
1948.5,0.052,244,27,1,,,
1949.0,0.052,244,27,1,,,
1949.5,0.058,244,25,1,,,
1950.0,0.047,244,25,1,,,
1950.5,0.052,244,25,1,,,
1951.0,0.052,244,25,1,,,
1951.5,0.064,244,24,1,,,
1952.0,0.058,244,24,1,,,
1952.5,0.058,244,24,1,,,
1953.0,0.064,244,24,1,,,
1953.5,0.052,244,23,1,,,
1954.0,0.052,244,23,1,,,
1954.5,0.052,244,22,1,,,
1955.0,0.052,244,22,1,,,
1955.5,0.052,244,22,1,,,
1956.0,0.058,245,22,1,,,
1956.5,0.058,245,21,1,,,
1957.0,0.052,245,21,1,,,
1957.5,0.058,245,20,1,,,
1958.0,0.052,245,20,1,,,
1958.5,0.052,245,18,1,,,
1959.0,0.052,245,18,1,,,
1959.5,0.058,245,17,1,,,
1960.0,0.052,245,17,1,,,
1960.5,0.052,245,16,1,,,
1961.0,0.058,245,16,1,,,
1961.5,0.064,245,15,1,,,
1962.0,0.052,245,15,1,,,
1962.5,0.058,245,14,1,,,
1963.0,0.058,245,14,1,,,
1963.5,0.058,245,14,1,,,
1964.0,0.064,245,14,1,,,
1964.5,0.052,245,14,1,,,
1965.0,0.058,245,14,1,,,
1965.5,0.052,245,14,1,,,
1966.0,0.058,245,14,1,,,
1966.5,0.064,245,15,1,,,
1967.0,0.064,246,15,1,,,
1967.5,0.064,246,16,1,,,
1968.0,0.064,246,16,1,,,
1968.5,0.064,246,16,1,,,
1969.0,0.058,246,16,1,,,
1969.5,0.058,246,18,1,,,
1970.0,0.064,246,18,1,,,
1970.5,0.064,246,20,1,,,
1971.0,0.064,246,20,1,,,
1971.5,0.058,246,22,1,,,
1972.0,0.058,246,22,1,,,
1972.5,0.058,246,23,1,,,
1973.0,0.064,246,23,1,,,
1973.5,0.058,247,25,1,,,
1974.0,0.052,247,25,1,,,
1974.5,0.058,247,27,1,,,
1975.0,0.058,247,27,1,,,
1975.5,0.052,247,28,1,,,
1976.0,0.052,247,28,1,,,
1976.5,0.058,247,28,1,,,
1977.0,0.052,247,28,1,,,
1977.5,0.052,247,28,1,,,
1978.0,0.052,247,28,1,,,
1978.5,0.052,247,28,1,,,
1979.0,0.058,247,28,1,,,
1979.5,0.052,248,27,1,,,
1980.0,0.058,248,27,1,,,
1980.5,0.064,248,27,1,,,
1981.0,0.058,248,27,1,,,
1981.5,0.058,248,25,1,,,
1982.0,0.058,248,25,1,,,
1982.5,0.052,248,25,1,,,
1983.0,0.058,248,25,1,,,
1983.5,0.052,248,24,1,,,
1984.0,0.052,248,24,1,,,
1984.5,0.052,248,24,1,,,
1985.0,0.052,248,24,1,,,
1985.5,0.052,248,22,1,,,
1986.0,0.058,248,22,1,,,
1986.5,0.052,248,22,1,,,
1987.0,0.052,249,22,1,,,
1987.5,0.058,249,21,1,,,
1988.0,0.052,249,21,1,,,
1988.5,0.052,249,20,1,,,
1989.0,0.052,249,20,1,,,
1989.5,0.052,249,18,1,,,
1990.0,0.058,249,18,1,,,
1990.5,0.058,249,18,1,,,
1991.0,0.064,249,18,1,,,
1991.5,0.064,249,17,1,,,
1992.0,0.058,249,17,1,,,
1992.5,0.052,249,16,1,,,
1993.0,0.052,249,16,1,,,
1993.5,0.052,249,16,1,,,
1994.0,0.064,249,16,1,,,
1994.5,0.058,249,15,1,,,
1995.0,0.064,249,15,1,,,
1995.5,0.064,249,15,1,,,
1996.0,0.058,249,15,1,,,
1996.5,0.064,249,14,1,,,
1997.0,0.058,249,14,1,,,
1997.5,0.058,250,15,1,,,
1998.0,0.064,250,15,1,,,
1998.5,0.058,250,15,1,,,
1999.0,0.064,250,15,1,,,
1999.5,0.058,250,16,1,,,
2000.0,0.058,250,16,1,,,
2000.5,0.064,250,16,1,,,
2001.0,0.064,250,16,1,,,
2001.5,0.064,250,18,1,,,
2002.0,0.064,250,18,1,,,
2002.5,0.058,250,20,1,,,
2003.0,0.058,250,20,1,,,
2003.5,0.064,250,21,1,,,
2004.0,0.064,250,21,1,,,
2004.5,0.058,250,23,1,,,
2005.0,0.058,251,23,1,,,
2005.5,0.064,251,25,1,,,
2006.0,0.058,251,25,1,,,
2006.5,0.058,251,25,1,,,
2007.0,0.058,251,25,1,,,
2007.5,0.058,251,27,1,,,
2008.0,0.058,251,27,1,,,
2008.5,0.052,251,28,1,,,
2009.0,0.052,251,28,1,,,
2009.5,0.052,251,27,1,,,
2010.0,0.07,251,27,1,,,
2010.5,0.052,251,27,1,,,
2011.0,0.058,252,27,1,,,
2011.5,0.052,252,27,1,,,
2012.0,0.058,252,27,1,,,
2012.5,0.058,252,25,1,,,
2013.0,0.058,252,25,1,,,
2013.5,0.052,252,24,1,,,
2014.0,0.052,252,24,1,,,
2014.5,0.058,252,24,1,,,
2015.0,0.052,252,24,1,,,
2015.5,0.058,252,23,1,,,
2016.0,0.058,252,23,1,,,
2016.5,0.052,252,22,1,,,
2017.0,0.052,252,22,1,,,
2017.5,0.052,252,21,1,,,
2018.0,0.058,252,21,1,,,
2018.5,0.052,253,20,1,,,
2019.0,0.058,253,20,1,,,
2019.5,0.058,253,18,1,,,
2020.0,0.052,253,18,1,,,
2020.5,0.052,253,17,1,,,
2021.0,0.052,253,17,1,,,
2021.5,0.052,253,16,1,,,
2022.0,0.052,253,16,1,,,
2022.5,0.058,253,16,1,,,
2023.0,0.052,253,16,1,,,
2023.5,0.058,253,15,1,,,
2024.0,0.058,253,15,1,,,
2024.5,0.058,253,14,1,,,
2025.0,0.058,253,14,1,,,
2025.5,0.064,253,14,1,,,
2026.0,0.058,253,14,1,,,
2026.5,0.058,253,15,1,,,
2027.0,0.064,253,15,1,,,
2027.5,0.064,253,14,1,,,
2028.0,0.064,253,14,1,,,
2028.5,0.064,253,15,1,,,
2029.0,0.064,254,15,1,,,
2029.5,0.064,254,17,1,,,
2030.0,0.064,254,17,1,,,
2030.5,0.064,254,18,1,,,
2031.0,0.058,254,18,1,,,
2031.5,0.058,254,20,1,,,
2032.0,0.064,254,20,1,,,
2032.5,0.058,254,22,1,,,
2033.0,0.058,254,22,1,,,
2033.5,0.058,254,23,1,,,
2034.0,0.064,254,23,1,,,
2034.5,0.064,254,24,1,,,
2035.0,0.058,254,24,1,,,
2035.5,0.058,255,24,1,,,
2036.0,0.058,255,24,1,,,
2036.5,0.064,255,25,1,,,
2037.0,0.052,255,25,1,,,
2037.5,0.058,255,25,1,,,
2038.0,0.052,255,25,1,,,
2038.5,0.052,255,27,1,,,
2039.0,0.052,255,27,1,,,
2039.5,0.058,255,25,1,,,
2040.0,0.058,255,25,1,,,
2040.5,0.064,255,25,1,,,
2041.0,0.052,255,25,1,,,
2041.5,0.058,255,23,1,,,
2042.0,0.058,255,23,1,,,
2042.5,0.052,256,23,1,,,
2043.0,0.052,256,23,1,,,
2043.5,0.058,256,21,1,,,
2044.0,0.058,256,21,1,,,
2044.5,0.052,256,20,1,,,
2045.0,0.052,256,20,1,,,
2045.5,0.052,256,18,1,,,
2046.0,0.058,256,18,1,,,
2046.5,0.058,256,18,1,,,
2047.0,0.052,256,18,1,,,
2047.5,0.052,256,17,1,,,
2048.0,0.064,256,17,1,,,
2048.5,0.058,256,16,1,,,
2049.0,0.052,256,16,1,,,
2049.5,0.052,256,16,1,,,
2050.0,0.058,256,16,1,,,
2050.5,0.058,256,16,1,,,
2051.0,0.058,256,16,1,,,
2051.5,0.058,256,16,1,,,
2052.0,0.058,256,16,1,,,
2052.5,0.064,257,16,1,,,
2053.0,0.064,257,16,1,,,
2053.5,0.058,257,17,1,,,
2054.0,0.058,257,17,1,,,
2054.5,0.064,257,18,1,,,
2055.0,0.064,257,18,1,,,
2055.5,0.064,257,20,1,,,
2056.0,0.058,257,20,1,,,
2056.5,0.052,257,21,1,,,
2057.0,0.058,257,21,1,,,
2057.5,0.064,257,23,1,,,
2058.0,0.064,257,23,1,,,
2058.5,0.064,257,24,1,,,
2059.0,0.064,257,24,1,,,
2059.5,0.052,258,25,1,,,
2060.0,0.058,258,25,1,,,
2060.5,0.058,258,27,1,,,
2061.0,0.058,258,27,1,,,
2061.5,0.058,258,27,1,,,
2062.0,0.058,258,27,1,,,
2062.5,0.052,258,27,1,,,
2063.0,0.052,258,27,1,,,
2063.5,0.052,258,27,1,,,
2064.0,0.052,258,27,1,,,
2064.5,0.058,258,25,1,,,
2065.0,0.058,258,25,1,,,
2065.5,0.058,258,24,1,,,
2066.0,0.052,259,24,1,,,
2066.5,0.058,259,24,1,,,
2067.0,0.052,259,24,1,,,
2067.5,0.058,259,23,1,,,
2068.0,0.064,259,23,1,,,
2068.5,0.058,259,22,1,,,
2069.0,0.058,259,22,1,,,
2069.5,0.058,259,22,1,,,
2070.0,0.052,259,22,1,,,
2070.5,0.058,259,21,1,,,
2071.0,0.058,259,21,1,,,
2071.5,0.052,259,20,1,,,
2072.0,0.058,259,20,1,,,
2072.5,0.052,259,17,1,,,
2073.0,0.052,259,17,1,,,
2073.5,0.047,259,17,1,,,
2074.0,0.052,259,17,1,,,
2074.5,0.052,259,15,1,,,
2075.0,0.058,259,15,1,,,
2075.5,0.058,260,14,1,,,
2076.0,0.058,260,14,1,,,
2076.5,0.064,260,12,1,,,
2077.0,0.058,260,12,1,,,
2077.5,0.058,260,14,1,,,
2078.0,0.058,260,14,1,,,
2078.5,0.064,260,12,1,,,
2079.0,0.064,260,12,1,,,
2079.5,0.058,260,14,1,,,
2080.0,0.064,260,14,1,,,
2080.5,0.058,260,15,1,,,
2081.0,0.058,260,15,1,,,
2081.5,0.058,260,16,1,,,
2082.0,0.064,260,16,1,,,
2082.5,0.064,260,17,1,,,
2083.0,0.058,260,17,1,,,
2083.5,0.058,260,20,1,,,
2084.0,0.064,260,20,1,,,
2084.5,0.064,261,21,1,,,
2085.0,0.064,261,21,1,,,
2085.5,0.058,261,23,1,,,
2086.0,0.058,261,23,1,,,
2086.5,0.064,261,24,1,,,
2087.0,0.058,261,24,1,,,
2087.5,0.064,261,25,1,,,
2088.0,0.058,261,25,1,,,
2088.5,0.058,261,27,1,,,
2089.0,0.052,261,27,1,,,
2089.5,0.052,261,28,1,,,
2090.0,0.058,261,28,1,,,
2090.5,0.064,262,27,1,,,
2091.0,0.058,262,27,1,,,
2091.5,0.052,262,28,1,,,
2092.0,0.058,262,28,1,,,
2092.5,0.058,262,27,1,,,
2093.0,0.052,262,27,1,,,
2093.5,0.058,262,25,1,,,
2094.0,0.052,262,25,1,,,
2094.5,0.052,262,24,1,,,
2095.0,0.058,262,24,1,,,
2095.5,0.058,262,24,1,,,
2096.0,0.052,262,24,1,,,
2096.5,0.058,262,23,1,,,
2097.0,0.058,262,23,1,,,
2097.5,0.052,263,22,1,,,
2098.0,0.058,263,22,1,,,
2098.5,0.058,263,21,1,,,
2099.0,0.052,263,21,1,,,
2099.5,0.058,263,20,1,,,
2100.0,0.052,263,20,1,,,
2100.5,0.052,263,18,1,,,
2101.0,0.058,263,18,1,,,
2101.5,0.052,263,17,1,,,
2102.0,0.064,263,17,1,,,
2102.5,0.064,263,17,1,,,
2103.0,0.064,263,17,1,,,
2103.5,0.058,263,16,1,,,
2104.0,0.058,263,16,1,,,
2104.5,0.052,263,16,1,,,
2105.0,0.064,263,16,1,,,
2105.5,0.058,263,15,1,,,
2106.0,0.058,263,15,1,,,
2106.5,0.064,263,15,1,,,
2107.0,0.058,263,15,1,,,
2107.5,0.064,264,15,1,,,
2108.0,0.058,264,15,1,,,
2108.5,0.064,264,16,1,,,
2109.0,0.064,264,16,1,,,
2109.5,0.064,264,16,1,,,
2110.0,0.058,264,16,1,,,
2110.5,0.064,264,18,1,,,
2111.0,0.064,264,18,1,,,
2111.5,0.058,264,20,1,,,
2112.0,0.064,264,20,1,,,
2112.5,0.064,264,22,1,,,
2113.0,0.058,264,22,1,,,
2113.5,0.064,264,23,1,,,
2114.0,0.058,264,23,1,,,
2114.5,0.064,265,25,1,,,
2115.0,0.058,265,25,1,,,
2115.5,0.058,265,25,1,,,
2116.0,0.058,265,25,1,,,
2116.5,0.058,265,27,1,,,
2117.0,0.064,265,27,1,,,
2117.5,0.052,265,25,1,,,
2118.0,0.052,265,25,1,,,
2118.5,0.064,265,27,1,,,
2119.0,0.052,265,27,1,,,
2119.5,0.058,265,25,1,,,
2120.0,0.052,265,25,1,,,
2120.5,0.058,265,25,1,,,
2121.0,0.058,266,25,1,,,
2121.5,0.058,266,24,1,,,
2122.0,0.058,266,24,1,,,
2122.5,0.058,266,23,1,,,
2123.0,0.052,266,23,1,,,
2123.5,0.058,266,22,1,,,
2124.0,0.052,266,22,1,,,
2124.5,0.058,266,21,1,,,
2125.0,0.052,266,21,1,,,
2125.5,0.058,266,20,1,,,
2126.0,0.052,266,20,1,,,
2126.5,0.058,266,17,1,,,
2127.0,0.064,266,17,1,,,
2127.5,0.058,266,16,1,,,
2128.0,0.052,266,16,1,,,
2128.5,0.064,266,15,1,,,
2129.0,0.064,266,15,1,,,
2129.5,0.058,266,14,1,,,
2130.0,0.058,266,14,1,,,
2130.5,0.058,266,12,1,,,
2131.0,0.058,266,12,1,,,
2131.5,0.058,267,12,1,,,
2132.0,0.058,267,12,1,,,
2132.5,0.064,267,14,1,,,
2133.0,0.058,267,14,1,,,
2133.5,0.058,267,12,1,,,
2134.0,0.064,267,12,1,,,
2134.5,0.058,267,14,1,,,
2135.0,0.058,267,14,1,,,
2135.5,0.058,267,15,1,,,
2136.0,0.064,267,15,1,,,
2136.5,0.058,267,17,1,,,
2137.0,0.064,267,17,1,,,
2137.5,0.058,267,18,1,,,
2138.0,0.058,267,18,1,,,
2138.5,0.064,267,21,1,,,
2139.0,0.064,267,21,1,,,
2139.5,0.058,268,23,1,,,
2140.0,0.058,268,23,1,,,
2140.5,0.058,268,24,1,,,
2141.0,0.052,268,24,1,,,
2141.5,0.064,268,25,1,,,
2142.0,0.064,268,25,1,,,
2142.5,0.058,268,27,1,,,
2143.0,0.058,268,27,1,,,
2143.5,0.058,268,28,1,,,
2144.0,0.064,268,28,1,,,
2144.5,0.064,268,27,1,,,
2145.0,0.058,268,27,1,,,
2145.5,0.052,269,28,1,,,
2146.0,0.052,269,28,1,,,
2146.5,0.052,269,27,1,,,
2147.0,0.052,269,27,1,,,
2147.5,0.058,269,27,1,,,
2148.0,0.052,269,27,1,,,
2148.5,0.058,269,25,1,,,
2149.0,0.058,269,25,1,,,
2149.5,0.052,269,25,1,,,
2150.0,0.058,269,25,1,,,
2150.5,0.052,269,24,1,,,
2151.0,0.052,269,24,1,,,
2151.5,0.052,269,23,1,,,
2152.0,0.052,269,23,1,,,
2152.5,0.052,270,21,1,,,
2153.0,0.058,270,21,1,,,
2153.5,0.052,270,20,1,,,
2154.0,0.052,270,20,1,,,
2154.5,0.052,270,18,1,,,
2155.0,0.058,270,18,1,,,
2155.5,0.052,270,17,1,,,
2156.0,0.058,270,17,1,,,
2156.5,0.052,270,16,1,,,
2157.0,0.058,270,16,1,,,
2157.5,0.058,270,16,1,,,
2158.0,0.058,270,16,1,,,
2158.5,0.058,270,15,1,,,
2159.0,0.052,270,15,1,,,
2159.5,0.058,270,15,1,,,
2160.0,0.052,270,15,1,,,
2160.5,0.058,270,14,1,,,
2161.0,0.058,270,14,1,,,
2161.5,0.058,270,15,1,,,
2162.0,0.058,270,15,1,,,
2162.5,0.058,270,16,1,,,
2163.0,0.058,271,16,1,,,
2163.5,0.07,271,17,1,,,
2164.0,0.064,271,17,1,,,
2164.5,0.064,271,18,1,,,
2165.0,0.058,271,18,1,,,
2165.5,0.064,271,21,1,,,
2166.0,0.064,271,21,1,,,
2166.5,0.064,271,23,1,,,
2167.0,0.064,271,23,1,,,
2167.5,0.064,271,23,1,,,
2168.0,0.064,271,23,1,,,
2168.5,0.058,271,25,1,,,
2169.0,0.052,271,25,1,,,
2169.5,0.064,272,27,1,,,
2170.0,0.058,272,27,1,,,
2170.5,0.058,272,28,1,,,
2171.0,0.058,272,28,1,,,
2171.5,0.058,272,27,1,,,
2172.0,0.058,272,27,1,,,
2172.5,0.052,272,28,1,,,
2173.0,0.052,272,28,1,,,
2173.5,0.058,272,27,1,,,
2174.0,0.064,272,27,1,,,
2174.5,0.052,272,25,1,,,
2175.0,0.058,272,25,1,,,
2175.5,0.052,273,25,1,,,
2176.0,0.052,273,25,1,,,
2176.5,0.058,273,25,1,,,
2177.0,0.064,273,25,1,,,
2177.5,0.058,273,23,1,,,
2178.0,0.052,273,23,1,,,
2178.5,0.052,273,23,1,,,
2179.0,0.052,273,23,1,,,
2179.5,0.052,273,23,1,,,
2180.0,0.052,273,23,1,,,
2180.5,0.058,273,21,1,,,
2181.0,0.058,273,21,1,,,
2181.5,0.052,273,20,1,,,
2182.0,0.052,273,20,1,,,
2182.5,0.052,273,20,1,,,
2183.0,0.064,273,20,1,,,
2183.5,0.052,273,17,1,,,
2184.0,0.052,273,17,1,,,
2184.5,0.058,274,16,1,,,
2185.0,0.064,274,16,1,,,
2185.5,0.052,274,15,1,,,
2186.0,0.058,274,15,1,,,
2186.5,0.052,274,14,1,,,
2187.0,0.058,274,14,1,,,
2187.5,0.058,274,14,1,,,
2188.0,0.058,274,14,1,,,
2188.5,0.064,274,14,1,,,
2189.0,0.058,274,14,1,,,
2189.5,0.058,274,14,1,,,
2190.0,0.058,274,14,1,,,
2190.5,0.058,274,14,1,,,
2191.0,0.058,274,14,1,,,
2191.5,0.064,274,15,1,,,
2192.0,0.064,274,15,1,,,
2192.5,0.058,274,16,1,,,
2193.0,0.064,274,16,1,,,
2193.5,0.064,274,17,1,,,
2194.0,0.064,274,17,1,,,
2194.5,0.064,275,18,1,,,
2195.0,0.058,275,18,1,,,
2195.5,0.058,275,22,1,,,
2196.0,0.064,275,22,1,,,
2196.5,0.064,275,23,1,,,
2197.0,0.064,275,23,1,,,
2197.5,0.064,275,24,1,,,
2198.0,0.058,275,24,1,,,
2198.5,0.052,275,27,1,,,
2199.0,0.058,275,27,1,,,
2199.5,0.052,275,28,1,,,
2200.0,0.052,276,28,1,,,
2200.5,0.052,276,28,1,,,
2201.0,0.058,276,28,1,,,
2201.5,0.064,276,29,1,,,
2202.0,0.058,276,29,1,,,
2202.5,0.058,276,29,1,,,
2203.0,0.058,276,29,1,,,
2203.5,0.058,276,28,1,,,
2204.0,0.052,276,28,1,,,
2204.5,0.052,276,28,1,,,
2205.0,0.052,276,28,1,,,
2205.5,0.052,276,27,1,,,
2206.0,0.058,277,27,1,,,
2206.5,0.052,277,27,1,,,
2207.0,0.058,277,27,1,,,
2207.5,0.052,277,25,1,,,
2208.0,0.058,277,25,1,,,
2208.5,0.052,277,25,1,,,
2209.0,0.052,277,25,1,,,
2209.5,0.058,277,24,1,,,
2210.0,0.052,277,24,1,,,
2210.5,0.052,277,24,1,,,
2211.0,0.058,277,24,1,,,
2211.5,0.052,277,22,1,,,
2212.0,0.058,277,22,1,,,
2212.5,0.052,277,22,1,,,
2213.0,0.052,277,22,1,,,
2213.5,0.058,277,21,1,,,
2214.0,0.058,278,21,1,,,
2214.5,0.058,278,20,1,,,
2215.0,0.058,278,20,1,,,
2215.5,0.058,278,18,1,,,
2216.0,0.058,278,18,1,,,
2216.5,0.052,278,17,1,,,
2217.0,0.058,278,17,1,,,
2217.5,0.052,278,16,1,,,
2218.0,0.052,278,16,1,,,
2218.5,0.052,278,15,1,,,
2219.0,0.058,278,15,1,,,
2219.5,0.052,278,14,1,,,
2220.0,0.052,278,14,1,,,
2220.5,0.052,278,14,1,,,
2221.0,0.052,278,14,1,,,
2221.5,0.064,278,14,1,,,
2222.0,0.064,278,14,1,,,
2222.5,0.058,278,14,1,,,
2223.0,0.058,278,14,1,,,
2223.5,0.058,278,14,1,,,
2224.0,0.058,278,14,1,,,
2224.5,0.058,278,15,1,,,
2225.0,0.058,279,15,1,,,
2225.5,0.058,279,15,1,,,
2226.0,0.058,279,15,1,,,
2226.5,0.064,279,16,1,,,
2227.0,0.064,279,16,1,,,
2227.5,0.058,279,17,1,,,
2228.0,0.064,279,17,1,,,
2228.5,0.064,279,20,1,,,
2229.0,0.064,279,20,1,,,
2229.5,0.058,279,21,1,,,
2230.0,0.058,279,21,1,,,
2230.5,0.052,279,23,1,,,
2231.0,0.058,279,23,1,,,
2231.5,0.052,280,24,1,,,
2232.0,0.064,280,24,1,,,
2232.5,0.058,280,25,1,,,
2233.0,0.052,280,25,1,,,
2233.5,0.052,280,27,1,,,
2234.0,0.064,280,27,1,,,
2234.5,0.058,280,27,1,,,
2235.0,0.052,280,27,1,,,
2235.5,0.058,280,27,1,,,
2236.0,0.058,280,27,1,,,
2236.5,0.058,280,27,1,,,
2237.0,0.052,280,27,1,,,
2237.5,0.058,280,25,1,,,
2238.0,0.052,281,25,1,,,
2238.5,0.052,281,25,1,,,
2239.0,0.052,281,25,1,,,
2239.5,0.052,281,25,1,,,
2240.0,0.047,281,25,1,,,
2240.5,0.052,281,23,1,,,
2241.0,0.058,281,23,1,,,
2241.5,0.052,281,23,1,,,
2242.0,0.052,281,23,1,,,
2242.5,0.052,281,23,1,,,
2243.0,0.052,281,23,1,,,
2243.5,0.058,281,21,1,,,
2244.0,0.058,281,21,1,,,
2244.5,0.058,281,20,1,,,
2245.0,0.052,281,20,1,,,
2245.5,0.052,281,20,1,,,
2246.0,0.058,281,20,1,,,
2246.5,0.052,282,17,1,,,
2247.0,0.052,282,17,1,,,
2247.5,0.052,282,16,1,,,
2248.0,0.058,282,16,1,,,
2248.5,0.052,282,15,1,,,
2249.0,0.064,282,15,1,,,
2249.5,0.052,282,15,1,,,
2250.0,0.058,282,15,1,,,
2250.5,0.064,282,14,1,,,
2251.0,0.058,282,14,1,,,
2251.5,0.052,282,14,1,,,
2252.0,0.058,282,14,1,,,
2252.5,0.058,282,14,1,,,
2253.0,0.058,282,14,1,,,
2253.5,0.064,282,15,1,,,
2254.0,0.064,282,15,1,,,
2254.5,0.064,282,14,1,,,
2255.0,0.058,282,14,1,,,
2255.5,0.058,282,16,1,,,
2256.0,0.064,282,16,1,,,
2256.5,0.058,282,17,1,,,
2257.0,0.064,283,17,1,,,
2257.5,0.058,283,18,1,,,
2258.0,0.064,283,18,1,,,
2258.5,0.064,283,20,1,,,
2259.0,0.064,283,20,1,,,
2259.5,0.058,283,22,1,,,
2260.0,0.058,283,22,1,,,
2260.5,0.058,283,23,1,,,
2261.0,0.058,283,23,1,,,
2261.5,0.064,283,25,1,,,
2262.0,0.058,283,25,1,,,
2262.5,0.058,283,25,1,,,
2263.0,0.058,284,25,1,,,
2263.5,0.058,284,27,1,,,
2264.0,0.064,284,27,1,,,
2264.5,0.052,284,28,1,,,
2265.0,0.052,284,28,1,,,
2265.5,0.058,284,27,1,,,
2266.0,0.058,284,27,1,,,
2266.5,0.052,284,25,1,,,
2267.0,0.064,284,25,1,,,
2267.5,0.052,284,25,1,,,
2268.0,0.052,284,25,1,,,
2268.5,0.064,284,24,1,,,
2269.0,0.058,284,24,1,,,
2269.5,0.052,284,23,1,,,
2270.0,0.064,285,23,1,,,
2270.5,0.052,285,22,1,,,
2271.0,0.052,285,22,1,,,
2271.5,0.058,285,22,1,,,
2272.0,0.058,285,22,1,,,
2272.5,0.052,285,20,1,,,
2273.0,0.058,285,20,1,,,
2273.5,0.052,285,18,1,,,
2274.0,0.052,285,18,1,,,
2274.5,0.052,285,17,1,,,
2275.0,0.052,285,17,1,,,
2275.5,0.058,285,16,1,,,
2276.0,0.058,285,16,1,,,
2276.5,0.058,285,14,1,,,
2277.0,0.052,285,14,1,,,
2277.5,0.058,285,15,1,,,
2278.0,0.058,285,15,1,,,
2278.5,0.058,285,14,1,,,
2279.0,0.064,285,14,1,,,
2279.5,0.058,285,14,1,,,
2280.0,0.064,285,14,1,,,
2280.5,0.058,286,14,1,,,
2281.0,0.058,286,14,1,,,
2281.5,0.058,286,15,1,,,
2282.0,0.058,286,15,1,,,
2282.5,0.058,286,16,1,,,
2283.0,0.064,286,16,1,,,
2283.5,0.058,286,17,1,,,
2284.0,0.064,286,17,1,,,
2284.5,0.058,286,18,1,,,
2285.0,0.064,286,18,1,,,
2285.5,0.064,286,22,1,,,
2286.0,0.064,286,22,1,,,
2286.5,0.064,286,23,1,,,
2287.0,0.058,286,23,1,,,
2287.5,0.058,287,24,1,,,
2288.0,0.052,287,24,1,,,
2288.5,0.058,287,27,1,,,
2289.0,0.058,287,27,1,,,
2289.5,0.058,287,28,1,,,
2290.0,0.052,287,28,1,,,
2290.5,0.052,287,28,1,,,
2291.0,0.058,287,28,1,,,
2291.5,0.052,287,28,1,,,
2292.0,0.052,287,28,1,,,
2292.5,0.058,287,28,1,,,
2293.0,0.052,287,28,1,,,
2293.5,0.064,288,27,1,,,
2294.0,0.058,288,27,1,,,
2294.5,0.052,288,25,1,,,
2295.0,0.052,288,25,1,,,
2295.5,0.058,288,25,1,,,
2296.0,0.052,288,25,1,,,
2296.5,0.058,288,24,1,,,
2297.0,0.052,288,24,1,,,
2297.5,0.052,288,23,1,,,
2298.0,0.058,288,23,1,,,
2298.5,0.052,288,23,1,,,
2299.0,0.052,288,23,1,,,
2299.5,0.052,288,22,1,,,
2300.0,0.052,288,22,1,,,
2300.5,0.052,288,20,1,,,
2301.0,0.058,288,20,1,,,
2301.5,0.052,289,18,1,,,
2302.0,0.052,289,18,1,,,
2302.5,0.052,289,17,1,,,
2303.0,0.052,289,17,1,,,
2303.5,0.064,289,15,1,,,
2304.0,0.058,289,15,1,,,
2304.5,0.058,289,14,1,,,
2305.0,0.052,289,14,1,,,
2305.5,0.058,289,12,1,,,
2306.0,0.064,289,12,1,,,
2306.5,0.058,289,14,1,,,
2307.0,0.064,289,14,1,,,
2307.5,0.064,289,12,1,,,
2308.0,0.058,289,12,1,,,
2308.5,0.058,289,14,1,,,
2309.0,0.076,289,14,1,,,
2309.5,0.064,289,15,1,,,
2310.0,0.07,289,15,1,,,
2310.5,0.058,289,16,1,,,
2311.0,0.064,289,16,1,,,
2311.5,0.058,289,17,1,,,
2312.0,0.058,290,17,1,,,
2312.5,0.058,290,20,1,,,
2313.0,0.064,290,20,1,,,
2313.5,0.052,290,21,1,,,
2314.0,0.064,290,21,1,,,
2314.5,0.064,290,22,1,,,
2315.0,0.058,290,22,1,,,
2315.5,0.058,290,24,1,,,
2316.0,0.058,290,24,1,,,
2316.5,0.058,290,24,1,,,
2317.0,0.052,290,24,1,,,
2317.5,0.058,290,24,1,,,
2318.0,0.058,290,24,1,,,
2318.5,0.052,291,25,1,,,
2319.0,0.052,291,25,1,,,
2319.5,0.058,291,25,1,,,
2320.0,0.052,291,25,1,,,
2320.5,0.058,291,24,1,,,
2321.0,0.058,291,24,1,,,
2321.5,0.058,291,24,1,,,
2322.0,0.058,291,24,1,,,
2322.5,0.064,291,24,1,,,
2323.0,0.052,291,24,1,,,
2323.5,0.052,291,23,1,,,
2324.0,0.052,291,23,1,,,
2324.5,0.052,291,22,1,,,
2325.0,0.058,291,22,1,,,
2325.5,0.058,292,22,1,,,
2326.0,0.058,292,22,1,,,
2326.5,0.052,292,21,1,,,
2327.0,0.058,292,21,1,,,
2327.5,0.052,292,20,1,,,
2328.0,0.052,292,20,1,,,
2328.5,0.052,292,18,1,,,
2329.0,0.052,292,18,1,,,
2329.5,0.058,292,18,1,,,
2330.0,0.058,292,18,1,,,
2330.5,0.058,292,16,1,,,
2331.0,0.058,292,16,1,,,
2331.5,0.064,292,16,1,,,
2332.0,0.058,292,16,1,,,
2332.5,0.052,292,15,1,,,
2333.0,0.052,292,15,1,,,
2333.5,0.064,292,15,1,,,
2334.0,0.058,292,15,1,,,
2334.5,0.064,292,14,1,,,
2335.0,0.052,292,14,1,,,
2335.5,0.064,292,15,1,,,
2336.0,0.058,293,15,1,,,
2336.5,0.058,293,16,1,,,
2337.0,0.058,293,16,1,,,
2337.5,0.064,293,17,1,,,
2338.0,0.064,293,17,1,,,
2338.5,0.064,293,18,1,,,
2339.0,0.064,293,18,1,,,
2339.5,0.052,293,21,1,,,
2340.0,0.058,293,21,1,,,
2340.5,0.058,293,22,1,,,
2341.0,0.052,293,22,1,,,
2341.5,0.064,293,23,1,,,
2342.0,0.058,293,23,1,,,
2342.5,0.064,293,24,1,,,
2343.0,0.058,294,24,1,,,
2343.5,0.052,294,25,1,,,
2344.0,0.058,294,25,1,,,
2344.5,0.058,294,25,1,,,
2345.0,0.058,294,25,1,,,
2345.5,0.052,294,27,1,,,
2346.0,0.058,294,27,1,,,
2346.5,0.064,294,25,1,,,
2347.0,0.052,294,25,1,,,
2347.5,0.064,294,25,1,,,
2348.0,0.058,294,25,1,,,
2348.5,0.058,294,23,1,,,
2349.0,0.058,294,23,1,,,
2349.5,0.064,294,23,1,,,
2350.0,0.058,295,23,1,,,
2350.5,0.052,295,21,1,,,
2351.0,0.052,295,21,1,,,
2351.5,0.052,295,21,1,,,
2352.0,0.058,295,21,1,,,
2352.5,0.052,295,20,1,,,
2353.0,0.052,295,20,1,,,
2353.5,0.058,295,18,1,,,
2354.0,0.052,295,18,1,,,
2354.5,0.064,295,17,1,,,
2355.0,0.058,295,17,1,,,
2355.5,0.058,295,16,1,,,
2356.0,0.058,295,16,1,,,
2356.5,0.058,295,15,1,,,
2357.0,0.058,295,15,1,,,
2357.5,0.058,295,14,1,,,
2358.0,0.058,295,14,1,,,
2358.5,0.064,295,15,1,,,
2359.0,0.064,295,15,1,,,
2359.5,0.058,295,15,1,,,
2360.0,0.064,296,15,1,,,
2360.5,0.07,296,16,1,,,
2361.0,0.064,296,16,1,,,
2361.5,0.064,296,17,1,,,
2362.0,0.058,296,17,1,,,
2362.5,0.064,296,18,1,,,
2363.0,0.058,296,18,1,,,
2363.5,0.058,296,20,1,,,
2364.0,0.064,296,20,1,,,
2364.5,0.058,296,22,1,,,
2365.0,0.064,296,22,1,,,
2365.5,0.058,296,24,1,,,
2366.0,0.058,296,24,1,,,
2366.5,0.058,297,24,1,,,
2367.0,0.052,297,24,1,,,
2367.5,0.058,297,27,1,,,
2368.0,0.058,297,27,1,,,
2368.5,0.052,297,28,1,,,
2369.0,0.052,297,28,1,,,
2369.5,0.058,297,27,1,,,
2370.0,0.058,297,27,1,,,
2370.5,0.052,297,27,1,,,
2371.0,0.064,297,27,1,,,
2371.5,0.052,297,27,1,,,
2372.0,0.052,297,27,1,,,
2372.5,0.052,297,25,1,,,
2373.0,0.052,298,25,1,,,
2373.5,0.058,298,24,1,,,
2374.0,0.047,298,24,1,,,
2374.5,0.052,298,24,1,,,
2375.0,0.052,298,24,1,,,
2375.5,0.058,298,22,1,,,
2376.0,0.052,298,22,1,,,
2376.5,0.058,298,22,1,,,
2377.0,0.058,298,22,1,,,
2377.5,0.052,298,21,1,,,
2378.0,0.052,298,21,1,,,
2378.5,0.052,298,18,1,,,
2379.0,0.058,298,18,1,,,
2379.5,0.052,298,17,1,,,
2380.0,0.052,298,17,1,,,
2380.5,0.058,298,16,1,,,
2381.0,0.052,298,16,1,,,
2381.5,0.058,298,15,1,,,
2382.0,0.052,298,15,1,,,
2382.5,0.058,298,14,1,,,
2383.0,0.052,299,14,1,,,
2383.5,0.058,299,15,1,,,
2384.0,0.064,299,15,1,,,
2384.5,0.064,299,14,1,,,
2385.0,0.058,299,14,1,,,
2385.5,0.064,299,15,1,,,
2386.0,0.058,299,15,1,,,
2386.5,0.058,299,15,1,,,
2387.0,0.064,299,15,1,,,
2387.5,0.058,299,16,1,,,
2388.0,0.058,299,16,1,,,
2388.5,0.058,299,17,1,,,
2389.0,0.064,299,17,1,,,
2389.5,0.064,299,20,1,,,
2390.0,0.058,299,20,1,,,
2390.5,0.058,299,21,1,,,
2391.0,0.07,300,21,1,,,
2391.5,0.058,300,23,1,,,
2392.0,0.058,300,23,1,,,
2392.5,0.058,300,24,1,,,
2393.0,0.064,300,24,1,,,
2393.5,0.058,300,25,1,,,
2394.0,0.058,300,25,1,,,
2394.5,0.058,300,27,1,,,
2395.0,0.052,300,27,1,,,
2395.5,0.052,300,27,1,,,
2396.0,0.052,300,27,1,,,
2396.5,0.052,300,25,1,,,
2397.0,0.052,301,25,1,,,
2397.5,0.064,301,27,1,,,
2398.0,0.052,301,27,1,,,
2398.5,0.058,301,25,1,,,
2399.0,0.052,301,25,1,,,
2399.5,0.052,301,24,1,,,
2400.0,0.052,301,24,1,,,
2400.5,0.052,301,24,1,,,
2401.0,0.058,301,24,1,,,
2401.5,0.064,301,23,1,,,
2402.0,0.058,301,23,1,,,
2402.5,0.058,301,22,1,,,
2403.0,0.052,301,22,1,,,
2403.5,0.052,301,21,1,,,
2404.0,0.052,301,21,1,,,
2404.5,0.058,301,20,1,,,
2405.0,0.052,302,20,1,,,
2405.5,0.052,302,18,1,,,
2406.0,0.058,302,18,1,,,
2406.5,0.052,302,18,1,,,
2407.0,0.052,302,18,1,,,
2407.5,0.058,302,17,1,,,
2408.0,0.052,302,17,1,,,
2408.5,0.058,302,16,1,,,
2409.0,0.058,302,16,1,,,
2409.5,0.058,302,16,1,,,
2410.0,0.052,302,16,1,,,
2410.5,0.058,302,16,1,,,
2411.0,0.058,302,16,1,,,
2411.5,0.058,302,16,1,,,
2412.0,0.064,302,16,1,,,
2412.5,0.064,302,16,1,,,
2413.0,0.058,302,16,1,,,
2413.5,0.064,302,17,1,,,
2414.0,0.064,302,17,1,,,
2414.5,0.058,302,18,1,,,
2415.0,0.058,303,18,1,,,
2415.5,0.07,303,18,1,,,
2416.0,0.064,303,18,1,,,
2416.5,0.052,303,21,1,,,
2417.0,0.058,303,21,1,,,
2417.5,0.064,303,22,1,,,
2418.0,0.064,303,22,1,,,
2418.5,0.064,303,24,1,,,
2419.0,0.052,303,24,1,,,
2419.5,0.058,303,25,1,,,
2420.0,0.064,303,25,1,,,
2420.5,0.058,303,28,1,,,
2421.0,0.058,304,28,1,,,
2421.5,0.052,304,27,1,,,
2422.0,0.058,304,27,1,,,
2422.5,0.052,304,28,1,,,
2423.0,0.058,304,28,1,,,
2423.5,0.052,304,28,1,,,
2424.0,0.058,304,28,1,,,
2424.5,0.058,304,27,1,,,
2425.0,0.052,304,27,1,,,
2425.5,0.058,304,27,1,,,
2426.0,0.052,304,27,1,,,
2426.5,0.058,304,27,1,,,
2427.0,0.058,305,27,1,,,
2427.5,0.052,305,25,1,,,
2428.0,0.058,305,25,1,,,
2428.5,0.052,305,24,1,,,
2429.0,0.052,305,24,1,,,
2429.5,0.052,305,24,1,,,
2430.0,0.058,305,24,1,,,
2430.5,0.064,305,23,1,,,
2431.0,0.058,305,23,1,,,
2431.5,0.058,305,23,1,,,
2432.0,0.052,305,23,1,,,
2432.5,0.052,305,22,1,,,
2433.0,0.052,305,22,1,,,
2433.5,0.058,305,22,1,,,
2434.0,0.052,305,22,1,,,
2434.5,0.052,305,21,1,,,
2435.0,0.052,306,21,1,,,
2435.5,0.052,306,20,1,,,
2436.0,0.052,306,20,1,,,
2436.5,0.052,306,17,1,,,
2437.0,0.052,306,17,1,,,
2437.5,0.052,306,17,1,,,
2438.0,0.052,306,17,1,,,
2438.5,0.052,306,15,1,,,
2439.0,0.058,306,15,1,,,
2439.5,0.064,306,15,1,,,
2440.0,0.058,306,15,1,,,
2440.5,0.052,306,14,1,,,
2441.0,0.058,306,14,1,,,
2441.5,0.052,306,14,1,,,
2442.0,0.058,306,14,1,,,
2442.5,0.052,306,12,1,,,
2443.0,0.058,306,12,1,,,
2443.5,0.064,306,14,1,,,
2444.0,0.058,306,14,1,,,
2444.5,0.058,306,12,1,,,
2445.0,0.058,306,12,1,,,
2445.5,0.064,306,14,1,,,
2446.0,0.064,307,14,1,,,
2446.5,0.064,307,15,1,,,
2447.0,0.058,307,15,1,,,
2447.5,0.064,307,17,1,,,
2448.0,0.058,307,17,1,,,
2448.5,0.058,307,18,1,,,
2449.0,0.064,307,18,1,,,
2449.5,0.058,307,21,1,,,
2450.0,0.058,307,21,1,,,
2450.5,0.058,307,22,1,,,
2451.0,0.064,307,22,1,,,
2451.5,0.058,307,23,1,,,
2452.0,0.058,307,23,1,,,
2452.5,0.058,307,24,1,,,
2453.0,0.052,308,24,1,,,
2453.5,0.064,308,25,1,,,
2454.0,0.058,308,25,1,,,
2454.5,0.064,308,25,1,,,
2455.0,0.058,308,25,1,,,
2455.5,0.058,308,27,1,,,
2456.0,0.052,308,27,1,,,
2456.5,0.052,308,27,1,,,
2457.0,0.064,308,27,1,,,
2457.5,0.058,308,25,1,,,
2458.0,0.052,308,25,1,,,
2458.5,0.052,308,25,1,,,
2459.0,0.052,308,25,1,,,
2459.5,0.058,309,24,1,,,
2460.0,0.064,309,24,1,,,
2460.5,0.052,309,23,1,,,
2461.0,0.052,309,23,1,,,
2461.5,0.058,309,23,1,,,
2462.0,0.052,309,23,1,,,
2462.5,0.052,309,22,1,,,
2463.0,0.047,309,22,1,,,
2463.5,0.052,309,21,1,,,
2464.0,0.052,309,21,1,,,
2464.5,0.052,309,21,1,,,
2465.0,0.052,309,21,1,,,
2465.5,0.052,309,20,1,,,
2466.0,0.052,309,20,1,,,
2466.5,0.058,309,17,1,,,
2467.0,0.058,309,17,1,,,
2467.5,0.064,309,17,1,,,
2468.0,0.058,309,17,1,,,
2468.5,0.058,310,15,1,,,
2469.0,0.052,310,15,1,,,
2469.5,0.058,310,14,1,,,
2470.0,0.058,310,14,1,,,
2470.5,0.058,310,14,1,,,
2471.0,0.064,310,14,1,,,
2471.5,0.058,310,14,1,,,
2472.0,0.052,310,14,1,,,
2472.5,0.058,310,12,1,,,
2473.0,0.058,310,12,1,,,
2473.5,0.058,310,14,1,,,
2474.0,0.058,310,14,1,,,
2474.5,0.058,310,15,1,,,
2475.0,0.064,310,15,1,,,
2475.5,0.058,310,15,1,,,
2476.0,0.058,310,15,1,,,
2476.5,0.058,310,16,1,,,
2477.0,0.064,310,16,1,,,
2477.5,0.064,310,18,1,,,
2478.0,0.064,311,18,1,,,
2478.5,0.058,311,20,1,,,
2479.0,0.058,311,20,1,,,
2479.5,0.058,311,22,1,,,
2480.0,0.064,311,22,1,,,
2480.5,0.052,311,23,1,,,
2481.0,0.052,311,23,1,,,
2481.5,0.058,311,25,1,,,
2482.0,0.052,311,25,1,,,
2482.5,0.058,311,27,1,,,
2483.0,0.058,311,27,1,,,
2483.5,0.052,311,27,1,,,
2484.0,0.052,312,27,1,,,
2484.5,0.052,312,27,1,,,
2485.0,0.058,312,27,1,,,
2485.5,0.052,312,27,1,,,
2486.0,0.058,312,27,1,,,
2486.5,0.058,312,25,1,,,
2487.0,0.058,312,25,1,,,
2487.5,0.058,312,24,1,,,
2488.0,0.052,312,24,1,,,
2488.5,0.052,312,24,1,,,
2489.0,0.052,312,24,1,,,
2489.5,0.052,312,23,1,,,
2490.0,0.052,312,23,1,,,
2490.5,0.058,312,23,1,,,
2491.0,0.052,312,23,1,,,
2491.5,0.058,313,22,1,,,
2492.0,0.052,313,22,1,,,
2492.5,0.052,313,21,1,,,
2493.0,0.058,313,21,1,,,
2493.5,0.047,313,20,1,,,
2494.0,0.052,313,20,1,,,
2494.5,0.058,313,18,1,,,
2495.0,0.052,313,18,1,,,
2495.5,0.052,313,17,1,,,
2496.0,0.052,313,17,1,,,
2496.5,0.052,313,16,1,,,
2497.0,0.052,313,16,1,,,
2497.5,0.058,313,15,1,,,
2498.0,0.064,313,15,1,,,
2498.5,0.064,313,14,1,,,
2499.0,0.058,313,14,1,,,
2499.5,0.064,313,14,1,,,
2500.0,0.058,313,14,1,,,
2500.5,0.064,313,12,1,,,
2501.0,0.052,313,12,1,,,
2501.5,0.052,313,14,1,,,
2502.0,0.058,314,14,1,,,
2502.5,0.058,314,15,1,,,
2503.0,0.064,314,15,1,,,
2503.5,0.064,314,16,1,,,
2504.0,0.058,314,16,1,,,
2504.5,0.064,314,17,1,,,
2505.0,0.064,314,17,1,,,
2505.5,0.058,314,20,1,,,
2506.0,0.064,314,20,1,,,
2506.5,0.052,314,21,1,,,
2507.0,0.064,314,21,1,,,
2507.5,0.058,314,22,1,,,
2508.0,0.058,314,22,1,,,
2508.5,0.052,314,24,1,,,
2509.0,0.058,315,24,1,,,
2509.5,0.052,315,24,1,,,
2510.0,0.064,315,24,1,,,
2510.5,0.058,315,25,1,,,
2511.0,0.052,315,25,1,,,
2511.5,0.052,315,25,1,,,
2512.0,0.052,315,25,1,,,
2512.5,0.052,315,27,1,,,
2513.0,0.052,315,27,1,,,
2513.5,0.058,315,25,1,,,
2514.0,0.058,315,25,1,,,
2514.5,0.058,315,25,1,,,
2515.0,0.052,315,25,1,,,
2515.5,0.064,315,24,1,,,
2516.0,0.052,316,24,1,,,
2516.5,0.052,316,23,1,,,
2517.0,0.052,316,23,1,,,
2517.5,0.052,316,22,1,,,
2518.0,0.052,316,22,1,,,
2518.5,0.052,316,21,1,,,
2519.0,0.052,316,21,1,,,
2519.5,0.052,316,20,1,,,
2520.0,0.052,316,20,1,,,
2520.5,0.052,316,18,1,,,
2521.0,0.058,316,18,1,,,
2521.5,0.052,316,18,1,,,
2522.0,0.052,316,18,1,,,
2522.5,0.052,316,17,1,,,
2523.0,0.064,316,17,1,,,
2523.5,0.058,316,16,1,,,
2524.0,0.058,316,16,1,,,
2524.5,0.052,316,16,1,,,
2525.0,0.058,316,16,1,,,
2525.5,0.064,317,16,1,,,
2526.0,0.058,317,16,1,,,
2526.5,0.064,317,16,1,,,
2527.0,0.058,317,16,1,,,
2527.5,0.064,317,16,1,,,
2528.0,0.058,317,16,1,,,
2528.5,0.058,317,17,1,,,
2529.0,0.058,317,17,1,,,
2529.5,0.064,317,18,1,,,
2530.0,0.064,317,18,1,,,
2530.5,0.058,317,20,1,,,
2531.0,0.058,317,20,1,,,
2531.5,0.058,317,21,1,,,
2532.0,0.058,317,21,1,,,
2532.5,0.064,317,22,1,,,
2533.0,0.058,318,22,1,,,
2533.5,0.064,318,24,1,,,
2534.0,0.064,318,24,1,,,
2534.5,0.052,318,24,1,,,
2535.0,0.058,318,24,1,,,
2535.5,0.052,318,25,1,,,
2536.0,0.052,318,25,1,,,
2536.5,0.058,318,25,1,,,
2537.0,0.064,318,25,1,,,
2537.5,0.058,318,27,1,,,
2538.0,0.058,318,27,1,,,
2538.5,0.058,318,25,1,,,
2539.0,0.052,318,25,1,,,
2539.5,0.052,319,25,1,,,
2540.0,0.058,319,25,1,,,
2540.5,0.058,319,24,1,,,
2541.0,0.052,319,24,1,,,
2541.5,0.052,319,24,1,,,
2542.0,0.052,319,24,1,,,
2542.5,0.052,319,22,1,,,
2543.0,0.052,319,22,1,,,
2543.5,0.052,319,22,1,,,
2544.0,0.058,319,22,1,,,
2544.5,0.052,319,21,1,,,
2545.0,0.058,319,21,1,,,
2545.5,0.052,319,20,1,,,
2546.0,0.058,319,20,1,,,
2546.5,0.052,319,18,1,,,
2547.0,0.052,319,18,1,,,
2547.5,0.064,319,18,1,,,
2548.0,0.058,320,18,1,,,
2548.5,0.052,320,16,1,,,
2549.0,0.052,320,16,1,,,
2549.5,0.052,320,16,1,,,
2550.0,0.052,320,16,1,,,
2550.5,0.058,320,15,1,,,
2551.0,0.064,320,15,1,,,
2551.5,0.058,320,15,1,,,
2552.0,0.052,320,15,1,,,
2552.5,0.058,320,14,1,,,
2553.0,0.058,320,14,1,,,
2553.5,0.064,320,15,1,,,
2554.0,0.058,320,15,1,,,
2554.5,0.064,320,16,1,,,
2555.0,0.058,320,16,1,,,
2555.5,0.064,320,17,1,,,
2556.0,0.064,320,17,1,,,
2556.5,0.064,320,18,1,,,
2557.0,0.064,321,18,1,,,
2557.5,0.064,321,21,1,,,
2558.0,0.064,321,21,1,,,
2558.5,0.064,321,23,1,,,
2559.0,0.058,321,23,1,,,
2559.5,0.064,321,23,1,,,
2560.0,0.058,321,23,1,,,
2560.5,0.058,321,25,1,,,
2561.0,0.052,321,25,1,,,
2561.5,0.052,321,27,1,,,
2562.0,0.058,321,27,1,,,
2562.5,0.052,321,27,1,,,
2563.0,0.052,322,27,1,,,
2563.5,0.058,322,27,1,,,
2564.0,0.058,322,27,1,,,
2564.5,0.052,322,27,1,,,
2565.0,0.058,322,27,1,,,
2565.5,0.058,322,25,1,,,
2566.0,0.058,322,25,1,,,
2566.5,0.058,322,24,1,,,
2567.0,0.052,322,24,1,,,
2567.5,0.052,322,24,1,,,
2568.0,0.052,322,24,1,,,
2568.5,0.052,322,23,1,,,
2569.0,0.058,322,23,1,,,
2569.5,0.052,322,22,1,,,
2570.0,0.052,322,22,1,,,
2570.5,0.058,323,22,1,,,
2571.0,0.058,323,22,1,,,
2571.5,0.052,323,21,1,,,
2572.0,0.058,323,21,1,,,
2572.5,0.058,323,18,1,,,
2573.0,0.058,323,18,1,,,
2573.5,0.052,323,17,1,,,
2574.0,0.052,323,17,1,,,
2574.5,0.052,323,16,1,,,
2575.0,0.058,323,16,1,,,
2575.5,0.058,323,14,1,,,
2576.0,0.058,323,14,1,,,
2576.5,0.064,323,14,1,,,
2577.0,0.047,323,14,1,,,
2577.5,0.058,323,14,1,,,
2578.0,0.064,323,14,1,,,
2578.5,0.058,323,12,1,,,
2579.0,0.058,323,12,1,,,
2579.5,0.058,323,14,1,,,
2580.0,0.058,323,14,1,,,
2580.5,0.058,323,14,1,,,
2581.0,0.058,323,14,1,,,
2581.5,0.064,324,14,1,,,
2582.0,0.064,324,14,1,,,
2582.5,0.064,324,16,1,,,
2583.0,0.064,324,16,1,,,
2583.5,0.058,324,17,1,,,
2584.0,0.064,324,17,1,,,
2584.5,0.064,324,20,1,,,
2585.0,0.064,324,20,1,,,
2585.5,0.058,324,22,1,,,
2586.0,0.064,324,22,1,,,
2586.5,0.058,324,23,1,,,
2587.0,0.058,324,23,1,,,
2587.5,0.058,324,24,1,,,
2588.0,0.064,325,24,1,,,
2588.5,0.052,325,27,1,,,
2589.0,0.064,325,27,1,,,
2589.5,0.058,325,25,1,,,
2590.0,0.052,325,25,1,,,
2590.5,0.052,325,27,1,,,
2591.0,0.052,325,27,1,,,
2591.5,0.058,325,27,1,,,
2592.0,0.052,325,27,1,,,
2592.5,0.052,325,27,1,,,
2593.0,0.052,325,27,1,,,
2593.5,0.058,325,25,1,,,
2594.0,0.058,325,25,1,,,
2594.5,0.058,325,25,1,,,
2595.0,0.058,326,25,1,,,
2595.5,0.058,326,24,1,,,
2596.0,0.052,326,24,1,,,
2596.5,0.052,326,23,1,,,
2597.0,0.064,326,23,1,,,
2597.5,0.058,326,22,1,,,
2598.0,0.052,326,22,1,,,
2598.5,0.058,326,21,1,,,
2599.0,0.052,326,21,1,,,
2599.5,0.058,326,20,1,,,
2600.0,0.064,326,20,1,,,
2600.5,0.052,326,18,1,,,
2601.0,0.052,326,18,1,,,
2601.5,0.052,326,17,1,,,
2602.0,0.052,326,17,1,,,
2602.5,0.058,326,16,1,,,
2603.0,0.058,326,16,1,,,
2603.5,0.058,326,15,1,,,
2604.0,0.052,326,15,1,,,
2604.5,0.052,327,14,1,,,
2605.0,0.064,327,14,1,,,
2605.5,0.058,327,14,1,,,
2606.0,0.058,327,14,1,,,
2606.5,0.058,327,14,1,,,
2607.0,0.058,327,14,1,,,
2607.5,0.058,327,14,1,,,
2608.0,0.058,327,14,1,,,
2608.5,0.064,327,15,1,,,
2609.0,0.058,327,15,1,,,
2609.5,0.058,327,16,1,,,
2610.0,0.064,327,16,1,,,
2610.5,0.064,327,17,1,,,
2611.0,0.058,327,17,1,,,
2611.5,0.064,327,20,1,,,
2612.0,0.064,327,20,1,,,
2612.5,0.058,327,21,1,,,
2613.0,0.058,328,21,1,,,
2613.5,0.058,328,22,1,,,
2614.0,0.058,328,22,1,,,
2614.5,0.058,328,24,1,,,
2615.0,0.064,328,24,1,,,
2615.5,0.064,328,25,1,,,
2616.0,0.052,328,25,1,,,
2616.5,0.058,328,25,1,,,
2617.0,0.052,328,25,1,,,
2617.5,0.058,328,27,1,,,
2618.0,0.052,328,27,1,,,
2618.5,0.058,328,27,1,,,
2619.0,0.058,329,27,1,,,
2619.5,0.052,329,27,1,,,
2620.0,0.058,329,27,1,,,
2620.5,0.052,329,25,1,,,
2621.0,0.052,329,25,1,,,
2621.5,0.058,329,25,1,,,
2622.0,0.058,329,25,1,,,
2622.5,0.052,329,24,1,,,
2623.0,0.052,329,24,1,,,
2623.5,0.052,329,24,1,,,
2624.0,0.052,329,24,1,,,
2624.5,0.052,329,23,1,,,
2625.0,0.052,329,23,1,,,
2625.5,0.058,329,22,1,,,
2626.0,0.052,329,22,1,,,
2626.5,0.052,330,21,1,,,
2627.0,0.058,330,21,1,,,
2627.5,0.052,330,20,1,,,
2628.0,0.052,330,20,1,,,
2628.5,0.052,330,18,1,,,
2629.0,0.058,330,18,1,,,
2629.5,0.052,330,17,1,,,
2630.0,0.052,330,17,1,,,
2630.5,0.058,330,17,1,,,
2631.0,0.052,330,17,1,,,
2631.5,0.052,330,16,1,,,
2632.0,0.052,330,16,1,,,
2632.5,0.058,330,16,1,,,
2633.0,0.052,330,16,1,,,
2633.5,0.058,330,15,1,,,
2634.0,0.052,330,15,1,,,
2634.5,0.058,330,15,1,,,
2635.0,0.064,330,15,1,,,
2635.5,0.064,330,15,1,,,
2636.0,0.064,330,15,1,,,
2636.5,0.058,331,16,1,,,
2637.0,0.058,331,16,1,,,
2637.5,0.07,331,17,1,,,
2638.0,0.064,331,17,1,,,
2638.5,0.058,331,18,1,,,
2639.0,0.064,331,18,1,,,
2639.5,0.064,331,21,1,,,
2640.0,0.058,331,21,1,,,
2640.5,0.064,331,22,1,,,
2641.0,0.058,331,22,1,,,
2641.5,0.058,331,24,1,,,
2642.0,0.058,331,24,1,,,
2642.5,0.058,331,24,1,,,
2643.0,0.058,332,24,1,,,
2643.5,0.052,332,27,1,,,
2644.0,0.058,332,27,1,,,
2644.5,0.058,332,27,1,,,
2645.0,0.058,332,27,1,,,
2645.5,0.058,332,27,1,,,
2646.0,0.052,332,27,1,,,
2646.5,0.052,332,27,1,,,
2647.0,0.052,332,27,1,,,
2647.5,0.052,332,27,1,,,
2648.0,0.052,332,27,1,,,
2648.5,0.058,332,27,1,,,
2649.0,0.058,332,27,1,,,
2649.5,0.052,333,25,1,,,
2650.0,0.058,333,25,1,,,
2650.5,0.052,333,25,1,,,
2651.0,0.052,333,25,1,,,
2651.5,0.058,333,24,1,,,
2652.0,0.058,333,24,1,,,
2652.5,0.052,333,24,1,,,
2653.0,0.058,333,24,1,,,
2653.5,0.058,333,22,1,,,
2654.0,0.052,333,22,1,,,
2654.5,0.052,333,22,1,,,
2655.0,0.047,333,22,1,,,
2655.5,0.052,333,21,1,,,
2656.0,0.047,333,21,1,,,
2656.5,0.052,333,20,1,,,
2657.0,0.052,333,20,1,,,
2657.5,0.058,334,18,1,,,
2658.0,0.058,334,18,1,,,
2658.5,0.058,334,18,1,,,
2659.0,0.052,334,18,1,,,
2659.5,0.058,334,17,1,,,
2660.0,0.058,334,17,1,,,
2660.5,0.052,334,16,1,,,
2661.0,0.064,334,16,1,,,
2661.5,0.052,334,16,1,,,
2662.0,0.058,334,16,1,,,
2662.5,0.064,334,15,1,,,
2663.0,0.058,334,15,1,,,
2663.5,0.058,334,15,1,,,
2664.0,0.064,334,15,1,,,
2664.5,0.064,334,14,1,,,
2665.0,0.064,334,14,1,,,
2665.5,0.064,334,15,1,,,
2666.0,0.058,334,15,1,,,
2666.5,0.064,334,15,1,,,
2667.0,0.064,334,15,1,,,
2667.5,0.064,335,17,1,,,
2668.0,0.058,335,17,1,,,
2668.5,0.058,335,17,1,,,
2669.0,0.064,335,17,1,,,
2669.5,0.058,335,20,1,,,
2670.0,0.058,335,20,1,,,
2670.5,0.058,335,22,1,,,
2671.0,0.052,335,22,1,,,
2671.5,0.058,335,23,1,,,
2672.0,0.064,335,23,1,,,
2672.5,0.052,335,24,1,,,
2673.0,0.058,335,24,1,,,
2673.5,0.064,335,25,1,,,
2674.0,0.058,336,25,1,,,
2674.5,0.052,336,27,1,,,
2675.0,0.052,336,27,1,,,
2675.5,0.052,336,25,1,,,
2676.0,0.052,336,25,1,,,
2676.5,0.052,336,27,1,,,
2677.0,0.058,336,27,1,,,
2677.5,0.058,336,25,1,,,
2678.0,0.058,336,25,1,,,
2678.5,0.052,336,25,1,,,
2679.0,0.052,336,25,1,,,
2679.5,0.052,336,24,1,,,
2680.0,0.052,336,24,1,,,
2680.5,0.052,337,24,1,,,
2681.0,0.052,337,24,1,,,
2681.5,0.052,337,22,1,,,
2682.0,0.058,337,22,1,,,
2682.5,0.052,337,22,1,,,
2683.0,0.052,337,22,1,,,
2683.5,0.052,337,21,1,,,
2684.0,0.058,337,21,1,,,
2684.5,0.058,337,20,1,,,
2685.0,0.052,337,20,1,,,
2685.5,0.058,337,18,1,,,
2686.0,0.052,337,18,1,,,
2686.5,0.058,337,18,1,,,
2687.0,0.058,337,18,1,,,
2687.5,0.052,337,16,1,,,
2688.0,0.052,337,16,1,,,
2688.5,0.052,337,15,1,,,
2689.0,0.058,337,15,1,,,
2689.5,0.052,337,15,1,,,
2690.0,0.052,337,15,1,,,
2690.5,0.052,337,14,1,,,
2691.0,0.058,338,14,1,,,
2691.5,0.058,338,14,1,,,
2692.0,0.058,338,14,1,,,
2692.5,0.064,338,14,1,,,
2693.0,0.07,338,14,1,,,
2693.5,0.058,338,15,1,,,
2694.0,0.058,338,15,1,,,
2694.5,0.064,338,15,1,,,
2695.0,0.07,338,15,1,,,
2695.5,0.058,338,16,1,,,
2696.0,0.058,338,16,1,,,
2696.5,0.064,338,17,1,,,
2697.0,0.058,338,17,1,,,
2697.5,0.064,338,20,1,,,
2698.0,0.064,338,20,1,,,
2698.5,0.058,338,21,1,,,
2699.0,0.064,339,21,1,,,
2699.5,0.052,339,23,1,,,
2700.0,0.064,339,23,1,,,
2700.5,0.058,339,24,1,,,
2701.0,0.064,339,24,1,,,
2701.5,0.052,339,25,1,,,
2702.0,0.052,339,25,1,,,
2702.5,0.058,339,25,1,,,
2703.0,0.058,339,25,1,,,
2703.5,0.052,339,27,1,,,
2704.0,0.058,339,27,1,,,
2704.5,0.058,339,25,1,,,
2705.0,0.052,339,25,1,,,
2705.5,0.058,340,25,1,,,
2706.0,0.052,340,25,1,,,
2706.5,0.058,340,25,1,,,
2707.0,0.052,340,25,1,,,
2707.5,0.052,340,25,1,,,
2708.0,0.052,340,25,1,,,
2708.5,0.058,340,23,1,,,
2709.0,0.052,340,23,1,,,
2709.5,0.058,340,23,1,,,
2710.0,0.052,340,23,1,,,
2710.5,0.052,340,23,1,,,
2711.0,0.058,340,23,1,,,
2711.5,0.058,340,21,1,,,
2712.0,0.052,340,21,1,,,
2712.5,0.058,340,20,1,,,
2713.0,0.052,340,20,1,,,
2713.5,0.052,341,20,1,,,
2714.0,0.052,341,20,1,,,
2714.5,0.052,341,18,1,,,
2715.0,0.052,341,18,1,,,
2715.5,0.058,341,16,1,,,
2716.0,0.058,341,16,1,,,
2716.5,0.052,341,15,1,,,
2717.0,0.058,341,15,1,,,
2717.5,0.052,341,15,1,,,
2718.0,0.052,341,15,1,,,
2718.5,0.058,341,14,1,,,
2719.0,0.058,341,14,1,,,
2719.5,0.052,341,12,1,,,
2720.0,0.058,341,12,1,,,
2720.5,0.064,341,14,1,,,
2721.0,0.058,341,14,1,,,
2721.5,0.058,341,15,1,,,
2722.0,0.064,341,15,1,,,
2722.5,0.058,341,15,1,,,
2723.0,0.064,341,15,1,,,
2723.5,0.058,341,16,1,,,
2724.0,0.064,342,16,1,,,
2724.5,0.064,342,18,1,,,
2725.0,0.058,342,18,1,,,
2725.5,0.058,342,20,1,,,
2726.0,0.058,342,20,1,,,
2726.5,0.064,342,21,1,,,
2727.0,0.058,342,21,1,,,
2727.5,0.064,342,23,1,,,
2728.0,0.052,342,23,1,,,
2728.5,0.058,342,25,1,,,
2729.0,0.058,342,25,1,,,
2729.5,0.058,342,27,1,,,
2730.0,0.052,343,27,1,,,
2730.5,0.052,343,27,1,,,
2731.0,0.052,343,27,1,,,
2731.5,0.058,343,28,1,,,
2732.0,0.052,343,28,1,,,
2732.5,0.058,343,27,1,,,
2733.0,0.052,343,27,1,,,
2733.5,0.058,343,27,1,,,
2734.0,0.052,343,27,1,,,
2734.5,0.052,343,25,1,,,
2735.0,0.052,343,25,1,,,
2735.5,0.047,343,25,1,,,
2736.0,0.052,343,25,1,,,
2736.5,0.058,344,24,1,,,
2737.0,0.052,344,24,1,,,
2737.5,0.064,344,24,1,,,
2738.0,0.058,344,24,1,,,
2738.5,0.052,344,22,1,,,
2739.0,0.052,344,22,1,,,
2739.5,0.052,344,22,1,,,
2740.0,0.052,344,22,1,,,
2740.5,0.052,344,21,1,,,
2741.0,0.052,344,21,1,,,
2741.5,0.052,344,20,1,,,
2742.0,0.052,344,20,1,,,
2742.5,0.052,344,18,1,,,
2743.0,0.052,344,18,1,,,
2743.5,0.052,344,17,1,,,
2744.0,0.058,344,17,1,,,
2744.5,0.052,344,16,1,,,
2745.0,0.058,344,16,1,,,
2745.5,0.058,344,15,1,,,
2746.0,0.058,344,15,1,,,
2746.5,0.052,345,14,1,,,
2747.0,0.058,345,14,1,,,
2747.5,0.052,345,14,1,,,
2748.0,0.064,345,14,1,,,
2748.5,0.052,345,14,1,,,
2749.0,0.058,345,14,1,,,
2749.5,0.058,345,14,1,,,
2750.0,0.058,345,14,1,,,
2750.5,0.076,345,15,1,,,
2751.0,0.064,345,15,1,,,
2751.5,0.064,345,17,1,,,
2752.0,0.064,345,17,1,,,
2752.5,0.064,345,17,1,,,
2753.0,0.064,345,17,1,,,
2753.5,0.064,345,20,1,,,
2754.0,0.058,345,20,1,,,
2754.5,0.064,346,22,1,,,
2755.0,0.064,346,22,1,,,
2755.5,0.058,346,23,1,,,
2756.0,0.058,346,23,1,,,
2756.5,0.052,346,24,1,,,
2757.0,0.058,346,24,1,,,
2757.5,0.052,346,25,1,,,
2758.0,0.052,346,25,1,,,
2758.5,0.058,346,27,1,,,
2759.0,0.058,346,27,1,,,
2759.5,0.052,346,25,1,,,
2760.0,0.052,346,25,1,,,
2760.5,0.058,346,25,1,,,
2761.0,0.052,347,25,1,,,
2761.5,0.052,347,25,1,,,
2762.0,0.058,347,25,1,,,
2762.5,0.052,347,25,1,,,
2763.0,0.052,347,25,1,,,
2763.5,0.052,347,23,1,,,
2764.0,0.052,347,23,1,,,
2764.5,0.052,347,23,1,,,
2765.0,0.052,347,23,1,,,
2765.5,0.052,347,23,1,,,
2766.0,0.052,347,23,1,,,
2766.5,0.058,347,21,1,,,
2767.0,0.058,347,21,1,,,
2767.5,0.058,347,20,1,,,
2768.0,0.052,347,20,1,,,
2768.5,0.052,347,20,1,,,
2769.0,0.052,347,20,1,,,
2769.5,0.052,348,18,1,,,
2770.0,0.058,348,18,1,,,
2770.5,0.052,348,17,1,,,
2771.0,0.058,348,17,1,,,
2771.5,0.052,348,16,1,,,
2772.0,0.052,348,16,1,,,
2772.5,0.052,348,16,1,,,
2773.0,0.052,348,16,1,,,
2773.5,0.058,348,15,1,,,
2774.0,0.052,348,15,1,,,
2774.5,0.058,348,15,1,,,
2775.0,0.058,348,15,1,,,
2775.5,0.058,348,15,1,,,
2776.0,0.058,348,15,1,,,
2776.5,0.064,348,16,1,,,
2777.0,0.058,348,16,1,,,
2777.5,0.058,348,17,1,,,
2778.0,0.058,348,17,1,,,
2778.5,0.052,348,18,1,,,
2779.0,0.058,349,18,1,,,
2779.5,0.052,349,21,1,,,
2780.0,0.064,349,21,1,,,
2780.5,0.064,349,22,1,,,
2781.0,0.064,349,22,1,,,
2781.5,0.058,349,23,1,,,
2782.0,0.064,349,23,1,,,
2782.5,0.058,349,24,1,,,
2783.0,0.058,349,24,1,,,
2783.5,0.058,349,27,1,,,
2784.0,0.058,349,27,1,,,
2784.5,0.052,349,25,1,,,
2785.0,0.052,350,25,1,,,
2785.5,0.052,350,27,1,,,
2786.0,0.058,350,27,1,,,
2786.5,0.058,350,27,1,,,
2787.0,0.052,350,27,1,,,
2787.5,0.064,350,27,1,,,
2788.0,0.052,350,27,1,,,
2788.5,0.052,350,25,1,,,
2789.0,0.052,350,25,1,,,
2789.5,0.052,350,25,1,,,
2790.0,0.052,350,25,1,,,
2790.5,0.052,350,24,1,,,
2791.0,0.058,350,24,1,,,
2791.5,0.052,350,23,1,,,
2792.0,0.052,351,23,1,,,
2792.5,0.052,351,22,1,,,
2793.0,0.058,351,22,1,,,
2793.5,0.058,351,21,1,,,
2794.0,0.052,351,21,1,,,
2794.5,0.052,351,20,1,,,
2795.0,0.052,351,20,1,,,
2795.5,0.052,351,18,1,,,
2796.0,0.052,351,18,1,,,
2796.5,0.052,351,17,1,,,
2797.0,0.052,351,17,1,,,
2797.5,0.052,351,15,1,,,
2798.0,0.052,351,15,1,,,
2798.5,0.058,351,14,1,,,
2799.0,0.058,351,14,1,,,
2799.5,0.058,351,14,1,,,
2800.0,0.058,351,14,1,,,
2800.5,0.058,351,12,1,,,
2801.0,0.058,351,12,1,,,
2801.5,0.058,351,12,1,,,
2802.0,0.058,351,12,1,,,
2802.5,0.058,351,14,1,,,
2803.0,0.058,352,14,1,,,
2803.5,0.058,352,14,1,,,
2804.0,0.058,352,14,1,,,
2804.5,0.052,352,15,1,,,
2805.0,0.058,352,15,1,,,
2805.5,0.058,352,16,1,,,
2806.0,0.064,352,16,1,,,
2806.5,0.064,352,18,1,,,
2807.0,0.058,352,18,1,,,
2807.5,0.058,352,20,1,,,
2808.0,0.064,352,20,1,,,
2808.5,0.064,352,22,1,,,
2809.0,0.064,352,22,1,,,
2809.5,0.052,352,23,1,,,
2810.0,0.064,353,23,1,,,
2810.5,0.058,353,24,1,,,
2811.0,0.052,353,24,1,,,
2811.5,0.064,353,25,1,,,
2812.0,0.058,353,25,1,,,
2812.5,0.052,353,27,1,,,
2813.0,0.058,353,27,1,,,
2813.5,0.058,353,27,1,,,
2814.0,0.052,353,27,1,,,
2814.5,0.052,353,27,1,,,
2815.0,0.052,353,27,1,,,
2815.5,0.058,353,27,1,,,
2816.0,0.052,353,27,1,,,
2816.5,0.058,354,25,1,,,
2817.0,0.064,354,25,1,,,
2817.5,0.052,354,24,1,,,
2818.0,0.052,354,24,1,,,
2818.5,0.058,354,24,1,,,
2819.0,0.058,354,24,1,,,
2819.5,0.047,354,23,1,,,
2820.0,0.052,354,23,1,,,
2820.5,0.052,354,22,1,,,
2821.0,0.052,354,22,1,,,
2821.5,0.052,354,22,1,,,
2822.0,0.052,354,22,1,,,
2822.5,0.058,354,21,1,,,
2823.0,0.052,354,21,1,,,
2823.5,0.058,354,18,1,,,
2824.0,0.052,354,18,1,,,
2824.5,0.052,354,17,1,,,
2825.0,0.052,355,17,1,,,
2825.5,0.058,355,16,1,,,
2826.0,0.058,355,16,1,,,
2826.5,0.064,355,15,1,,,
2827.0,0.052,355,15,1,,,
2827.5,0.052,355,14,1,,,
2828.0,0.052,355,14,1,,,
2828.5,0.052,355,14,1,,,
2829.0,0.052,355,14,1,,,
2829.5,0.052,355,14,1,,,
2830.0,0.064,355,14,1,,,
2830.5,0.064,355,14,1,,,
2831.0,0.058,355,14,1,,,
2831.5,0.064,355,14,1,,,
2832.0,0.058,355,14,1,,,
2832.5,0.058,355,15,1,,,
2833.0,0.058,355,15,1,,,
2833.5,0.058,355,17,1,,,
2834.0,0.064,355,17,1,,,
2834.5,0.058,355,18,1,,,
2835.0,0.058,356,18,1,,,
2835.5,0.064,356,21,1,,,
2836.0,0.064,356,21,1,,,
2836.5,0.058,356,22,1,,,
2837.0,0.064,356,22,1,,,
2837.5,0.058,356,23,1,,,
2838.0,0.058,356,23,1,,,
2838.5,0.052,356,24,1,,,
2839.0,0.052,356,24,1,,,
2839.5,0.052,356,25,1,,,
2840.0,0.058,356,25,1,,,
2840.5,0.052,356,25,1,,,
2841.0,0.052,357,25,1,,,
2841.5,0.052,357,25,1,,,
2842.0,0.058,357,25,1,,,
2842.5,0.052,357,27,1,,,
2843.0,0.052,357,27,1,,,
2843.5,0.064,357,25,1,,,
2844.0,0.052,357,25,1,,,
2844.5,0.058,357,24,1,,,
2845.0,0.058,357,24,1,,,
2845.5,0.058,357,24,1,,,
2846.0,0.052,357,24,1,,,
2846.5,0.052,357,24,1,,,
2847.0,0.058,357,24,1,,,
2847.5,0.058,357,22,1,,,
2848.0,0.052,358,22,1,,,
2848.5,0.052,358,22,1,,,
2849.0,0.058,358,22,1,,,
2849.5,0.052,358,21,1,,,
2850.0,0.052,358,21,1,,,
2850.5,0.052,358,20,1,,,
2851.0,0.058,358,20,1,,,
2851.5,0.052,358,18,1,,,
2852.0,0.052,358,18,1,,,
2852.5,0.058,358,17,1,,,
2853.0,0.052,358,17,1,,,
2853.5,0.064,358,16,1,,,
2854.0,0.058,358,16,1,,,
2854.5,0.058,358,15,1,,,
2855.0,0.058,358,15,1,,,
2855.5,0.064,358,15,1,,,
2856.0,0.058,358,15,1,,,
2856.5,0.052,358,14,1,,,
2857.0,0.058,358,14,1,,,
2857.5,0.058,358,15,1,,,
2858.0,0.058,358,15,1,,,
2858.5,0.058,359,15,1,,,
2859.0,0.064,359,15,1,,,
2859.5,0.058,359,16,1,,,
2860.0,0.058,359,16,1,,,
2860.5,0.064,359,17,1,,,
2861.0,0.058,359,17,1,,,
2861.5,0.058,359,18,1,,,
2862.0,0.064,359,18,1,,,
2862.5,0.064,359,20,1,,,
2863.0,0.058,359,20,1,,,
2863.5,0.058,359,22,1,,,
2864.0,0.058,359,22,1,,,
2864.5,0.058,359,23,1,,,
2865.0,0.052,359,23,1,,,
2865.5,0.058,360,24,1,,,
2866.0,0.058,360,24,1,,,
2866.5,0.058,360,27,1,,,
2867.0,0.052,360,27,1,,,
2867.5,0.058,360,27,1,,,
2868.0,0.058,360,27,1,,,
2868.5,0.052,360,27,1,,,
2869.0,0.064,360,27,1,,,
2869.5,0.058,360,28,1,,,
2870.0,0.052,360,28,1,,,
2870.5,0.052,360,27,1,,,
2871.0,0.058,360,27,1,,,
2871.5,0.052,360,25,1,,,
2872.0,0.058,361,25,1,,,
2872.5,0.058,361,27,1,,,
2873.0,0.052,361,27,1,,,
2873.5,0.052,361,25,1,,,
2874.0,0.052,361,25,1,,,
2874.5,0.052,361,23,1,,,
2875.0,0.052,361,23,1,,,
2875.5,0.052,361,23,1,,,
2876.0,0.052,361,23,1,,,
2876.5,0.052,361,23,1,,,
2877.0,0.052,361,23,1,,,
2877.5,0.058,361,21,1,,,
2878.0,0.052,361,21,1,,,
2878.5,0.052,361,20,1,,,
2879.0,0.052,361,20,1,,,
2879.5,0.052,362,20,1,,,
2880.0,0.047,362,20,1,,,
2880.5,0.052,362,18,1,,,
2881.0,0.052,362,18,1,,,
2881.5,0.052,362,17,1,,,
2882.0,0.052,362,17,1,,,
2882.5,0.052,362,16,1,,,
2883.0,0.052,362,16,1,,,
2883.5,0.058,362,16,1,,,
2884.0,0.058,362,16,1,,,
2884.5,0.058,362,15,1,,,
2885.0,0.058,362,15,1,,,
2885.5,0.064,362,15,1,,,
2886.0,0.052,362,15,1,,,
2886.5,0.064,362,15,1,,,
2887.0,0.058,362,15,1,,,
2887.5,0.058,362,16,1,,,
2888.0,0.064,362,16,1,,,
2888.5,0.058,362,16,1,,,
2889.0,0.07,362,16,1,,,
2889.5,0.058,363,17,1,,,
2890.0,0.058,363,17,1,,,
2890.5,0.064,363,18,1,,,
2891.0,0.064,363,18,1,,,
2891.5,0.052,363,20,1,,,
2892.0,0.064,363,20,1,,,
2892.5,0.058,363,21,1,,,
2893.0,0.064,363,21,1,,,
2893.5,0.058,363,23,1,,,
2894.0,0.058,363,23,1,,,
2894.5,0.058,363,24,1,,,
2895.0,0.058,363,24,1,,,
2895.5,0.052,363,25,1,,,
2896.0,0.058,364,25,1,,,
2896.5,0.052,364,27,1,,,
2897.0,0.058,364,27,1,,,
2897.5,0.058,364,27,1,,,
2898.0,0.058,364,27,1,,,
2898.5,0.058,364,27,1,,,
2899.0,0.052,364,27,1,,,
2899.5,0.052,364,27,1,,,
2900.0,0.052,364,27,1,,,
2900.5,0.052,364,27,1,,,
2901.0,0.052,364,27,1,,,
2901.5,0.064,364,25,1,,,
2902.0,0.058,364,25,1,,,
2902.5,0.052,365,25,1,,,
2903.0,0.052,365,25,1,,,
2903.5,0.052,365,24,1,,,
2904.0,0.058,365,24,1,,,
2904.5,0.052,365,23,1,,,
2905.0,0.052,365,23,1,,,
2905.5,0.052,365,22,1,,,
2906.0,0.052,365,22,1,,,
2906.5,0.052,365,21,1,,,
2907.0,0.052,365,21,1,,,
2907.5,0.052,365,20,1,,,
2908.0,0.058,365,20,1,,,
2908.5,0.052,365,18,1,,,
2909.0,0.052,365,18,1,,,
2909.5,0.052,365,18,1,,,
2910.0,0.058,365,18,1,,,
2910.5,0.052,365,17,1,,,
2911.0,0.052,365,17,1,,,
2911.5,0.052,366,16,1,,,
2912.0,0.058,366,16,1,,,
2912.5,0.058,366,15,1,,,
2913.0,0.052,366,15,1,,,
2913.5,0.058,366,15,1,,,
2914.0,0.052,366,15,1,,,
2914.5,0.058,366,14,1,,,
2915.0,0.058,366,14,1,,,
2915.5,0.058,366,14,1,,,
2916.0,0.064,366,14,1,,,
2916.5,0.058,366,15,1,,,
2917.0,0.058,366,15,1,,,
2917.5,0.07,366,16,1,,,
2918.0,0.052,366,16,1,,,
2918.5,0.058,366,16,1,,,
2919.0,0.07,366,16,1,,,
2919.5,0.058,366,18,1,,,
2920.0,0.064,366,18,1,,,
2920.5,0.052,367,20,1,,,
2921.0,0.064,367,20,1,,,
2921.5,0.064,367,21,1,,,
2922.0,0.058,367,21,1,,,
2922.5,0.058,367,23,1,,,
2923.0,0.058,367,23,1,,,
2923.5,0.052,367,24,1,,,
2924.0,0.058,367,24,1,,,
2924.5,0.052,367,25,1,,,
2925.0,0.052,367,25,1,,,
2925.5,0.058,367,27,1,,,
2926.0,0.058,367,27,1,,,
2926.5,0.052,368,27,1,,,
2927.0,0.058,368,27,1,,,
2927.5,0.058,368,27,1,,,
2928.0,0.052,368,27,1,,,
2928.5,0.058,368,27,1,,,
2929.0,0.052,368,27,1,,,
2929.5,0.058,368,27,1,,,
2930.0,0.052,368,27,1,,,
2930.5,0.058,368,25,1,,,
2931.0,0.058,368,25,1,,,
2931.5,0.058,368,25,1,,,
2932.0,0.052,368,25,1,,,
2932.5,0.052,368,24,1,,,
2933.0,0.052,368,24,1,,,
2933.5,0.047,369,23,1,,,
2934.0,0.052,369,23,1,,,
2934.5,0.052,369,22,1,,,
2935.0,0.058,369,22,1,,,
2935.5,0.047,369,21,1,,,
2936.0,0.058,369,21,1,,,
2936.5,0.052,369,20,1,,,
2937.0,0.052,369,20,1,,,
2937.5,0.052,369,18,1,,,
2938.0,0.052,369,18,1,,,
2938.5,0.052,369,18,1,,,
2939.0,0.052,369,18,1,,,
2939.5,0.052,369,16,1,,,
2940.0,0.052,369,16,1,,,
2940.5,0.058,369,15,1,,,
2941.0,0.058,369,15,1,,,
2941.5,0.058,369,15,1,,,
2942.0,0.058,369,15,1,,,
2942.5,0.052,369,14,1,,,
2943.0,0.058,369,14,1,,,
2943.5,0.064,369,12,1,,,
2944.0,0.064,370,12,1,,,
2944.5,0.064,370,14,1,,,
2945.0,0.064,370,14,1,,,
2945.5,0.058,370,15,1,,,
2946.0,0.07,370,15,1,,,
2946.5,0.058,370,15,1,,,
2947.0,0.058,370,15,1,,,
2947.5,0.058,370,17,1,,,
2948.0,0.064,370,17,1,,,
2948.5,0.064,370,20,1,,,
2949.0,0.058,370,20,1,,,
2949.5,0.058,370,21,1,,,
2950.0,0.058,370,21,1,,,
2950.5,0.064,370,22,1,,,
2951.0,0.064,370,22,1,,,
2951.5,0.058,371,23,1,,,
2952.0,0.064,371,23,1,,,
2952.5,0.052,371,24,1,,,
2953.0,0.058,371,24,1,,,
2953.5,0.052,371,24,1,,,
2954.0,0.052,371,24,1,,,
2954.5,0.064,371,25,1,,,
2955.0,0.058,371,25,1,,,
2955.5,0.058,371,25,1,,,
2956.0,0.058,371,25,1,,,
2956.5,0.058,371,25,1,,,
2957.0,0.052,371,25,1,,,
2957.5,0.058,371,24,1,,,
2958.0,0.058,371,24,1,,,
2958.5,0.058,372,24,1,,,
2959.0,0.052,372,24,1,,,
2959.5,0.052,372,22,1,,,
2960.0,0.052,372,22,1,,,
2960.5,0.058,372,21,1,,,
2961.0,0.052,372,21,1,,,
2961.5,0.052,372,21,1,,,
2962.0,0.052,372,21,1,,,
2962.5,0.052,372,20,1,,,
2963.0,0.058,372,20,1,,,
2963.5,0.064,372,17,1,,,
2964.0,0.058,372,17,1,,,
2964.5,0.052,372,17,1,,,
2965.0,0.052,372,17,1,,,
2965.5,0.052,372,17,1,,,
2966.0,0.052,372,17,1,,,
2966.5,0.058,372,15,1,,,
2967.0,0.058,372,15,1,,,
2967.5,0.058,372,15,1,,,
2968.0,0.058,373,15,1,,,
2968.5,0.058,373,16,1,,,
2969.0,0.058,373,16,1,,,
2969.5,0.058,373,16,1,,,
2970.0,0.064,373,16,1,,,
2970.5,0.058,373,16,1,,,
2971.0,0.064,373,16,1,,,
2971.5,0.064,373,18,1,,,
2972.0,0.064,373,18,1,,,
2972.5,0.058,373,20,1,,,
2973.0,0.064,373,20,1,,,
2973.5,0.052,373,21,1,,,
2974.0,0.064,373,21,1,,,
2974.5,0.058,373,23,1,,,
2975.0,0.052,374,23,1,,,
2975.5,0.052,374,25,1,,,
2976.0,0.064,374,25,1,,,
2976.5,0.064,374,25,1,,,
2977.0,0.058,374,25,1,,,
2977.5,0.058,374,27,1,,,
2978.0,0.064,374,27,1,,,
2978.5,0.058,374,28,1,,,
2979.0,0.052,374,28,1,,,
2979.5,0.058,374,27,1,,,
2980.0,0.052,374,27,1,,,
2980.5,0.052,374,27,1,,,
2981.0,0.058,374,27,1,,,
2981.5,0.058,375,27,1,,,
2982.0,0.058,375,27,1,,,
2982.5,0.064,375,25,1,,,
2983.0,0.052,375,25,1,,,
2983.5,0.058,375,24,1,,,
2984.0,0.052,375,24,1,,,
2984.5,0.052,375,23,1,,,
2985.0,0.052,375,23,1,,,
2985.5,0.052,375,22,1,,,
2986.0,0.058,375,22,1,,,
2986.5,0.058,375,21,1,,,
2987.0,0.052,375,21,1,,,
2987.5,0.052,375,20,1,,,
2988.0,0.052,375,20,1,,,
2988.5,0.052,375,18,1,,,
2989.0,0.052,375,18,1,,,
2989.5,0.052,375,18,1,,,
2990.0,0.058,376,18,1,,,
2990.5,0.052,376,16,1,,,
2991.0,0.058,376,16,1,,,
2991.5,0.058,376,16,1,,,
2992.0,0.058,376,16,1,,,
2992.5,0.052,376,15,1,,,
2993.0,0.058,376,15,1,,,
2993.5,0.052,376,15,1,,,
2994.0,0.052,376,15,1,,,
2994.5,0.064,376,15,1,,,
2995.0,0.064,376,15,1,,,
2995.5,0.058,376,16,1,,,
2996.0,0.064,376,16,1,,,
2996.5,0.064,376,16,1,,,
2997.0,0.058,376,16,1,,,
2997.5,0.064,376,18,1,,,
2998.0,0.058,376,18,1,,,
2998.5,0.058,376,20,1,,,
2999.0,0.064,377,20,1,,,
2999.5,0.064,377,21,1,,,
3000.0,0.064,377,21,1,,,
3000.5,0.064,377,22,1,,,
3001.0,0.058,377,22,1,,,
3001.5,0.058,377,24,1,,,
3002.0,0.058,377,24,1,,,
3002.5,0.052,377,24,1,,,
3003.0,0.052,377,24,1,,,
3003.5,0.058,377,25,1,,,
3004.0,0.058,377,25,1,,,
3004.5,0.052,377,27,1,,,
3005.0,0.058,378,27,1,,,
3005.5,0.058,378,27,1,,,
3006.0,0.058,378,27,1,,,
3006.5,0.064,378,25,1,,,
3007.0,0.058,378,25,1,,,
3007.5,0.052,378,25,1,,,
3008.0,0.052,378,25,1,,,
3008.5,0.052,378,25,1,,,
3009.0,0.052,378,25,1,,,
3009.5,0.058,378,23,1,,,
3010.0,0.052,378,23,1,,,
3010.5,0.052,378,23,1,,,
3011.0,0.064,378,23,1,,,
3011.5,0.058,378,23,1,,,
3012.0,0.052,378,23,1,,,
3012.5,0.052,379,22,1,,,
3013.0,0.052,379,22,1,,,
3013.5,0.052,379,20,1,,,
3014.0,0.052,379,20,1,,,
3014.5,0.052,379,20,1,,,
3015.0,0.052,379,20,1,,,
3015.5,0.058,379,18,1,,,
3016.0,0.052,379,18,1,,,
3016.5,0.058,379,16,1,,,
3017.0,0.052,379,16,1,,,
3017.5,0.052,379,15,1,,,
3018.0,0.058,379,15,1,,,
3018.5,0.052,379,14,1,,,
3019.0,0.058,379,14,1,,,
3019.5,0.052,379,12,1,,,
3020.0,0.052,379,12,1,,,
3020.5,0.058,379,11,1,,,
3021.0,0.058,379,11,1,,,
3021.5,0.064,379,11,1,,,
3022.0,0.058,379,11,1,,,
3022.5,0.064,379,12,1,,,
3023.0,0.058,379,12,1,,,
3023.5,0.064,379,14,1,,,
3024.0,0.064,380,14,1,,,
3024.5,0.064,380,14,1,,,
3025.0,0.064,380,14,1,,,
3025.5,0.064,380,16,1,,,
3026.0,0.064,380,16,1,,,
3026.5,0.064,380,17,1,,,
3027.0,0.064,380,17,1,,,
3027.5,0.058,380,18,1,,,
3028.0,0.064,380,18,1,,,
3028.5,0.064,380,20,1,,,
3029.0,0.064,380,20,1,,,
3029.5,0.058,380,23,1,,,
3030.0,0.064,380,23,1,,,
3030.5,0.058,380,23,1,,,
3031.0,0.064,381,23,1,,,
3031.5,0.058,381,25,1,,,
3032.0,0.058,381,25,1,,,
3032.5,0.058,381,27,1,,,
3033.0,0.058,381,27,1,,,
3033.5,0.058,381,27,1,,,
3034.0,0.058,381,27,1,,,
3034.5,0.058,381,27,1,,,
3035.0,0.058,381,27,1,,,
3035.5,0.052,381,27,1,,,
3036.0,0.058,381,27,1,,,
3036.5,0.058,381,27,1,,,
3037.0,0.058,382,27,1,,,
3037.5,0.058,382,25,1,,,
3038.0,0.058,382,25,1,,,
3038.5,0.052,382,25,1,,,
3039.0,0.058,382,25,1,,,
3039.5,0.052,382,23,1,,,
3040.0,0.058,382,23,1,,,
3040.5,0.052,382,23,1,,,
3041.0,0.052,382,23,1,,,
3041.5,0.058,382,21,1,,,
3042.0,0.052,382,21,1,,,
3042.5,0.052,382,20,1,,,
3043.0,0.064,382,20,1,,,
3043.5,0.052,382,18,1,,,
3044.0,0.052,382,18,1,,,
3044.5,0.052,382,18,1,,,
3045.0,0.052,382,18,1,,,
3045.5,0.052,382,17,1,,,
3046.0,0.058,382,17,1,,,
3046.5,0.058,383,16,1,,,
3047.0,0.058,383,16,1,,,
3047.5,0.058,383,16,1,,,
3048.0,0.064,383,16,1,,,
3048.5,0.058,383,16,1,,,
3049.0,0.058,383,16,1,,,
3049.5,0.058,383,16,1,,,
3050.0,0.064,383,16,1,,,
3050.5,0.064,383,16,1,,,
3051.0,0.064,383,16,1,,,
3051.5,0.052,383,17,1,,,
3052.0,0.064,383,17,1,,,
3052.5,0.058,383,18,1,,,
3053.0,0.058,383,18,1,,,
3053.5,0.064,383,20,1,,,
3054.0,0.058,383,20,1,,,
3054.5,0.064,384,21,1,,,
3055.0,0.064,384,21,1,,,
3055.5,0.058,384,23,1,,,
3056.0,0.064,384,23,1,,,
3056.5,0.058,384,24,1,,,
3057.0,0.058,384,24,1,,,
3057.5,0.058,384,25,1,,,
3058.0,0.052,384,25,1,,,
3058.5,0.058,384,25,1,,,
3059.0,0.058,384,25,1,,,
3059.5,0.052,384,27,1,,,
3060.0,0.058,384,27,1,,,
3060.5,0.058,384,25,1,,,
3061.0,0.058,385,25,1,,,
3061.5,0.052,385,25,1,,,
3062.0,0.052,385,25,1,,,
3062.5,0.058,385,25,1,,,
3063.0,0.058,385,25,1,,,
3063.5,0.052,385,25,1,,,
3064.0,0.058,385,25,1,,,
3064.5,0.058,385,23,1,,,
3065.0,0.058,385,23,1,,,
3065.5,0.052,385,23,1,,,
3066.0,0.064,385,23,1,,,
3066.5,0.058,385,22,1,,,
3067.0,0.058,385,22,1,,,
3067.5,0.047,385,20,1,,,
3068.0,0.058,385,20,1,,,
3068.5,0.058,386,20,1,,,
3069.0,0.052,386,20,1,,,
3069.5,0.058,386,18,1,,,
3070.0,0.058,386,18,1,,,
3070.5,0.058,386,17,1,,,
3071.0,0.058,386,17,1,,,
3071.5,0.058,386,16,1,,,
3072.0,0.064,386,16,1,,,
3072.5,0.058,386,16,1,,,
3073.0,0.058,386,16,1,,,
3073.5,0.052,386,14,1,,,
3074.0,0.058,386,14,1,,,
3074.5,0.058,386,15,1,,,
3075.0,0.058,386,15,1,,,
3075.5,0.058,386,15,1,,,
3076.0,0.064,386,15,1,,,
3076.5,0.058,386,16,1,,,
3077.0,0.064,386,16,1,,,
3077.5,0.064,386,16,1,,,
3078.0,0.058,386,16,1,,,
3078.5,0.064,387,18,1,,,
3079.0,0.064,387,18,1,,,
3079.5,0.064,387,20,1,,,
3080.0,0.064,387,20,1,,,
3080.5,0.058,387,21,1,,,
3081.0,0.07,387,21,1,,,
3081.5,0.052,387,22,1,,,
3082.0,0.064,387,22,1,,,
3082.5,0.064,387,24,1,,,
3083.0,0.058,387,24,1,,,
3083.5,0.058,387,24,1,,,
3084.0,0.064,387,24,1,,,
3084.5,0.058,387,25,1,,,
3085.0,0.064,388,25,1,,,
3085.5,0.058,388,25,1,,,
3086.0,0.064,388,25,1,,,
3086.5,0.058,388,27,1,,,
3087.0,0.058,388,27,1,,,
3087.5,0.058,388,25,1,,,
3088.0,0.052,388,25,1,,,
3088.5,0.052,388,25,1,,,
3089.0,0.052,388,25,1,,,
3089.5,0.052,388,24,1,,,
3090.0,0.052,388,24,1,,,
3090.5,0.052,388,24,1,,,
3091.0,0.052,388,24,1,,,
3091.5,0.058,389,23,1,,,
3092.0,0.058,389,23,1,,,
3092.5,0.052,389,22,1,,,
3093.0,0.052,389,22,1,,,
3093.5,0.052,389,22,1,,,
3094.0,0.052,389,22,1,,,
3094.5,0.052,389,21,1,,,
3095.0,0.052,389,21,1,,,
3095.5,0.052,389,20,1,,,
3096.0,0.052,389,20,1,,,
3096.5,0.064,389,17,1,,,
3097.0,0.052,389,17,1,,,
3097.5,0.052,389,17,1,,,
3098.0,0.058,389,17,1,,,
3098.5,0.058,389,15,1,,,
3099.0,0.058,389,15,1,,,
3099.5,0.058,389,15,1,,,
3100.0,0.052,389,15,1,,,
3100.5,0.058,389,14,1,,,
3101.0,0.058,389,14,1,,,
3101.5,0.058,389,15,1,,,
3102.0,0.058,390,15,1,,,
3102.5,0.064,390,14,1,,,
3103.0,0.058,390,14,1,,,
3103.5,0.058,390,15,1,,,
3104.0,0.064,390,15,1,,,
3104.5,0.064,390,15,1,,,
3105.0,0.064,390,15,1,,,
3105.5,0.058,390,17,1,,,
3106.0,0.064,390,17,1,,,
3106.5,0.064,390,17,1,,,
3107.0,0.052,390,17,1,,,
3107.5,0.058,390,21,1,,,
3108.0,0.058,390,21,1,,,
3108.5,0.058,390,22,1,,,
3109.0,0.064,390,22,1,,,
3109.5,0.064,391,24,1,,,
3110.0,0.064,391,24,1,,,
3110.5,0.058,391,24,1,,,
3111.0,0.064,391,24,1,,,
3111.5,0.07,391,27,1,,,
3112.0,0.058,391,27,1,,,
3112.5,0.052,391,27,1,,,
3113.0,0.058,391,27,1,,,
3113.5,0.058,391,27,1,,,
3114.0,0.052,391,27,1,,,
3114.5,0.052,391,27,1,,,
3115.0,0.064,391,27,1,,,
3115.5,0.052,392,27,1,,,
3116.0,0.058,392,27,1,,,
3116.5,0.058,392,27,1,,,
3117.0,0.058,392,27,1,,,
3117.5,0.058,392,25,1,,,
3118.0,0.058,392,25,1,,,
3118.5,0.058,392,25,1,,,
3119.0,0.052,392,25,1,,,
3119.5,0.052,392,24,1,,,
3120.0,0.058,392,24,1,,,
3120.5,0.064,392,24,1,,,
3121.0,0.052,392,24,1,,,
3121.5,0.052,392,23,1,,,
3122.0,0.052,392,23,1,,,
3122.5,0.052,392,22,1,,,
3123.0,0.052,393,22,1,,,
3123.5,0.064,393,21,1,,,
3124.0,0.058,393,21,1,,,
3124.5,0.052,393,20,1,,,
3125.0,0.058,393,20,1,,,
3125.5,0.058,393,18,1,,,
3126.0,0.064,393,18,1,,,
3126.5,0.052,393,17,1,,,
3127.0,0.058,393,17,1,,,
3127.5,0.052,393,16,1,,,
3128.0,0.058,393,16,1,,,
3128.5,0.064,393,15,1,,,
3129.0,0.058,393,15,1,,,
3129.5,0.052,393,14,1,,,
3130.0,0.052,393,14,1,,,
3130.5,0.058,393,14,1,,,
3131.0,0.058,393,14,1,,,
3131.5,0.052,393,12,1,,,
3132.0,0.052,393,12,1,,,
3132.5,0.058,393,12,1,,,
3133.0,0.064,393,12,1,,,
3133.5,0.07,393,14,1,,,
3134.0,0.064,393,14,1,,,
3134.5,0.058,394,14,1,,,
3135.0,0.052,394,14,1,,,
3135.5,0.064,394,15,1,,,
3136.0,0.064,394,15,1,,,
3136.5,0.064,394,16,1,,,
3137.0,0.058,394,16,1,,,
3137.5,0.058,394,18,1,,,
3138.0,0.052,394,18,1,,,
3138.5,0.058,394,20,1,,,
3139.0,0.058,394,20,1,,,
3139.5,0.058,394,22,1,,,
3140.0,0.058,394,22,1,,,
3140.5,0.058,394,23,1,,,
3141.0,0.064,394,23,1,,,
3141.5,0.058,395,24,1,,,
3142.0,0.058,395,24,1,,,
3142.5,0.058,395,25,1,,,
3143.0,0.052,395,25,1,,,
3143.5,0.058,395,25,1,,,
3144.0,0.052,395,25,1,,,
3144.5,0.052,395,27,1,,,
3145.0,0.058,395,27,1,,,
3145.5,0.064,395,25,1,,,
3146.0,0.052,395,25,1,,,
3146.5,0.058,395,25,1,,,
3147.0,0.058,395,25,1,,,
3147.5,0.064,395,24,1,,,
3148.0,0.058,396,24,1,,,
3148.5,0.052,396,24,1,,,
3149.0,0.058,396,24,1,,,
3149.5,0.058,396,23,1,,,
3150.0,0.058,396,23,1,,,
3150.5,0.052,396,22,1,,,
3151.0,0.047,396,22,1,,,
3151.5,0.058,396,22,1,,,
3152.0,0.052,396,22,1,,,
3152.5,0.052,396,21,1,,,
3153.0,0.052,396,21,1,,,
3153.5,0.052,396,20,1,,,
3154.0,0.052,396,20,1,,,
3154.5,0.058,396,17,1,,,
3155.0,0.052,396,17,1,,,
3155.5,0.058,396,17,1,,,
3156.0,0.052,396,17,1,,,
3156.5,0.058,396,15,1,,,
3157.0,0.064,397,15,1,,,
3157.5,0.064,397,15,1,,,
3158.0,0.058,397,15,1,,,
3158.5,0.052,397,14,1,,,
3159.0,0.052,397,14,1,,,
3159.5,0.064,397,14,1,,,
3160.0,0.058,397,14,1,,,
3160.5,0.058,397,14,1,,,
3161.0,0.058,397,14,1,,,
3161.5,0.058,397,15,1,,,
3162.0,0.058,397,15,1,,,
3162.5,0.058,397,14,1,,,
3163.0,0.058,397,14,1,,,
3163.5,0.064,397,15,1,,,
3164.0,0.058,397,15,1,,,
3164.5,0.052,397,17,1,,,
3165.0,0.064,397,17,1,,,
3165.5,0.058,397,18,1,,,
3166.0,0.064,397,18,1,,,
3166.5,0.052,398,20,1,,,
3167.0,0.064,398,20,1,,,
3167.5,0.058,398,22,1,,,
3168.0,0.064,398,22,1,,,
3168.5,0.058,398,24,1,,,
3169.0,0.064,398,24,1,,,
3169.5,0.052,398,25,1,,,
3170.0,0.058,398,25,1,,,
3170.5,0.064,398,25,1,,,
3171.0,0.064,398,25,1,,,
3171.5,0.058,398,27,1,,,
3172.0,0.058,398,27,1,,,
3172.5,0.064,399,27,1,,,
3173.0,0.064,399,27,1,,,
3173.5,0.064,399,27,1,,,
3174.0,0.058,399,27,1,,,
3174.5,0.058,399,25,1,,,
3175.0,0.058,399,25,1,,,
3175.5,0.058,399,25,1,,,
3176.0,0.058,399,25,1,,,
3176.5,0.058,399,24,1,,,
3177.0,0.058,399,24,1,,,
3177.5,0.052,399,23,1,,,
3178.0,0.052,399,23,1,,,
3178.5,0.052,399,22,1,,,
3179.0,0.058,399,22,1,,,
3179.5,0.058,399,21,1,,,
3180.0,0.058,400,21,1,,,
3180.5,0.058,400,20,1,,,
3181.0,0.058,400,20,1,,,
3181.5,0.058,400,17,1,,,
3182.0,0.058,400,17,1,,,
3182.5,0.052,400,17,1,,,
3183.0,0.064,400,17,1,,,
3183.5,0.064,400,15,1,,,
3184.0,0.058,400,15,1,,,
3184.5,0.058,400,15,1,,,
3185.0,0.058,400,15,1,,,
3185.5,0.058,400,14,1,,,
3186.0,0.058,400,14,1,,,
3186.5,0.058,400,15,1,,,
3187.0,0.058,400,15,1,,,
3187.5,0.058,400,15,1,,,
3188.0,0.058,400,15,1,,,
3188.5,0.058,400,16,1,,,
3189.0,0.058,400,16,1,,,
3189.5,0.058,400,16,1,,,
3190.0,0.058,401,16,1,,,
3190.5,0.058,401,18,1,,,
3191.0,0.058,401,18,1,,,
3191.5,0.064,401,20,1,,,
3192.0,0.064,401,20,1,,,
3192.5,0.058,401,21,1,,,
3193.0,0.058,401,21,1,,,
3193.5,0.064,401,23,1,,,
3194.0,0.064,401,23,1,,,
3194.5,0.064,401,25,1,,,
3195.0,0.064,401,25,1,,,
3195.5,0.052,401,27,1,,,
3196.0,0.052,401,27,1,,,
3196.5,0.058,402,27,1,,,
3197.0,0.052,402,27,1,,,
3197.5,0.052,402,28,1,,,
3198.0,0.052,402,28,1,,,
3198.5,0.064,402,28,1,,,
3199.0,0.058,402,28,1,,,
3199.5,0.052,402,27,1,,,
3200.0,0.064,402,27,1,,,
3200.5,0.052,402,27,1,,,
3201.0,0.058,402,27,1,,,
3201.5,0.052,402,27,1,,,
3202.0,0.058,402,27,1,,,
3202.5,0.052,402,25,1,,,
3203.0,0.058,403,25,1,,,
3203.5,0.052,403,23,1,,,
3204.0,0.052,403,23,1,,,
3204.5,0.052,403,23,1,,,
3205.0,0.047,403,23,1,,,
3205.5,0.052,403,21,1,,,
3206.0,0.052,403,21,1,,,
3206.5,0.052,403,20,1,,,
3207.0,0.052,403,20,1,,,
3207.5,0.064,403,18,1,,,
3208.0,0.058,403,18,1,,,
3208.5,0.052,403,18,1,,,
3209.0,0.052,403,18,1,,,
3209.5,0.052,403,16,1,,,
3210.0,0.058,403,16,1,,,
3210.5,0.052,403,16,1,,,
3211.0,0.058,403,16,1,,,
3211.5,0.07,403,15,1,,,
3212.0,0.052,403,15,1,,,
3212.5,0.058,404,15,1,,,
3213.0,0.052,404,15,1,,,
3213.5,0.058,404,15,1,,,
3214.0,0.064,404,15,1,,,
3214.5,0.058,404,16,1,,,
3215.0,0.052,404,16,1,,,
3215.5,0.064,404,16,1,,,
3216.0,0.064,404,16,1,,,
3216.5,0.07,404,18,1,,,
3217.0,0.058,404,18,1,,,
3217.5,0.058,404,20,1,,,
3218.0,0.058,404,20,1,,,
3218.5,0.058,404,21,1,,,
3219.0,0.058,404,21,1,,,
3219.5,0.058,404,22,1,,,
3220.0,0.058,405,22,1,,,
3220.5,0.058,405,24,1,,,
3221.0,0.058,405,24,1,,,
3221.5,0.058,405,24,1,,,
3222.0,0.058,405,24,1,,,
3222.5,0.052,405,25,1,,,
3223.0,0.064,405,25,1,,,
3223.5,0.058,405,25,1,,,
3224.0,0.052,405,25,1,,,
3224.5,0.052,405,27,1,,,
3225.0,0.058,405,27,1,,,
3225.5,0.047,405,25,1,,,
3226.0,0.052,405,25,1,,,
3226.5,0.052,406,25,1,,,
3227.0,0.058,406,25,1,,,
3227.5,0.052,406,24,1,,,
3228.0,0.052,406,24,1,,,
3228.5,0.058,406,23,1,,,
3229.0,0.052,406,23,1,,,
3229.5,0.052,406,22,1,,,
3230.0,0.052,406,22,1,,,
3230.5,0.058,406,21,1,,,
3231.0,0.052,406,21,1,,,
3231.5,0.058,406,21,1,,,
3232.0,0.052,406,21,1,,,
3232.5,0.052,406,20,1,,,
3233.0,0.052,406,20,1,,,
3233.5,0.052,406,18,1,,,
3234.0,0.052,406,18,1,,,
3234.5,0.052,406,17,1,,,
3235.0,0.058,406,17,1,,,
3235.5,0.058,407,17,1,,,
3236.0,0.058,407,17,1,,,
3236.5,0.052,407,15,1,,,
3237.0,0.064,407,15,1,,,
3237.5,0.052,407,15,1,,,
3238.0,0.058,407,15,1,,,
3238.5,0.058,407,16,1,,,
3239.0,0.058,407,16,1,,,
3239.5,0.058,407,16,1,,,
3240.0,0.058,407,16,1,,,
3240.5,0.058,407,16,1,,,
3241.0,0.058,407,16,1,,,
3241.5,0.058,407,17,1,,,
3242.0,0.064,407,17,1,,,
3242.5,0.052,407,18,1,,,
3243.0,0.058,407,18,1,,,
3243.5,0.058,407,20,1,,,
3244.0,0.064,408,20,1,,,
3244.5,0.064,408,21,1,,,
3245.0,0.064,408,21,1,,,
3245.5,0.058,408,23,1,,,
3246.0,0.052,408,23,1,,,
3246.5,0.064,408,24,1,,,
3247.0,0.058,408,24,1,,,
3247.5,0.058,408,25,1,,,
3248.0,0.058,408,25,1,,,
3248.5,0.058,408,27,1,,,
3249.0,0.058,408,27,1,,,
3249.5,0.058,408,27,1,,,
3250.0,0.052,408,27,1,,,
3250.5,0.064,409,25,1,,,
3251.0,0.052,409,25,1,,,
3251.5,0.052,409,25,1,,,
3252.0,0.058,409,25,1,,,
3252.5,0.058,409,24,1,,,
3253.0,0.058,409,24,1,,,
3253.5,0.052,409,23,1,,,
3254.0,0.052,409,23,1,,,
3254.5,0.058,409,23,1,,,
3255.0,0.052,409,23,1,,,
3255.5,0.052,409,22,1,,,
3256.0,0.052,409,22,1,,,
3256.5,0.052,409,21,1,,,
3257.0,0.052,409,21,1,,,
3257.5,0.052,409,20,1,,,
3258.0,0.064,409,20,1,,,
3258.5,0.052,410,18,1,,,
3259.0,0.052,410,18,1,,,
3259.5,0.047,410,16,1,,,
3260.0,0.052,410,16,1,,,
3260.5,0.052,410,16,1,,,
3261.0,0.064,410,16,1,,,
3261.5,0.052,410,15,1,,,
3262.0,0.058,410,15,1,,,
3262.5,0.058,410,15,1,,,
3263.0,0.064,410,15,1,,,
3263.5,0.058,410,14,1,,,
3264.0,0.052,410,14,1,,,
3264.5,0.052,410,15,1,,,
3265.0,0.052,410,15,1,,,
3265.5,0.058,410,15,1,,,
3266.0,0.058,410,15,1,,,
3266.5,0.064,410,17,1,,,
3267.0,0.064,410,17,1,,,
3267.5,0.058,410,17,1,,,
3268.0,0.058,411,17,1,,,
3268.5,0.064,411,20,1,,,
3269.0,0.052,411,20,1,,,
3269.5,0.064,411,22,1,,,
3270.0,0.07,411,22,1,,,
3270.5,0.064,411,23,1,,,
3271.0,0.064,411,23,1,,,
3271.5,0.064,411,24,1,,,
3272.0,0.058,411,24,1,,,
3272.5,0.064,411,25,1,,,
3273.0,0.064,411,25,1,,,
3273.5,0.058,411,27,1,,,
3274.0,0.052,411,27,1,,,
3274.5,0.058,412,25,1,,,
3275.0,0.052,412,25,1,,,
3275.5,0.058,412,27,1,,,
3276.0,0.058,412,27,1,,,
3276.5,0.058,412,25,1,,,
3277.0,0.058,412,25,1,,,
3277.5,0.052,412,25,1,,,
3278.0,0.064,412,25,1,,,
3278.5,0.052,412,23,1,,,
3279.0,0.058,412,23,1,,,
3279.5,0.052,412,23,1,,,
3280.0,0.052,412,23,1,,,
3280.5,0.058,412,21,1,,,
3281.0,0.058,412,21,1,,,
3281.5,0.052,412,20,1,,,
3282.0,0.052,413,20,1,,,
3282.5,0.052,413,18,1,,,
3283.0,0.052,413,18,1,,,
3283.5,0.058,413,18,1,,,
3284.0,0.058,413,18,1,,,
3284.5,0.064,413,17,1,,,
3285.0,0.052,413,17,1,,,
3285.5,0.052,413,16,1,,,
3286.0,0.058,413,16,1,,,
3286.5,0.052,413,16,1,,,
3287.0,0.064,413,16,1,,,
3287.5,0.058,413,16,1,,,
3288.0,0.058,413,16,1,,,
3288.5,0.07,413,16,1,,,
3289.0,0.058,413,16,1,,,
3289.5,0.058,413,16,1,,,
3290.0,0.058,413,16,1,,,
3290.5,0.058,413,17,1,,,
3291.0,0.058,413,17,1,,,
3291.5,0.058,414,18,1,,,
3292.0,0.064,414,18,1,,,
3292.5,0.064,414,20,1,,,
3293.0,0.064,414,20,1,,,
3293.5,0.064,414,22,1,,,
3294.0,0.058,414,22,1,,,
3294.5,0.058,414,23,1,,,
3295.0,0.064,414,23,1,,,
3295.5,0.058,414,25,1,,,
3296.0,0.058,414,25,1,,,
3296.5,0.064,414,27,1,,,
3297.0,0.052,414,27,1,,,
3297.5,0.058,415,27,1,,,
3298.0,0.064,415,27,1,,,
3298.5,0.058,415,25,1,,,
3299.0,0.052,415,25,1,,,
3299.5,0.052,415,27,1,,,
3300.0,0.052,415,27,1,,,
3300.5,0.052,415,25,1,,,
3301.0,0.052,415,25,1,,,
3301.5,0.052,415,24,1,,,
3302.0,0.052,415,24,1,,,
3302.5,0.052,415,24,1,,,
3303.0,0.052,415,24,1,,,
3303.5,0.058,415,24,1,,,
3304.0,0.058,415,24,1,,,
3304.5,0.058,415,22,1,,,
3305.0,0.064,416,22,1,,,
3305.5,0.058,416,21,1,,,
3306.0,0.058,416,21,1,,,
3306.5,0.052,416,21,1,,,
3307.0,0.052,416,21,1,,,
3307.5,0.052,416,18,1,,,
3308.0,0.064,416,18,1,,,
3308.5,0.052,416,17,1,,,
3309.0,0.058,416,17,1,,,
3309.5,0.064,416,17,1,,,
3310.0,0.058,416,17,1,,,
3310.5,0.052,416,16,1,,,
3311.0,0.058,416,16,1,,,
3311.5,0.058,416,15,1,,,
3312.0,0.058,416,15,1,,,
3312.5,0.058,416,16,1,,,
3313.0,0.058,416,16,1,,,
3313.5,0.064,416,15,1,,,
3314.0,0.058,416,15,1,,,
3314.5,0.058,416,15,1,,,
3315.0,0.058,417,15,1,,,
3315.5,0.058,417,17,1,,,
3316.0,0.058,417,17,1,,,
3316.5,0.064,417,17,1,,,
3317.0,0.058,417,17,1,,,
3317.5,0.058,417,18,1,,,
3318.0,0.064,417,18,1,,,
3318.5,0.058,417,22,1,,,
3319.0,0.058,417,22,1,,,
3319.5,0.058,417,23,1,,,
3320.0,0.064,417,23,1,,,
3320.5,0.064,417,24,1,,,
3321.0,0.064,417,24,1,,,
3321.5,0.058,418,27,1,,,
3322.0,0.052,418,27,1,,,
3322.5,0.052,418,28,1,,,
3323.0,0.058,418,28,1,,,
3323.5,0.058,418,27,1,,,
3324.0,0.052,418,27,1,,,
3324.5,0.058,418,28,1,,,
3325.0,0.052,418,28,1,,,
3325.5,0.064,418,28,1,,,
3326.0,0.052,418,28,1,,,
3326.5,0.052,418,27,1,,,
3327.0,0.058,418,27,1,,,
3327.5,0.052,419,25,1,,,
3328.0,0.058,419,25,1,,,
3328.5,0.052,419,27,1,,,
3329.0,0.052,419,27,1,,,
3329.5,0.058,419,25,1,,,
3330.0,0.052,419,25,1,,,
3330.5,0.058,419,24,1,,,
3331.0,0.058,419,24,1,,,
3331.5,0.058,419,23,1,,,
3332.0,0.064,419,23,1,,,
3332.5,0.058,419,23,1,,,
3333.0,0.064,419,23,1,,,
3333.5,0.052,419,21,1,,,
3334.0,0.052,419,21,1,,,
3334.5,0.052,419,21,1,,,
3335.0,0.052,420,21,1,,,
3335.5,0.052,420,20,1,,,
3336.0,0.052,420,20,1,,,
3336.5,0.052,420,20,1,,,
3337.0,0.058,420,20,1,,,
3337.5,0.052,420,18,1,,,
3338.0,0.052,420,18,1,,,
3338.5,0.058,420,17,1,,,
3339.0,0.058,420,17,1,,,
3339.5,0.052,420,16,1,,,
3340.0,0.058,420,16,1,,,
3340.5,0.052,420,15,1,,,
3341.0,0.058,420,15,1,,,
3341.5,0.058,420,15,1,,,
3342.0,0.058,420,15,1,,,
3342.5,0.058,420,14,1,,,
3343.0,0.058,420,14,1,,,
3343.5,0.058,420,15,1,,,
3344.0,0.052,420,15,1,,,
3344.5,0.058,420,15,1,,,
3345.0,0.058,420,15,1,,,
3345.5,0.058,421,16,1,,,
3346.0,0.064,421,16,1,,,
3346.5,0.058,421,16,1,,,
3347.0,0.064,421,16,1,,,
3347.5,0.058,421,18,1,,,
3348.0,0.058,421,18,1,,,
3348.5,0.064,421,20,1,,,
3349.0,0.058,421,20,1,,,
3349.5,0.052,421,22,1,,,
3350.0,0.058,421,22,1,,,
3350.5,0.064,421,23,1,,,
3351.0,0.064,421,23,1,,,
3351.5,0.058,421,25,1,,,
3352.0,0.052,422,25,1,,,
3352.5,0.058,422,27,1,,,
3353.0,0.058,422,27,1,,,
3353.5,0.064,422,27,1,,,
3354.0,0.064,422,27,1,,,
3354.5,0.052,422,27,1,,,
3355.0,0.052,422,27,1,,,
3355.5,0.052,422,27,1,,,
3356.0,0.058,422,27,1,,,
3356.5,0.052,422,25,1,,,
3357.0,0.052,422,25,1,,,
3357.5,0.058,422,24,1,,,
3358.0,0.052,422,24,1,,,
3358.5,0.052,423,24,1,,,
3359.0,0.058,423,24,1,,,
3359.5,0.052,423,23,1,,,
3360.0,0.052,423,23,1,,,
3360.5,0.058,423,23,1,,,
3361.0,0.052,423,23,1,,,
3361.5,0.052,423,22,1,,,
3362.0,0.058,423,22,1,,,
3362.5,0.052,423,22,1,,,
3363.0,0.064,423,22,1,,,
3363.5,0.058,423,21,1,,,
3364.0,0.052,423,21,1,,,
3364.5,0.052,423,20,1,,,
3365.0,0.064,423,20,1,,,
3365.5,0.058,423,17,1,,,
3366.0,0.052,423,17,1,,,
3366.5,0.058,423,17,1,,,
3367.0,0.058,423,17,1,,,
3367.5,0.058,423,15,1,,,
3368.0,0.058,424,15,1,,,
3368.5,0.058,424,14,1,,,
3369.0,0.058,424,14,1,,,
3369.5,0.052,424,12,1,,,
3370.0,0.052,424,12,1,,,
3370.5,0.058,424,12,1,,,
3371.0,0.058,424,12,1,,,
3371.5,0.058,424,11,1,,,
3372.0,0.064,424,11,1,,,
3372.5,0.064,424,12,1,,,
3373.0,0.058,424,12,1,,,
3373.5,0.058,424,14,1,,,
3374.0,0.058,424,14,1,,,
3374.5,0.064,424,15,1,,,
3375.0,0.064,424,15,1,,,
3375.5,0.058,424,16,1,,,
3376.0,0.064,424,16,1,,,
3376.5,0.058,424,17,1,,,
3377.0,0.076,424,17,1,,,
3377.5,0.058,424,18,1,,,
3378.0,0.064,425,18,1,,,
3378.5,0.058,425,20,1,,,
3379.0,0.064,425,20,1,,,
3379.5,0.064,425,22,1,,,
3380.0,0.058,425,22,1,,,
3380.5,0.058,425,24,1,,,
3381.0,0.058,425,24,1,,,
3381.5,0.064,425,25,1,,,
3382.0,0.064,425,25,1,,,
3382.5,0.058,425,27,1,,,
3383.0,0.052,425,27,1,,,
3383.5,0.047,425,28,1,,,
3384.0,0.058,426,28,1,,,
3384.5,0.052,426,27,1,,,
3385.0,0.052,426,27,1,,,
3385.5,0.058,426,27,1,,,
3386.0,0.058,426,27,1,,,
3386.5,0.052,426,27,1,,,
3387.0,0.058,426,27,1,,,
3387.5,0.052,426,25,1,,,
3388.0,0.052,426,25,1,,,
3388.5,0.052,426,24,1,,,
3389.0,0.058,426,24,1,,,
3389.5,0.052,426,24,1,,,
3390.0,0.064,426,24,1,,,
3390.5,0.052,426,22,1,,,
3391.0,0.058,427,22,1,,,
3391.5,0.052,427,22,1,,,
3392.0,0.052,427,22,1,,,
3392.5,0.052,427,21,1,,,
3393.0,0.052,427,21,1,,,
3393.5,0.052,427,18,1,,,
3394.0,0.052,427,18,1,,,
3394.5,0.052,427,17,1,,,
3395.0,0.052,427,17,1,,,
3395.5,0.052,427,17,1,,,
3396.0,0.058,427,17,1,,,
3396.5,0.064,427,15,1,,,
3397.0,0.052,427,15,1,,,
3397.5,0.064,427,14,1,,,
3398.0,0.058,427,14,1,,,
3398.5,0.058,427,14,1,,,
3399.0,0.058,427,14,1,,,
3399.5,0.058,427,14,1,,,
3400.0,0.064,427,14,1,,,
3400.5,0.058,427,14,1,,,
3401.0,0.064,427,14,1,,,
3401.5,0.058,427,15,1,,,
3402.0,0.064,428,15,1,,,
3402.5,0.064,428,16,1,,,
3403.0,0.064,428,16,1,,,
3403.5,0.064,428,18,1,,,
3404.0,0.058,428,18,1,,,
3404.5,0.064,428,20,1,,,
3405.0,0.058,428,20,1,,,
3405.5,0.064,428,21,1,,,
3406.0,0.058,428,21,1,,,
3406.5,0.064,428,22,1,,,
3407.0,0.058,428,22,1,,,
3407.5,0.052,428,24,1,,,
3408.0,0.064,428,24,1,,,
3408.5,0.058,429,24,1,,,
3409.0,0.064,429,24,1,,,
3409.5,0.058,429,25,1,,,
3410.0,0.058,429,25,1,,,
3410.5,0.052,429,25,1,,,
3411.0,0.058,429,25,1,,,
3411.5,0.052,429,27,1,,,
3412.0,0.058,429,27,1,,,
3412.5,0.058,429,25,1,,,
3413.0,0.058,429,25,1,,,
3413.5,0.052,429,25,1,,,
3414.0,0.052,429,25,1,,,
3414.5,0.052,429,24,1,,,
3415.0,0.064,429,24,1,,,
3415.5,0.052,430,23,1,,,
3416.0,0.052,430,23,1,,,
3416.5,0.058,430,22,1,,,
3417.0,0.058,430,22,1,,,
3417.5,0.052,430,21,1,,,
3418.0,0.052,430,21,1,,,
3418.5,0.047,430,20,1,,,
3419.0,0.058,430,20,1,,,
3419.5,0.052,430,18,1,,,
3420.0,0.052,430,18,1,,,
3420.5,0.058,430,17,1,,,
3421.0,0.052,430,17,1,,,
3421.5,0.058,430,16,1,,,
3422.0,0.064,430,16,1,,,
3422.5,0.052,430,15,1,,,
3423.0,0.058,430,15,1,,,
3423.5,0.064,430,15,1,,,
3424.0,0.058,430,15,1,,,
3424.5,0.064,430,15,1,,,
3425.0,0.058,431,15,1,,,
3425.5,0.058,431,16,1,,,
3426.0,0.064,431,16,1,,,
3426.5,0.064,431,16,1,,,
3427.0,0.064,431,16,1,,,
3427.5,0.07,431,17,1,,,
3428.0,0.058,431,17,1,,,
3428.5,0.058,431,18,1,,,
3429.0,0.058,431,18,1,,,
3429.5,0.064,431,20,1,,,
3430.0,0.058,431,20,1,,,
3430.5,0.064,431,21,1,,,
3431.0,0.058,431,21,1,,,
3431.5,0.064,431,23,1,,,
3432.0,0.064,431,23,1,,,
3432.5,0.058,432,24,1,,,
3433.0,0.07,432,24,1,,,
3433.5,0.064,432,25,1,,,
3434.0,0.058,432,25,1,,,
3434.5,0.064,432,27,1,,,
3435.0,0.064,432,27,1,,,
3435.5,0.052,432,27,1,,,
3436.0,0.064,432,27,1,,,
3436.5,0.052,432,27,1,,,
3437.0,0.052,432,27,1,,,
3437.5,0.058,432,27,1,,,
3438.0,0.058,432,27,1,,,
3438.5,0.058,433,25,1,,,
3439.0,0.064,433,25,1,,,
3439.5,0.052,433,24,1,,,
3440.0,0.064,433,24,1,,,
3440.5,0.052,433,24,1,,,
3441.0,0.064,433,24,1,,,
3441.5,0.058,433,22,1,,,
3442.0,0.052,433,22,1,,,
3442.5,0.052,433,22,1,,,
3443.0,0.058,433,22,1,,,
3443.5,0.052,433,21,1,,,
3444.0,0.058,433,21,1,,,
3444.5,0.058,433,20,1,,,
3445.0,0.058,433,20,1,,,
3445.5,0.052,433,18,1,,,
3446.0,0.052,433,18,1,,,
3446.5,0.052,433,18,1,,,
3447.0,0.058,433,18,1,,,
3447.5,0.052,434,16,1,,,
3448.0,0.052,434,16,1,,,
3448.5,0.052,434,16,1,,,
3449.0,0.058,434,16,1,,,
3449.5,0.064,434,15,1,,,
3450.0,0.058,434,15,1,,,
3450.5,0.064,434,15,1,,,
3451.0,0.064,434,15,1,,,
3451.5,0.058,434,15,1,,,
3452.0,0.064,434,15,1,,,
3452.5,0.058,434,16,1,,,
3453.0,0.064,434,16,1,,,
3453.5,0.058,434,16,1,,,
3454.0,0.064,434,16,1,,,
3454.5,0.064,434,17,1,,,
3455.0,0.064,434,17,1,,,
3455.5,0.064,434,18,1,,,
3456.0,0.064,434,18,1,,,
3456.5,0.064,435,20,1,,,
3457.0,0.064,435,20,1,,,
3457.5,0.064,435,22,1,,,
3458.0,0.058,435,22,1,,,
3458.5,0.064,435,23,1,,,
3459.0,0.064,435,23,1,,,
3459.5,0.052,435,25,1,,,
3460.0,0.064,435,25,1,,,
3460.5,0.052,435,25,1,,,
3461.0,0.058,435,25,1,,,
3461.5,0.052,435,27,1,,,
3462.0,0.058,435,27,1,,,
3462.5,0.052,436,27,1,,,
3463.0,0.052,436,27,1,,,
3463.5,0.058,436,27,1,,,
3464.0,0.052,436,27,1,,,
3464.5,0.064,436,25,1,,,
3465.0,0.058,436,25,1,,,
3465.5,0.052,436,25,1,,,
3466.0,0.052,436,25,1,,,
3466.5,0.058,436,24,1,,,
3467.0,0.058,436,24,1,,,
3467.5,0.064,436,22,1,,,
3468.0,0.052,436,22,1,,,
3468.5,0.052,436,21,1,,,
3469.0,0.052,436,21,1,,,
3469.5,0.058,436,20,1,,,
3470.0,0.058,436,20,1,,,
3470.5,0.058,437,18,1,,,
3471.0,0.064,437,18,1,,,
3471.5,0.058,437,17,1,,,
3472.0,0.052,437,17,1,,,
3472.5,0.058,437,16,1,,,
3473.0,0.064,437,16,1,,,
3473.5,0.064,437,16,1,,,
3474.0,0.058,437,16,1,,,
3474.5,0.064,437,15,1,,,
3475.0,0.058,437,15,1,,,
3475.5,0.064,437,15,1,,,
3476.0,0.052,437,15,1,,,
3476.5,0.064,437,14,1,,,
3477.0,0.064,437,14,1,,,
3477.5,0.058,437,15,1,,,
3478.0,0.064,437,15,1,,,
3478.5,0.058,437,15,1,,,
3479.0,0.058,437,15,1,,,
3479.5,0.058,437,17,1,,,
3480.0,0.058,437,17,1,,,
3480.5,0.064,438,18,1,,,
3481.0,0.064,438,18,1,,,
3481.5,0.064,438,21,1,,,
3482.0,0.064,438,21,1,,,
3482.5,0.052,438,22,1,,,
3483.0,0.064,438,22,1,,,
3483.5,0.064,438,23,1,,,
3484.0,0.064,438,23,1,,,
3484.5,0.064,438,24,1,,,
3485.0,0.064,438,24,1,,,
3485.5,0.052,438,25,1,,,
3486.0,0.052,438,25,1,,,
3486.5,0.058,438,25,1,,,
3487.0,0.058,439,25,1,,,
3487.5,0.058,439,27,1,,,
3488.0,0.052,439,27,1,,,
3488.5,0.052,439,27,1,,,
3489.0,0.058,439,27,1,,,
3489.5,0.052,439,25,1,,,
3490.0,0.052,439,25,1,,,
3490.5,0.058,439,24,1,,,
3491.0,0.058,439,24,1,,,
3491.5,0.058,439,24,1,,,
3492.0,0.052,439,24,1,,,
3492.5,0.052,439,22,1,,,
3493.0,0.052,439,22,1,,,
3493.5,0.052,439,22,1,,,
3494.0,0.052,440,22,1,,,
3494.5,0.058,440,21,1,,,
3495.0,0.058,440,21,1,,,
3495.5,0.052,440,20,1,,,
3496.0,0.052,440,20,1,,,
3496.5,0.052,440,18,1,,,
3497.0,0.052,440,18,1,,,
3497.5,0.058,440,17,1,,,
3498.0,0.058,440,17,1,,,
3498.5,0.052,440,16,1,,,
3499.0,0.058,440,16,1,,,
3499.5,0.052,440,15,1,,,
3500.0,0.058,440,15,1,,,
3500.5,0.052,440,14,1,,,
3501.0,0.058,440,14,1,,,
3501.5,0.064,440,14,1,,,
3502.0,0.064,440,14,1,,,
3502.5,0.052,440,15,1,,,
3503.0,0.058,440,15,1,,,
3503.5,0.058,440,15,1,,,
3504.0,0.064,440,15,1,,,
3504.5,0.058,441,16,1,,,
3505.0,0.058,441,16,1,,,
3505.5,0.058,441,18,1,,,
3506.0,0.064,441,18,1,,,
3506.5,0.058,441,18,1,,,
3507.0,0.064,441,18,1,,,
3507.5,0.058,441,21,1,,,
3508.0,0.07,441,21,1,,,
3508.5,0.058,441,22,1,,,
3509.0,0.058,441,22,1,,,
3509.5,0.058,441,24,1,,,
3510.0,0.064,441,24,1,,,
3510.5,0.064,441,25,1,,,
3511.0,0.058,442,25,1,,,
3511.5,0.058,442,27,1,,,
3512.0,0.052,442,27,1,,,
3512.5,0.058,442,27,1,,,
3513.0,0.052,442,27,1,,,
3513.5,0.052,442,28,1,,,
3514.0,0.058,442,28,1,,,
3514.5,0.058,442,27,1,,,
3515.0,0.052,442,27,1,,,
3515.5,0.058,442,25,1,,,
3516.0,0.058,442,25,1,,,
3516.5,0.052,442,27,1,,,
3517.0,0.058,443,27,1,,,
3517.5,0.058,443,25,1,,,
3518.0,0.058,443,25,1,,,
3518.5,0.058,443,23,1,,,
3519.0,0.052,443,23,1,,,
3519.5,0.058,443,23,1,,,
3520.0,0.052,443,23,1,,,
3520.5,0.058,443,23,1,,,
3521.0,0.052,443,23,1,,,
3521.5,0.052,443,21,1,,,
3522.0,0.052,443,21,1,,,
3522.5,0.064,443,20,1,,,
3523.0,0.052,443,20,1,,,
3523.5,0.058,443,20,1,,,
3524.0,0.058,443,20,1,,,
3524.5,0.058,443,17,1,,,
3525.0,0.064,443,17,1,,,
3525.5,0.058,443,16,1,,,
3526.0,0.052,443,16,1,,,
3526.5,0.052,444,15,1,,,
3527.0,0.064,444,15,1,,,
3527.5,0.058,444,15,1,,,
3528.0,0.058,444,15,1,,,
3528.5,0.058,444,14,1,,,
3529.0,0.058,444,14,1,,,
3529.5,0.058,444,14,1,,,
3530.0,0.064,444,14,1,,,
3530.5,0.058,444,14,1,,,
3531.0,0.058,444,14,1,,,
3531.5,0.064,444,15,1,,,
3532.0,0.064,444,15,1,,,
3532.5,0.064,444,15,1,,,
3533.0,0.058,444,15,1,,,
3533.5,0.064,444,17,1,,,
3534.0,0.064,444,17,1,,,
3534.5,0.064,444,20,1,,,
3535.0,0.064,444,20,1,,,
3535.5,0.058,445,21,1,,,
3536.0,0.064,445,21,1,,,
3536.5,0.058,445,22,1,,,
3537.0,0.064,445,22,1,,,
3537.5,0.064,445,24,1,,,
3538.0,0.058,445,24,1,,,
3538.5,0.058,445,24,1,,,
3539.0,0.058,445,24,1,,,
3539.5,0.058,445,25,1,,,
3540.0,0.052,445,25,1,,,
3540.5,0.058,445,25,1,,,
3541.0,0.058,445,25,1,,,
3541.5,0.058,446,27,1,,,
3542.0,0.058,446,27,1,,,
3542.5,0.064,446,25,1,,,
3543.0,0.058,446,25,1,,,
3543.5,0.058,446,25,1,,,
3544.0,0.052,446,25,1,,,
3544.5,0.052,446,24,1,,,
3545.0,0.058,446,24,1,,,
3545.5,0.058,446,24,1,,,
3546.0,0.052,446,24,1,,,
3546.5,0.058,446,23,1,,,
3547.0,0.058,446,23,1,,,
3547.5,0.064,446,23,1,,,
3548.0,0.052,446,23,1,,,
3548.5,0.058,446,22,1,,,
3549.0,0.058,447,22,1,,,
3549.5,0.058,447,21,1,,,
3550.0,0.058,447,21,1,,,
3550.5,0.052,447,20,1,,,
3551.0,0.052,447,20,1,,,
3551.5,0.058,447,18,1,,,
3552.0,0.058,447,18,1,,,
3552.5,0.052,447,16,1,,,
3553.0,0.058,447,16,1,,,
3553.5,0.052,447,16,1,,,
3554.0,0.052,447,16,1,,,
3554.5,0.064,447,15,1,,,
3555.0,0.058,447,15,1,,,
3555.5,0.058,447,15,1,,,
3556.0,0.058,447,15,1,,,
3556.5,0.058,447,14,1,,,
3557.0,0.058,447,14,1,,,
3557.5,0.064,447,15,1,,,
3558.0,0.058,447,15,1,,,
3558.5,0.058,447,15,1,,,
3559.0,0.064,447,15,1,,,
3559.5,0.064,448,16,1,,,
3560.0,0.058,448,16,1,,,
3560.5,0.064,448,16,1,,,
3561.0,0.064,448,16,1,,,
3561.5,0.064,448,18,1,,,
3562.0,0.058,448,18,1,,,
3562.5,0.058,448,20,1,,,
3563.0,0.064,448,20,1,,,
3563.5,0.058,448,22,1,,,
3564.0,0.064,448,22,1,,,
3564.5,0.064,448,23,1,,,
3565.0,0.058,448,23,1,,,
3565.5,0.064,448,25,1,,,
3566.0,0.058,449,25,1,,,
3566.5,0.052,449,25,1,,,
3567.0,0.052,449,25,1,,,
3567.5,0.052,449,27,1,,,
3568.0,0.064,449,27,1,,,
3568.5,0.064,449,27,1,,,
3569.0,0.064,449,27,1,,,
3569.5,0.058,449,27,1,,,
3570.0,0.052,449,27,1,,,
3570.5,0.052,449,27,1,,,
3571.0,0.052,449,27,1,,,
3571.5,0.058,449,27,1,,,
3572.0,0.058,449,27,1,,,
3572.5,0.052,450,25,1,,,
3573.0,0.058,450,25,1,,,
3573.5,0.052,450,24,1,,,
3574.0,0.058,450,24,1,,,
3574.5,0.052,450,24,1,,,
3575.0,0.058,450,24,1,,,
3575.5,0.058,450,22,1,,,
3576.0,0.064,450,22,1,,,
3576.5,0.058,450,21,1,,,
3577.0,0.058,450,21,1,,,
3577.5,0.058,450,20,1,,,
3578.0,0.058,450,20,1,,,
3578.5,0.052,450,18,1,,,
3579.0,0.052,450,18,1,,,
3579.5,0.058,450,17,1,,,
3580.0,0.052,450,17,1,,,
3580.5,0.058,450,17,1,,,
3581.0,0.058,450,17,1,,,
3581.5,0.052,450,16,1,,,
3582.0,0.058,451,16,1,,,
3582.5,0.058,451,15,1,,,
3583.0,0.058,451,15,1,,,
3583.5,0.07,451,15,1,,,
3584.0,0.058,451,15,1,,,
3584.5,0.058,451,14,1,,,
3585.0,0.064,451,14,1,,,
3585.5,0.064,451,14,1,,,
3586.0,0.058,451,14,1,,,
3586.5,0.064,451,15,1,,,
3587.0,0.064,451,15,1,,,
3587.5,0.064,451,17,1,,,
3588.0,0.058,451,17,1,,,
3588.5,0.064,451,17,1,,,
3589.0,0.064,451,17,1,,,
3589.5,0.064,451,20,1,,,
3590.0,0.064,451,20,1,,,
3590.5,0.064,452,21,1,,,
3591.0,0.058,452,21,1,,,
3591.5,0.064,452,23,1,,,
3592.0,0.058,452,23,1,,,
3592.5,0.064,452,23,1,,,
3593.0,0.058,452,23,1,,,
3593.5,0.052,452,25,1,,,
3594.0,0.058,452,25,1,,,
3594.5,0.058,452,25,1,,,
3595.0,0.064,452,25,1,,,
3595.5,0.052,452,25,1,,,
3596.0,0.052,452,25,1,,,
3596.5,0.052,452,25,1,,,
3597.0,0.058,453,25,1,,,
3597.5,0.052,453,25,1,,,
3598.0,0.058,453,25,1,,,
3598.5,0.058,453,24,1,,,
3599.0,0.052,453,24,1,,,
3599.5,0.064,453,24,1,,,
3600.0,0.064,453,24,1,,,
3600.5,0.058,453,24,1,,,
3601.0,0.058,453,24,1,,,
3601.5,0.064,453,22,1,,,
3602.0,0.058,453,22,1,,,
3602.5,0.058,453,21,1,,,
3603.0,0.052,453,21,1,,,
3603.5,0.058,453,20,1,,,
3604.0,0.052,453,20,1,,,
3604.5,0.058,453,18,1,,,
3605.0,0.052,454,18,1,,,
3605.5,0.058,454,17,1,,,
3606.0,0.064,454,17,1,,,
3606.5,0.058,454,17,1,,,
3607.0,0.064,454,17,1,,,
3607.5,0.058,454,16,1,,,
3608.0,0.058,454,16,1,,,
3608.5,0.064,454,16,1,,,
3609.0,0.052,454,16,1,,,
3609.5,0.058,454,16,1,,,
3610.0,0.064,454,16,1,,,
3610.5,0.064,454,15,1,,,
3611.0,0.058,454,15,1,,,
3611.5,0.064,454,16,1,,,
3612.0,0.058,454,16,1,,,
3612.5,0.058,454,17,1,,,
3613.0,0.064,454,17,1,,,
3613.5,0.058,454,17,1,,,
3614.0,0.064,454,17,1,,,
3614.5,0.064,455,18,1,,,
3615.0,0.058,455,18,1,,,
3615.5,0.058,455,22,1,,,
3616.0,0.064,455,22,1,,,
3616.5,0.064,455,22,1,,,
3617.0,0.064,455,22,1,,,
3617.5,0.052,455,24,1,,,
3618.0,0.064,455,24,1,,,
3618.5,0.064,455,25,1,,,
3619.0,0.058,455,25,1,,,
3619.5,0.058,455,27,1,,,
3620.0,0.058,455,27,1,,,
3620.5,0.052,456,25,1,,,
3621.0,0.058,456,25,1,,,
3621.5,0.052,456,27,1,,,
3622.0,0.052,456,27,1,,,
3622.5,0.052,456,25,1,,,
3623.0,0.052,456,25,1,,,
3623.5,0.052,456,25,1,,,
3624.0,0.052,456,25,1,,,
3624.5,0.052,456,23,1,,,
3625.0,0.058,456,23,1,,,
3625.5,0.052,456,23,1,,,
3626.0,0.052,456,23,1,,,
3626.5,0.058,456,21,1,,,
3627.0,0.058,456,21,1,,,
3627.5,0.052,456,21,1,,,
3628.0,0.058,457,21,1,,,
3628.5,0.052,457,20,1,,,
3629.0,0.052,457,20,1,,,
3629.5,0.058,457,18,1,,,
3630.0,0.058,457,18,1,,,
3630.5,0.052,457,17,1,,,
3631.0,0.058,457,17,1,,,
3631.5,0.058,457,17,1,,,
3632.0,0.064,457,17,1,,,
3632.5,0.058,457,15,1,,,
3633.0,0.058,457,15,1,,,
3633.5,0.064,457,15,1,,,
3634.0,0.058,457,15,1,,,
3634.5,0.058,457,15,1,,,
3635.0,0.058,457,15,1,,,
3635.5,0.064,457,16,1,,,
3636.0,0.058,457,16,1,,,
3636.5,0.058,457,16,1,,,
3637.0,0.064,457,16,1,,,
3637.5,0.058,457,18,1,,,
3638.0,0.064,458,18,1,,,
3638.5,0.058,458,20,1,,,
3639.0,0.064,458,20,1,,,
3639.5,0.07,458,22,1,,,
3640.0,0.064,458,22,1,,,
3640.5,0.052,458,22,1,,,
3641.0,0.058,458,22,1,,,
3641.5,0.064,458,24,1,,,
3642.0,0.064,458,24,1,,,
3642.5,0.058,458,24,1,,,
3643.0,0.064,458,24,1,,,
3643.5,0.058,458,25,1,,,
3644.0,0.058,459,25,1,,,
3644.5,0.052,459,25,1,,,
3645.0,0.058,459,25,1,,,
3645.5,0.052,459,27,1,,,
3646.0,0.052,459,27,1,,,
3646.5,0.052,459,25,1,,,
3647.0,0.058,459,25,1,,,
3647.5,0.052,459,24,1,,,
3648.0,0.058,459,24,1,,,
3648.5,0.064,459,23,1,,,
3649.0,0.052,459,23,1,,,
3649.5,0.052,459,22,1,,,
3650.0,0.052,459,22,1,,,
3650.5,0.064,459,21,1,,,
3651.0,0.052,459,21,1,,,
3651.5,0.052,459,20,1,,,
3652.0,0.052,460,20,1,,,
3652.5,0.058,460,18,1,,,
3653.0,0.052,460,18,1,,,
3653.5,0.064,460,17,1,,,
3654.0,0.052,460,17,1,,,
3654.5,0.052,460,16,1,,,
3655.0,0.058,460,16,1,,,
3655.5,0.064,460,15,1,,,
3656.0,0.058,460,15,1,,,
3656.5,0.058,460,14,1,,,
3657.0,0.064,460,14,1,,,
3657.5,0.064,460,15,1,,,
3658.0,0.064,460,15,1,,,
3658.5,0.058,460,15,1,,,
3659.0,0.064,460,15,1,,,
3659.5,0.064,460,16,1,,,
3660.0,0.064,460,16,1,,,
3660.5,0.064,460,17,1,,,
3661.0,0.058,460,17,1,,,
3661.5,0.058,461,20,1,,,
3662.0,0.064,461,20,1,,,
3662.5,0.064,461,21,1,,,
3663.0,0.058,461,21,1,,,
3663.5,0.064,461,22,1,,,
3664.0,0.058,461,22,1,,,
3664.5,0.058,461,24,1,,,
3665.0,0.064,461,24,1,,,
3665.5,0.064,461,24,1,,,
3666.0,0.052,461,24,1,,,
3666.5,0.058,461,25,1,,,
3667.0,0.058,461,25,1,,,
3667.5,0.052,461,25,1,,,
3668.0,0.052,462,25,1,,,
3668.5,0.058,462,25,1,,,
3669.0,0.058,462,25,1,,,
3669.5,0.058,462,24,1,,,
3670.0,0.052,462,24,1,,,
3670.5,0.058,462,24,1,,,
3671.0,0.052,462,24,1,,,
3671.5,0.052,462,23,1,,,
3672.0,0.064,462,23,1,,,
3672.5,0.058,462,22,1,,,
3673.0,0.058,462,22,1,,,
3673.5,0.058,462,22,1,,,
3674.0,0.064,462,22,1,,,
3674.5,0.058,462,21,1,,,
3675.0,0.058,462,21,1,,,
3675.5,0.058,462,20,1,,,
3676.0,0.058,463,20,1,,,
3676.5,0.064,463,18,1,,,
3677.0,0.058,463,18,1,,,
3677.5,0.052,463,17,1,,,
3678.0,0.052,463,17,1,,,
3678.5,0.052,463,16,1,,,
3679.0,0.058,463,16,1,,,
3679.5,0.064,463,16,1,,,
3680.0,0.052,463,16,1,,,
3680.5,0.058,463,15,1,,,
3681.0,0.064,463,15,1,,,
3681.5,0.064,463,15,1,,,
3682.0,0.064,463,15,1,,,
3682.5,0.064,463,16,1,,,
3683.0,0.064,463,16,1,,,
3683.5,0.064,463,16,1,,,
3684.0,0.058,463,16,1,,,
3684.5,0.058,463,16,1,,,
3685.0,0.058,463,16,1,,,
3685.5,0.058,464,18,1,,,
3686.0,0.064,464,18,1,,,
3686.5,0.064,464,20,1,,,
3687.0,0.058,464,20,1,,,
3687.5,0.058,464,21,1,,,
3688.0,0.058,464,21,1,,,
3688.5,0.058,464,23,1,,,
3689.0,0.058,464,23,1,,,
3689.5,0.064,464,24,1,,,
3690.0,0.064,464,24,1,,,
3690.5,0.064,464,25,1,,,
3691.0,0.064,464,25,1,,,
3691.5,0.058,464,25,1,,,
3692.0,0.058,465,25,1,,,
3692.5,0.052,465,27,1,,,
3693.0,0.058,465,27,1,,,
3693.5,0.052,465,25,1,,,
3694.0,0.058,465,25,1,,,
3694.5,0.047,465,25,1,,,
3695.0,0.052,465,25,1,,,
3695.5,0.058,465,24,1,,,
3696.0,0.052,465,24,1,,,
3696.5,0.052,465,23,1,,,
3697.0,0.058,465,23,1,,,
3697.5,0.052,465,22,1,,,
3698.0,0.058,465,22,1,,,
3698.5,0.064,465,21,1,,,
3699.0,0.052,465,21,1,,,
3699.5,0.052,466,20,1,,,
3700.0,0.058,466,20,1,,,
3700.5,0.052,466,18,1,,,
3701.0,0.058,466,18,1,,,
3701.5,0.058,466,17,1,,,
3702.0,0.052,466,17,1,,,
3702.5,0.058,466,16,1,,,
3703.0,0.058,466,16,1,,,
3703.5,0.052,466,15,1,,,
3704.0,0.064,466,15,1,,,
3704.5,0.052,466,15,1,,,
3705.0,0.058,466,15,1,,,
3705.5,0.058,466,14,1,,,
3706.0,0.058,466,14,1,,,
3706.5,0.064,466,15,1,,,
3707.0,0.058,466,15,1,,,
3707.5,0.064,466,15,1,,,
3708.0,0.058,466,15,1,,,
3708.5,0.058,466,16,1,,,
3709.0,0.058,466,16,1,,,
3709.5,0.064,467,17,1,,,
3710.0,0.058,467,17,1,,,
3710.5,0.064,467,20,1,,,
3711.0,0.064,467,20,1,,,
3711.5,0.058,467,21,1,,,
3712.0,0.058,467,21,1,,,
3712.5,0.058,467,23,1,,,
3713.0,0.058,467,23,1,,,
3713.5,0.064,467,25,1,,,
3714.0,0.064,467,25,1,,,
3714.5,0.052,467,25,1,,,
3715.0,0.064,467,25,1,,,
3715.5,0.058,467,27,1,,,
3716.0,0.058,468,27,1,,,
3716.5,0.058,468,28,1,,,
3717.0,0.058,468,28,1,,,
3717.5,0.064,468,27,1,,,
3718.0,0.058,468,27,1,,,
3718.5,0.058,468,25,1,,,
3719.0,0.052,468,25,1,,,
3719.5,0.052,468,25,1,,,
3720.0,0.052,468,25,1,,,
3720.5,0.052,468,24,1,,,
3721.0,0.058,468,24,1,,,
3721.5,0.058,468,23,1,,,
3722.0,0.052,468,23,1,,,
3722.5,0.052,468,23,1,,,
3723.0,0.052,469,23,1,,,
3723.5,0.052,469,22,1,,,
3724.0,0.064,469,22,1,,,
3724.5,0.058,469,21,1,,,
3725.0,0.052,469,21,1,,,
3725.5,0.052,469,20,1,,,
3726.0,0.058,469,20,1,,,
3726.5,0.058,469,18,1,,,
3727.0,0.052,469,18,1,,,
3727.5,0.052,469,16,1,,,
3728.0,0.052,469,16,1,,,
3728.5,0.058,469,15,1,,,
3729.0,0.058,469,15,1,,,
3729.5,0.052,469,14,1,,,
3730.0,0.058,469,14,1,,,
3730.5,0.058,469,14,1,,,
3731.0,0.058,469,14,1,,,
3731.5,0.058,469,12,1,,,
3732.0,0.064,469,12,1,,,
3732.5,0.058,469,14,1,,,
3733.0,0.064,469,14,1,,,
3733.5,0.058,470,15,1,,,
3734.0,0.052,470,15,1,,,
3734.5,0.07,470,16,1,,,
3735.0,0.058,470,16,1,,,
3735.5,0.064,470,16,1,,,
3736.0,0.064,470,16,1,,,
3736.5,0.058,470,18,1,,,
3737.0,0.058,470,18,1,,,
3737.5,0.058,470,20,1,,,
3738.0,0.058,470,20,1,,,
3738.5,0.058,470,22,1,,,
3739.0,0.052,470,22,1,,,
3739.5,0.058,470,23,1,,,
3740.0,0.058,470,23,1,,,
3740.5,0.058,471,25,1,,,
3741.0,0.058,471,25,1,,,
3741.5,0.058,471,27,1,,,
3742.0,0.058,471,27,1,,,
3742.5,0.058,471,27,1,,,
3743.0,0.058,471,27,1,,,
3743.5,0.064,471,27,1,,,
3744.0,0.058,471,27,1,,,
3744.5,0.052,471,27,1,,,
3745.0,0.052,471,27,1,,,
3745.5,0.052,471,25,1,,,
3746.0,0.058,471,25,1,,,
3746.5,0.058,472,24,1,,,
3747.0,0.058,472,24,1,,,
3747.5,0.058,472,24,1,,,
3748.0,0.052,472,24,1,,,
3748.5,0.052,472,23,1,,,
3749.0,0.058,472,23,1,,,
3749.5,0.058,472,23,1,,,
3750.0,0.052,472,23,1,,,
3750.5,0.058,472,22,1,,,
3751.0,0.058,472,22,1,,,
3751.5,0.058,472,22,1,,,
3752.0,0.052,472,22,1,,,
3752.5,0.052,472,20,1,,,
3753.0,0.058,472,20,1,,,
3753.5,0.058,472,18,1,,,
3754.0,0.058,472,18,1,,,
3754.5,0.058,472,17,1,,,
3755.0,0.064,472,17,1,,,
3755.5,0.052,472,16,1,,,
3756.0,0.058,473,16,1,,,
3756.5,0.052,473,15,1,,,
3757.0,0.058,473,15,1,,,
3757.5,0.058,473,15,1,,,
3758.0,0.058,473,15,1,,,
3758.5,0.058,473,14,1,,,
3759.0,0.052,473,14,1,,,
3759.5,0.052,473,14,1,,,
3760.0,0.064,473,14,1,,,
3760.5,0.058,473,14,1,,,
3761.0,0.058,473,14,1,,,
3761.5,0.064,473,14,1,,,
3762.0,0.064,473,14,1,,,
3762.5,0.052,473,16,1,,,
3763.0,0.058,473,16,1,,,
3763.5,0.064,473,17,1,,,
3764.0,0.058,473,17,1,,,
3764.5,0.058,473,18,1,,,
3765.0,0.052,474,18,1,,,
3765.5,0.058,474,22,1,,,
3766.0,0.058,474,22,1,,,
3766.5,0.064,474,23,1,,,
3767.0,0.058,474,23,1,,,
3767.5,0.064,474,24,1,,,
3768.0,0.058,474,24,1,,,
3768.5,0.058,474,27,1,,,
3769.0,0.058,474,27,1,,,
3769.5,0.058,474,28,1,,,
3770.0,0.052,474,28,1,,,
3770.5,0.058,474,27,1,,,
3771.0,0.052,475,27,1,,,
3771.5,0.064,475,28,1,,,
3772.0,0.052,475,28,1,,,
3772.5,0.058,475,27,1,,,
3773.0,0.058,475,27,1,,,
3773.5,0.058,475,27,1,,,
3774.0,0.058,475,27,1,,,
3774.5,0.058,475,25,1,,,
3775.0,0.052,475,25,1,,,
3775.5,0.052,475,25,1,,,
3776.0,0.058,475,25,1,,,
3776.5,0.052,475,24,1,,,
3777.0,0.052,475,24,1,,,
3777.5,0.058,475,24,1,,,
3778.0,0.058,476,24,1,,,
3778.5,0.052,476,22,1,,,
3779.0,0.052,476,22,1,,,
3779.5,0.052,476,22,1,,,
3780.0,0.058,476,22,1,,,
3780.5,0.052,476,21,1,,,
3781.0,0.058,476,21,1,,,
3781.5,0.058,476,20,1,,,
3782.0,0.058,476,20,1,,,
3782.5,0.058,476,18,1,,,
3783.0,0.052,476,18,1,,,
3783.5,0.052,476,18,1,,,
3784.0,0.052,476,18,1,,,
3784.5,0.052,476,17,1,,,
3785.0,0.052,476,17,1,,,
3785.5,0.052,476,16,1,,,
3786.0,0.064,476,16,1,,,
3786.5,0.058,476,16,1,,,
3787.0,0.058,476,16,1,,,
3787.5,0.064,476,15,1,,,
3788.0,0.064,477,15,1,,,
3788.5,0.058,477,15,1,,,
3789.0,0.058,477,15,1,,,
3789.5,0.064,477,15,1,,,
3790.0,0.064,477,15,1,,,
3790.5,0.064,477,16,1,,,
3791.0,0.058,477,16,1,,,
3791.5,0.058,477,16,1,,,
3792.0,0.064,477,16,1,,,
3792.5,0.064,477,17,1,,,
3793.0,0.064,477,17,1,,,
3793.5,0.058,477,18,1,,,
3794.0,0.058,477,18,1,,,
3794.5,0.058,477,20,1,,,
3795.0,0.064,477,20,1,,,
3795.5,0.058,478,22,1,,,
3796.0,0.064,478,22,1,,,
3796.5,0.058,478,24,1,,,
3797.0,0.064,478,24,1,,,
3797.5,0.058,478,25,1,,,
3798.0,0.058,478,25,1,,,
3798.5,0.058,478,27,1,,,
3799.0,0.058,478,27,1,,,
3799.5,0.058,478,28,1,,,
3800.0,0.058,478,28,1,,,
3800.5,0.052,478,27,1,,,
3801.0,0.058,478,27,1,,,
3801.5,0.058,479,27,1,,,
3802.0,0.064,479,27,1,,,
3802.5,0.052,479,27,1,,,
3803.0,0.058,479,27,1,,,
3803.5,0.052,479,25,1,,,
3804.0,0.052,479,25,1,,,
3804.5,0.058,479,24,1,,,
3805.0,0.064,479,24,1,,,
3805.5,0.058,479,24,1,,,
3806.0,0.058,479,24,1,,,
3806.5,0.052,479,23,1,,,
3807.0,0.058,479,23,1,,,
3807.5,0.052,479,22,1,,,
3808.0,0.064,479,22,1,,,
3808.5,0.052,479,21,1,,,
3809.0,0.058,480,21,1,,,
3809.5,0.052,480,21,1,,,
3810.0,0.058,480,21,1,,,
3810.5,0.058,480,18,1,,,
3811.0,0.058,480,18,1,,,
3811.5,0.058,480,17,1,,,
3812.0,0.064,480,17,1,,,
3812.5,0.052,480,17,1,,,
3813.0,0.058,480,17,1,,,
3813.5,0.064,480,16,1,,,
3814.0,0.058,480,16,1,,,
3814.5,0.064,480,14,1,,,
3815.0,0.058,480,14,1,,,
3815.5,0.064,480,15,1,,,
3816.0,0.064,480,15,1,,,
3816.5,0.064,480,14,1,,,
3817.0,0.058,480,14,1,,,
3817.5,0.058,480,14,1,,,
3818.0,0.064,480,14,1,,,
3818.5,0.058,480,15,1,,,
3819.0,0.058,480,15,1,,,
3819.5,0.064,481,16,1,,,
3820.0,0.058,481,16,1,,,
3820.5,0.07,481,16,1,,,
3821.0,0.058,481,16,1,,,
3821.5,0.058,481,18,1,,,
3822.0,0.064,481,18,1,,,
3822.5,0.058,481,20,1,,,
3823.0,0.064,481,20,1,,,
3823.5,0.052,481,21,1,,,
3824.0,0.058,481,21,1,,,
3824.5,0.058,481,23,1,,,
3825.0,0.064,481,23,1,,,
3825.5,0.064,481,24,1,,,
3826.0,0.058,481,24,1,,,
3826.5,0.058,482,25,1,,,
3827.0,0.058,482,25,1,,,
3827.5,0.052,482,27,1,,,
3828.0,0.058,482,27,1,,,
3828.5,0.052,482,27,1,,,
3829.0,0.064,482,27,1,,,
3829.5,0.058,482,25,1,,,
3830.0,0.058,482,25,1,,,
3830.5,0.058,482,27,1,,,
3831.0,0.058,482,27,1,,,
3831.5,0.058,482,25,1,,,
3832.0,0.052,482,25,1,,,
3832.5,0.052,482,24,1,,,
3833.0,0.052,483,24,1,,,
3833.5,0.058,483,24,1,,,
3834.0,0.052,483,24,1,,,
3834.5,0.058,483,23,1,,,
3835.0,0.052,483,23,1,,,
3835.5,0.058,483,22,1,,,
3836.0,0.058,483,22,1,,,
3836.5,0.058,483,21,1,,,
3837.0,0.052,483,21,1,,,
3837.5,0.052,483,20,1,,,
3838.0,0.052,483,20,1,,,
3838.5,0.058,483,17,1,,,
3839.0,0.058,483,17,1,,,
3839.5,0.052,483,17,1,,,
3840.0,0.052,483,17,1,,,
3840.5,0.058,483,15,1,,,
3841.0,0.058,483,15,1,,,
3841.5,0.052,483,15,1,,,
3842.0,0.064,483,15,1,,,
3842.5,0.058,483,14,1,,,
3843.0,0.058,483,14,1,,,
3843.5,0.058,484,14,1,,,
3844.0,0.052,484,14,1,,,
3844.5,0.064,484,14,1,,,
3845.0,0.058,484,14,1,,,
3845.5,0.058,484,15,1,,,
3846.0,0.064,484,15,1,,,
3846.5,0.058,484,15,1,,,
3847.0,0.07,484,15,1,,,
3847.5,0.058,484,17,1,,,
3848.0,0.064,484,17,1,,,
3848.5,0.058,484,20,1,,,
3849.0,0.064,484,20,1,,,
3849.5,0.058,484,21,1,,,
3850.0,0.064,484,21,1,,,
3850.5,0.052,484,22,1,,,
3851.0,0.07,485,22,1,,,
3851.5,0.058,485,24,1,,,
3852.0,0.058,485,24,1,,,
3852.5,0.058,485,24,1,,,
3853.0,0.058,485,24,1,,,
3853.5,0.058,485,25,1,,,
3854.0,0.058,485,25,1,,,
3854.5,0.058,485,25,1,,,
3855.0,0.052,485,25,1,,,
3855.5,0.058,485,27,1,,,
3856.0,0.058,485,27,1,,,
3856.5,0.058,485,25,1,,,
3857.0,0.052,485,25,1,,,
3857.5,0.064,486,25,1,,,
3858.0,0.058,486,25,1,,,
3858.5,0.058,486,23,1,,,
3859.0,0.058,486,23,1,,,
3859.5,0.058,486,23,1,,,
3860.0,0.058,486,23,1,,,
3860.5,0.058,486,21,1,,,
3861.0,0.052,486,21,1,,,
3861.5,0.052,486,21,1,,,
3862.0,0.064,486,21,1,,,
3862.5,0.058,486,20,1,,,
3863.0,0.064,486,20,1,,,
3863.5,0.058,486,18,1,,,
3864.0,0.058,486,18,1,,,
3864.5,0.058,486,17,1,,,
3865.0,0.058,486,17,1,,,
3865.5,0.058,486,17,1,,,
3866.0,0.058,486,17,1,,,
3866.5,0.064,487,15,1,,,
3867.0,0.064,487,15,1,,,
3867.5,0.058,487,15,1,,,
3868.0,0.064,487,15,1,,,
3868.5,0.064,487,16,1,,,
3869.0,0.064,487,16,1,,,
3869.5,0.064,487,16,1,,,
3870.0,0.064,487,16,1,,,
3870.5,0.058,487,16,1,,,
3871.0,0.058,487,16,1,,,
3871.5,0.064,487,18,1,,,
3872.0,0.07,487,18,1,,,
3872.5,0.058,487,20,1,,,
3873.0,0.064,487,20,1,,,
3873.5,0.058,487,21,1,,,
3874.0,0.058,487,21,1,,,
3874.5,0.058,488,22,1,,,
3875.0,0.058,488,22,1,,,
3875.5,0.064,488,24,1,,,
3876.0,0.058,488,24,1,,,
3876.5,0.058,488,24,1,,,
3877.0,0.064,488,24,1,,,
3877.5,0.064,488,25,1,,,
3878.0,0.058,488,25,1,,,
3878.5,0.052,488,25,1,,,
3879.0,0.058,488,25,1,,,
3879.5,0.058,488,25,1,,,
3880.0,0.058,488,25,1,,,
3880.5,0.052,488,24,1,,,
3881.0,0.052,489,24,1,,,
3881.5,0.058,489,24,1,,,
3882.0,0.052,489,24,1,,,
3882.5,0.052,489,23,1,,,
3883.0,0.058,489,23,1,,,
3883.5,0.058,489,22,1,,,
3884.0,0.058,489,22,1,,,
3884.5,0.058,489,22,1,,,
3885.0,0.058,489,22,1,,,
3885.5,0.058,489,21,1,,,
3886.0,0.058,489,21,1,,,
3886.5,0.058,489,20,1,,,
3887.0,0.058,489,20,1,,,
3887.5,0.058,489,17,1,,,
3888.0,0.058,489,17,1,,,
3888.5,0.058,489,17,1,,,
3889.0,0.064,489,17,1,,,
3889.5,0.052,489,15,1,,,
3890.0,0.064,489,15,1,,,
3890.5,0.064,490,15,1,,,
3891.0,0.058,490,15,1,,,
3891.5,0.064,490,14,1,,,
3892.0,0.058,490,14,1,,,
3892.5,0.064,490,15,1,,,
3893.0,0.064,490,15,1,,,
3893.5,0.064,490,14,1,,,
3894.0,0.064,490,14,1,,,
3894.5,0.07,490,15,1,,,
3895.0,0.07,490,15,1,,,
3895.5,0.064,490,16,1,,,
3896.0,0.064,490,16,1,,,
3896.5,0.064,490,17,1,,,
3897.0,0.064,490,17,1,,,
3897.5,0.064,490,18,1,,,
3898.0,0.064,490,18,1,,,
3898.5,0.07,490,21,1,,,
3899.0,0.064,491,21,1,,,
3899.5,0.064,491,22,1,,,
3900.0,0.064,491,22,1,,,
3900.5,0.058,491,23,1,,,
3901.0,0.064,491,23,1,,,
3901.5,0.064,491,25,1,,,
3902.0,0.064,491,25,1,,,
3902.5,0.058,491,25,1,,,
3903.0,0.058,491,25,1,,,
3903.5,0.058,491,27,1,,,
3904.0,0.052,491,27,1,,,
3904.5,0.052,491,27,1,,,
3905.0,0.052,491,27,1,,,
3905.5,0.052,492,25,1,,,
3906.0,0.052,492,25,1,,,
3906.5,0.058,492,24,1,,,
3907.0,0.064,492,24,1,,,
3907.5,0.064,492,24,1,,,
3908.0,0.058,492,24,1,,,
3908.5,0.058,492,23,1,,,
3909.0,0.052,492,23,1,,,
3909.5,0.052,492,23,1,,,
3910.0,0.052,492,23,1,,,
3910.5,0.052,492,22,1,,,
3911.0,0.058,492,22,1,,,
3911.5,0.052,492,22,1,,,
3912.0,0.058,492,22,1,,,
3912.5,0.052,492,20,1,,,
3913.0,0.058,492,20,1,,,
3913.5,0.058,493,18,1,,,
3914.0,0.052,493,18,1,,,
3914.5,0.052,493,17,1,,,
3915.0,0.058,493,17,1,,,
3915.5,0.058,493,16,1,,,
3916.0,0.058,493,16,1,,,
3916.5,0.058,493,14,1,,,
3917.0,0.064,493,14,1,,,
3917.5,0.058,493,15,1,,,
3918.0,0.058,493,15,1,,,
3918.5,0.052,493,14,1,,,
3919.0,0.064,493,14,1,,,
3919.5,0.058,493,12,1,,,
3920.0,0.064,493,12,1,,,
3920.5,0.064,493,14,1,,,
3921.0,0.058,493,14,1,,,
3921.5,0.058,493,15,1,,,
3922.0,0.058,493,15,1,,,
3922.5,0.064,493,15,1,,,
3923.0,0.064,493,15,1,,,
3923.5,0.064,493,16,1,,,
3924.0,0.064,494,16,1,,,
3924.5,0.064,494,18,1,,,
3925.0,0.058,494,18,1,,,
3925.5,0.058,494,20,1,,,
3926.0,0.058,494,20,1,,,
3926.5,0.064,494,21,1,,,
3927.0,0.064,494,21,1,,,
3927.5,0.058,494,23,1,,,
3928.0,0.058,494,23,1,,,
3928.5,0.058,494,24,1,,,
3929.0,0.058,494,24,1,,,
3929.5,0.064,494,25,1,,,
3930.0,0.058,494,25,1,,,
3930.5,0.058,495,25,1,,,
3931.0,0.058,495,25,1,,,
3931.5,0.052,495,27,1,,,
3932.0,0.058,495,27,1,,,
3932.5,0.052,495,25,1,,,
3933.0,0.052,495,25,1,,,
3933.5,0.058,495,25,1,,,
3934.0,0.058,495,25,1,,,
3934.5,0.058,495,24,1,,,
3935.0,0.058,495,24,1,,,
3935.5,0.058,495,24,1,,,
3936.0,0.052,495,24,1,,,
3936.5,0.052,495,23,1,,,
3937.0,0.052,495,23,1,,,
3937.5,0.052,496,22,1,,,
3938.0,0.058,496,22,1,,,
3938.5,0.064,496,21,1,,,
3939.0,0.052,496,21,1,,,
3939.5,0.052,496,21,1,,,
3940.0,0.058,496,21,1,,,
3940.5,0.058,496,18,1,,,
3941.0,0.058,496,18,1,,,
3941.5,0.058,496,17,1,,,
3942.0,0.052,496,17,1,,,
3942.5,0.064,496,17,1,,,
3943.0,0.058,496,17,1,,,
3943.5,0.064,496,16,1,,,
3944.0,0.058,496,16,1,,,
3944.5,0.064,496,15,1,,,
3945.0,0.058,496,15,1,,,
3945.5,0.064,496,16,1,,,
3946.0,0.064,496,16,1,,,
3946.5,0.064,496,15,1,,,
3947.0,0.064,496,15,1,,,
3947.5,0.064,497,16,1,,,
3948.0,0.064,497,16,1,,,
3948.5,0.07,497,17,1,,,
3949.0,0.07,497,17,1,,,
3949.5,0.064,497,18,1,,,
3950.0,0.058,497,18,1,,,
3950.5,0.064,497,20,1,,,
3951.0,0.064,497,20,1,,,
3951.5,0.064,497,22,1,,,
3952.0,0.064,497,22,1,,,
3952.5,0.058,497,22,1,,,
3953.0,0.064,497,22,1,,,
3953.5,0.064,497,24,1,,,
3954.0,0.058,497,24,1,,,
3954.5,0.058,498,24,1,,,
3955.0,0.064,498,24,1,,,
3955.5,0.058,498,25,1,,,
3956.0,0.052,498,25,1,,,
3956.5,0.058,498,25,1,,,
3957.0,0.052,498,25,1,,,
3957.5,0.058,498,25,1,,,
3958.0,0.052,498,25,1,,,
3958.5,0.052,498,24,1,,,
3959.0,0.058,498,24,1,,,
3959.5,0.058,498,24,1,,,
3960.0,0.052,498,24,1,,,
3960.5,0.058,498,22,1,,,
3961.0,0.064,498,22,1,,,
3961.5,0.052,499,22,1,,,
3962.0,0.058,499,22,1,,,
3962.5,0.052,499,21,1,,,
3963.0,0.058,499,21,1,,,
3963.5,0.058,499,20,1,,,
3964.0,0.058,499,20,1,,,
3964.5,0.064,499,18,1,,,
3965.0,0.052,499,18,1,,,
3965.5,0.064,499,17,1,,,
3966.0,0.058,499,17,1,,,
3966.5,0.058,499,16,1,,,
3967.0,0.058,499,16,1,,,
3967.5,0.058,499,15,1,,,
3968.0,0.058,499,15,1,,,
3968.5,0.058,499,15,1,,,
3969.0,0.058,499,15,1,,,
3969.5,0.064,499,14,1,,,
3970.0,0.064,499,14,1,,,
3970.5,0.064,499,15,1,,,
3971.0,0.058,499,15,1,,,
3971.5,0.064,500,15,1,,,
3972.0,0.064,500,15,1,,,
3972.5,0.058,500,17,1,,,
3973.0,0.058,500,17,1,,,
3973.5,0.058,500,17,1,,,
3974.0,0.064,500,17,1,,,
3974.5,0.07,500,20,1,,,
3975.0,0.064,500,20,1,,,
3975.5,0.064,500,21,1,,,
3976.0,0.064,500,21,1,,,
3976.5,0.064,500,23,1,,,
3977.0,0.058,500,23,1,,,
3977.5,0.058,500,23,1,,,
3978.0,0.058,500,23,1,,,
3978.5,0.052,501,25,1,,,
3979.0,0.058,501,25,1,,,
3979.5,0.058,501,27,1,,,
3980.0,0.064,501,27,1,,,
3980.5,0.052,501,27,1,,,
3981.0,0.058,501,27,1,,,
3981.5,0.058,501,27,1,,,
3982.0,0.058,501,27,1,,,
3982.5,0.058,501,27,1,,,
3983.0,0.058,501,27,1,,,
3983.5,0.052,501,25,1,,,
3984.0,0.058,501,25,1,,,
3984.5,0.058,501,24,1,,,
3985.0,0.058,502,24,1,,,
3985.5,0.058,502,24,1,,,
3986.0,0.058,502,24,1,,,
3986.5,0.058,502,22,1,,,
3987.0,0.052,502,22,1,,,
3987.5,0.064,502,22,1,,,
3988.0,0.058,502,22,1,,,
3988.5,0.058,502,21,1,,,
3989.0,0.052,502,21,1,,,
3989.5,0.058,502,20,1,,,
3990.0,0.052,502,20,1,,,
3990.5,0.052,502,18,1,,,
3991.0,0.064,502,18,1,,,
3991.5,0.058,502,17,1,,,
3992.0,0.058,502,17,1,,,
3992.5,0.058,502,16,1,,,
3993.0,0.064,502,16,1,,,
3993.5,0.064,502,16,1,,,
3994.0,0.058,502,16,1,,,
3994.5,0.058,503,15,1,,,
3995.0,0.064,503,15,1,,,
3995.5,0.058,503,15,1,,,
3996.0,0.064,503,15,1,,,
3996.5,0.058,503,16,1,,,
3997.0,0.064,503,16,1,,,
3997.5,0.064,503,16,1,,,
3998.0,0.064,503,16,1,,,
3998.5,0.064,503,16,1,,,
3999.0,0.064,503,16,1,,,
3999.5,0.064,503,18,1,,,
4000.0,0.064,503,18,1,,,
4000.5,0.058,503,20,1,,,
4001.0,0.064,503,20,1,,,
4001.5,0.064,503,21,1,,,
4002.0,0.064,504,21,1,,,
4002.5,0.058,504,23,1,,,
4003.0,0.058,504,23,1,,,
4003.5,0.064,504,24,1,,,
4004.0,0.064,504,24,1,,,
4004.5,0.058,504,25,1,,,
4005.0,0.058,504,25,1,,,
4005.5,0.058,504,25,1,,,
4006.0,0.058,504,25,1,,,
4006.5,0.058,504,27,1,,,
4007.0,0.064,504,27,1,,,
4007.5,0.058,504,25,1,,,
4008.0,0.058,504,25,1,,,
4008.5,0.058,505,27,1,,,
4009.0,0.052,505,27,1,,,
4009.5,0.058,505,25,1,,,
4010.0,0.064,505,25,1,,,
4010.5,0.058,505,25,1,,,
4011.0,0.058,505,25,1,,,
4011.5,0.058,505,24,1,,,
4012.0,0.058,505,24,1,,,
4012.5,0.052,505,24,1,,,
4013.0,0.052,505,24,1,,,
4013.5,0.052,505,23,1,,,
4014.0,0.052,505,23,1,,,
4014.5,0.052,505,23,1,,,
4015.0,0.052,505,23,1,,,
4015.5,0.058,505,22,1,,,
4016.0,0.058,506,22,1,,,
4016.5,0.058,506,21,1,,,
4017.0,0.052,506,21,1,,,
4017.5,0.052,506,20,1,,,
4018.0,0.052,506,20,1,,,
4018.5,0.058,506,18,1,,,
4019.0,0.058,506,18,1,,,
4019.5,0.058,506,17,1,,,
4020.0,0.058,506,17,1,,,
4020.5,0.058,506,17,1,,,
4021.0,0.064,506,17,1,,,
4021.5,0.052,506,16,1,,,
4022.0,0.058,506,16,1,,,
4022.5,0.064,506,15,1,,,
4023.0,0.064,506,15,1,,,
4023.5,0.052,506,15,1,,,
4024.0,0.064,506,15,1,,,
4024.5,0.058,506,14,1,,,
4025.0,0.058,506,14,1,,,
4025.5,0.064,506,14,1,,,
4026.0,0.058,506,14,1,,,
4026.5,0.064,507,15,1,,,
4027.0,0.064,507,15,1,,,
4027.5,0.064,507,16,1,,,
4028.0,0.064,507,16,1,,,
4028.5,0.064,507,16,1,,,
4029.0,0.064,507,16,1,,,
4029.5,0.064,507,17,1,,,
4030.0,0.058,507,17,1,,,
4030.5,0.064,507,18,1,,,
4031.0,0.07,507,18,1,,,
4031.5,0.058,507,20,1,,,
4032.0,0.064,507,20,1,,,
4032.5,0.058,507,21,1,,,
4033.0,0.064,507,21,1,,,
4033.5,0.064,508,23,1,,,
4034.0,0.064,508,23,1,,,
4034.5,0.058,508,25,1,,,
4035.0,0.058,508,25,1,,,
4035.5,0.052,508,27,1,,,
4036.0,0.058,508,27,1,,,
4036.5,0.058,508,27,1,,,
4037.0,0.058,508,27,1,,,
4037.5,0.058,508,28,1,,,
4038.0,0.058,508,28,1,,,
4038.5,0.058,508,27,1,,,
4039.0,0.064,508,27,1,,,
4039.5,0.058,508,27,1,,,
4040.0,0.058,509,27,1,,,
4040.5,0.058,509,25,1,,,
4041.0,0.058,509,25,1,,,
4041.5,0.058,509,25,1,,,
4042.0,0.052,509,25,1,,,
4042.5,0.052,509,24,1,,,
4043.0,0.058,509,24,1,,,
4043.5,0.052,509,24,1,,,
4044.0,0.058,509,24,1,,,
4044.5,0.058,509,23,1,,,
4045.0,0.058,509,23,1,,,
4045.5,0.058,509,22,1,,,
4046.0,0.052,509,22,1,,,
4046.5,0.058,509,22,1,,,
4047.0,0.052,509,22,1,,,
4047.5,0.052,510,20,1,,,
4048.0,0.052,510,20,1,,,
4048.5,0.052,510,18,1,,,
4049.0,0.052,510,18,1,,,
4049.5,0.058,510,17,1,,,
4050.0,0.052,510,17,1,,,
4050.5,0.058,510,16,1,,,
4051.0,0.052,510,16,1,,,
4051.5,0.052,510,15,1,,,
4052.0,0.058,510,15,1,,,
4052.5,0.052,510,15,1,,,
4053.0,0.058,510,15,1,,,
4053.5,0.058,510,14,1,,,
4054.0,0.058,510,14,1,,,
4054.5,0.058,510,12,1,,,
4055.0,0.064,510,12,1,,,
4055.5,0.058,510,14,1,,,
4056.0,0.064,510,14,1,,,
4056.5,0.058,510,14,1,,,
4057.0,0.058,510,14,1,,,
4057.5,0.058,510,15,1,,,
4058.0,0.058,510,15,1,,,
4058.5,0.064,511,16,1,,,
4059.0,0.064,511,16,1,,,
4059.5,0.058,511,18,1,,,
4060.0,0.064,511,18,1,,,
4060.5,0.058,511,20,1,,,
4061.0,0.064,511,20,1,,,
4061.5,0.064,511,21,1,,,
4062.0,0.064,511,21,1,,,
4062.5,0.064,511,23,1,,,
4063.0,0.064,511,23,1,,,
4063.5,0.064,511,24,1,,,
4064.0,0.064,511,24,1,,,
4064.5,0.058,512,25,1,,,
4065.0,0.052,512,25,1,,,
4065.5,0.058,512,27,1,,,
4066.0,0.058,512,27,1,,,
4066.5,0.064,512,28,1,,,
4067.0,0.058,512,28,1,,,
4067.5,0.058,512,28,1,,,
4068.0,0.058,512,28,1,,,
4068.5,0.052,512,28,1,,,
4069.0,0.052,512,28,1,,,
4069.5,0.058,512,27,1,,,
4070.0,0.058,512,27,1,,,
4070.5,0.058,512,25,1,,,
4071.0,0.058,513,25,1,,,
4071.5,0.052,513,24,1,,,
4072.0,0.052,513,24,1,,,
4072.5,0.058,513,23,1,,,
4073.0,0.058,513,23,1,,,
4073.5,0.052,513,22,1,,,
4074.0,0.052,513,22,1,,,
4074.5,0.058,513,21,1,,,
4075.0,0.052,513,21,1,,,
4075.5,0.052,513,20,1,,,
4076.0,0.058,513,20,1,,,
4076.5,0.058,513,18,1,,,
4077.0,0.052,513,18,1,,,
4077.5,0.058,513,16,1,,,
4078.0,0.058,513,16,1,,,
4078.5,0.058,513,16,1,,,
4079.0,0.064,513,16,1,,,
4079.5,0.058,513,15,1,,,
4080.0,0.064,513,15,1,,,
4080.5,0.064,513,15,1,,,
4081.0,0.064,514,15,1,,,
4081.5,0.064,514,14,1,,,
4082.0,0.064,514,14,1,,,
4082.5,0.064,514,15,1,,,
4083.0,0.064,514,15,1,,,
4083.5,0.058,514,15,1,,,
4084.0,0.064,514,15,1,,,
4084.5,0.058,514,16,1,,,
4085.0,0.064,514,16,1,,,
4085.5,0.07,514,16,1,,,
4086.0,0.064,514,16,1,,,
4086.5,0.064,514,18,1,,,
4087.0,0.064,514,18,1,,,
4087.5,0.064,514,20,1,,,
4088.0,0.064,514,20,1,,,
4088.5,0.064,514,21,1,,,
4089.0,0.064,515,21,1,,,
4089.5,0.058,515,23,1,,,
4090.0,0.064,515,23,1,,,
4090.5,0.064,515,24,1,,,
4091.0,0.064,515,24,1,,,
4091.5,0.058,515,25,1,,,
4092.0,0.058,515,25,1,,,
4092.5,0.058,515,25,1,,,
4093.0,0.058,515,25,1,,,
4093.5,0.058,515,27,1,,,
4094.0,0.058,515,27,1,,,
4094.5,0.052,515,27,1,,,
4095.0,0.058,516,27,1,,,
4095.5,0.058,516,27,1,,,
4096.0,0.064,516,27,1,,,
4096.5,0.058,516,25,1,,,
4097.0,0.052,516,25,1,,,
4097.5,0.052,516,25,1,,,
4098.0,0.058,516,25,1,,,
4098.5,0.058,516,23,1,,,
4099.0,0.058,516,23,1,,,
4099.5,0.052,516,22,1,,,
4100.0,0.058,516,22,1,,,
4100.5,0.058,516,21,1,,,
4101.0,0.064,516,21,1,,,
4101.5,0.058,516,20,1,,,
4102.0,0.052,516,20,1,,,
4102.5,0.058,516,18,1,,,
4103.0,0.058,516,18,1,,,
4103.5,0.052,516,17,1,,,
4104.0,0.052,517,17,1,,,
4104.5,0.058,517,15,1,,,
4105.0,0.058,517,15,1,,,
4105.5,0.058,517,15,1,,,
4106.0,0.058,517,15,1,,,
4106.5,0.058,517,14,1,,,
4107.0,0.064,517,14,1,,,
4107.5,0.064,517,14,1,,,
4108.0,0.064,517,14,1,,,
4108.5,0.058,517,15,1,,,
4109.0,0.064,517,15,1,,,
4109.5,0.064,517,16,1,,,
4110.0,0.064,517,16,1,,,
4110.5,0.064,517,16,1,,,
4111.0,0.064,517,16,1,,,
4111.5,0.064,517,18,1,,,
4112.0,0.064,517,18,1,,,
4112.5,0.064,517,20,1,,,
4113.0,0.064,518,20,1,,,
4113.5,0.058,518,21,1,,,
4114.0,0.064,518,21,1,,,
4114.5,0.058,518,23,1,,,
4115.0,0.064,518,23,1,,,
4115.5,0.058,518,25,1,,,
4116.0,0.058,518,25,1,,,
4116.5,0.064,518,25,1,,,
4117.0,0.058,518,25,1,,,
4117.5,0.058,518,27,1,,,
4118.0,0.052,518,27,1,,,
4118.5,0.058,518,27,1,,,
4119.0,0.058,519,27,1,,,
4119.5,0.058,519,27,1,,,
4120.0,0.064,519,27,1,,,
4120.5,0.052,519,25,1,,,
4121.0,0.052,519,25,1,,,
4121.5,0.052,519,25,1,,,
4122.0,0.058,519,25,1,,,
4122.5,0.058,519,24,1,,,
4123.0,0.058,519,24,1,,,
4123.5,0.058,519,24,1,,,
4124.0,0.058,519,24,1,,,
4124.5,0.058,519,23,1,,,
4125.0,0.058,519,23,1,,,
4125.5,0.052,519,22,1,,,
4126.0,0.058,519,22,1,,,
4126.5,0.058,520,22,1,,,
4127.0,0.052,520,22,1,,,
4127.5,0.058,520,21,1,,,
4128.0,0.058,520,21,1,,,
4128.5,0.064,520,20,1,,,
4129.0,0.058,520,20,1,,,
4129.5,0.058,520,18,1,,,
4130.0,0.058,520,18,1,,,
4130.5,0.052,520,17,1,,,
4131.0,0.052,520,17,1,,,
4131.5,0.058,520,16,1,,,
4132.0,0.058,520,16,1,,,
4132.5,0.064,520,15,1,,,
4133.0,0.064,520,15,1,,,
4133.5,0.064,520,14,1,,,
4134.0,0.064,520,14,1,,,
4134.5,0.058,520,14,1,,,
4135.0,0.07,520,14,1,,,
4135.5,0.058,520,14,1,,,
4136.0,0.064,520,14,1,,,
4136.5,0.07,520,14,1,,,
4137.0,0.064,521,14,1,,,
4137.5,0.064,521,15,1,,,
4138.0,0.07,521,15,1,,,
4138.5,0.064,521,16,1,,,
4139.0,0.064,521,16,1,,,
4139.5,0.064,521,16,1,,,
4140.0,0.064,521,16,1,,,
4140.5,0.064,521,18,1,,,
4141.0,0.064,521,18,1,,,
4141.5,0.064,521,20,1,,,
4142.0,0.064,521,20,1,,,
4142.5,0.058,521,21,1,,,
4143.0,0.058,521,21,1,,,
4143.5,0.058,521,23,1,,,
4144.0,0.064,521,23,1,,,
4144.5,0.058,522,24,1,,,
4145.0,0.064,522,24,1,,,
4145.5,0.058,522,25,1,,,
4146.0,0.064,522,25,1,,,
4146.5,0.064,522,25,1,,,
4147.0,0.058,522,25,1,,,
4147.5,0.058,522,25,1,,,
4148.0,0.058,522,25,1,,,
4148.5,0.058,522,24,1,,,
4149.0,0.052,522,24,1,,,
4149.5,0.058,522,24,1,,,
4150.0,0.058,522,24,1,,,
4150.5,0.052,522,23,1,,,
4151.0,0.052,523,23,1,,,
4151.5,0.058,523,23,1,,,
4152.0,0.052,523,23,1,,,
4152.5,0.052,523,22,1,,,
4153.0,0.058,523,22,1,,,
4153.5,0.058,523,21,1,,,
4154.0,0.058,523,21,1,,,
4154.5,0.064,523,20,1,,,
4155.0,0.058,523,20,1,,,
4155.5,0.058,523,18,1,,,
4156.0,0.058,523,18,1,,,
4156.5,0.052,523,16,1,,,
4157.0,0.064,523,16,1,,,
4157.5,0.052,523,16,1,,,
4158.0,0.058,523,16,1,,,
4158.5,0.058,523,15,1,,,
4159.0,0.058,523,15,1,,,
4159.5,0.064,523,14,1,,,
4160.0,0.058,523,14,1,,,
4160.5,0.07,523,14,1,,,
4161.0,0.064,523,14,1,,,
4161.5,0.058,524,15,1,,,
4162.0,0.064,524,15,1,,,
4162.5,0.064,524,15,1,,,
4163.0,0.064,524,15,1,,,
4163.5,0.058,524,16,1,,,
4164.0,0.058,524,16,1,,,
4164.5,0.064,524,18,1,,,
4165.0,0.064,524,18,1,,,
4165.5,0.07,524,20,1,,,
4166.0,0.064,524,20,1,,,
4166.5,0.064,524,21,1,,,
4167.0,0.058,524,21,1,,,
4167.5,0.07,524,23,1,,,
4168.0,0.064,524,23,1,,,
4168.5,0.064,525,24,1,,,
4169.0,0.058,525,24,1,,,
4169.5,0.064,525,25,1,,,
4170.0,0.058,525,25,1,,,
4170.5,0.058,525,25,1,,,
4171.0,0.052,525,25,1,,,
4171.5,0.064,525,27,1,,,
4172.0,0.058,525,27,1,,,
4172.5,0.052,525,25,1,,,
4173.0,0.058,525,25,1,,,
4173.5,0.058,525,25,1,,,
4174.0,0.058,525,25,1,,,
4174.5,0.064,525,24,1,,,
4175.0,0.058,526,24,1,,,
4175.5,0.058,526,24,1,,,
4176.0,0.058,526,24,1,,,
4176.5,0.058,526,23,1,,,
4177.0,0.058,526,23,1,,,
4177.5,0.052,526,22,1,,,
4178.0,0.064,526,22,1,,,
4178.5,0.052,526,22,1,,,
4179.0,0.052,526,22,1,,,
4179.5,0.058,526,20,1,,,
4180.0,0.058,526,20,1,,,
4180.5,0.058,526,18,1,,,
4181.0,0.058,526,18,1,,,
4181.5,0.058,526,16,1,,,
4182.0,0.058,526,16,1,,,
4182.5,0.064,526,16,1,,,
4183.0,0.052,526,16,1,,,
4183.5,0.058,526,14,1,,,
4184.0,0.064,526,14,1,,,
4184.5,0.058,526,14,1,,,
4185.0,0.064,527,14,1,,,
4185.5,0.064,527,14,1,,,
4186.0,0.064,527,14,1,,,
4186.5,0.064,527,14,1,,,
4187.0,0.064,527,14,1,,,
4187.5,0.064,527,14,1,,,
4188.0,0.064,527,14,1,,,
4188.5,0.064,527,15,1,,,
4189.0,0.064,527,15,1,,,
4189.5,0.064,527,16,1,,,
4190.0,0.064,527,16,1,,,
4190.5,0.058,527,17,1,,,
4191.0,0.064,527,17,1,,,
4191.5,0.064,527,20,1,,,
4192.0,0.058,527,20,1,,,
4192.5,0.064,527,21,1,,,
4193.0,0.064,527,21,1,,,
4193.5,0.064,528,22,1,,,
4194.0,0.064,528,22,1,,,
4194.5,0.064,528,24,1,,,
4195.0,0.058,528,24,1,,,
4195.5,0.058,528,24,1,,,
4196.0,0.064,528,24,1,,,
4196.5,0.058,528,25,1,,,
4197.0,0.052,528,25,1,,,
4197.5,0.058,528,25,1,,,
4198.0,0.058,528,25,1,,,
4198.5,0.058,528,25,1,,,
4199.0,0.058,528,25,1,,,
4199.5,0.058,528,24,1,,,
4200.0,0.058,529,24,1,,,
4200.5,0.058,529,24,1,,,
4201.0,0.052,529,24,1,,,
4201.5,0.052,529,23,1,,,
4202.0,0.058,529,23,1,,,
4202.5,0.064,529,23,1,,,
4203.0,0.064,529,23,1,,,
4203.5,0.058,529,22,1,,,
4204.0,0.058,529,22,1,,,
4204.5,0.052,529,21,1,,,
4205.0,0.058,529,21,1,,,
4205.5,0.058,529,21,1,,,
4206.0,0.064,529,21,1,,,
4206.5,0.058,529,18,1,,,
4207.0,0.052,529,18,1,,,
4207.5,0.052,529,17,1,,,
4208.0,0.058,529,17,1,,,
4208.5,0.058,529,17,1,,,
4209.0,0.058,530,17,1,,,
4209.5,0.058,530,16,1,,,
4210.0,0.052,530,16,1,,,
4210.5,0.058,530,15,1,,,
4211.0,0.058,530,15,1,,,
4211.5,0.064,530,15,1,,,
4212.0,0.058,530,15,1,,,
4212.5,0.064,530,15,1,,,
4213.0,0.064,530,15,1,,,
4213.5,0.058,530,15,1,,,
4214.0,0.058,530,15,1,,,
4214.5,0.058,530,17,1,,,
4215.0,0.064,530,17,1,,,
4215.5,0.064,530,17,1,,,
4216.0,0.064,530,17,1,,,
4216.5,0.064,530,20,1,,,
4217.0,0.064,530,20,1,,,
4217.5,0.064,531,21,1,,,
4218.0,0.064,531,21,1,,,
4218.5,0.064,531,23,1,,,
4219.0,0.064,531,23,1,,,
4219.5,0.058,531,24,1,,,
4220.0,0.064,531,24,1,,,
4220.5,0.064,531,25,1,,,
4221.0,0.064,531,25,1,,,
4221.5,0.064,531,27,1,,,
4222.0,0.052,531,27,1,,,
4222.5,0.064,531,28,1,,,
4223.0,0.058,531,28,1,,,
4223.5,0.052,532,28,1,,,
4224.0,0.058,532,28,1,,,
4224.5,0.052,532,27,1,,,
4225.0,0.058,532,27,1,,,
4225.5,0.058,532,28,1,,,
4226.0,0.058,532,28,1,,,
4226.5,0.058,532,27,1,,,
4227.0,0.052,532,27,1,,,
4227.5,0.052,532,25,1,,,
4228.0,0.058,532,25,1,,,
4228.5,0.058,532,24,1,,,
4229.0,0.064,532,24,1,,,
4229.5,0.058,532,24,1,,,
4230.0,0.064,533,24,1,,,
4230.5,0.058,533,23,1,,,
4231.0,0.058,533,23,1,,,
4231.5,0.058,533,22,1,,,
4232.0,0.052,533,22,1,,,
4232.5,0.064,533,21,1,,,
4233.0,0.058,533,21,1,,,
4233.5,0.052,533,21,1,,,
4234.0,0.058,533,21,1,,,
4234.5,0.052,533,20,1,,,
4235.0,0.058,533,20,1,,,
4235.5,0.064,533,17,1,,,
4236.0,0.058,533,17,1,,,
4236.5,0.052,533,17,1,,,
4237.0,0.058,533,17,1,,,
4237.5,0.058,533,16,1,,,
4238.0,0.064,533,16,1,,,
4238.5,0.058,533,15,1,,,
4239.0,0.064,533,15,1,,,
4239.5,0.058,533,14,1,,,
4240.0,0.052,534,14,1,,,
4240.5,0.064,534,15,1,,,
4241.0,0.058,534,15,1,,,
4241.5,0.064,534,14,1,,,
4242.0,0.07,534,14,1,,,
4242.5,0.058,534,15,1,,,
4243.0,0.058,534,15,1,,,
4243.5,0.064,534,15,1,,,
4244.0,0.058,534,15,1,,,
4244.5,0.07,534,17,1,,,
4245.0,0.064,534,17,1,,,
4245.5,0.064,534,17,1,,,
4246.0,0.064,534,17,1,,,
4246.5,0.064,534,20,1,,,
4247.0,0.064,534,20,1,,,
4247.5,0.07,534,21,1,,,
4248.0,0.064,535,21,1,,,
4248.5,0.064,535,23,1,,,
4249.0,0.058,535,23,1,,,
4249.5,0.058,535,23,1,,,
4250.0,0.064,535,23,1,,,
4250.5,0.058,535,25,1,,,
4251.0,0.058,535,25,1,,,
4251.5,0.064,535,25,1,,,
4252.0,0.064,535,25,1,,,
4252.5,0.058,535,27,1,,,
4253.0,0.064,535,27,1,,,
4253.5,0.058,535,25,1,,,
4254.0,0.058,535,25,1,,,
4254.5,0.058,536,25,1,,,
4255.0,0.064,536,25,1,,,
4255.5,0.052,536,24,1,,,
4256.0,0.052,536,24,1,,,
4256.5,0.058,536,24,1,,,
4257.0,0.058,536,24,1,,,
4257.5,0.058,536,23,1,,,
4258.0,0.058,536,23,1,,,
4258.5,0.058,536,22,1,,,
4259.0,0.058,536,22,1,,,
4259.5,0.064,536,22,1,,,
4260.0,0.052,536,22,1,,,
4260.5,0.052,536,21,1,,,
4261.0,0.058,536,21,1,,,
4261.5,0.052,536,20,1,,,
4262.0,0.052,536,20,1,,,
4262.5,0.058,536,17,1,,,
4263.0,0.064,537,17,1,,,
4263.5,0.058,537,17,1,,,
4264.0,0.058,537,17,1,,,
4264.5,0.052,537,15,1,,,
4265.0,0.058,537,15,1,,,
4265.5,0.058,537,15,1,,,
4266.0,0.064,537,15,1,,,
4266.5,0.058,537,14,1,,,
4267.0,0.058,537,14,1,,,
4267.5,0.064,537,14,1,,,
4268.0,0.058,537,14,1,,,
4268.5,0.064,537,14,1,,,
4269.0,0.064,537,14,1,,,
4269.5,0.064,537,15,1,,,
4270.0,0.058,537,15,1,,,
4270.5,0.058,537,15,1,,,
4271.0,0.07,537,15,1,,,
4271.5,0.058,537,16,1,,,
4272.0,0.064,537,16,1,,,
4272.5,0.064,537,17,1,,,
4273.0,0.064,538,17,1,,,
4273.5,0.058,538,18,1,,,
4274.0,0.07,538,18,1,,,
4274.5,0.064,538,20,1,,,
4275.0,0.064,538,20,1,,,
4275.5,0.07,538,22,1,,,
4276.0,0.07,538,22,1,,,
4276.5,0.064,538,23,1,,,
4277.0,0.064,538,23,1,,,
4277.5,0.058,538,25,1,,,
4278.0,0.058,538,25,1,,,
4278.5,0.058,538,25,1,,,
4279.0,0.064,538,25,1,,,
4279.5,0.058,539,27,1,,,
4280.0,0.052,539,27,1,,,
4280.5,0.064,539,25,1,,,
4281.0,0.052,539,25,1,,,
4281.5,0.058,539,25,1,,,
4282.0,0.058,539,25,1,,,
4282.5,0.052,539,25,1,,,
4283.0,0.052,539,25,1,,,
4283.5,0.064,539,25,1,,,
4284.0,0.058,539,25,1,,,
4284.5,0.052,539,23,1,,,
4285.0,0.052,539,23,1,,,
4285.5,0.058,539,23,1,,,
4286.0,0.052,539,23,1,,,
4286.5,0.058,540,23,1,,,
4287.0,0.058,540,23,1,,,
4287.5,0.064,540,21,1,,,
4288.0,0.058,540,21,1,,,
4288.5,0.058,540,20,1,,,
4289.0,0.052,540,20,1,,,
4289.5,0.052,540,20,1,,,
4290.0,0.058,540,20,1,,,
4290.5,0.052,540,17,1,,,
4291.0,0.058,540,17,1,,,
4291.5,0.052,540,16,1,,,
4292.0,0.064,540,16,1,,,
4292.5,0.052,540,15,1,,,
4293.0,0.058,540,15,1,,,
4293.5,0.058,540,15,1,,,
4294.0,0.064,540,15,1,,,
4294.5,0.052,540,14,1,,,
4295.0,0.058,540,14,1,,,
4295.5,0.064,540,14,1,,,
4296.0,0.058,540,14,1,,,
4296.5,0.064,540,14,1,,,
4297.0,0.058,540,14,1,,,
4297.5,0.064,541,15,1,,,
4298.0,0.058,541,15,1,,,
4298.5,0.064,541,15,1,,,
4299.0,0.064,541,15,1,,,
4299.5,0.064,541,17,1,,,
4300.0,0.058,541,17,1,,,
4300.5,0.064,541,20,1,,,
4301.0,0.064,541,20,1,,,
4301.5,0.064,541,21,1,,,
4302.0,0.058,541,21,1,,,
4302.5,0.058,541,22,1,,,
4303.0,0.058,541,22,1,,,
4303.5,0.064,541,23,1,,,
4304.0,0.058,541,23,1,,,
4304.5,0.058,542,24,1,,,
4305.0,0.058,542,24,1,,,
4305.5,0.058,542,24,1,,,
4306.0,0.058,542,24,1,,,
4306.5,0.052,542,25,1,,,
4307.0,0.058,542,25,1,,,
4307.5,0.058,542,25,1,,,
4308.0,0.058,542,25,1,,,
4308.5,0.058,542,25,1,,,
4309.0,0.058,542,25,1,,,
4309.5,0.052,542,24,1,,,
4310.0,0.052,542,24,1,,,
4310.5,0.058,542,24,1,,,
4311.0,0.058,542,24,1,,,
4311.5,0.052,543,22,1,,,
4312.0,0.058,543,22,1,,,
4312.5,0.058,543,21,1,,,
4313.0,0.058,543,21,1,,,
4313.5,0.058,543,21,1,,,
4314.0,0.058,543,21,1,,,
4314.5,0.058,543,20,1,,,
4315.0,0.052,543,20,1,,,
4315.5,0.058,543,17,1,,,
4316.0,0.058,543,17,1,,,
4316.5,0.058,543,17,1,,,
4317.0,0.058,543,17,1,,,
4317.5,0.052,543,17,1,,,
4318.0,0.058,543,17,1,,,
4318.5,0.064,543,15,1,,,
4319.0,0.058,543,15,1,,,
4319.5,0.064,543,15,1,,,
4320.0,0.058,543,15,1,,,
4320.5,0.058,543,16,1,,,
4321.0,0.064,544,16,1,,,
4321.5,0.058,544,16,1,,,
4322.0,0.064,544,16,1,,,
4322.5,0.064,544,16,1,,,
4323.0,0.064,544,16,1,,,
4323.5,0.064,544,18,1,,,
4324.0,0.07,544,18,1,,,
4324.5,0.064,544,20,1,,,
4325.0,0.064,544,20,1,,,
4325.5,0.058,544,22,1,,,
4326.0,0.064,544,22,1,,,
4326.5,0.058,544,23,1,,,
4327.0,0.064,544,23,1,,,
4327.5,0.058,544,25,1,,,
4328.0,0.058,545,25,1,,,
4328.5,0.064,545,25,1,,,
4329.0,0.058,545,25,1,,,
4329.5,0.058,545,27,1,,,
4330.0,0.052,545,27,1,,,
4330.5,0.052,545,25,1,,,
4331.0,0.052,545,25,1,,,
4331.5,0.052,545,25,1,,,
4332.0,0.052,545,25,1,,,
4332.5,0.058,545,25,1,,,
4333.0,0.058,545,25,1,,,
4333.5,0.058,545,25,1,,,
4334.0,0.058,545,25,1,,,
4334.5,0.064,546,23,1,,,
4335.0,0.058,546,23,1,,,
4335.5,0.064,546,23,1,,,
4336.0,0.052,546,23,1,,,
4336.5,0.058,546,22,1,,,
4337.0,0.058,546,22,1,,,
4337.5,0.052,546,20,1,,,
4338.0,0.058,546,20,1,,,
4338.5,0.064,546,18,1,,,
4339.0,0.058,546,18,1,,,
4339.5,0.058,546,18,1,,,
4340.0,0.052,546,18,1,,,
4340.5,0.052,546,17,1,,,
4341.0,0.052,546,17,1,,,
4341.5,0.052,546,16,1,,,
4342.0,0.052,546,16,1,,,
4342.5,0.058,546,15,1,,,
4343.0,0.064,546,15,1,,,
4343.5,0.058,546,15,1,,,
4344.0,0.058,546,15,1,,,
4344.5,0.058,547,15,1,,,
4345.0,0.064,547,15,1,,,
4345.5,0.058,547,15,1,,,
4346.0,0.064,547,15,1,,,
4346.5,0.064,547,16,1,,,
4347.0,0.064,547,16,1,,,
4347.5,0.064,547,18,1,,,
4348.0,0.058,547,18,1,,,
4348.5,0.064,547,20,1,,,
4349.0,0.064,547,20,1,,,
4349.5,0.064,547,21,1,,,
4350.0,0.058,547,21,1,,,
4350.5,0.058,547,22,1,,,
4351.0,0.064,547,22,1,,,
4351.5,0.058,548,24,1,,,
4352.0,0.058,548,24,1,,,
4352.5,0.052,548,24,1,,,
4353.0,0.058,548,24,1,,,
4353.5,0.052,548,25,1,,,
4354.0,0.058,548,25,1,,,
4354.5,0.058,548,25,1,,,
4355.0,0.064,548,25,1,,,
4355.5,0.052,548,27,1,,,
4356.0,0.058,548,27,1,,,
4356.5,0.058,548,25,1,,,
4357.0,0.058,548,25,1,,,
4357.5,0.058,548,25,1,,,
4358.0,0.052,549,25,1,,,
4358.5,0.064,549,24,1,,,
4359.0,0.052,549,24,1,,,
4359.5,0.052,549,24,1,,,
4360.0,0.058,549,24,1,,,
4360.5,0.052,549,23,1,,,
4361.0,0.058,549,23,1,,,
4361.5,0.058,549,22,1,,,
4362.0,0.052,549,22,1,,,
4362.5,0.052,549,22,1,,,
4363.0,0.064,549,22,1,,,
4363.5,0.052,549,21,1,,,
4364.0,0.058,549,21,1,,,
4364.5,0.052,549,20,1,,,
4365.0,0.052,549,20,1,,,
4365.5,0.058,549,17,1,,,
4366.0,0.058,549,17,1,,,
4366.5,0.058,549,16,1,,,
4367.0,0.058,550,16,1,,,
4367.5,0.052,550,15,1,,,
4368.0,0.052,550,15,1,,,
4368.5,0.064,550,14,1,,,
4369.0,0.052,550,14,1,,,
4369.5,0.058,550,12,1,,,
4370.0,0.064,550,12,1,,,
4370.5,0.064,550,12,1,,,
4371.0,0.058,550,12,1,,,
4371.5,0.058,550,12,1,,,
4372.0,0.058,550,12,1,,,
4372.5,0.052,550,12,1,,,
4373.0,0.07,550,12,1,,,
4373.5,0.064,550,12,1,,,
4374.0,0.064,550,12,1,,,
4374.5,0.052,550,14,1,,,
4375.0,0.058,550,14,1,,,
4375.5,0.064,550,15,1,,,
4376.0,0.064,550,15,1,,,
4376.5,0.064,550,17,1,,,
4377.0,0.064,550,17,1,,,
4377.5,0.058,551,18,1,,,
4378.0,0.058,551,18,1,,,
4378.5,0.058,551,21,1,,,
4379.0,0.064,551,21,1,,,
4379.5,0.07,551,22,1,,,
4380.0,0.058,551,22,1,,,
4380.5,0.064,551,24,1,,,
4381.0,0.064,551,24,1,,,
4381.5,0.052,551,25,1,,,
4382.0,0.058,551,25,1,,,
4382.5,0.058,551,27,1,,,
4383.0,0.058,551,27,1,,,
4383.5,0.052,552,27,1,,,
4384.0,0.052,552,27,1,,,
4384.5,0.052,552,28,1,,,
4385.0,0.052,552,28,1,,,
4385.5,0.058,552,27,1,,,
4386.0,0.058,552,27,1,,,
4386.5,0.064,552,25,1,,,
4387.0,0.052,552,25,1,,,
4387.5,0.052,552,24,1,,,
4388.0,0.058,552,24,1,,,
4388.5,0.052,552,24,1,,,
4389.0,0.058,552,24,1,,,
4389.5,0.052,552,23,1,,,
4390.0,0.052,552,23,1,,,
4390.5,0.052,552,22,1,,,
4391.0,0.058,553,22,1,,,
4391.5,0.052,553,22,1,,,
4392.0,0.058,553,22,1,,,
4392.5,0.052,553,21,1,,,
4393.0,0.052,553,21,1,,,
4393.5,0.052,553,20,1,,,
4394.0,0.058,553,20,1,,,
4394.5,0.058,553,17,1,,,
4395.0,0.058,553,17,1,,,
4395.5,0.058,553,17,1,,,
4396.0,0.058,553,17,1,,,
4396.5,0.058,553,15,1,,,
4397.0,0.064,553,15,1,,,
4397.5,0.058,553,14,1,,,
4398.0,0.058,553,14,1,,,
4398.5,0.052,553,14,1,,,
4399.0,0.058,553,14,1,,,
4399.5,0.058,553,14,1,,,
4400.0,0.064,553,14,1,,,
4400.5,0.058,553,14,1,,,
4401.0,0.064,553,14,1,,,
4401.5,0.058,554,15,1,,,
4402.0,0.064,554,15,1,,,
4402.5,0.064,554,16,1,,,
4403.0,0.064,554,16,1,,,
4403.5,0.064,554,16,1,,,
4404.0,0.058,554,16,1,,,
4404.5,0.064,554,18,1,,,
4405.0,0.064,554,18,1,,,
4405.5,0.058,554,20,1,,,
4406.0,0.064,554,20,1,,,
4406.5,0.058,554,22,1,,,
4407.0,0.076,554,22,1,,,
4407.5,0.064,554,23,1,,,
4408.0,0.064,554,23,1,,,
4408.5,0.058,555,25,1,,,
4409.0,0.058,555,25,1,,,
4409.5,0.058,555,27,1,,,
4410.0,0.064,555,27,1,,,
4410.5,0.058,555,27,1,,,
4411.0,0.052,555,27,1,,,
4411.5,0.052,555,27,1,,,
4412.0,0.058,555,27,1,,,
4412.5,0.052,555,27,1,,,
4413.0,0.058,555,27,1,,,
4413.5,0.058,555,25,1,,,
4414.0,0.058,555,25,1,,,
4414.5,0.052,555,24,1,,,
4415.0,0.058,556,24,1,,,
4415.5,0.058,556,24,1,,,
4416.0,0.047,556,24,1,,,
4416.5,0.052,556,23,1,,,
4417.0,0.064,556,23,1,,,
4417.5,0.052,556,22,1,,,
4418.0,0.058,556,22,1,,,
4418.5,0.064,556,21,1,,,
4419.0,0.052,556,21,1,,,
4419.5,0.052,556,20,1,,,
4420.0,0.058,556,20,1,,,
4420.5,0.058,556,18,1,,,
4421.0,0.052,556,18,1,,,
4421.5,0.052,556,17,1,,,
4422.0,0.064,556,17,1,,,
4422.5,0.052,556,16,1,,,
4423.0,0.052,556,16,1,,,
4423.5,0.058,556,16,1,,,
4424.0,0.064,557,16,1,,,
4424.5,0.064,557,16,1,,,
4425.0,0.058,557,16,1,,,
4425.5,0.058,557,15,1,,,
4426.0,0.052,557,15,1,,,
4426.5,0.064,557,15,1,,,
4427.0,0.058,557,15,1,,,
4427.5,0.058,557,16,1,,,
4428.0,0.064,557,16,1,,,
4428.5,0.064,557,16,1,,,
4429.0,0.058,557,16,1,,,
4429.5,0.058,557,17,1,,,
4430.0,0.064,557,17,1,,,
4430.5,0.064,557,20,1,,,
4431.0,0.064,557,20,1,,,
4431.5,0.058,557,21,1,,,
4432.0,0.064,557,21,1,,,
4432.5,0.058,558,22,1,,,
4433.0,0.058,558,22,1,,,
4433.5,0.058,558,24,1,,,
4434.0,0.058,558,24,1,,,
4434.5,0.052,558,24,1,,,
4435.0,0.064,558,24,1,,,
4435.5,0.052,558,25,1,,,
4436.0,0.058,558,25,1,,,
4436.5,0.058,558,25,1,,,
4437.0,0.058,558,25,1,,,
4437.5,0.052,558,27,1,,,
4438.0,0.064,558,27,1,,,
4438.5,0.052,559,25,1,,,
4439.0,0.052,559,25,1,,,
4439.5,0.058,559,25,1,,,
4440.0,0.058,559,25,1,,,
4440.5,0.058,559,24,1,,,
4441.0,0.058,559,24,1,,,
4441.5,0.052,559,24,1,,,
4442.0,0.058,559,24,1,,,
4442.5,0.064,559,22,1,,,
4443.0,0.052,559,22,1,,,
4443.5,0.058,559,22,1,,,
4444.0,0.052,559,22,1,,,
4444.5,0.058,559,21,1,,,
4445.0,0.058,559,21,1,,,
4445.5,0.058,559,20,1,,,
4446.0,0.052,559,20,1,,,
4446.5,0.058,559,18,1,,,
4447.0,0.058,560,18,1,,,
4447.5,0.058,560,17,1,,,
4448.0,0.064,560,17,1,,,
4448.5,0.058,560,16,1,,,
4449.0,0.052,560,16,1,,,
4449.5,0.058,560,15,1,,,
4450.0,0.058,560,15,1,,,
4450.5,0.052,560,15,1,,,
4451.0,0.064,560,15,1,,,
4451.5,0.052,560,15,1,,,
4452.0,0.058,560,15,1,,,
4452.5,0.058,560,15,1,,,
4453.0,0.052,560,15,1,,,
4453.5,0.07,560,15,1,,,
4454.0,0.07,560,15,1,,,
4454.5,0.058,560,17,1,,,
4455.0,0.064,560,17,1,,,
4455.5,0.064,560,17,1,,,
4456.0,0.064,560,17,1,,,
4456.5,0.064,561,18,1,,,
4457.0,0.064,561,18,1,,,
4457.5,0.064,561,22,1,,,
4458.0,0.058,561,22,1,,,
4458.5,0.064,561,23,1,,,
4459.0,0.064,561,23,1,,,
4459.5,0.064,561,24,1,,,
4460.0,0.052,561,24,1,,,
4460.5,0.058,561,27,1,,,
4461.0,0.052,561,27,1,,,
4461.5,0.058,561,27,1,,,
4462.0,0.052,561,27,1,,,
4462.5,0.052,562,27,1,,,
4463.0,0.064,562,27,1,,,
4463.5,0.052,562,28,1,,,
4464.0,0.058,562,28,1,,,
4464.5,0.052,562,27,1,,,
4465.0,0.052,562,27,1,,,
4465.5,0.058,562,27,1,,,
4466.0,0.052,562,27,1,,,
4466.5,0.058,562,27,1,,,
4467.0,0.052,562,27,1,,,
4467.5,0.058,562,25,1,,,
4468.0,0.052,562,25,1,,,
4468.5,0.052,562,25,1,,,
4469.0,0.052,563,25,1,,,
4469.5,0.052,563,25,1,,,
4470.0,0.052,563,25,1,,,
4470.5,0.052,563,24,1,,,
4471.0,0.058,563,24,1,,,
4471.5,0.058,563,23,1,,,
4472.0,0.052,563,23,1,,,
4472.5,0.058,563,23,1,,,
4473.0,0.052,563,23,1,,,
4473.5,0.052,563,21,1,,,
4474.0,0.052,563,21,1,,,
4474.5,0.052,563,21,1,,,
4475.0,0.052,563,21,1,,,
4475.5,0.047,563,20,1,,,
4476.0,0.052,563,20,1,,,
4476.5,0.052,563,18,1,,,
4477.0,0.064,563,18,1,,,
4477.5,0.052,564,17,1,,,
4478.0,0.052,564,17,1,,,
4478.5,0.052,564,17,1,,,
4479.0,0.052,564,17,1,,,
4479.5,0.052,564,15,1,,,
4480.0,0.052,564,15,1,,,
4480.5,0.058,564,14,1,,,
4481.0,0.052,564,14,1,,,
4481.5,0.058,564,14,1,,,
4482.0,0.052,564,14,1,,,
4482.5,0.058,564,14,1,,,
4483.0,0.052,564,14,1,,,
4483.5,0.058,564,12,1,,,
4484.0,0.058,564,12,1,,,
4484.5,0.058,564,14,1,,,
4485.0,0.058,564,14,1,,,
4485.5,0.058,564,15,1,,,
4486.0,0.058,564,15,1,,,
4486.5,0.058,564,16,1,,,
4487.0,0.058,564,16,1,,,
4487.5,0.07,564,16,1,,,
4488.0,0.058,565,16,1,,,
4488.5,0.058,565,18,1,,,
4489.0,0.064,565,18,1,,,
4489.5,0.058,565,20,1,,,
4490.0,0.058,565,20,1,,,
4490.5,0.058,565,22,1,,,
4491.0,0.058,565,22,1,,,
4491.5,0.064,565,24,1,,,
4492.0,0.058,565,24,1,,,
4492.5,0.052,565,25,1,,,
4493.0,0.058,565,25,1,,,
4493.5,0.052,565,27,1,,,
4494.0,0.064,566,27,1,,,
4494.5,0.052,566,28,1,,,
4495.0,0.058,566,28,1,,,
4495.5,0.064,566,27,1,,,
4496.0,0.058,566,27,1,,,
4496.5,0.052,566,27,1,,,
4497.0,0.052,566,27,1,,,
4497.5,0.052,566,28,1,,,
4498.0,0.052,566,28,1,,,
4498.5,0.052,566,27,1,,,
4499.0,0.052,566,27,1,,,
4499.5,0.058,566,25,1,,,
4500.0,0.052,566,25,1,,,
4500.5,0.058,567,25,1,,,
4501.0,0.058,567,25,1,,,
4501.5,0.058,567,24,1,,,
4502.0,0.052,567,24,1,,,
4502.5,0.058,567,23,1,,,
4503.0,0.052,567,23,1,,,
4503.5,0.052,567,22,1,,,
4504.0,0.052,567,22,1,,,
4504.5,0.052,567,21,1,,,
4505.0,0.052,567,21,1,,,
4505.5,0.052,567,21,1,,,
4506.0,0.052,567,21,1,,,
4506.5,0.052,567,18,1,,,
4507.0,0.052,567,18,1,,,
4507.5,0.052,567,17,1,,,
4508.0,0.052,567,17,1,,,
4508.5,0.058,567,17,1,,,
4509.0,0.052,567,17,1,,,
4509.5,0.052,568,16,1,,,
4510.0,0.064,568,16,1,,,
4510.5,0.058,568,14,1,,,
4511.0,0.064,568,14,1,,,
4511.5,0.058,568,15,1,,,
4512.0,0.052,568,15,1,,,
4512.5,0.052,568,14,1,,,
4513.0,0.058,568,14,1,,,
4513.5,0.064,568,14,1,,,
4514.0,0.052,568,14,1,,,
4514.5,0.064,568,15,1,,,
4515.0,0.058,568,15,1,,,
4515.5,0.052,568,16,1,,,
4516.0,0.07,568,16,1,,,
4516.5,0.064,568,16,1,,,
4517.0,0.064,568,16,1,,,
4517.5,0.064,568,18,1,,,
4518.0,0.058,568,18,1,,,
4518.5,0.052,569,20,1,,,
4519.0,0.058,569,20,1,,,
4519.5,0.058,569,21,1,,,
4520.0,0.064,569,21,1,,,
4520.5,0.058,569,23,1,,,
4521.0,0.058,569,23,1,,,
4521.5,0.058,569,24,1,,,
4522.0,0.052,569,24,1,,,
4522.5,0.052,569,25,1,,,
4523.0,0.058,569,25,1,,,
4523.5,0.052,569,27,1,,,
4524.0,0.064,569,27,1,,,
4524.5,0.052,570,28,1,,,
4525.0,0.058,570,28,1,,,
4525.5,0.052,570,27,1,,,
4526.0,0.052,570,27,1,,,
4526.5,0.058,570,27,1,,,
4527.0,0.052,570,27,1,,,
4527.5,0.058,570,27,1,,,
4528.0,0.052,570,27,1,,,
4528.5,0.052,570,25,1,,,
4529.0,0.052,570,25,1,,,
4529.5,0.058,570,23,1,,,
4530.0,0.052,570,23,1,,,
4530.5,0.058,570,23,1,,,
4531.0,0.052,570,23,1,,,
4531.5,0.058,570,22,1,,,
4532.0,0.058,571,22,1,,,
4532.5,0.052,571,20,1,,,
4533.0,0.052,571,20,1,,,
4533.5,0.052,571,18,1,,,
4534.0,0.058,571,18,1,,,
4534.5,0.058,571,18,1,,,
4535.0,0.047,571,18,1,,,
4535.5,0.052,571,17,1,,,
4536.0,0.058,571,17,1,,,
4536.5,0.058,571,16,1,,,
4537.0,0.058,571,16,1,,,
4537.5,0.058,571,16,1,,,
4538.0,0.058,571,16,1,,,
4538.5,0.064,571,15,1,,,
4539.0,0.058,571,15,1,,,
4539.5,0.058,571,15,1,,,
4540.0,0.052,571,15,1,,,
4540.5,0.058,571,15,1,,,
4541.0,0.058,571,15,1,,,
4541.5,0.064,571,16,1,,,
4542.0,0.064,572,16,1,,,
4542.5,0.058,572,17,1,,,
4543.0,0.058,572,17,1,,,
4543.5,0.058,572,18,1,,,
4544.0,0.064,572,18,1,,,
4544.5,0.064,572,21,1,,,
4545.0,0.064,572,21,1,,,
4545.5,0.07,572,22,1,,,
4546.0,0.064,572,22,1,,,
4546.5,0.058,572,24,1,,,
4547.0,0.058,572,24,1,,,
4547.5,0.058,572,25,1,,,
4548.0,0.064,572,25,1,,,
4548.5,0.052,573,27,1,,,
4549.0,0.052,573,27,1,,,
4549.5,0.052,573,27,1,,,
4550.0,0.052,573,27,1,,,
4550.5,0.052,573,28,1,,,
4551.0,0.052,573,28,1,,,
4551.5,0.064,573,27,1,,,
4552.0,0.052,573,27,1,,,
4552.5,0.052,573,25,1,,,
4553.0,0.064,573,25,1,,,
4553.5,0.052,573,25,1,,,
4554.0,0.052,573,25,1,,,
4554.5,0.052,573,24,1,,,
4555.0,0.052,574,24,1,,,
4555.5,0.064,574,23,1,,,
4556.0,0.052,574,23,1,,,
4556.5,0.058,574,23,1,,,
4557.0,0.064,574,23,1,,,
4557.5,0.058,574,22,1,,,
4558.0,0.052,574,22,1,,,
4558.5,0.052,574,21,1,,,
4559.0,0.052,574,21,1,,,
4559.5,0.064,574,20,1,,,
4560.0,0.058,574,20,1,,,
4560.5,0.052,574,17,1,,,
4561.0,0.058,574,17,1,,,
4561.5,0.064,574,16,1,,,
4562.0,0.052,574,16,1,,,
4562.5,0.052,574,15,1,,,
4563.0,0.058,574,15,1,,,
4563.5,0.052,574,15,1,,,
4564.0,0.058,574,15,1,,,
4564.5,0.052,574,14,1,,,
4565.0,0.052,575,14,1,,,
4565.5,0.058,575,15,1,,,
4566.0,0.058,575,15,1,,,
4566.5,0.064,575,14,1,,,
4567.0,0.064,575,14,1,,,
4567.5,0.058,575,15,1,,,
4568.0,0.058,575,15,1,,,
4568.5,0.052,575,15,1,,,
4569.0,0.058,575,15,1,,,
4569.5,0.058,575,17,1,,,
4570.0,0.058,575,17,1,,,
4570.5,0.058,575,18,1,,,
4571.0,0.058,575,18,1,,,
4571.5,0.064,575,21,1,,,
4572.0,0.058,575,21,1,,,
4572.5,0.058,575,22,1,,,
4573.0,0.058,576,22,1,,,
4573.5,0.052,576,24,1,,,
4574.0,0.064,576,24,1,,,
4574.5,0.064,576,25,1,,,
4575.0,0.052,576,25,1,,,
4575.5,0.052,576,27,1,,,
4576.0,0.058,576,27,1,,,
4576.5,0.052,576,27,1,,,
4577.0,0.058,576,27,1,,,
4577.5,0.052,576,28,1,,,
4578.0,0.052,576,28,1,,,
4578.5,0.052,576,27,1,,,
4579.0,0.058,577,27,1,,,
4579.5,0.058,577,25,1,,,
4580.0,0.052,577,25,1,,,
4580.5,0.064,577,25,1,,,
4581.0,0.052,577,25,1,,,
4581.5,0.052,577,25,1,,,
4582.0,0.058,577,25,1,,,
4582.5,0.052,577,24,1,,,
4583.0,0.058,577,24,1,,,
4583.5,0.047,577,23,1,,,
4584.0,0.058,577,23,1,,,
4584.5,0.052,577,23,1,,,
4585.0,0.052,577,23,1,,,
4585.5,0.052,577,21,1,,,
4586.0,0.052,577,21,1,,,
4586.5,0.058,578,20,1,,,
4587.0,0.052,578,20,1,,,
4587.5,0.052,578,18,1,,,
4588.0,0.047,578,18,1,,,
4588.5,0.052,578,18,1,,,
4589.0,0.058,578,18,1,,,
4589.5,0.058,578,17,1,,,
4590.0,0.058,578,17,1,,,
4590.5,0.058,578,16,1,,,
4591.0,0.058,578,16,1,,,
4591.5,0.058,578,15,1,,,
4592.0,0.058,578,15,1,,,
4592.5,0.052,578,15,1,,,
4593.0,0.064,578,15,1,,,
4593.5,0.052,578,15,1,,,
4594.0,0.058,578,15,1,,,
4594.5,0.052,578,14,1,,,
4595.0,0.064,578,14,1,,,
4595.5,0.058,578,15,1,,,
4596.0,0.058,578,15,1,,,
4596.5,0.058,578,17,1,,,
4597.0,0.058,579,17,1,,,
4597.5,0.058,579,17,1,,,
4598.0,0.064,579,17,1,,,
4598.5,0.064,579,18,1,,,
4599.0,0.064,579,18,1,,,
4599.5,0.064,579,21,1,,,
4600.0,0.064,579,21,1,,,
4600.5,0.058,579,23,1,,,
4601.0,0.058,579,23,1,,,
4601.5,0.064,579,23,1,,,
4602.0,0.064,579,23,1,,,
4602.5,0.058,579,25,1,,,
4603.0,0.064,580,25,1,,,
4603.5,0.058,580,27,1,,,
4604.0,0.052,580,27,1,,,
4604.5,0.058,580,27,1,,,
4605.0,0.052,580,27,1,,,
4605.5,0.052,580,27,1,,,
4606.0,0.052,580,27,1,,,
4606.5,0.052,580,27,1,,,
4607.0,0.052,580,27,1,,,
4607.5,0.052,580,27,1,,,
4608.0,0.058,580,27,1,,,
4608.5,0.052,580,25,1,,,
4609.0,0.052,580,25,1,,,
4609.5,0.052,581,25,1,,,
4610.0,0.052,581,25,1,,,
4610.5,0.058,581,23,1,,,
4611.0,0.052,581,23,1,,,
4611.5,0.052,581,23,1,,,
4612.0,0.058,581,23,1,,,
4612.5,0.052,581,21,1,,,
4613.0,0.052,581,21,1,,,
4613.5,0.064,581,20,1,,,
4614.0,0.047,581,20,1,,,
4614.5,0.052,581,18,1,,,
4615.0,0.047,581,18,1,,,
4615.5,0.052,581,18,1,,,
4616.0,0.052,581,18,1,,,
4616.5,0.058,581,17,1,,,
4617.0,0.052,581,17,1,,,
4617.5,0.064,581,17,1,,,
4618.0,0.058,581,17,1,,,
4618.5,0.052,581,16,1,,,
4619.0,0.058,582,16,1,,,
4619.5,0.058,582,16,1,,,
4620.0,0.058,582,16,1,,,
4620.5,0.064,582,16,1,,,
4621.0,0.058,582,16,1,,,
4621.5,0.064,582,16,1,,,
4622.0,0.064,582,16,1,,,
4622.5,0.058,582,17,1,,,
4623.0,0.058,582,17,1,,,
4623.5,0.064,582,20,1,,,
4624.0,0.064,582,20,1,,,
4624.5,0.058,582,21,1,,,
4625.0,0.064,582,21,1,,,
4625.5,0.058,582,22,1,,,
4626.0,0.058,582,22,1,,,
4626.5,0.058,583,23,1,,,
4627.0,0.052,583,23,1,,,
4627.5,0.064,583,24,1,,,
4628.0,0.064,583,24,1,,,
4628.5,0.058,583,24,1,,,
4629.0,0.052,583,24,1,,,
4629.5,0.052,583,25,1,,,
4630.0,0.052,583,25,1,,,
4630.5,0.052,583,25,1,,,
4631.0,0.052,583,25,1,,,
4631.5,0.052,583,25,1,,,
4632.0,0.058,583,25,1,,,
4632.5,0.052,583,24,1,,,
4633.0,0.052,583,24,1,,,
4633.5,0.052,584,23,1,,,
4634.0,0.052,584,23,1,,,
4634.5,0.058,584,22,1,,,
4635.0,0.052,584,22,1,,,
4635.5,0.058,584,21,1,,,
4636.0,0.052,584,21,1,,,
4636.5,0.058,584,20,1,,,
4637.0,0.052,584,20,1,,,
4637.5,0.058,584,18,1,,,
4638.0,0.052,584,18,1,,,
4638.5,0.058,584,18,1,,,
4639.0,0.058,584,18,1,,,
4639.5,0.058,584,17,1,,,
4640.0,0.058,584,17,1,,,
4640.5,0.052,584,16,1,,,
4641.0,0.058,584,16,1,,,
4641.5,0.058,584,16,1,,,
4642.0,0.058,584,16,1,,,
4642.5,0.058,584,16,1,,,
4643.0,0.058,585,16,1,,,
4643.5,0.058,585,15,1,,,
4644.0,0.064,585,15,1,,,
4644.5,0.058,585,16,1,,,
4645.0,0.058,585,16,1,,,
4645.5,0.064,585,17,1,,,
4646.0,0.058,585,17,1,,,
4646.5,0.058,585,18,1,,,
4647.0,0.064,585,18,1,,,
4647.5,0.058,585,20,1,,,
4648.0,0.064,585,20,1,,,
4648.5,0.058,585,22,1,,,
4649.0,0.064,585,22,1,,,
4649.5,0.058,585,23,1,,,
4650.0,0.058,586,23,1,,,
4650.5,0.052,586,25,1,,,
4651.0,0.052,586,25,1,,,
4651.5,0.052,586,25,1,,,
4652.0,0.052,586,25,1,,,
4652.5,0.058,586,27,1,,,
4653.0,0.052,586,27,1,,,
4653.5,0.052,586,27,1,,,
4654.0,0.058,586,27,1,,,
4654.5,0.058,586,27,1,,,
4655.0,0.052,586,27,1,,,
4655.5,0.058,586,25,1,,,
4656.0,0.064,586,25,1,,,
4656.5,0.052,587,25,1,,,
4657.0,0.058,587,25,1,,,
4657.5,0.058,587,24,1,,,
4658.0,0.052,587,24,1,,,
4658.5,0.052,587,24,1,,,
4659.0,0.052,587,24,1,,,
4659.5,0.052,587,23,1,,,
4660.0,0.052,587,23,1,,,
4660.5,0.052,587,22,1,,,
4661.0,0.058,587,22,1,,,
4661.5,0.052,587,22,1,,,
4662.0,0.047,587,22,1,,,
4662.5,0.052,587,21,1,,,
4663.0,0.052,587,21,1,,,
4663.5,0.058,587,20,1,,,
4664.0,0.058,587,20,1,,,
4664.5,0.052,587,17,1,,,
4665.0,0.052,588,17,1,,,
4665.5,0.052,588,17,1,,,
4666.0,0.058,588,17,1,,,
4666.5,0.064,588,15,1,,,
4667.0,0.058,588,15,1,,,
4667.5,0.058,588,14,1,,,
4668.0,0.052,588,14,1,,,
4668.5,0.064,588,14,1,,,
4669.0,0.058,588,14,1,,,
4669.5,0.058,588,14,1,,,
4670.0,0.058,588,14,1,,,
4670.5,0.064,588,14,1,,,
4671.0,0.058,588,14,1,,,
4671.5,0.058,588,15,1,,,
4672.0,0.058,588,15,1,,,
4672.5,0.058,588,16,1,,,
4673.0,0.058,588,16,1,,,
4673.5,0.064,588,16,1,,,
4674.0,0.064,588,16,1,,,
4674.5,0.064,588,18,1,,,
4675.0,0.064,589,18,1,,,
4675.5,0.052,589,20,1,,,
4676.0,0.064,589,20,1,,,
4676.5,0.058,589,21,1,,,
4677.0,0.058,589,21,1,,,
4677.5,0.058,589,23,1,,,
4678.0,0.058,589,23,1,,,
4678.5,0.052,589,24,1,,,
4679.0,0.058,589,24,1,,,
4679.5,0.052,589,25,1,,,
4680.0,0.058,589,25,1,,,
4680.5,0.052,589,27,1,,,
4681.0,0.052,590,27,1,,,
4681.5,0.052,590,28,1,,,
4682.0,0.052,590,28,1,,,
4682.5,0.052,590,27,1,,,
4683.0,0.058,590,27,1,,,
4683.5,0.064,590,28,1,,,
4684.0,0.052,590,28,1,,,
4684.5,0.058,590,27,1,,,
4685.0,0.052,590,27,1,,,
4685.5,0.052,590,25,1,,,
4686.0,0.058,590,25,1,,,
4686.5,0.052,590,25,1,,,
4687.0,0.058,590,25,1,,,
4687.5,0.058,591,25,1,,,
4688.0,0.052,591,25,1,,,
4688.5,0.052,591,24,1,,,
4689.0,0.052,591,24,1,,,
4689.5,0.052,591,24,1,,,
4690.0,0.052,591,24,1,,,
4690.5,0.064,591,23,1,,,
4691.0,0.052,591,23,1,,,
4691.5,0.052,591,22,1,,,
4692.0,0.052,591,22,1,,,
4692.5,0.058,591,21,1,,,
4693.0,0.058,591,21,1,,,
4693.5,0.052,591,20,1,,,
4694.0,0.058,591,20,1,,,
4694.5,0.052,591,18,1,,,
4695.0,0.058,591,18,1,,,
4695.5,0.052,591,18,1,,,
4696.0,0.052,592,18,1,,,
4696.5,0.052,592,17,1,,,
4697.0,0.058,592,17,1,,,
4697.5,0.052,592,16,1,,,
4698.0,0.052,592,16,1,,,
4698.5,0.058,592,16,1,,,
4699.0,0.058,592,16,1,,,
4699.5,0.058,592,15,1,,,
4700.0,0.052,592,15,1,,,
4700.5,0.052,592,15,1,,,
4701.0,0.058,592,15,1,,,
4701.5,0.058,592,14,1,,,
4702.0,0.058,592,14,1,,,
4702.5,0.058,592,15,1,,,
4703.0,0.058,592,15,1,,,
4703.5,0.058,592,15,1,,,
4704.0,0.064,592,15,1,,,
4704.5,0.058,592,16,1,,,
4705.0,0.058,592,16,1,,,
4705.5,0.058,592,17,1,,,
4706.0,0.058,593,17,1,,,
4706.5,0.064,593,18,1,,,
4707.0,0.058,593,18,1,,,
4707.5,0.064,593,20,1,,,
4708.0,0.058,593,20,1,,,
4708.5,0.058,593,22,1,,,
4709.0,0.058,593,22,1,,,
4709.5,0.058,593,24,1,,,
4710.0,0.052,593,24,1,,,
4710.5,0.052,593,24,1,,,
4711.0,0.058,593,24,1,,,
4711.5,0.052,593,27,1,,,
4712.0,0.064,594,27,1,,,
4712.5,0.052,594,28,1,,,
4713.0,0.058,594,28,1,,,
4713.5,0.052,594,27,1,,,
4714.0,0.058,594,27,1,,,
4714.5,0.058,594,27,1,,,
4715.0,0.052,594,27,1,,,
4715.5,0.058,594,27,1,,,
4716.0,0.052,594,27,1,,,
4716.5,0.058,594,27,1,,,
4717.0,0.052,594,27,1,,,
4717.5,0.052,594,25,1,,,
4718.0,0.052,594,25,1,,,
4718.5,0.047,595,25,1,,,
4719.0,0.052,595,25,1,,,
4719.5,0.058,595,24,1,,,
4720.0,0.052,595,24,1,,,
4720.5,0.047,595,23,1,,,
4721.0,0.052,595,23,1,,,
4721.5,0.058,595,22,1,,,
4722.0,0.052,595,22,1,,,
4722.5,0.052,595,21,1,,,
4723.0,0.052,595,21,1,,,
4723.5,0.052,595,20,1,,,
4724.0,0.058,595,20,1,,,
4724.5,0.052,595,18,1,,,
4725.0,0.052,595,18,1,,,
4725.5,0.052,595,17,1,,,
4726.0,0.047,595,17,1,,,
4726.5,0.058,595,16,1,,,
4727.0,0.052,595,16,1,,,
4727.5,0.052,595,15,1,,,
4728.0,0.064,596,15,1,,,
4728.5,0.058,596,15,1,,,
4729.0,0.064,596,15,1,,,
4729.5,0.052,596,14,1,,,
4730.0,0.058,596,14,1,,,
4730.5,0.058,596,15,1,,,
4731.0,0.052,596,15,1,,,
4731.5,0.052,596,14,1,,,
4732.0,0.052,596,14,1,,,
4732.5,0.064,596,15,1,,,
4733.0,0.064,596,15,1,,,
4733.5,0.058,596,15,1,,,
4734.0,0.052,596,15,1,,,
4734.5,0.058,596,17,1,,,
4735.0,0.058,596,17,1,,,
4735.5,0.058,596,18,1,,,
4736.0,0.058,596,18,1,,,
4736.5,0.064,596,21,1,,,
4737.0,0.064,597,21,1,,,
4737.5,0.064,597,22,1,,,
4738.0,0.064,597,22,1,,,
4738.5,0.058,597,23,1,,,
4739.0,0.058,597,23,1,,,
4739.5,0.052,597,24,1,,,
4740.0,0.052,597,24,1,,,
4740.5,0.058,597,25,1,,,
4741.0,0.058,597,25,1,,,
4741.5,0.058,597,25,1,,,
4742.0,0.058,597,25,1,,,
4742.5,0.058,597,27,1,,,
4743.0,0.052,598,27,1,,,
4743.5,0.058,598,27,1,,,
4744.0,0.058,598,27,1,,,
4744.5,0.047,598,25,1,,,
4745.0,0.052,598,25,1,,,
4745.5,0.052,598,24,1,,,
4746.0,0.058,598,24,1,,,
4746.5,0.047,598,24,1,,,
4747.0,0.052,598,24,1,,,
4747.5,0.052,598,23,1,,,
4748.0,0.052,598,23,1,,,
4748.5,0.052,598,22,1,,,
4749.0,0.047,598,22,1,,,
4749.5,0.052,598,21,1,,,
4750.0,0.058,598,21,1,,,
4750.5,0.058,598,20,1,,,
4751.0,0.052,599,20,1,,,
4751.5,0.058,599,18,1,,,
4752.0,0.052,599,18,1,,,
4752.5,0.058,599,16,1,,,
4753.0,0.052,599,16,1,,,
4753.5,0.052,599,16,1,,,
4754.0,0.058,599,16,1,,,
4754.5,0.052,599,15,1,,,
4755.0,0.064,599,15,1,,,
4755.5,0.052,599,14,1,,,
4756.0,0.058,599,14,1,,,
4756.5,0.058,599,14,1,,,
4757.0,0.064,599,14,1,,,
4757.5,0.058,599,15,1,,,
4758.0,0.064,599,15,1,,,
4758.5,0.064,599,14,1,,,
4759.0,0.064,599,14,1,,,
4759.5,0.058,599,16,1,,,
4760.0,0.052,599,16,1,,,
4760.5,0.064,599,17,1,,,
4761.0,0.058,600,17,1,,,
4761.5,0.058,600,18,1,,,
4762.0,0.064,600,18,1,,,
4762.5,0.058,600,20,1,,,
4763.0,0.076,600,20,1,,,
4763.5,0.064,600,22,1,,,
4764.0,0.052,600,22,1,,,
4764.5,0.052,600,23,1,,,
4765.0,0.064,600,23,1,,,
4765.5,0.052,600,25,1,,,
4766.0,0.058,600,25,1,,,
4766.5,0.052,600,25,1,,,
4767.0,0.052,600,25,1,,,
4767.5,0.058,601,27,1,,,
4768.0,0.052,601,27,1,,,
4768.5,0.052,601,28,1,,,
4769.0,0.058,601,28,1,,,
4769.5,0.052,601,27,1,,,
4770.0,0.052,601,27,1,,,
4770.5,0.052,601,25,1,,,
4771.0,0.052,601,25,1,,,
4771.5,0.052,601,25,1,,,
4772.0,0.052,601,25,1,,,
4772.5,0.052,601,24,1,,,
4773.0,0.052,601,24,1,,,
4773.5,0.058,601,23,1,,,
4774.0,0.058,602,23,1,,,
4774.5,0.058,602,23,1,,,
4775.0,0.052,602,23,1,,,
4775.5,0.052,602,22,1,,,
4776.0,0.052,602,22,1,,,
4776.5,0.052,602,21,1,,,
4777.0,0.052,602,21,1,,,
4777.5,0.052,602,20,1,,,
4778.0,0.058,602,20,1,,,
4778.5,0.058,602,17,1,,,
4779.0,0.052,602,17,1,,,
4779.5,0.052,602,16,1,,,
4780.0,0.058,602,16,1,,,
4780.5,0.052,602,15,1,,,
4781.0,0.052,602,15,1,,,
4781.5,0.052,602,14,1,,,
4782.0,0.052,602,14,1,,,
4782.5,0.052,602,12,1,,,
4783.0,0.058,602,12,1,,,
4783.5,0.064,602,14,1,,,
4784.0,0.058,602,14,1,,,
4784.5,0.064,602,12,1,,,
4785.0,0.058,603,12,1,,,
4785.5,0.058,603,14,1,,,
4786.0,0.058,603,14,1,,,
4786.5,0.064,603,15,1,,,
4787.0,0.058,603,15,1,,,
4787.5,0.064,603,17,1,,,
4788.0,0.058,603,17,1,,,
4788.5,0.064,603,18,1,,,
4789.0,0.058,603,18,1,,,
4789.5,0.064,603,21,1,,,
4790.0,0.058,603,21,1,,,
4790.5,0.064,603,22,1,,,
4791.0,0.058,603,22,1,,,
4791.5,0.058,603,24,1,,,
4792.0,0.052,604,24,1,,,
4792.5,0.058,604,25,1,,,
4793.0,0.058,604,25,1,,,
4793.5,0.058,604,27,1,,,
4794.0,0.052,604,27,1,,,
4794.5,0.058,604,27,1,,,
4795.0,0.064,604,27,1,,,
4795.5,0.052,604,28,1,,,
4796.0,0.058,604,28,1,,,
4796.5,0.052,604,28,1,,,
4797.0,0.052,604,28,1,,,
4797.5,0.058,604,27,1,,,
4798.0,0.052,605,27,1,,,
4798.5,0.052,605,25,1,,,
4799.0,0.052,605,25,1,,,
4799.5,0.052,605,25,1,,,
4800.0,0.052,605,25,1,,,
4800.5,0.052,605,24,1,,,
4801.0,0.052,605,24,1,,,
4801.5,0.052,605,23,1,,,
4802.0,0.058,605,23,1,,,
4802.5,0.052,605,23,1,,,
4803.0,0.052,605,23,1,,,
4803.5,0.052,605,23,1,,,
4804.0,0.058,605,23,1,,,
4804.5,0.052,605,22,1,,,
4805.0,0.052,605,22,1,,,
4805.5,0.052,605,21,1,,,
4806.0,0.052,606,21,1,,,
4806.5,0.058,606,20,1,,,
4807.0,0.058,606,20,1,,,
4807.5,0.058,606,17,1,,,
4808.0,0.052,606,17,1,,,
4808.5,0.052,606,16,1,,,
4809.0,0.052,606,16,1,,,
4809.5,0.058,606,15,1,,,
4810.0,0.064,606,15,1,,,
4810.5,0.058,606,14,1,,,
4811.0,0.052,606,14,1,,,
4811.5,0.058,606,12,1,,,
4812.0,0.058,606,12,1,,,
4812.5,0.052,606,14,1,,,
4813.0,0.058,606,14,1,,,
4813.5,0.058,606,12,1,,,
4814.0,0.058,606,12,1,,,
4814.5,0.064,606,14,1,,,
4815.0,0.058,606,14,1,,,
4815.5,0.064,606,14,1,,,
4816.0,0.064,606,14,1,,,
4816.5,0.058,606,15,1,,,
4817.0,0.064,607,15,1,,,
4817.5,0.064,607,16,1,,,
4818.0,0.058,607,16,1,,,
4818.5,0.052,607,17,1,,,
4819.0,0.064,607,17,1,,,
4819.5,0.058,607,18,1,,,
4820.0,0.064,607,18,1,,,
4820.5,0.058,607,21,1,,,
4821.0,0.064,607,21,1,,,
4821.5,0.058,607,23,1,,,
4822.0,0.058,607,23,1,,,
4822.5,0.052,607,24,1,,,
4823.0,0.052,607,24,1,,,
4823.5,0.058,608,25,1,,,
4824.0,0.058,608,25,1,,,
4824.5,0.064,608,27,1,,,
4825.0,0.058,608,27,1,,,
4825.5,0.058,608,28,1,,,
4826.0,0.052,608,28,1,,,
4826.5,0.052,608,27,1,,,
4827.0,0.047,608,27,1,,,
4827.5,0.052,608,25,1,,,
4828.0,0.064,608,25,1,,,
4828.5,0.052,608,25,1,,,
4829.0,0.052,608,25,1,,,
4829.5,0.052,608,24,1,,,
4830.0,0.052,608,24,1,,,
4830.5,0.047,609,23,1,,,
4831.0,0.058,609,23,1,,,
4831.5,0.052,609,23,1,,,
4832.0,0.052,609,23,1,,,
4832.5,0.052,609,22,1,,,
4833.0,0.052,609,22,1,,,
4833.5,0.052,609,21,1,,,
4834.0,0.052,609,21,1,,,
4834.5,0.052,609,20,1,,,
4835.0,0.047,609,20,1,,,
4835.5,0.052,609,18,1,,,
4836.0,0.052,609,18,1,,,
4836.5,0.064,609,17,1,,,
4837.0,0.052,609,17,1,,,
4837.5,0.052,609,16,1,,,
4838.0,0.052,609,16,1,,,
4838.5,0.052,609,16,1,,,
4839.0,0.047,609,16,1,,,
4839.5,0.052,609,15,1,,,
4840.0,0.052,610,15,1,,,
4840.5,0.052,610,15,1,,,
4841.0,0.052,610,15,1,,,
4841.5,0.064,610,15,1,,,
4842.0,0.058,610,15,1,,,
4842.5,0.07,610,16,1,,,
4843.0,0.064,610,16,1,,,
4843.5,0.058,610,16,1,,,
4844.0,0.058,610,16,1,,,
4844.5,0.058,610,18,1,,,
4845.0,0.058,610,18,1,,,
4845.5,0.058,610,20,1,,,
4846.0,0.058,610,20,1,,,
4846.5,0.064,610,21,1,,,
4847.0,0.058,610,21,1,,,
4847.5,0.058,611,23,1,,,
4848.0,0.064,611,23,1,,,
4848.5,0.064,611,25,1,,,
4849.0,0.052,611,25,1,,,
4849.5,0.058,611,25,1,,,
4850.0,0.052,611,25,1,,,
4850.5,0.052,611,27,1,,,
4851.0,0.052,611,27,1,,,
4851.5,0.064,611,28,1,,,
4852.0,0.052,611,28,1,,,
4852.5,0.052,611,27,1,,,
4853.0,0.052,611,27,1,,,
4853.5,0.052,611,25,1,,,
4854.0,0.052,612,25,1,,,
4854.5,0.052,612,25,1,,,
4855.0,0.052,612,25,1,,,
4855.5,0.047,612,24,1,,,
4856.0,0.052,612,24,1,,,
4856.5,0.058,612,23,1,,,
4857.0,0.058,612,23,1,,,
4857.5,0.052,612,23,1,,,
4858.0,0.052,612,23,1,,,
4858.5,0.052,612,22,1,,,
4859.0,0.052,612,22,1,,,
4859.5,0.064,612,21,1,,,
4860.0,0.047,612,21,1,,,
4860.5,0.058,612,20,1,,,
4861.0,0.047,612,20,1,,,
4861.5,0.052,612,18,1,,,
4862.0,0.058,612,18,1,,,
4862.5,0.052,613,16,1,,,
4863.0,0.052,613,16,1,,,
4863.5,0.052,613,16,1,,,
4864.0,0.052,613,16,1,,,
4864.5,0.052,613,15,1,,,
4865.0,0.052,613,15,1,,,
4865.5,0.052,613,15,1,,,
4866.0,0.052,613,15,1,,,
4866.5,0.058,613,14,1,,,
4867.0,0.058,613,14,1,,,
4867.5,0.058,613,15,1,,,
4868.0,0.058,613,15,1,,,
4868.5,0.058,613,15,1,,,
4869.0,0.052,613,15,1,,,
4869.5,0.064,613,16,1,,,
4870.0,0.058,613,16,1,,,
4870.5,0.058,613,16,1,,,
4871.0,0.058,613,16,1,,,
4871.5,0.058,613,18,1,,,
4872.0,0.058,614,18,1,,,
4872.5,0.064,614,20,1,,,
4873.0,0.058,614,20,1,,,
4873.5,0.07,614,22,1,,,
4874.0,0.064,614,22,1,,,
4874.5,0.058,614,23,1,,,
4875.0,0.064,614,23,1,,,
4875.5,0.058,614,25,1,,,
4876.0,0.052,614,25,1,,,
4876.5,0.052,614,27,1,,,
4877.0,0.052,614,27,1,,,
4877.5,0.052,614,28,1,,,
4878.0,0.052,615,28,1,,,
4878.5,0.052,615,27,1,,,
4879.0,0.052,615,27,1,,,
4879.5,0.052,615,28,1,,,
4880.0,0.058,615,28,1,,,
4880.5,0.052,615,27,1,,,
4881.0,0.058,615,27,1,,,
4881.5,0.052,615,27,1,,,
4882.0,0.052,615,27,1,,,
4882.5,0.052,615,25,1,,,
4883.0,0.058,615,25,1,,,
4883.5,0.052,615,25,1,,,
4884.0,0.052,615,25,1,,,
4884.5,0.052,616,24,1,,,
4885.0,0.058,616,24,1,,,
4885.5,0.058,616,23,1,,,
4886.0,0.052,616,23,1,,,
4886.5,0.052,616,21,1,,,
4887.0,0.052,616,21,1,,,
4887.5,0.052,616,21,1,,,
4888.0,0.052,616,21,1,,,
4888.5,0.052,616,20,1,,,
4889.0,0.052,616,20,1,,,
4889.5,0.058,616,18,1,,,
4890.0,0.052,616,18,1,,,
4890.5,0.052,616,17,1,,,
4891.0,0.052,616,17,1,,,
4891.5,0.052,616,17,1,,,
4892.0,0.052,616,17,1,,,
4892.5,0.058,616,15,1,,,
4893.0,0.058,616,15,1,,,
4893.5,0.058,616,15,1,,,
4894.0,0.058,617,15,1,,,
4894.5,0.058,617,15,1,,,
4895.0,0.052,617,15,1,,,
4895.5,0.064,617,16,1,,,
4896.0,0.064,617,16,1,,,
4896.5,0.064,617,16,1,,,
4897.0,0.058,617,16,1,,,
4897.5,0.07,617,17,1,,,
4898.0,0.058,617,17,1,,,
4898.5,0.058,617,18,1,,,
4899.0,0.064,617,18,1,,,
4899.5,0.058,617,20,1,,,
4900.0,0.064,617,20,1,,,
4900.5,0.052,617,22,1,,,
4901.0,0.064,617,22,1,,,
4901.5,0.058,618,24,1,,,
4902.0,0.058,618,24,1,,,
4902.5,0.052,618,25,1,,,
4903.0,0.052,618,25,1,,,
4903.5,0.052,618,27,1,,,
4904.0,0.052,618,27,1,,,
4904.5,0.064,618,28,1,,,
4905.0,0.052,618,28,1,,,
4905.5,0.058,618,28,1,,,
4906.0,0.052,618,28,1,,,
4906.5,0.052,618,27,1,,,
4907.0,0.064,618,27,1,,,
4907.5,0.052,619,28,1,,,
4908.0,0.052,619,28,1,,,
4908.5,0.052,619,27,1,,,
4909.0,0.052,619,27,1,,,
4909.5,0.052,619,27,1,,,
4910.0,0.052,619,27,1,,,
4910.5,0.052,619,25,1,,,
4911.0,0.058,619,25,1,,,
4911.5,0.052,619,25,1,,,
4912.0,0.052,619,25,1,,,
4912.5,0.052,619,24,1,,,
4913.0,0.052,619,24,1,,,
4913.5,0.058,619,24,1,,,
4914.0,0.052,619,24,1,,,
4914.5,0.058,620,22,1,,,
4915.0,0.052,620,22,1,,,
4915.5,0.052,620,22,1,,,
4916.0,0.052,620,22,1,,,
4916.5,0.052,620,21,1,,,
4917.0,0.052,620,21,1,,,
4917.5,0.052,620,20,1,,,
4918.0,0.052,620,20,1,,,
4918.5,0.052,620,18,1,,,
4919.0,0.058,620,18,1,,,
4919.5,0.058,620,18,1,,,
4920.0,0.064,620,18,1,,,
4920.5,0.052,620,17,1,,,
4921.0,0.052,620,17,1,,,
4921.5,0.052,620,16,1,,,
4922.0,0.052,620,16,1,,,
4922.5,0.052,620,16,1,,,
4923.0,0.052,620,16,1,,,
4923.5,0.052,620,15,1,,,
4924.0,0.052,620,15,1,,,
4924.5,0.058,621,14,1,,,
4925.0,0.058,621,14,1,,,
4925.5,0.052,621,14,1,,,
4926.0,0.058,621,14,1,,,
4926.5,0.058,621,14,1,,,
4927.0,0.064,621,14,1,,,
4927.5,0.058,621,14,1,,,
4928.0,0.058,621,14,1,,,
4928.5,0.058,621,15,1,,,
4929.0,0.064,621,15,1,,,
4929.5,0.058,621,16,1,,,
4930.0,0.052,621,16,1,,,
4930.5,0.064,621,17,1,,,
4931.0,0.058,621,17,1,,,
4931.5,0.058,621,18,1,,,
4932.0,0.07,621,18,1,,,
4932.5,0.064,621,21,1,,,
4933.0,0.064,622,21,1,,,
4933.5,0.052,622,22,1,,,
4934.0,0.058,622,22,1,,,
4934.5,0.058,622,24,1,,,
4935.0,0.058,622,24,1,,,
4935.5,0.052,622,25,1,,,
4936.0,0.052,622,25,1,,,
4936.5,0.052,622,28,1,,,
4937.0,0.052,622,28,1,,,
4937.5,0.052,622,27,1,,,
4938.0,0.058,622,27,1,,,
4938.5,0.052,622,28,1,,,
4939.0,0.052,623,28,1,,,
4939.5,0.052,623,28,1,,,
4940.0,0.052,623,28,1,,,
4940.5,0.052,623,27,1,,,
4941.0,0.052,623,27,1,,,
4941.5,0.052,623,25,1,,,
4942.0,0.058,623,25,1,,,
4942.5,0.052,623,27,1,,,
4943.0,0.058,623,27,1,,,
4943.5,0.052,623,25,1,,,
4944.0,0.058,623,25,1,,,
4944.5,0.052,623,24,1,,,
4945.0,0.052,623,24,1,,,
4945.5,0.052,623,23,1,,,
4946.0,0.058,624,23,1,,,
4946.5,0.058,624,23,1,,,
4947.0,0.058,624,23,1,,,
4947.5,0.052,624,21,1,,,
4948.0,0.064,624,21,1,,,
4948.5,0.052,624,20,1,,,
4949.0,0.052,624,20,1,,,
4949.5,0.047,624,18,1,,,
4950.0,0.058,624,18,1,,,
4950.5,0.052,624,17,1,,,
4951.0,0.052,624,17,1,,,
4951.5,0.058,624,16,1,,,
4952.0,0.064,624,16,1,,,
4952.5,0.052,624,15,1,,,
4953.0,0.064,624,15,1,,,
4953.5,0.052,624,15,1,,,
4954.0,0.052,624,15,1,,,
4954.5,0.058,624,14,1,,,
4955.0,0.052,624,14,1,,,
4955.5,0.058,624,15,1,,,
4956.0,0.058,624,15,1,,,
4956.5,0.052,625,14,1,,,
4957.0,0.064,625,14,1,,,
4957.5,0.058,625,15,1,,,
4958.0,0.058,625,15,1,,,
4958.5,0.058,625,15,1,,,
4959.0,0.058,625,15,1,,,
4959.5,0.064,625,17,1,,,
4960.0,0.064,625,17,1,,,
4960.5,0.064,625,18,1,,,
4961.0,0.064,625,18,1,,,
4961.5,0.058,625,21,1,,,
4962.0,0.058,625,21,1,,,
4962.5,0.064,625,22,1,,,
4963.0,0.058,625,22,1,,,
4963.5,0.058,626,24,1,,,
4964.0,0.058,626,24,1,,,
4964.5,0.058,626,24,1,,,
4965.0,0.052,626,24,1,,,
4965.5,0.058,626,25,1,,,
4966.0,0.058,626,25,1,,,
4966.5,0.052,626,27,1,,,
4967.0,0.052,626,27,1,,,
4967.5,0.052,626,27,1,,,
4968.0,0.058,626,27,1,,,
4968.5,0.058,626,27,1,,,
4969.0,0.052,626,27,1,,,
4969.5,0.047,626,27,1,,,
4970.0,0.052,627,27,1,,,
4970.5,0.052,627,25,1,,,
4971.0,0.058,627,25,1,,,
4971.5,0.052,627,24,1,,,
4972.0,0.058,627,24,1,,,
4972.5,0.052,627,23,1,,,
4973.0,0.052,627,23,1,,,
4973.5,0.052,627,22,1,,,
4974.0,0.052,627,22,1,,,
4974.5,0.052,627,21,1,,,
4975.0,0.052,627,21,1,,,
4975.5,0.052,627,20,1,,,
4976.0,0.052,627,20,1,,,
4976.5,0.052,627,18,1,,,
4977.0,0.052,627,18,1,,,
4977.5,0.058,627,17,1,,,
4978.0,0.052,627,17,1,,,
4978.5,0.047,627,16,1,,,
4979.0,0.058,628,16,1,,,
4979.5,0.052,628,15,1,,,
4980.0,0.064,628,15,1,,,
4980.5,0.058,628,14,1,,,
4981.0,0.058,628,14,1,,,
4981.5,0.064,628,14,1,,,
4982.0,0.064,628,14,1,,,
4982.5,0.058,628,15,1,,,
4983.0,0.064,628,15,1,,,
4983.5,0.064,628,15,1,,,
4984.0,0.058,628,15,1,,,
4984.5,0.058,628,16,1,,,
4985.0,0.064,628,16,1,,,
4985.5,0.058,628,18,1,,,
4986.0,0.058,628,18,1,,,
4986.5,0.058,628,18,1,,,
4987.0,0.058,628,18,1,,,
4987.5,0.058,629,21,1,,,
4988.0,0.058,629,21,1,,,
4988.5,0.064,629,22,1,,,
4989.0,0.064,629,22,1,,,
4989.5,0.058,629,24,1,,,
4990.0,0.052,629,24,1,,,
4990.5,0.058,629,24,1,,,
4991.0,0.058,629,24,1,,,
4991.5,0.052,629,27,1,,,
4992.0,0.052,629,27,1,,,
4992.5,0.052,629,27,1,,,
4993.0,0.052,629,27,1,,,
4993.5,0.058,630,28,1,,,
4994.0,0.052,630,28,1,,,
4994.5,0.052,630,27,1,,,
4995.0,0.052,630,27,1,,,
4995.5,0.058,630,27,1,,,
4996.0,0.052,630,27,1,,,
4996.5,0.052,630,25,1,,,
4997.0,0.052,630,25,1,,,
4997.5,0.052,630,24,1,,,
4998.0,0.058,630,24,1,,,
4998.5,0.058,630,23,1,,,
4999.0,0.052,630,23,1,,,
4999.5,0.052,630,23,1,,,
5000.0,0.052,630,23,1,,,
5000.5,0.058,630,22,1,,,
5001.0,0.052,630,22,1,,,
5001.5,0.052,631,21,1,,,
5002.0,0.052,631,21,1,,,
5002.5,0.052,631,20,1,,,
5003.0,0.058,631,20,1,,,
5003.5,0.058,631,17,1,,,
5004.0,0.058,631,17,1,,,
5004.5,0.052,631,16,1,,,
5005.0,0.058,631,16,1,,,
5005.5,0.052,631,15,1,,,
5006.0,0.058,631,15,1,,,
5006.5,0.052,631,14,1,,,
5007.0,0.058,631,14,1,,,
5007.5,0.058,631,12,1,,,
5008.0,0.064,631,12,1,,,
5008.5,0.058,631,14,1,,,
5009.0,0.058,631,14,1,,,
5009.5,0.058,631,14,1,,,
5010.0,0.058,631,14,1,,,
5010.5,0.052,631,14,1,,,
5011.0,0.058,631,14,1,,,
5011.5,0.058,631,16,1,,,
5012.0,0.052,632,16,1,,,
5012.5,0.058,632,17,1,,,
5013.0,0.058,632,17,1,,,
5013.5,0.052,632,18,1,,,
5014.0,0.058,632,18,1,,,
5014.5,0.064,632,20,1,,,
5015.0,0.058,632,20,1,,,
5015.5,0.064,632,23,1,,,
5016.0,0.064,632,23,1,,,
5016.5,0.064,632,24,1,,,
5017.0,0.058,632,24,1,,,
5017.5,0.052,632,25,1,,,
5018.0,0.058,632,25,1,,,
5018.5,0.058,633,27,1,,,
5019.0,0.052,633,27,1,,,
5019.5,0.052,633,28,1,,,
5020.0,0.052,633,28,1,,,
5020.5,0.052,633,28,1,,,
5021.0,0.052,633,28,1,,,
5021.5,0.052,633,27,1,,,
5022.0,0.058,633,27,1,,,
5022.5,0.052,633,28,1,,,
5023.0,0.052,633,28,1,,,
5023.5,0.052,633,27,1,,,
5024.0,0.052,633,27,1,,,
5024.5,0.058,634,25,1,,,
5025.0,0.052,634,25,1,,,
5025.5,0.052,634,24,1,,,
5026.0,0.052,634,24,1,,,
5026.5,0.052,634,24,1,,,
5027.0,0.052,634,24,1,,,
5027.5,0.058,634,23,1,,,
5028.0,0.052,634,23,1,,,
5028.5,0.052,634,23,1,,,
5029.0,0.052,634,23,1,,,
5029.5,0.058,634,22,1,,,
5030.0,0.052,634,22,1,,,
5030.5,0.047,634,21,1,,,
5031.0,0.052,634,21,1,,,
5031.5,0.058,634,20,1,,,
5032.0,0.052,634,20,1,,,
5032.5,0.058,634,18,1,,,
5033.0,0.052,635,18,1,,,
5033.5,0.052,635,16,1,,,
5034.0,0.052,635,16,1,,,
5034.5,0.052,635,15,1,,,
5035.0,0.052,635,15,1,,,
5035.5,0.058,635,15,1,,,
5036.0,0.058,635,15,1,,,
5036.5,0.052,635,14,1,,,
5037.0,0.052,635,14,1,,,
5037.5,0.052,635,12,1,,,
5038.0,0.058,635,12,1,,,
5038.5,0.058,635,12,1,,,
5039.0,0.058,635,12,1,,,
5039.5,0.064,635,14,1,,,
5040.0,0.064,635,14,1,,,
5040.5,0.058,635,14,1,,,
5041.0,0.058,635,14,1,,,
5041.5,0.058,635,14,1,,,
5042.0,0.064,635,14,1,,,
5042.5,0.064,635,16,1,,,
5043.0,0.058,635,16,1,,,
5043.5,0.064,636,17,1,,,
5044.0,0.058,636,17,1,,,
5044.5,0.058,636,18,1,,,
5045.0,0.07,636,18,1,,,
5045.5,0.064,636,20,1,,,
5046.0,0.064,636,20,1,,,
5046.5,0.064,636,23,1,,,
5047.0,0.064,636,23,1,,,
5047.5,0.058,636,23,1,,,
5048.0,0.058,636,23,1,,,
5048.5,0.058,636,25,1,,,
5049.0,0.052,636,25,1,,,
5049.5,0.052,636,27,1,,,
5050.0,0.052,637,27,1,,,
5050.5,0.058,637,28,1,,,
5051.0,0.052,637,28,1,,,
5051.5,0.064,637,27,1,,,
5052.0,0.052,637,27,1,,,
5052.5,0.052,637,28,1,,,
5053.0,0.064,637,28,1,,,
5053.5,0.052,637,27,1,,,
5054.0,0.052,637,27,1,,,
5054.5,0.058,637,25,1,,,
5055.0,0.052,637,25,1,,,
5055.5,0.052,637,24,1,,,
5056.0,0.052,637,24,1,,,
5056.5,0.058,638,24,1,,,
5057.0,0.052,638,24,1,,,
5057.5,0.064,638,23,1,,,
5058.0,0.058,638,23,1,,,
5058.5,0.058,638,22,1,,,
5059.0,0.052,638,22,1,,,
5059.5,0.058,638,21,1,,,
5060.0,0.058,638,21,1,,,
5060.5,0.058,638,20,1,,,
5061.0,0.052,638,20,1,,,
5061.5,0.052,638,18,1,,,
5062.0,0.052,638,18,1,,,
5062.5,0.052,638,17,1,,,
5063.0,0.052,638,17,1,,,
5063.5,0.052,638,16,1,,,
5064.0,0.058,638,16,1,,,
5064.5,0.052,638,16,1,,,
5065.0,0.052,638,16,1,,,
5065.5,0.058,638,15,1,,,
5066.0,0.064,639,15,1,,,
5066.5,0.058,639,15,1,,,
5067.0,0.058,639,15,1,,,
5067.5,0.058,639,15,1,,,
5068.0,0.058,639,15,1,,,
5068.5,0.064,639,16,1,,,
5069.0,0.07,639,16,1,,,
5069.5,0.058,639,16,1,,,
5070.0,0.064,639,16,1,,,
5070.5,0.052,639,17,1,,,
5071.0,0.058,639,17,1,,,
5071.5,0.052,639,18,1,,,
5072.0,0.07,639,18,1,,,
5072.5,0.058,639,20,1,,,
5073.0,0.064,639,20,1,,,
5073.5,0.064,639,22,1,,,
5074.0,0.058,640,22,1,,,
5074.5,0.058,640,23,1,,,
5075.0,0.052,640,23,1,,,
5075.5,0.058,640,25,1,,,
5076.0,0.064,640,25,1,,,
5076.5,0.058,640,27,1,,,
5077.0,0.052,640,27,1,,,
5077.5,0.058,640,27,1,,,
5078.0,0.052,640,27,1,,,
5078.5,0.058,640,27,1,,,
5079.0,0.052,640,27,1,,,
5079.5,0.052,640,27,1,,,
5080.0,0.058,640,27,1,,,
5080.5,0.058,641,25,1,,,
5081.0,0.052,641,25,1,,,
5081.5,0.052,641,24,1,,,
5082.0,0.052,641,24,1,,,
5082.5,0.052,641,24,1,,,
5083.0,0.058,641,24,1,,,
5083.5,0.052,641,23,1,,,
5084.0,0.052,641,23,1,,,
5084.5,0.052,641,22,1,,,
5085.0,0.052,641,22,1,,,
5085.5,0.052,641,21,1,,,
5086.0,0.052,641,21,1,,,
5086.5,0.052,641,21,1,,,
5087.0,0.052,641,21,1,,,
5087.5,0.052,641,18,1,,,
5088.0,0.058,641,18,1,,,
5088.5,0.058,641,17,1,,,
5089.0,0.058,642,17,1,,,
5089.5,0.052,642,17,1,,,
5090.0,0.052,642,17,1,,,
5090.5,0.052,642,16,1,,,
5091.0,0.052,642,16,1,,,
5091.5,0.064,642,14,1,,,
5092.0,0.052,642,14,1,,,
5092.5,0.058,642,15,1,,,
5093.0,0.064,642,15,1,,,
5093.5,0.052,642,15,1,,,
5094.0,0.058,642,15,1,,,
5094.5,0.064,642,15,1,,,
5095.0,0.064,642,15,1,,,
5095.5,0.058,642,16,1,,,
5096.0,0.058,642,16,1,,,
5096.5,0.058,642,18,1,,,
5097.0,0.058,642,18,1,,,
5097.5,0.058,642,20,1,,,
5098.0,0.058,643,20,1,,,
5098.5,0.058,643,21,1,,,
5099.0,0.052,643,21,1,,,
5099.5,0.058,643,22,1,,,
5100.0,0.058,643,22,1,,,
5100.5,0.064,643,24,1,,,
5101.0,0.052,643,24,1,,,
5101.5,0.058,643,25,1,,,
5102.0,0.058,643,25,1,,,
5102.5,0.052,643,25,1,,,
5103.0,0.064,643,25,1,,,
5103.5,0.058,643,27,1,,,
5104.0,0.052,644,27,1,,,
5104.5,0.058,644,27,1,,,
5105.0,0.058,644,27,1,,,
5105.5,0.052,644,25,1,,,
5106.0,0.064,644,25,1,,,
5106.5,0.052,644,25,1,,,
5107.0,0.052,644,25,1,,,
5107.5,0.052,644,25,1,,,
5108.0,0.052,644,25,1,,,
5108.5,0.052,644,23,1,,,
5109.0,0.052,644,23,1,,,
5109.5,0.052,644,23,1,,,
5110.0,0.052,644,23,1,,,
5110.5,0.064,644,23,1,,,
5111.0,0.064,644,23,1,,,
5111.5,0.052,645,21,1,,,
5112.0,0.047,645,21,1,,,
5112.5,0.052,645,20,1,,,
5113.0,0.052,645,20,1,,,
5113.5,0.052,645,20,1,,,
5114.0,0.052,645,20,1,,,
5114.5,0.052,645,18,1,,,
5115.0,0.052,645,18,1,,,
5115.5,0.052,645,17,1,,,
5116.0,0.052,645,17,1,,,
5116.5,0.058,645,16,1,,,
5117.0,0.058,645,16,1,,,
5117.5,0.058,645,16,1,,,
5118.0,0.058,645,16,1,,,
5118.5,0.052,645,15,1,,,
5119.0,0.052,645,15,1,,,
5119.5,0.052,645,15,1,,,
5120.0,0.052,645,15,1,,,
5120.5,0.058,645,15,1,,,
5121.0,0.064,645,15,1,,,
5121.5,0.058,646,16,1,,,
5122.0,0.058,646,16,1,,,
5122.5,0.058,646,17,1,,,
5123.0,0.058,646,17,1,,,
5123.5,0.064,646,20,1,,,
5124.0,0.058,646,20,1,,,
5124.5,0.064,646,21,1,,,
5125.0,0.064,646,21,1,,,
5125.5,0.064,646,22,1,,,
5126.0,0.064,646,22,1,,,
5126.5,0.052,646,24,1,,,
5127.0,0.052,646,24,1,,,
5127.5,0.052,646,24,1,,,
5128.0,0.052,647,24,1,,,
5128.5,0.058,647,25,1,,,
5129.0,0.052,647,25,1,,,
5129.5,0.052,647,25,1,,,
5130.0,0.058,647,25,1,,,
5130.5,0.052,647,27,1,,,
5131.0,0.052,647,27,1,,,
5131.5,0.058,647,25,1,,,
5132.0,0.058,647,25,1,,,
5132.5,0.052,647,25,1,,,
5133.0,0.058,647,25,1,,,
5133.5,0.052,647,24,1,,,
5134.0,0.052,647,24,1,,,
5134.5,0.052,648,24,1,,,
5135.0,0.052,648,24,1,,,
5135.5,0.052,648,23,1,,,
5136.0,0.064,648,23,1,,,
5136.5,0.052,648,23,1,,,
5137.0,0.058,648,23,1,,,
5137.5,0.052,648,23,1,,,
5138.0,0.058,648,23,1,,,
5138.5,0.052,648,22,1,,,
5139.0,0.058,648,22,1,,,
5139.5,0.047,648,22,1,,,
5140.0,0.052,648,22,1,,,
5140.5,0.058,648,21,1,,,
5141.0,0.052,648,21,1,,,
5141.5,0.052,648,20,1,,,
5142.0,0.058,648,20,1,,,
5142.5,0.058,648,17,1,,,
5143.0,0.052,649,17,1,,,
5143.5,0.058,649,17,1,,,
5144.0,0.052,649,17,1,,,
5144.5,0.052,649,15,1,,,
5145.0,0.058,649,15,1,,,
5145.5,0.058,649,15,1,,,
5146.0,0.052,649,15,1,,,
5146.5,0.047,649,14,1,,,
5147.0,0.052,649,14,1,,,
5147.5,0.052,649,14,1,,,
5148.0,0.064,649,14,1,,,
5148.5,0.058,649,12,1,,,
5149.0,0.052,649,12,1,,,
5149.5,0.058,649,14,1,,,
5150.0,0.058,649,14,1,,,
5150.5,0.064,649,12,1,,,
5151.0,0.064,649,12,1,,,
5151.5,0.052,649,14,1,,,
5152.0,0.058,649,14,1,,,
5152.5,0.058,649,15,1,,,
5153.0,0.058,649,15,1,,,
5153.5,0.064,649,16,1,,,
5154.0,0.058,650,16,1,,,
5154.5,0.052,650,17,1,,,
5155.0,0.058,650,17,1,,,
5155.5,0.064,650,20,1,,,
5156.0,0.058,650,20,1,,,
5156.5,0.058,650,21,1,,,
5157.0,0.064,650,21,1,,,
5157.5,0.058,650,23,1,,,
5158.0,0.058,650,23,1,,,
5158.5,0.058,650,25,1,,,
5159.0,0.058,650,25,1,,,
5159.5,0.064,650,25,1,,,
5160.0,0.058,651,25,1,,,
5160.5,0.058,651,27,1,,,
5161.0,0.058,651,27,1,,,
5161.5,0.052,651,28,1,,,
5162.0,0.058,651,28,1,,,
5162.5,0.052,651,27,1,,,
5163.0,0.052,651,27,1,,,
5163.5,0.052,651,27,1,,,
5164.0,0.052,651,27,1,,,
5164.5,0.052,651,27,1,,,
5165.0,0.052,651,27,1,,,
5165.5,0.058,651,25,1,,,
5166.0,0.052,651,25,1,,,
5166.5,0.052,652,24,1,,,
5167.0,0.052,652,24,1,,,
5167.5,0.058,652,24,1,,,
5168.0,0.052,652,24,1,,,
5168.5,0.052,652,23,1,,,
5169.0,0.058,652,23,1,,,
5169.5,0.052,652,22,1,,,
5170.0,0.058,652,22,1,,,
5170.5,0.052,652,22,1,,,
5171.0,0.047,652,22,1,,,
5171.5,0.052,652,21,1,,,
5172.0,0.052,652,21,1,,,
5172.5,0.047,652,20,1,,,
5173.0,0.052,652,20,1,,,
5173.5,0.058,652,17,1,,,
5174.0,0.052,652,17,1,,,
5174.5,0.058,652,17,1,,,
5175.0,0.052,652,17,1,,,
5175.5,0.058,652,15,1,,,
5176.0,0.052,653,15,1,,,
5176.5,0.058,653,15,1,,,
5177.0,0.058,653,15,1,,,
5177.5,0.058,653,14,1,,,
5178.0,0.058,653,14,1,,,
5178.5,0.052,653,14,1,,,
5179.0,0.052,653,14,1,,,
5179.5,0.058,653,12,1,,,
5180.0,0.052,653,12,1,,,
5180.5,0.058,653,14,1,,,
5181.0,0.058,653,14,1,,,
5181.5,0.058,653,14,1,,,
5182.0,0.064,653,14,1,,,
5182.5,0.064,653,15,1,,,
5183.0,0.058,653,15,1,,,
5183.5,0.07,653,16,1,,,
5184.0,0.058,653,16,1,,,
5184.5,0.052,653,18,1,,,
5185.0,0.064,653,18,1,,,
5185.5,0.064,654,20,1,,,
5186.0,0.064,654,20,1,,,
5186.5,0.064,654,21,1,,,
5187.0,0.052,654,21,1,,,
5187.5,0.058,654,23,1,,,
5188.0,0.064,654,23,1,,,
5188.5,0.058,654,25,1,,,
5189.0,0.058,654,25,1,,,
5189.5,0.052,654,25,1,,,
5190.0,0.052,654,25,1,,,
5190.5,0.058,654,27,1,,,
5191.0,0.052,654,27,1,,,
5191.5,0.052,655,28,1,,,
5192.0,0.052,655,28,1,,,
5192.5,0.052,655,28,1,,,
5193.0,0.058,655,28,1,,,
5193.5,0.058,655,27,1,,,
5194.0,0.052,655,27,1,,,
5194.5,0.058,655,27,1,,,
5195.0,0.058,655,27,1,,,
5195.5,0.052,655,25,1,,,
5196.0,0.052,655,25,1,,,
5196.5,0.052,655,24,1,,,
5197.0,0.052,655,24,1,,,
5197.5,0.052,655,23,1,,,
5198.0,0.052,655,23,1,,,
5198.5,0.052,656,23,1,,,
5199.0,0.052,656,23,1,,,
5199.5,0.064,656,22,1,,,
5200.0,0.058,656,22,1,,,
5200.5,0.052,656,21,1,,,
5201.0,0.052,656,21,1,,,
5201.5,0.052,656,20,1,,,
5202.0,0.052,656,20,1,,,
5202.5,0.052,656,17,1,,,
5203.0,0.052,656,17,1,,,
5203.5,0.058,656,16,1,,,
5204.0,0.052,656,16,1,,,
5204.5,0.052,656,15,1,,,
5205.0,0.052,656,15,1,,,
5205.5,0.058,656,14,1,,,
5206.0,0.058,656,14,1,,,
5206.5,0.052,656,12,1,,,
5207.0,0.052,656,12,1,,,
5207.5,0.052,656,14,1,,,
5208.0,0.058,656,14,1,,,
5208.5,0.058,656,12,1,,,
5209.0,0.058,656,12,1,,,
5209.5,0.064,657,14,1,,,
5210.0,0.052,657,14,1,,,
5210.5,0.064,657,15,1,,,
5211.0,0.064,657,15,1,,,
5211.5,0.064,657,17,1,,,
5212.0,0.052,657,17,1,,,
5212.5,0.058,657,17,1,,,
5213.0,0.064,657,17,1,,,
5213.5,0.058,657,20,1,,,
5214.0,0.058,657,20,1,,,
5214.5,0.058,657,22,1,,,
5215.0,0.064,657,22,1,,,
5215.5,0.058,657,23,1,,,
5216.0,0.058,657,23,1,,,
5216.5,0.058,658,24,1,,,
5217.0,0.064,658,24,1,,,
5217.5,0.058,658,27,1,,,
5218.0,0.064,658,27,1,,,
5218.5,0.052,658,27,1,,,
5219.0,0.052,658,27,1,,,
5219.5,0.052,658,27,1,,,
5220.0,0.058,658,27,1,,,
5220.5,0.052,658,27,1,,,
5221.0,0.058,658,27,1,,,
5221.5,0.052,658,25,1,,,
5222.0,0.052,658,25,1,,,
5222.5,0.052,658,24,1,,,
5223.0,0.052,659,24,1,,,
5223.5,0.052,659,24,1,,,
5224.0,0.052,659,24,1,,,
5224.5,0.052,659,23,1,,,
5225.0,0.058,659,23,1,,,
5225.5,0.052,659,22,1,,,
5226.0,0.052,659,22,1,,,
5226.5,0.052,659,22,1,,,
5227.0,0.052,659,22,1,,,
5227.5,0.052,659,21,1,,,
5228.0,0.052,659,21,1,,,
5228.5,0.058,659,18,1,,,
5229.0,0.058,659,18,1,,,
5229.5,0.052,659,17,1,,,
5230.0,0.058,659,17,1,,,
5230.5,0.052,659,16,1,,,
5231.0,0.052,659,16,1,,,
5231.5,0.052,659,15,1,,,
5232.0,0.064,659,15,1,,,
5232.5,0.052,660,14,1,,,
5233.0,0.058,660,14,1,,,
5233.5,0.052,660,14,1,,,
5234.0,0.064,660,14,1,,,
5234.5,0.058,660,14,1,,,
5235.0,0.058,660,14,1,,,
5235.5,0.058,660,15,1,,,
5236.0,0.052,660,15,1,,,
5236.5,0.064,660,15,1,,,
5237.0,0.058,660,15,1,,,
5237.5,0.058,660,16,1,,,
5238.0,0.058,660,16,1,,,
5238.5,0.064,660,18,1,,,
5239.0,0.058,660,18,1,,,
5239.5,0.064,660,20,1,,,
5240.0,0.064,660,20,1,,,
5240.5,0.058,660,21,1,,,
5241.0,0.058,661,21,1,,,
5241.5,0.052,661,23,1,,,
5242.0,0.064,661,23,1,,,
5242.5,0.058,661,24,1,,,
5243.0,0.058,661,24,1,,,
5243.5,0.058,661,25,1,,,
5244.0,0.052,661,25,1,,,
5244.5,0.058,661,27,1,,,
5245.0,0.058,661,27,1,,,
5245.5,0.052,661,27,1,,,
5246.0,0.052,661,27,1,,,
5246.5,0.052,661,27,1,,,
5247.0,0.058,662,27,1,,,
5247.5,0.052,662,27,1,,,
5248.0,0.052,662,27,1,,,
5248.5,0.052,662,27,1,,,
5249.0,0.058,662,27,1,,,
5249.5,0.052,662,25,1,,,
5250.0,0.052,662,25,1,,,
5250.5,0.058,662,25,1,,,
5251.0,0.052,662,25,1,,,
5251.5,0.058,662,24,1,,,
5252.0,0.047,662,24,1,,,
5252.5,0.052,662,23,1,,,
5253.0,0.058,662,23,1,,,
5253.5,0.052,662,22,1,,,
5254.0,0.052,662,22,1,,,
5254.5,0.052,663,21,1,,,
5255.0,0.052,663,21,1,,,
5255.5,0.052,663,20,1,,,
5256.0,0.052,663,20,1,,,
5256.5,0.052,663,18,1,,,
5257.0,0.052,663,18,1,,,
5257.5,0.052,663,18,1,,,
5258.0,0.052,663,18,1,,,
5258.5,0.052,663,17,1,,,
5259.0,0.052,663,17,1,,,
5259.5,0.052,663,16,1,,,
5260.0,0.052,663,16,1,,,
5260.5,0.052,663,16,1,,,
5261.0,0.058,663,16,1,,,
5261.5,0.058,663,15,1,,,
5262.0,0.058,663,15,1,,,
5262.5,0.052,663,15,1,,,
5263.0,0.058,663,15,1,,,
5263.5,0.064,663,14,1,,,
5264.0,0.058,663,14,1,,,
5264.5,0.064,664,16,1,,,
5265.0,0.058,664,16,1,,,
5265.5,0.058,664,16,1,,,
5266.0,0.052,664,16,1,,,
5266.5,0.064,664,17,1,,,
5267.0,0.058,664,17,1,,,
5267.5,0.058,664,18,1,,,
5268.0,0.064,664,18,1,,,
5268.5,0.058,664,22,1,,,
5269.0,0.064,664,22,1,,,
5269.5,0.058,664,22,1,,,
5270.0,0.058,664,22,1,,,
5270.5,0.058,664,23,1,,,
5271.0,0.052,664,23,1,,,
5271.5,0.052,665,25,1,,,
5272.0,0.052,665,25,1,,,
5272.5,0.052,665,27,1,,,
5273.0,0.052,665,27,1,,,
5273.5,0.052,665,25,1,,,
5274.0,0.052,665,25,1,,,
5274.5,0.058,665,25,1,,,
5275.0,0.052,665,25,1,,,
5275.5,0.052,665,27,1,,,
5276.0,0.052,665,27,1,,,
5276.5,0.052,665,25,1,,,
5277.0,0.052,665,25,1,,,
5277.5,0.058,665,23,1,,,
5278.0,0.058,666,23,1,,,
5278.5,0.047,666,23,1,,,
5279.0,0.052,666,23,1,,,
5279.5,0.047,666,22,1,,,
5280.0,0.052,666,22,1,,,
5280.5,0.052,666,21,1,,,
5281.0,0.058,666,21,1,,,
5281.5,0.052,666,20,1,,,
5282.0,0.052,666,20,1,,,
5282.5,0.052,666,18,1,,,
5283.0,0.052,666,18,1,,,
5283.5,0.052,666,17,1,,,
5284.0,0.052,666,17,1,,,
5284.5,0.058,666,17,1,,,
5285.0,0.058,666,17,1,,,
5285.5,0.052,666,15,1,,,
5286.0,0.058,666,15,1,,,
5286.5,0.058,666,15,1,,,
5287.0,0.052,666,15,1,,,
5287.5,0.052,666,15,1,,,
5288.0,0.052,667,15,1,,,
5288.5,0.058,667,15,1,,,
5289.0,0.058,667,15,1,,,
5289.5,0.058,667,15,1,,,
5290.0,0.064,667,15,1,,,
5290.5,0.064,667,17,1,,,
5291.0,0.064,667,17,1,,,
5291.5,0.058,667,18,1,,,
5292.0,0.058,667,18,1,,,
5292.5,0.064,667,21,1,,,
5293.0,0.064,667,21,1,,,
5293.5,0.058,667,22,1,,,
5294.0,0.052,667,22,1,,,
5294.5,0.052,667,24,1,,,
5295.0,0.064,668,24,1,,,
5295.5,0.058,668,24,1,,,
5296.0,0.052,668,24,1,,,
5296.5,0.058,668,25,1,,,
5297.0,0.052,668,25,1,,,
5297.5,0.058,668,27,1,,,
5298.0,0.052,668,27,1,,,
5298.5,0.058,668,27,1,,,
5299.0,0.052,668,27,1,,,
5299.5,0.058,668,27,1,,,
5300.0,0.052,668,27,1,,,
5300.5,0.052,668,27,1,,,
5301.0,0.064,668,27,1,,,
5301.5,0.052,669,25,1,,,
5302.0,0.052,669,25,1,,,
5302.5,0.052,669,24,1,,,
5303.0,0.058,669,24,1,,,
5303.5,0.047,669,23,1,,,
5304.0,0.052,669,23,1,,,
5304.5,0.052,669,22,1,,,
5305.0,0.064,669,22,1,,,
5305.5,0.052,669,21,1,,,
5306.0,0.047,669,21,1,,,
5306.5,0.058,669,20,1,,,
5307.0,0.047,669,20,1,,,
5307.5,0.052,669,18,1,,,
5308.0,0.047,669,18,1,,,
5308.5,0.052,669,17,1,,,
5309.0,0.052,669,17,1,,,
5309.5,0.052,669,16,1,,,
5310.0,0.052,669,16,1,,,
5310.5,0.052,670,15,1,,,
5311.0,0.058,670,15,1,,,
5311.5,0.052,670,15,1,,,
5312.0,0.058,670,15,1,,,
5312.5,0.058,670,14,1,,,
5313.0,0.064,670,14,1,,,
5313.5,0.052,670,15,1,,,
5314.0,0.058,670,15,1,,,
5314.5,0.058,670,15,1,,,
5315.0,0.052,670,15,1,,,
5315.5,0.058,670,17,1,,,
5316.0,0.058,670,17,1,,,
5316.5,0.064,670,17,1,,,
5317.0,0.058,670,17,1,,,
5317.5,0.052,670,20,1,,,
5318.0,0.064,670,20,1,,,
5318.5,0.052,670,21,1,,,
5319.0,0.058,671,21,1,,,
5319.5,0.058,671,23,1,,,
5320.0,0.058,671,23,1,,,
5320.5,0.052,671,24,1,,,
5321.0,0.052,671,24,1,,,
5321.5,0.052,671,25,1,,,
5322.0,0.058,671,25,1,,,
5322.5,0.052,671,27,1,,,
5323.0,0.058,671,27,1,,,
5323.5,0.064,671,27,1,,,
5324.0,0.052,671,27,1,,,
5324.5,0.052,671,27,1,,,
5325.0,0.058,672,27,1,,,
5325.5,0.052,672,25,1,,,
5326.0,0.052,672,25,1,,,
5326.5,0.058,672,27,1,,,
5327.0,0.058,672,27,1,,,
5327.5,0.052,672,25,1,,,
5328.0,0.052,672,25,1,,,
5328.5,0.052,672,25,1,,,
5329.0,0.052,672,25,1,,,
5329.5,0.052,672,24,1,,,
5330.0,0.052,672,24,1,,,
5330.5,0.058,672,23,1,,,
5331.0,0.058,672,23,1,,,
5331.5,0.052,672,22,1,,,
5332.0,0.052,672,22,1,,,
5332.5,0.052,673,21,1,,,
5333.0,0.047,673,21,1,,,
5333.5,0.058,673,20,1,,,
5334.0,0.058,673,20,1,,,
5334.5,0.058,673,18,1,,,
5335.0,0.058,673,18,1,,,
5335.5,0.058,673,18,1,,,
5336.0,0.052,673,18,1,,,
5336.5,0.064,673,16,1,,,
5337.0,0.047,673,16,1,,,
5337.5,0.052,673,16,1,,,
5338.0,0.058,673,16,1,,,
5338.5,0.064,673,15,1,,,
5339.0,0.058,673,15,1,,,
5339.5,0.052,673,15,1,,,
5340.0,0.064,673,15,1,,,
5340.5,0.058,673,14,1,,,
5341.0,0.064,673,14,1,,,
5341.5,0.052,673,15,1,,,
5342.0,0.058,673,15,1,,,
5342.5,0.058,674,16,1,,,
5343.0,0.052,674,16,1,,,
5343.5,0.058,674,17,1,,,
5344.0,0.052,674,17,1,,,
5344.5,0.064,674,18,1,,,
5345.0,0.064,674,18,1,,,
5345.5,0.064,674,21,1,,,
5346.0,0.058,674,21,1,,,
5346.5,0.064,674,23,1,,,
5347.0,0.064,674,23,1,,,
5347.5,0.058,674,23,1,,,
5348.0,0.058,674,23,1,,,
5348.5,0.058,674,25,1,,,
5349.0,0.052,675,25,1,,,
5349.5,0.058,675,27,1,,,
5350.0,0.052,675,27,1,,,
5350.5,0.052,675,28,1,,,
5351.0,0.064,675,28,1,,,
5351.5,0.052,675,27,1,,,
5352.0,0.064,675,27,1,,,
5352.5,0.058,675,28,1,,,
5353.0,0.058,675,28,1,,,
5353.5,0.052,675,27,1,,,
5354.0,0.058,675,27,1,,,
5354.5,0.058,675,27,1,,,
5355.0,0.052,675,27,1,,,
5355.5,0.058,676,25,1,,,
5356.0,0.058,676,25,1,,,
5356.5,0.058,676,25,1,,,
5357.0,0.052,676,25,1,,,
5357.5,0.052,676,24,1,,,
5358.0,0.052,676,24,1,,,
5358.5,0.052,676,24,1,,,
5359.0,0.052,676,24,1,,,
5359.5,0.058,676,23,1,,,
5360.0,0.058,676,23,1,,,
5360.5,0.052,676,22,1,,,
5361.0,0.052,676,22,1,,,
5361.5,0.052,676,22,1,,,
5362.0,0.052,676,22,1,,,
5362.5,0.052,676,21,1,,,
5363.0,0.047,677,21,1,,,
5363.5,0.052,677,20,1,,,
5364.0,0.052,677,20,1,,,
5364.5,0.052,677,18,1,,,
5365.0,0.052,677,18,1,,,
5365.5,0.052,677,17,1,,,
5366.0,0.052,677,17,1,,,
5366.5,0.052,677,16,1,,,
5367.0,0.052,677,16,1,,,
5367.5,0.058,677,15,1,,,
5368.0,0.058,677,15,1,,,
5368.5,0.052,677,15,1,,,
5369.0,0.058,677,15,1,,,
5369.5,0.058,677,14,1,,,
5370.0,0.064,677,14,1,,,
5370.5,0.058,677,14,1,,,
5371.0,0.058,677,14,1,,,
5371.5,0.058,677,12,1,,,
5372.0,0.052,677,12,1,,,
5372.5,0.052,677,14,1,,,
5373.0,0.052,677,14,1,,,
5373.5,0.058,677,14,1,,,
5374.0,0.064,678,14,1,,,
5374.5,0.052,678,15,1,,,
5375.0,0.058,678,15,1,,,
5375.5,0.058,678,16,1,,,
5376.0,0.064,678,16,1,,,
5376.5,0.058,678,18,1,,,
5377.0,0.058,678,18,1,,,
5377.5,0.058,678,20,1,,,
5378.0,0.058,678,20,1,,,
5378.5,0.058,678,21,1,,,
5379.0,0.052,678,21,1,,,
5379.5,0.058,678,23,1,,,
5380.0,0.052,678,23,1,,,
5380.5,0.064,678,25,1,,,
5381.0,0.058,679,25,1,,,
5381.5,0.052,679,25,1,,,
5382.0,0.058,679,25,1,,,
5382.5,0.052,679,27,1,,,
5383.0,0.052,679,27,1,,,
5383.5,0.052,679,28,1,,,
5384.0,0.058,679,28,1,,,
5384.5,0.052,679,27,1,,,
5385.0,0.058,679,27,1,,,
5385.5,0.052,679,27,1,,,
5386.0,0.052,679,27,1,,,
5386.5,0.052,679,27,1,,,
5387.0,0.052,680,27,1,,,
5387.5,0.052,680,25,1,,,
5388.0,0.047,680,25,1,,,
5388.5,0.047,680,24,1,,,
5389.0,0.052,680,24,1,,,
5389.5,0.047,680,24,1,,,
5390.0,0.052,680,24,1,,,
5390.5,0.052,680,23,1,,,
5391.0,0.052,680,23,1,,,
5391.5,0.052,680,22,1,,,
5392.0,0.052,680,22,1,,,
5392.5,0.052,680,21,1,,,
5393.0,0.052,680,21,1,,,
5393.5,0.058,680,21,1,,,
5394.0,0.052,680,21,1,,,
5394.5,0.052,680,20,1,,,
5395.0,0.052,680,20,1,,,
5395.5,0.052,681,17,1,,,
5396.0,0.058,681,17,1,,,
5396.5,0.058,681,17,1,,,
5397.0,0.052,681,17,1,,,
5397.5,0.052,681,16,1,,,
5398.0,0.058,681,16,1,,,
5398.5,0.052,681,15,1,,,
5399.0,0.058,681,15,1,,,
5399.5,0.052,681,14,1,,,
5400.0,0.052,681,14,1,,,
5400.5,0.058,681,14,1,,,
5401.0,0.064,681,14,1,,,
5401.5,0.064,681,14,1,,,
5402.0,0.052,681,14,1,,,
5402.5,0.058,681,15,1,,,
5403.0,0.064,681,15,1,,,
5403.5,0.064,681,15,1,,,
5404.0,0.058,681,15,1,,,
5404.5,0.058,681,16,1,,,
5405.0,0.058,681,16,1,,,
5405.5,0.058,682,18,1,,,
5406.0,0.064,682,18,1,,,
5406.5,0.058,682,18,1,,,
5407.0,0.058,682,18,1,,,
5407.5,0.058,682,21,1,,,
5408.0,0.058,682,21,1,,,
5408.5,0.058,682,22,1,,,
5409.0,0.058,682,22,1,,,
5409.5,0.058,682,24,1,,,
5410.0,0.058,682,24,1,,,
5410.5,0.058,682,25,1,,,
5411.0,0.052,682,25,1,,,
5411.5,0.052,683,27,1,,,
5412.0,0.058,683,27,1,,,
5412.5,0.052,683,27,1,,,
5413.0,0.058,683,27,1,,,
5413.5,0.058,683,28,1,,,
5414.0,0.058,683,28,1,,,
5414.5,0.052,683,27,1,,,
5415.0,0.052,683,27,1,,,
5415.5,0.052,683,25,1,,,
5416.0,0.052,683,25,1,,,
5416.5,0.052,683,27,1,,,
5417.0,0.052,683,27,1,,,
5417.5,0.052,683,25,1,,,
5418.0,0.052,683,25,1,,,
5418.5,0.058,684,23,1,,,
5419.0,0.052,684,23,1,,,
5419.5,0.052,684,23,1,,,
5420.0,0.052,684,23,1,,,
5420.5,0.047,684,22,1,,,
5421.0,0.052,684,22,1,,,
5421.5,0.052,684,20,1,,,
5422.0,0.052,684,20,1,,,
5422.5,0.052,684,18,1,,,
5423.0,0.052,684,18,1,,,
5423.5,0.052,684,18,1,,,
5424.0,0.052,684,18,1,,,
5424.5,0.058,684,16,1,,,
5425.0,0.058,684,16,1,,,
5425.5,0.052,684,16,1,,,
5426.0,0.052,684,16,1,,,
5426.5,0.058,684,15,1,,,
5427.0,0.064,684,15,1,,,
5427.5,0.058,684,15,1,,,
5428.0,0.058,684,15,1,,,
5428.5,0.052,685,14,1,,,
5429.0,0.058,685,14,1,,,
5429.5,0.052,685,15,1,,,
5430.0,0.058,685,15,1,,,
5430.5,0.058,685,15,1,,,
5431.0,0.058,685,15,1,,,
5431.5,0.058,685,16,1,,,
5432.0,0.058,685,16,1,,,
5432.5,0.058,685,17,1,,,
5433.0,0.058,685,17,1,,,
5433.5,0.058,685,20,1,,,
5434.0,0.058,685,20,1,,,
5434.5,0.058,685,21,1,,,
5435.0,0.058,685,21,1,,,
5435.5,0.058,685,23,1,,,
5436.0,0.058,686,23,1,,,
5436.5,0.058,686,24,1,,,
5437.0,0.058,686,24,1,,,
5437.5,0.052,686,25,1,,,
5438.0,0.058,686,25,1,,,
5438.5,0.052,686,27,1,,,
5439.0,0.058,686,27,1,,,
5439.5,0.052,686,27,1,,,
5440.0,0.052,686,27,1,,,
5440.5,0.052,686,27,1,,,
5441.0,0.058,686,27,1,,,
5441.5,0.052,686,28,1,,,
5442.0,0.052,687,28,1,,,
5442.5,0.047,687,27,1,,,
5443.0,0.052,687,27,1,,,
5443.5,0.058,687,25,1,,,
5444.0,0.052,687,25,1,,,
5444.5,0.058,687,25,1,,,
5445.0,0.058,687,25,1,,,
5445.5,0.052,687,24,1,,,
5446.0,0.052,687,24,1,,,
5446.5,0.052,687,22,1,,,
5447.0,0.058,687,22,1,,,
5447.5,0.052,687,21,1,,,
5448.0,0.058,687,21,1,,,
5448.5,0.058,687,20,1,,,
5449.0,0.058,687,20,1,,,
5449.5,0.058,687,18,1,,,
5450.0,0.052,687,18,1,,,
5450.5,0.052,688,16,1,,,
5451.0,0.058,688,16,1,,,
5451.5,0.058,688,16,1,,,
5452.0,0.058,688,16,1,,,
5452.5,0.052,688,15,1,,,
5453.0,0.052,688,15,1,,,
5453.5,0.052,688,15,1,,,
5454.0,0.052,688,15,1,,,
5454.5,0.058,688,14,1,,,
5455.0,0.058,688,14,1,,,
5455.5,0.058,688,15,1,,,
5456.0,0.052,688,15,1,,,
5456.5,0.064,688,15,1,,,
5457.0,0.064,688,15,1,,,
5457.5,0.052,688,17,1,,,
5458.0,0.064,688,17,1,,,
5458.5,0.064,688,18,1,,,
5459.0,0.064,688,18,1,,,
5459.5,0.058,689,21,1,,,
5460.0,0.064,689,21,1,,,
5460.5,0.064,689,22,1,,,
5461.0,0.064,689,22,1,,,
5461.5,0.058,689,24,1,,,
5462.0,0.058,689,24,1,,,
5462.5,0.052,689,24,1,,,
5463.0,0.058,689,24,1,,,
5463.5,0.064,689,25,1,,,
5464.0,0.052,689,25,1,,,
5464.5,0.052,689,25,1,,,
5465.0,0.058,689,25,1,,,
5465.5,0.052,689,27,1,,,
5466.0,0.052,690,27,1,,,
5466.5,0.052,690,25,1,,,
5467.0,0.052,690,25,1,,,
5467.5,0.058,690,25,1,,,
5468.0,0.052,690,25,1,,,
5468.5,0.052,690,24,1,,,
5469.0,0.052,690,24,1,,,
5469.5,0.052,690,24,1,,,
5470.0,0.052,690,24,1,,,
5470.5,0.052,690,23,1,,,
5471.0,0.052,690,23,1,,,
5471.5,0.052,690,23,1,,,
5472.0,0.058,690,23,1,,,
5472.5,0.058,690,22,1,,,
5473.0,0.058,691,22,1,,,
5473.5,0.052,691,22,1,,,
5474.0,0.052,691,22,1,,,
5474.5,0.052,691,21,1,,,
5475.0,0.058,691,21,1,,,
5475.5,0.052,691,20,1,,,
5476.0,0.052,691,20,1,,,
5476.5,0.058,691,17,1,,,
5477.0,0.058,691,17,1,,,
5477.5,0.052,691,17,1,,,
5478.0,0.052,691,17,1,,,
5478.5,0.052,691,15,1,,,
5479.0,0.047,691,15,1,,,
5479.5,0.052,691,14,1,,,
5480.0,0.052,691,14,1,,,
5480.5,0.052,691,14,1,,,
5481.0,0.052,691,14,1,,,
5481.5,0.052,691,14,1,,,
5482.0,0.052,691,14,1,,,
5482.5,0.058,691,12,1,,,
5483.0,0.052,691,12,1,,,
5483.5,0.058,691,14,1,,,
5484.0,0.052,692,14,1,,,
5484.5,0.058,692,15,1,,,
5485.0,0.058,692,15,1,,,
5485.5,0.064,692,16,1,,,
5486.0,0.058,692,16,1,,,
5486.5,0.058,692,17,1,,,
5487.0,0.058,692,17,1,,,
5487.5,0.058,692,20,1,,,
5488.0,0.052,692,20,1,,,
5488.5,0.052,692,21,1,,,
5489.0,0.058,692,21,1,,,
5489.5,0.052,692,23,1,,,
5490.0,0.064,692,23,1,,,
5490.5,0.064,692,23,1,,,
5491.0,0.064,693,23,1,,,
5491.5,0.07,693,25,1,,,
5492.0,0.064,693,25,1,,,
5492.5,0.064,693,25,1,,,
5493.0,0.064,693,25,1,,,
5493.5,0.058,693,27,1,,,
5494.0,0.058,693,27,1,,,
5494.5,0.052,693,25,1,,,
5495.0,0.058,693,25,1,,,
5495.5,0.052,693,25,1,,,
5496.0,0.052,693,25,1,,,
5496.5,0.058,693,24,1,,,
5497.0,0.058,693,24,1,,,
5497.5,0.052,693,23,1,,,
5498.0,0.052,694,23,1,,,
5498.5,0.047,694,22,1,,,
5499.0,0.052,694,22,1,,,
5499.5,0.052,694,21,1,,,
5500.0,0.052,694,21,1,,,
5500.5,0.058,694,20,1,,,
5501.0,0.058,694,20,1,,,
5501.5,0.052,694,18,1,,,
5502.0,0.052,694,18,1,,,
5502.5,0.052,694,18,1,,,
5503.0,0.052,694,18,1,,,
5503.5,0.052,694,16,1,,,
5504.0,0.058,694,16,1,,,
5504.5,0.058,694,16,1,,,
5505.0,0.052,694,16,1,,,
5505.5,0.052,694,15,1,,,
5506.0,0.064,694,15,1,,,
5506.5,0.052,694,15,1,,,
5507.0,0.052,694,15,1,,,
5507.5,0.052,695,15,1,,,
5508.0,0.058,695,15,1,,,
5508.5,0.058,695,16,1,,,
5509.0,0.064,695,16,1,,,
5509.5,0.058,695,17,1,,,
5510.0,0.058,695,17,1,,,
5510.5,0.064,695,20,1,,,
5511.0,0.058,695,20,1,,,
5511.5,0.058,695,21,1,,,
5512.0,0.058,695,21,1,,,
5512.5,0.058,695,22,1,,,
5513.0,0.058,695,22,1,,,
5513.5,0.052,695,24,1,,,
5514.0,0.058,695,24,1,,,
5514.5,0.052,696,24,1,,,
5515.0,0.052,696,24,1,,,
5515.5,0.052,696,25,1,,,
5516.0,0.052,696,25,1,,,
5516.5,0.052,696,25,1,,,
5517.0,0.052,696,25,1,,,
5517.5,0.052,696,27,1,,,
5518.0,0.052,696,27,1,,,
5518.5,0.052,696,25,1,,,
5519.0,0.058,696,25,1,,,
5519.5,0.058,696,25,1,,,
5520.0,0.052,696,25,1,,,
5520.5,0.052,696,24,1,,,
5521.0,0.047,696,24,1,,,
5521.5,0.052,697,23,1,,,
5522.0,0.052,697,23,1,,,
5522.5,0.052,697,22,1,,,
5523.0,0.052,697,22,1,,,
5523.5,0.064,697,21,1,,,
5524.0,0.058,697,21,1,,,
5524.5,0.052,697,20,1,,,
5525.0,0.052,697,20,1,,,
5525.5,0.052,697,18,1,,,
5526.0,0.058,697,18,1,,,
5526.5,0.052,697,17,1,,,
5527.0,0.052,697,17,1,,,
5527.5,0.052,697,16,1,,,
5528.0,0.058,697,16,1,,,
5528.5,0.058,697,15,1,,,
5529.0,0.052,697,15,1,,,
5529.5,0.052,697,15,1,,,
5530.0,0.058,697,15,1,,,
5530.5,0.064,697,14,1,,,
5531.0,0.058,697,14,1,,,
5531.5,0.052,698,15,1,,,
5532.0,0.052,698,15,1,,,
5532.5,0.058,698,15,1,,,
5533.0,0.058,698,15,1,,,
5533.5,0.064,698,17,1,,,
5534.0,0.064,698,17,1,,,
5534.5,0.064,698,17,1,,,
5535.0,0.058,698,17,1,,,
5535.5,0.058,698,20,1,,,
5536.0,0.058,698,20,1,,,
5536.5,0.064,698,22,1,,,
5537.0,0.058,698,22,1,,,
5537.5,0.052,698,23,1,,,
5538.0,0.052,698,23,1,,,
5538.5,0.058,699,24,1,,,
5539.0,0.058,699,24,1,,,
5539.5,0.052,699,27,1,,,
5540.0,0.058,699,27,1,,,
5540.5,0.052,699,27,1,,,
5541.0,0.047,699,27,1,,,
5541.5,0.058,699,27,1,,,
5542.0,0.058,699,27,1,,,
5542.5,0.052,699,27,1,,,
5543.0,0.058,699,27,1,,,
5543.5,0.052,699,25,1,,,
5544.0,0.052,699,25,1,,,
5544.5,0.064,699,25,1,,,
5545.0,0.064,700,25,1,,,
5545.5,0.052,700,25,1,,,
5546.0,0.052,700,25,1,,,
5546.5,0.064,700,24,1,,,
5547.0,0.052,700,24,1,,,
5547.5,0.052,700,23,1,,,
5548.0,0.058,700,23,1,,,
5548.5,0.058,700,23,1,,,
5549.0,0.052,700,23,1,,,
5549.5,0.052,700,21,1,,,
5550.0,0.052,700,21,1,,,
5550.5,0.052,700,20,1,,,
5551.0,0.058,700,20,1,,,
5551.5,0.052,700,18,1,,,
5552.0,0.052,700,18,1,,,
5552.5,0.052,700,18,1,,,
5553.0,0.052,700,18,1,,,
5553.5,0.058,701,17,1,,,
5554.0,0.052,701,17,1,,,
5554.5,0.052,701,16,1,,,
5555.0,0.052,701,16,1,,,
5555.5,0.058,701,16,1,,,
5556.0,0.058,701,16,1,,,
5556.5,0.052,701,16,1,,,
5557.0,0.052,701,16,1,,,
5557.5,0.064,701,15,1,,,
5558.0,0.058,701,15,1,,,
5558.5,0.052,701,15,1,,,
5559.0,0.058,701,15,1,,,
5559.5,0.052,701,17,1,,,
5560.0,0.064,701,17,1,,,
5560.5,0.058,701,17,1,,,
5561.0,0.058,701,17,1,,,
5561.5,0.058,701,18,1,,,
5562.0,0.064,701,18,1,,,
5562.5,0.052,702,21,1,,,
5563.0,0.058,702,21,1,,,
5563.5,0.058,702,22,1,,,
5564.0,0.058,702,22,1,,,
5564.5,0.058,702,23,1,,,
5565.0,0.058,702,23,1,,,
5565.5,0.064,702,25,1,,,
5566.0,0.052,702,25,1,,,
5566.5,0.052,702,27,1,,,
5567.0,0.052,702,27,1,,,
5567.5,0.052,702,27,1,,,
5568.0,0.052,702,27,1,,,
5568.5,0.052,703,28,1,,,
5569.0,0.052,703,28,1,,,
5569.5,0.052,703,28,1,,,
5570.0,0.058,703,28,1,,,
5570.5,0.058,703,27,1,,,
5571.0,0.052,703,27,1,,,
5571.5,0.052,703,25,1,,,
5572.0,0.052,703,25,1,,,
5572.5,0.058,703,27,1,,,
5573.0,0.058,703,27,1,,,
5573.5,0.052,703,25,1,,,
5574.0,0.052,703,25,1,,,
5574.5,0.058,703,24,1,,,
5575.0,0.052,704,24,1,,,
5575.5,0.052,704,23,1,,,
5576.0,0.052,704,23,1,,,
5576.5,0.052,704,23,1,,,
5577.0,0.047,704,23,1,,,
5577.5,0.052,704,21,1,,,
5578.0,0.052,704,21,1,,,
5578.5,0.052,704,21,1,,,
5579.0,0.052,704,21,1,,,
5579.5,0.047,704,20,1,,,
5580.0,0.052,704,20,1,,,
5580.5,0.052,704,20,1,,,
5581.0,0.052,704,20,1,,,
5581.5,0.058,704,18,1,,,
5582.0,0.052,704,18,1,,,
5582.5,0.052,704,17,1,,,
5583.0,0.052,704,17,1,,,
5583.5,0.058,704,16,1,,,
5584.0,0.058,704,16,1,,,
5584.5,0.052,705,15,1,,,
5585.0,0.052,705,15,1,,,
5585.5,0.058,705,15,1,,,
5586.0,0.052,705,15,1,,,
5586.5,0.052,705,14,1,,,
5587.0,0.058,705,14,1,,,
5587.5,0.064,705,15,1,,,
5588.0,0.064,705,15,1,,,
5588.5,0.058,705,15,1,,,
5589.0,0.058,705,15,1,,,
5589.5,0.058,705,16,1,,,
5590.0,0.058,705,16,1,,,
5590.5,0.058,705,17,1,,,
5591.0,0.064,705,17,1,,,
5591.5,0.058,705,18,1,,,
5592.0,0.058,705,18,1,,,
5592.5,0.052,705,20,1,,,
5593.0,0.064,706,20,1,,,
5593.5,0.064,706,22,1,,,
5594.0,0.064,706,22,1,,,
5594.5,0.052,706,23,1,,,
5595.0,0.052,706,23,1,,,
5595.5,0.052,706,24,1,,,
5596.0,0.052,706,24,1,,,
5596.5,0.052,706,25,1,,,
5597.0,0.064,706,25,1,,,
5597.5,0.058,706,27,1,,,
5598.0,0.064,706,27,1,,,
5598.5,0.058,706,25,1,,,
5599.0,0.047,706,25,1,,,
5599.5,0.047,707,25,1,,,
5600.0,0.052,707,25,1,,,
5600.5,0.058,707,25,1,,,
5601.0,0.058,707,25,1,,,
5601.5,0.052,707,25,1,,,
5602.0,0.052,707,25,1,,,
5602.5,0.058,707,23,1,,,
5603.0,0.064,707,23,1,,,
5603.5,0.052,707,23,1,,,
5604.0,0.058,707,23,1,,,
5604.5,0.052,707,23,1,,,
5605.0,0.052,707,23,1,,,
5605.5,0.052,707,21,1,,,
5606.0,0.058,707,21,1,,,
5606.5,0.052,707,20,1,,,
5607.0,0.052,707,20,1,,,
5607.5,0.058,708,20,1,,,
5608.0,0.052,708,20,1,,,
5608.5,0.058,708,18,1,,,
5609.0,0.052,708,18,1,,,
5609.5,0.052,708,17,1,,,
5610.0,0.052,708,17,1,,,
5610.5,0.052,708,16,1,,,
5611.0,0.058,708,16,1,,,
5611.5,0.058,708,16,1,,,
5612.0,0.052,708,16,1,,,
5612.5,0.052,708,15,1,,,
5613.0,0.052,708,15,1,,,
5613.5,0.052,708,15,1,,,
5614.0,0.052,708,15,1,,,
5614.5,0.052,708,15,1,,,
5615.0,0.058,708,15,1,,,
5615.5,0.058,708,15,1,,,
5616.0,0.058,708,15,1,,,
5616.5,0.058,708,15,1,,,
5617.0,0.064,708,15,1,,,
5617.5,0.064,709,17,1,,,
5618.0,0.058,709,17,1,,,
5618.5,0.058,709,17,1,,,
5619.0,0.064,709,17,1,,,
5619.5,0.064,709,18,1,,,
5620.0,0.064,709,18,1,,,
5620.5,0.064,709,22,1,,,
5621.0,0.058,709,22,1,,,
5621.5,0.064,709,23,1,,,
5622.0,0.052,709,23,1,,,
5622.5,0.058,709,24,1,,,
5623.0,0.052,709,24,1,,,
5623.5,0.052,709,27,1,,,
5624.0,0.058,710,27,1,,,
5624.5,0.052,710,28,1,,,
5625.0,0.058,710,28,1,,,
5625.5,0.052,710,27,1,,,
5626.0,0.058,710,27,1,,,
5626.5,0.058,710,28,1,,,
5627.0,0.052,710,28,1,,,
5627.5,0.058,710,27,1,,,
5628.0,0.052,710,27,1,,,
5628.5,0.052,710,25,1,,,
5629.0,0.052,710,25,1,,,
5629.5,0.047,710,24,1,,,
5630.0,0.052,710,24,1,,,
5630.5,0.052,711,24,1,,,
5631.0,0.047,711,24,1,,,
5631.5,0.052,711,23,1,,,
5632.0,0.052,711,23,1,,,
5632.5,0.058,711,23,1,,,
5633.0,0.047,711,23,1,,,
5633.5,0.047,711,22,1,,,
5634.0,0.052,711,22,1,,,
5634.5,0.052,711,21,1,,,
5635.0,0.052,711,21,1,,,
5635.5,0.052,711,20,1,,,
5636.0,0.058,711,20,1,,,
5636.5,0.052,711,18,1,,,
5637.0,0.058,711,18,1,,,
5637.5,0.052,711,16,1,,,
5638.0,0.052,711,16,1,,,
5638.5,0.058,711,16,1,,,
5639.0,0.058,711,16,1,,,
5639.5,0.052,711,15,1,,,
5640.0,0.052,712,15,1,,,
5640.5,0.052,712,14,1,,,
5641.0,0.052,712,14,1,,,
5641.5,0.058,712,12,1,,,
5642.0,0.058,712,12,1,,,
5642.5,0.058,712,14,1,,,
5643.0,0.052,712,14,1,,,
5643.5,0.052,712,12,1,,,
5644.0,0.058,712,12,1,,,
5644.5,0.052,712,14,1,,,
5645.0,0.058,712,14,1,,,
5645.5,0.058,712,16,1,,,
5646.0,0.052,712,16,1,,,
5646.5,0.058,712,17,1,,,
5647.0,0.058,712,17,1,,,
5647.5,0.052,712,18,1,,,
5648.0,0.058,712,18,1,,,
5648.5,0.064,712,21,1,,,
5649.0,0.058,713,21,1,,,
5649.5,0.058,713,23,1,,,
5650.0,0.052,713,23,1,,,
5650.5,0.058,713,23,1,,,
5651.0,0.064,713,23,1,,,
5651.5,0.052,713,25,1,,,
5652.0,0.052,713,25,1,,,
5652.5,0.052,713,27,1,,,
5653.0,0.052,713,27,1,,,
5653.5,0.052,713,28,1,,,
5654.0,0.058,713,28,1,,,
5654.5,0.052,714,27,1,,,
5655.0,0.058,714,27,1,,,
5655.5,0.058,714,28,1,,,
5656.0,0.058,714,28,1,,,
5656.5,0.047,714,27,1,,,
5657.0,0.047,714,27,1,,,
5657.5,0.058,714,27,1,,,
5658.0,0.058,714,27,1,,,
5658.5,0.052,714,25,1,,,
5659.0,0.064,714,25,1,,,
5659.5,0.052,714,25,1,,,
5660.0,0.058,714,25,1,,,
5660.5,0.052,714,23,1,,,
5661.0,0.052,714,23,1,,,
5661.5,0.052,715,23,1,,,
5662.0,0.052,715,23,1,,,
5662.5,0.052,715,21,1,,,
5663.0,0.058,715,21,1,,,
5663.5,0.052,715,20,1,,,
5664.0,0.052,715,20,1,,,
5664.5,0.052,715,18,1,,,
5665.0,0.052,715,18,1,,,
5665.5,0.058,715,18,1,,,
5666.0,0.052,715,18,1,,,
5666.5,0.058,715,17,1,,,
5667.0,0.052,715,17,1,,,
5667.5,0.052,715,16,1,,,
5668.0,0.058,715,16,1,,,
5668.5,0.052,715,16,1,,,
5669.0,0.052,715,16,1,,,
5669.5,0.052,715,15,1,,,
5670.0,0.052,715,15,1,,,
5670.5,0.058,715,15,1,,,
5671.0,0.064,715,15,1,,,
5671.5,0.058,716,15,1,,,
5672.0,0.058,716,15,1,,,
5672.5,0.064,716,16,1,,,
5673.0,0.052,716,16,1,,,
5673.5,0.058,716,17,1,,,
5674.0,0.052,716,17,1,,,
5674.5,0.058,716,20,1,,,
5675.0,0.058,716,20,1,,,
5675.5,0.052,716,21,1,,,
5676.0,0.064,716,21,1,,,
5676.5,0.064,716,22,1,,,
5677.0,0.058,716,22,1,,,
5677.5,0.052,716,24,1,,,
5678.0,0.058,716,24,1,,,
5678.5,0.052,717,24,1,,,
5679.0,0.052,717,24,1,,,
5679.5,0.052,717,25,1,,,
5680.0,0.052,717,25,1,,,
5680.5,0.064,717,25,1,,,
5681.0,0.052,717,25,1,,,
5681.5,0.052,717,25,1,,,
5682.0,0.052,717,25,1,,,
5682.5,0.052,717,24,1,,,
5683.0,0.064,717,24,1,,,
5683.5,0.052,717,24,1,,,
5684.0,0.058,717,24,1,,,
5684.5,0.052,717,23,1,,,
5685.0,0.052,717,23,1,,,
5685.5,0.052,718,23,1,,,
5686.0,0.052,718,23,1,,,
5686.5,0.058,718,23,1,,,
5687.0,0.052,718,23,1,,,
5687.5,0.064,718,22,1,,,
5688.0,0.052,718,22,1,,,
5688.5,0.052,718,21,1,,,
5689.0,0.052,718,21,1,,,
5689.5,0.052,718,20,1,,,
5690.0,0.058,718,20,1,,,
5690.5,0.052,718,18,1,,,
5691.0,0.058,718,18,1,,,
5691.5,0.052,718,17,1,,,
5692.0,0.052,718,17,1,,,
5692.5,0.052,718,16,1,,,
5693.0,0.058,718,16,1,,,
5693.5,0.058,718,16,1,,,
5694.0,0.058,718,16,1,,,
5694.5,0.052,718,15,1,,,
5695.0,0.058,719,15,1,,,
5695.5,0.052,719,15,1,,,
5696.0,0.052,719,15,1,,,
5696.5,0.064,719,15,1,,,
5697.0,0.052,719,15,1,,,
5697.5,0.058,719,16,1,,,
5698.0,0.058,719,16,1,,,
5698.5,0.052,719,16,1,,,
5699.0,0.064,719,16,1,,,
5699.5,0.052,719,18,1,,,
5700.0,0.058,719,18,1,,,
5700.5,0.058,719,18,1,,,
5701.0,0.058,719,18,1,,,
5701.5,0.064,719,21,1,,,
5702.0,0.058,719,21,1,,,
5702.5,0.064,719,22,1,,,
5703.0,0.058,720,22,1,,,
5703.5,0.064,720,24,1,,,
5704.0,0.058,720,24,1,,,
5703.5,0.052,720,25,1,,,
5704.0,0.052,720,25,1,,,
5704.5,0.052,720,27,1,,,
5705.0,0.052,720,27,1,,,
5705.5,0.052,720,27,1,,,
5706.0,0.058,720,27,1,,,
5706.5,0.052,720,28,1,,,
5707.0,0.052,720,28,1,,,
5707.5,0.047,720,27,1,,,
5708.0,0.058,721,27,1,,,
5708.5,0.058,721,27,1,,,
5709.0,0.052,721,27,1,,,
5709.5,0.052,721,27,1,,,
5710.0,0.047,721,27,1,,,
5710.5,0.052,721,25,1,,,
5711.0,0.047,721,25,1,,,
5711.5,0.052,721,24,1,,,
5712.0,0.052,721,24,1,,,
5712.5,0.052,721,23,1,,,
5713.0,0.052,721,23,1,,,
5713.5,0.052,721,21,1,,,
5714.0,0.052,721,21,1,,,
5714.5,0.064,721,20,1,,,
5715.0,0.052,721,20,1,,,
5715.5,0.052,721,18,1,,,
5716.0,0.052,722,18,1,,,
5716.5,0.052,722,17,1,,,
5717.0,0.052,722,17,1,,,
5717.5,0.064,722,16,1,,,
5718.0,0.058,722,16,1,,,
5718.5,0.052,722,16,1,,,
5719.0,0.058,722,16,1,,,
5719.5,0.052,722,15,1,,,
5720.0,0.052,722,15,1,,,
5720.5,0.058,722,15,1,,,
5721.0,0.052,722,15,1,,,
5721.5,0.058,722,14,1,,,
5722.0,0.058,722,14,1,,,
5722.5,0.064,722,15,1,,,
5723.0,0.064,722,15,1,,,
5723.5,0.052,722,15,1,,,
5724.0,0.052,722,15,1,,,
5724.5,0.052,722,17,1,,,
5725.0,0.058,722,17,1,,,
5725.5,0.058,722,17,1,,,
5726.0,0.064,723,17,1,,,
5726.5,0.058,723,20,1,,,
5727.0,0.058,723,20,1,,,
5727.5,0.058,723,22,1,,,
5728.0,0.052,723,0,1,,,
5728.5,0.047,723,0,1,,,
5729.0,0.052,723,0,1,,,
5729.5,0.052,723,0,1,,,
5730.0,0.052,723,0,1,,,
5730.5,0.047,723,0,1,,,
5731.0,0.052,723,0,1,,,
5731.5,0.047,723,0,1,,,
5732.0,0.052,723,0,1,,,
5732.5,0.058,723,0,1,,,
5733.0,0.052,723,0,1,,,
5733.5,0.052,723,0,1,,,
5734.0,0.047,723,0,1,,,
5734.5,0.052,723,0,1,,,
5735.0,0.058,723,0,1,,,
5735.5,0.052,723,0,1,,,
5736.0,0.052,723,0,1,,,
5736.5,0.052,723,0,1,,,
5737.0,0.047,723,0,1,,,
5737.5,0,723,0,1,,,
